time,utm_x,utm_y,path_type,vehicle_yaw_deg,path_yaw_deg,cte_meter,k_gain,v_kmh,target_steer_deg,current_steer_deg,kp,ki,kd,closest_cluster_dist,r_state,y_state,g_state,f_state,l_state,light_area,stopline_dist
16:58:30.587,399741.3860,4091875.3149,global,-10.33,-10.32,1.106,2.00,0.00,22.00,9.32,10.00,0.00,0.50,99.00,0,0,0,0,0,0.00,999.00
16:58:30.637,399741.3860,4091875.3149,global,-10.33,-10.32,1.106,2.00,0.00,22.00,9.38,10.00,0.00,0.50,99.00,0,0,0,0,0,0.00,999.00
16:58:30.687,399741.3860,4091875.3149,global,-10.32,-10.32,1.106,2.00,0.00,22.00,9.38,10.00,0.00,0.50,99.00,0,0,0,0,0,0.00,999.00
16:58:30.738,399741.3860,4091875.3149,global,-10.31,-10.32,1.106,2.00,0.00,22.00,9.38,10.00,0.00,0.50,99.00,0,0,0,0,0,0.00,999.00
16:58:30.809,399741.3860,4091875.3149,global,-10.31,-10.32,1.106,2.00,-0.15,22.00,20.18,10.00,0.00,0.50,99.00,0,0,0,0,0,0.00,999.00
16:58:30.837,399741.3859,4091875.3038,global,-10.56,-10.32,1.095,2.00,-0.15,22.00,20.18,10.00,0.00,0.50,99.00,0,0,0,0,0,0.00,999.00
16:58:30.887,399741.3859,4091875.3038,global,-10.71,-10.32,1.095,2.00,0.71,22.00,21.99,10.00,0.00,0.50,99.00,0,0,0,0,0,0.00,999.00
16:58:30.938,399741.3859,4091875.3038,global,-10.88,-10.32,1.095,2.00,0.71,22.00,21.99,10.00,0.00,0.50,99.00,0,0,0,0,0,0.00,999.00
16:58:30.987,399741.3859,4091875.3038,global,-11.26,-10.32,1.095,2.00,0.60,22.00,21.99,10.00,0.00,0.50,99.00,0,0,0,0,0,0.00,999.00
16:58:31.038,399741.3859,4091875.3038,global,-11.55,-10.32,1.095,2.00,0.60,22.00,21.99,10.00,0.00,0.50,99.00,0,0,0,0,0,0.00,999.00
16:58:31.087,399741.4301,4091875.2811,global,-11.97,-6.15,1.082,2.00,0.80,22.00,19.82,10.00,0.00,0.50,99.00,0,0,0,0,0,0.00,999.00
16:58:31.138,399741.4301,4091875.2811,global,-12.37,-6.15,1.082,2.00,0.80,22.00,19.82,10.00,0.00,0.50,99.00,0,0,0,0,0,0.00,999.00
16:58:31.187,399741.4301,4091875.2811,global,-12.63,-6.15,1.082,2.00,0.80,22.00,19.82,10.00,0.00,0.50,99.00,0,0,0,0,0,0.00,999.00
16:58:31.238,399741.4301,4091875.2811,global,-13.05,-6.15,1.082,2.00,1.11,22.00,20.08,10.00,0.00,0.50,99.00,0,0,0,0,0,0.00,999.00
16:58:31.287,399741.4301,4091875.2811,global,-13.36,-6.15,1.082,2.00,1.11,22.00,20.08,10.00,0.00,0.50,99.00,0,0,0,0,0,0.00,999.00
16:58:31.338,399741.5008,4091875.2358,global,-13.70,-9.53,1.022,2.00,1.20,22.00,19.96,10.00,0.00,0.50,99.00,0,0,0,0,0,0.00,999.00
16:58:31.387,399741.5008,4091875.2358,global,-14.23,-9.53,1.022,2.00,1.20,22.00,19.96,10.00,0.00,0.50,99.00,0,0,0,0,0,0.00,999.00
16:58:31.438,399741.5008,4091875.2358,global,-14.76,-9.53,1.022,2.00,1.20,22.00,19.96,10.00,0.00,0.50,99.00,0,0,0,0,0,0.00,999.00
16:58:31.487,399741.5008,4091875.2358,global,-15.11,-9.53,1.022,2.00,1.50,22.00,20.04,10.00,0.00,0.50,99.00,0,0,0,0,0,0.00,999.00
16:58:31.538,399741.5008,4091875.2358,global,-15.68,-9.53,1.022,2.00,1.50,22.00,20.04,10.00,0.00,0.50,99.00,0,0,0,0,0,0.00,999.00
16:58:31.587,399741.5982,4091875.1903,global,-16.10,-9.53,0.993,2.00,1.81,22.00,19.97,10.00,0.00,0.50,99.00,0,0,0,0,0,0.00,999.00
16:58:31.637,399741.5982,4091875.1903,global,-16.86,-9.53,0.993,2.00,1.81,22.00,19.97,10.00,0.00,0.50,99.00,0,0,0,0,0,0.00,999.00
16:58:31.687,399741.5982,4091875.1903,global,-17.40,-9.53,0.993,2.00,1.81,22.00,19.97,10.00,0.00,0.50,99.00,0,0,0,0,0,0.00,999.00
16:58:31.739,399741.5982,4091875.1903,global,-17.90,-9.53,0.993,2.00,1.93,22.00,20.08,10.00,0.00,0.50,99.00,0,0,0,0,0,0.00,999.00
16:58:31.788,399741.5982,4091875.1903,global,-18.63,-9.53,0.993,2.00,1.93,22.00,20.08,10.00,0.00,0.50,99.00,0,0,0,0,0,0.00,999.00
16:58:31.838,399741.7133,4091875.1335,global,-19.38,-9.53,0.956,2.00,2.22,22.00,20.02,10.00,0.00,0.50,99.00,0,0,0,0,0,0.00,999.00
16:58:31.887,399741.7133,4091875.1335,global,-19.94,-9.53,0.956,2.00,2.22,22.00,20.02,10.00,0.00,0.50,99.00,0,0,0,0,0,0.00,999.00
16:58:31.938,399741.7133,4091875.1335,global,-20.77,-9.53,0.956,2.00,2.02,22.00,20.04,10.00,0.00,0.50,99.00,0,0,0,0,0,0.00,999.00
16:58:31.987,399741.7133,4091875.1335,global,-21.32,-9.53,0.956,2.00,2.02,22.00,20.04,10.00,0.00,0.50,99.00,0,0,0,0,0,0.00,999.00
16:58:32.038,399741.7133,4091875.1335,global,-22.19,-9.53,0.956,2.00,2.02,22.00,20.04,10.00,0.00,0.50,99.00,0,0,0,0,0,0.00,999.00
16:58:32.087,399741.8548,4091875.0541,global,-22.79,-13.83,0.883,2.00,2.17,22.00,19.95,10.00,0.00,0.50,99.00,0,0,0,0,0,0.00,999.00
16:58:32.138,399741.8548,4091875.0541,global,-23.66,-13.83,0.883,2.00,2.17,22.00,19.95,10.00,0.00,0.50,99.00,0,0,0,0,0,0.00,999.00
16:58:32.187,399741.8548,4091875.0541,global,-24.27,-13.83,0.883,2.00,2.42,22.00,20.14,10.00,0.00,0.50,99.00,0,0,0,0,0,0.00,999.00
16:58:32.237,399741.8548,4091875.0541,global,-25.17,-13.83,0.883,2.00,2.42,22.00,20.14,10.00,0.00,0.50,99.00,0,0,0,0,0,0.00,999.00
16:58:32.287,399741.8548,4091875.0541,global,-25.77,-13.83,0.883,2.00,2.42,22.00,20.14,10.00,0.00,0.50,99.00,0,0,0,0,0,0.00,999.00
16:58:32.339,399741.9871,4091874.9527,global,-26.74,-13.83,0.816,2.00,2.63,22.00,20.06,10.00,0.00,0.50,99.00,0,0,0,0,0,0.00,999.00
16:58:32.387,399741.9871,4091874.9527,global,-27.40,-13.83,0.816,2.00,2.63,22.00,20.06,10.00,0.00,0.50,99.00,0,0,0,0,0,0.00,999.00
16:58:32.438,399741.9871,4091874.9527,global,-28.40,-13.83,0.816,2.00,2.79,22.00,20.14,10.00,0.00,0.50,99.00,0,0,0,0,0,0.00,999.00
16:58:32.487,399741.9871,4091874.9527,global,-29.07,-13.83,0.816,2.00,2.79,22.00,20.14,10.00,0.00,0.50,99.00,0,0,0,0,0,0.00,999.00
16:58:32.538,399741.9871,4091874.9527,global,-30.11,-13.83,0.816,2.00,2.79,22.00,20.14,10.00,0.00,0.50,99.00,0,0,0,0,0,0.00,999.00
16:58:32.587,399742.1371,4091874.8400,global,-30.79,-17.02,0.742,2.00,2.73,22.00,19.93,10.00,0.00,0.50,99.00,0,0,0,0,0,0.00,999.00
16:58:32.637,399742.1371,4091874.8400,global,-31.82,-17.02,0.742,2.00,2.73,22.00,19.93,10.00,0.00,0.50,99.00,0,0,0,0,0,0.00,999.00
16:58:32.687,399742.1371,4091874.8400,global,-32.53,-17.02,0.742,2.00,2.62,22.00,20.00,10.00,0.00,0.50,99.00,0,0,0,0,0,0.00,999.00
16:58:32.738,399742.1371,4091874.8400,global,-33.25,-17.02,0.742,2.00,2.62,22.00,20.00,10.00,0.00,0.50,99.00,0,0,0,0,0,0.00,999.00
16:58:32.787,399742.1371,4091874.8400,global,-34.38,-17.02,0.742,2.00,2.62,22.00,20.00,10.00,0.00,0.50,99.00,0,0,0,0,0,0.00,999.00
16:58:32.838,399742.2869,4091874.7051,global,-35.48,-13.08,0.651,2.00,3.01,22.00,20.02,10.00,0.00,0.50,99.00,0,0,0,0,0,0.00,999.00
16:58:32.887,399742.2869,4091874.7051,global,-36.27,-13.08,0.651,2.00,3.01,22.00,20.02,10.00,0.00,0.50,99.00,0,0,0,0,0,0.00,999.00
16:58:32.938,399742.2869,4091874.7051,global,-37.40,-13.08,0.651,2.00,3.22,22.00,20.08,10.00,0.00,0.50,99.00,0,0,0,0,0,0.00,999.00
16:58:32.987,399742.2869,4091874.7051,global,-38.08,-13.08,0.651,2.00,3.22,22.00,20.08,10.00,0.00,0.50,99.00,0,0,0,0,0,0.00,999.00
16:58:33.038,399742.2869,4091874.7051,global,-39.21,-13.08,0.651,2.00,3.22,22.00,20.08,10.00,0.00,0.50,99.00,0,0,0,0,0,0.00,999.00
16:58:33.087,399742.4272,4091874.5259,global,-40.01,-16.16,0.504,2.00,3.01,21.36,20.07,10.00,0.00,0.50,99.00,0,0,0,0,0,0.00,999.00
16:58:33.138,399742.4272,4091874.5259,global,-41.09,-16.16,0.504,2.00,3.01,20.28,20.07,10.00,0.00,0.50,99.00,0,0,0,0,0,0.00,999.00
16:58:33.187,399742.4272,4091874.5259,global,-41.78,-16.16,0.504,2.00,2.99,19.59,19.99,10.00,0.00,0.50,99.00,0,0,0,0,0,0.00,999.00
16:58:33.240,399742.4272,4091874.5259,global,-42.59,-16.16,0.504,2.00,2.99,18.78,19.99,10.00,0.00,0.50,99.00,0,0,0,0,0,0.00,999.00
16:58:33.288,399742.4272,4091874.5259,global,-43.86,-16.16,0.504,2.00,3.39,17.51,20.00,10.00,0.00,0.50,99.00,0,0,0,0,0,0.00,999.00
16:58:33.338,399742.5676,4091874.3467,global,-44.98,-17.02,0.369,2.00,3.39,8.50,20.00,10.00,0.00,0.50,99.00,0,0,0,0,0,0.00,999.00
16:58:33.387,399742.5676,4091874.3467,global,-45.77,-17.02,0.369,2.00,3.43,7.71,20.00,10.00,0.00,0.50,99.00,0,0,0,0,0,0.00,999.00
16:58:33.437,399742.5676,4091874.3467,global,-47.01,-17.02,0.369,2.00,3.43,6.48,20.00,10.00,0.00,0.50,99.00,0,0,0,0,0,0.00,999.00
16:58:33.487,399742.5676,4091874.3467,global,-47.73,-17.02,0.369,2.00,3.43,5.75,20.00,10.00,0.00,0.50,99.00,0,0,0,0,0,0.00,999.00
16:58:33.538,399742.5676,4091874.3467,global,-48.92,-17.02,0.369,2.00,3.39,4.56,17.66,10.00,0.00,0.50,99.00,0,0,0,0,0,0.00,999.00
16:58:33.587,399742.6987,4091874.1454,global,-49.67,-12.41,0.219,2.00,3.39,-13.60,17.66,10.00,0.00,0.50,99.00,0,0,0,0,0,0.00,999.00
16:58:33.638,399742.6987,4091874.1454,global,-50.41,-12.41,0.219,2.00,3.39,-14.33,8.84,10.00,0.00,0.50,99.00,0,0,0,0,0,0.00,999.00
16:58:33.687,399742.6987,4091874.1454,global,-50.72,-12.41,0.219,2.00,3.39,-14.65,8.84,10.00,0.00,0.50,99.00,0,0,0,0,0,0.00,999.00
16:58:33.737,399742.6987,4091874.1454,global,-50.88,-12.41,0.219,2.00,3.39,-14.80,8.84,10.00,0.00,0.50,99.00,0,0,0,0,0,0.00,999.00
16:58:33.788,399742.6987,4091874.1454,global,-50.79,-12.41,0.219,2.00,3.49,-14.72,-5.11,10.00,0.00,0.50,99.00,0,0,0,0,0,0.00,999.00
16:58:33.838,399742.8567,4091873.9549,global,-50.10,-17.02,0.066,2.00,3.49,-22.00,-5.11,10.00,0.00,0.50,99.00,0,0,0,0,0,0.00,999.00
16:58:33.887,399742.8567,4091873.9549,global,-49.40,-17.02,0.066,2.00,3.36,-22.00,-17.58,10.00,0.00,0.50,99.00,0,0,0,0,0,0.00,999.00
16:58:33.938,399742.8567,4091873.9549,global,-48.01,-17.02,0.066,2.00,3.36,-22.00,-17.58,10.00,0.00,0.50,99.00,0,0,0,0,0,0.00,999.00
16:58:33.987,399742.8567,4091873.9549,global,-46.81,-17.02,0.066,2.00,3.79,-22.00,-22.00,10.00,0.00,0.50,99.00,0,0,0,0,0,0.00,999.00
16:58:34.039,399742.8567,4091873.9549,global,-44.57,-17.02,0.066,2.00,3.79,-20.36,-22.00,10.00,0.00,0.50,99.00,0,0,0,0,0,0.00,999.00
16:58:34.087,399743.0331,4091873.8086,global,-43.16,-4.43,-0.031,2.00,3.22,-22.00,-20.52,10.00,0.00,0.50,99.00,0,0,0,0,0,0.00,999.00
16:58:34.137,399743.0331,4091873.8086,global,-41.80,-4.43,-0.031,2.00,3.22,-22.00,-20.52,10.00,0.00,0.50,99.00,0,0,0,0,0,0.00,999.00
16:58:34.187,399743.0331,4091873.8086,global,-41.07,-4.43,-0.031,2.00,3.22,-22.00,-20.52,10.00,0.00,0.50,99.00,0,0,0,0,0,0.00,999.00
16:58:34.237,399743.0331,4091873.8086,global,-40.02,-4.43,-0.031,2.00,3.90,-22.00,-14.13,10.00,0.00,0.50,99.00,0,0,0,0,0,0.00,999.00
16:58:34.287,399743.0331,4091873.8086,global,-39.30,-4.43,-0.031,2.00,3.90,-22.00,-14.13,10.00,0.00,0.50,99.00,0,0,0,0,0,0.00,999.00
16:58:34.338,399743.2361,4091873.6620,global,-38.29,-10.77,-0.159,2.00,3.39,-22.00,-14.16,10.00,0.00,0.50,99.00,0,0,0,0,0,0.00,999.00
16:58:34.387,399743.2361,4091873.6620,global,-37.55,-10.77,-0.159,2.00,3.39,-22.00,-14.16,10.00,0.00,0.50,99.00,0,0,0,0,0,0.00,999.00
16:58:34.438,399743.2361,4091873.6620,global,-36.35,-10.77,-0.159,2.00,3.39,-22.00,-14.16,10.00,0.00,0.50,99.00,0,0,0,0,0,0.00,999.00
16:58:34.487,399743.2361,4091873.6620,global,-35.36,-10.77,-0.159,2.00,3.83,-22.00,-20.97,10.00,0.00,0.50,99.00,0,0,0,0,0,0.00,999.00
16:58:34.539,399743.2361,4091873.6620,global,-33.65,-10.77,-0.159,2.00,3.83,-22.00,-20.97,10.00,0.00,0.50,99.00,0,0,0,0,0,0.00,999.00
16:58:34.587,399743.4576,4091873.5706,global,-32.44,-17.20,-0.209,2.00,3.79,-22.00,-22.00,10.00,0.00,0.50,99.00,0,0,0,0,0,0.00,999.00
16:58:34.638,399743.4576,4091873.5706,global,-30.56,-17.20,-0.209,2.00,3.79,-22.00,-22.00,10.00,0.00,0.50,99.00,0,0,0,0,0,0.00,999.00
16:58:34.687,399743.4576,4091873.5706,global,-29.25,-17.20,-0.209,2.00,3.79,-22.00,-22.00,10.00,0.00,0.50,99.00,0,0,0,0,0,0.00,999.00
16:58:34.737,399743.4576,4091873.5706,global,-28.02,-17.20,-0.209,2.00,3.60,-22.00,-21.69,10.00,0.00,0.50,99.00,0,0,0,0,0,0.00,999.00
16:58:34.788,399743.4576,4091873.5706,global,-26.37,-17.20,-0.209,2.00,3.60,-22.00,-21.69,10.00,0.00,0.50,99.00,0,0,0,0,0,0.00,999.00
16:58:34.837,399743.6881,4091873.4902,global,-25.32,-16.16,-0.219,2.00,4.03,-22.00,-20.83,10.00,0.00,0.50,99.00,0,0,0,0,0,0.00,999.00
16:58:34.887,399743.6881,4091873.4902,global,-23.64,-16.16,-0.219,2.00,4.03,-22.00,-20.83,10.00,0.00,0.50,99.00,0,0,0,0,0,0.00,999.00
16:58:34.938,399743.6881,4091873.4902,global,-22.54,-16.16,-0.219,2.00,4.03,-22.00,-20.83,10.00,0.00,0.50,99.00,0,0,0,0,0,0.00,999.00
16:58:34.987,399743.6881,4091873.4902,global,-20.96,-16.16,-0.219,2.00,3.94,-22.00,-20.24,10.00,0.00,0.50,99.00,0,0,0,0,0,0.00,999.00
16:58:35.038,399743.6881,4091873.4902,global,-19.85,-16.16,-0.219,2.00,3.94,-22.00,-20.24,10.00,0.00,0.50,99.00,0,0,0,0,0,0.00,999.00
16:58:35.087,399743.9187,4091873.4098,global,-18.17,-12.41,-0.228,2.00,3.39,-22.00,-20.32,10.00,0.00,0.50,99.00,0,0,0,0,0,0.00,999.00
16:58:35.138,399743.9187,4091873.4098,global,-16.56,-12.41,-0.228,2.00,3.39,-22.00,-20.32,10.00,0.00,0.50,99.00,0,0,0,0,0,0.00,999.00
16:58:35.188,399743.9187,4091873.4098,global,-15.48,-12.41,-0.228,2.00,3.39,-22.00,-20.32,10.00,0.00,0.50,99.00,0,0,0,0,0,0.00,999.00
16:58:35.238,399743.9187,4091873.4098,global,-14.39,-12.41,-0.228,2.00,4.13,-22.00,-20.10,10.00,0.00,0.50,99.00,0,0,0,0,0,0.00,999.00
16:58:35.312,399743.9187,4091873.4098,global,-13.31,-12.41,-0.228,2.00,4.13,-22.00,-20.10,10.00,0.00,0.50,99.00,0,0,0,0,0,0.00,999.00
16:58:35.338,399744.1673,4091873.3514,global,-11.10,-15.38,-0.230,2.00,4.13,-17.58,-20.09,10.00,0.00,0.50,99.00,0,0,0,0,0,0.00,999.00
16:58:35.387,399744.1673,4091873.3514,global,-9.98,-15.38,-0.230,2.00,4.07,-16.72,-20.09,10.00,0.00,0.50,99.00,0,0,0,0,0,0.00,999.00
16:58:35.438,399744.1673,4091873.3514,global,-8.86,-15.38,-0.230,2.00,4.07,-15.60,-20.09,10.00,0.00,0.50,99.00,0,0,0,0,0,0.00,999.00
16:58:35.487,399744.1673,4091873.3514,global,-7.20,-15.38,-0.230,2.00,3.75,-15.66,-19.22,10.00,0.00,0.50,99.00,0,0,0,0,0,0.00,999.00
16:58:35.539,399744.1673,4091873.3514,global,-5.52,-15.38,-0.230,2.00,3.75,-13.98,-19.22,10.00,0.00,0.50,99.00,0,0,0,0,0,0.00,999.00
16:58:35.588,399744.4168,4091873.3706,global,-4.59,-0.68,-0.166,2.00,4.11,-20.17,-15.94,10.00,0.00,0.50,99.00,0,0,0,0,0,0.00,999.00
16:58:35.639,399744.4168,4091873.3706,global,-3.31,-0.68,-0.166,2.00,4.11,-18.89,-15.94,10.00,0.00,0.50,99.00,0,0,0,0,0,0.00,999.00
16:58:35.687,399744.4168,4091873.3706,global,-2.46,-0.68,-0.166,2.00,4.11,-18.03,-15.94,10.00,0.00,0.50,99.00,0,0,0,0,0,0.00,999.00
16:58:35.738,399744.4168,4091873.3706,global,-1.30,-0.68,-0.166,2.00,3.93,-17.57,-15.49,10.00,0.00,0.50,99.00,0,0,0,0,0,0.00,999.00
16:58:35.787,399744.4168,4091873.3706,global,-0.45,-0.68,-0.166,2.00,3.93,-16.73,-15.49,10.00,0.00,0.50,99.00,0,0,0,0,0,0.00,999.00
16:58:35.837,399744.6843,4091873.4118,global,1.22,-4.24,-0.099,2.00,4.07,-4.48,-20.52,10.00,0.00,0.50,99.00,0,0,0,0,0,0.00,999.00
16:58:35.887,399744.6843,4091873.4118,global,2.41,-4.24,-0.099,2.00,4.07,-3.29,-20.52,10.00,0.00,0.50,99.00,0,0,0,0,0,0.00,999.00
16:58:35.939,399744.6843,4091873.4118,global,4.09,-4.24,-0.099,2.00,3.99,-1.80,-21.00,10.00,0.00,0.50,99.00,0,0,0,0,0,0.00,999.00
16:58:35.987,399744.6843,4091873.4118,global,5.24,-4.24,-0.099,2.00,3.99,-0.65,-21.00,10.00,0.00,0.50,99.00,0,0,0,0,0,0.00,999.00
16:58:36.038,399744.6843,4091873.4118,global,6.28,-4.24,-0.099,2.00,3.99,0.39,-21.00,10.00,0.00,0.50,99.00,0,0,0,0,0,0.00,999.00
16:58:36.087,399744.9254,4091873.4645,global,7.11,-4.24,-0.029,2.00,3.42,8.06,-6.37,10.00,0.00,0.50,99.00,0,0,0,0,0,0.00,999.00
16:58:36.138,399744.9254,4091873.4645,global,7.37,-4.24,-0.029,2.00,3.42,8.31,-6.37,10.00,0.00,0.50,99.00,0,0,0,0,0,0.00,999.00
16:58:36.187,399744.9254,4091873.4645,global,7.25,-4.24,-0.029,2.00,4.19,8.66,6.53,10.00,0.00,0.50,99.00,0,0,0,0,0,0.00,999.00
16:58:36.238,399744.9254,4091873.4645,global,6.91,-4.24,-0.029,2.00,4.19,8.32,6.53,10.00,0.00,0.50,99.00,0,0,0,0,0,0.00,999.00
16:58:36.288,399744.9254,4091873.4645,global,5.88,-4.24,-0.029,2.00,4.19,7.29,6.53,10.00,0.00,0.50,99.00,0,0,0,0,0,0.00,999.00
16:58:36.338,399745.2016,4091873.4834,global,4.63,2.42,0.046,2.00,3.85,7.10,13.66,10.00,0.00,0.50,99.00,0,0,0,0,0,0.00,999.00
16:58:36.387,399745.2016,4091873.4834,global,4.00,2.42,0.046,2.00,3.85,6.46,13.66,10.00,0.00,0.50,99.00,0,0,0,0,0,0.00,999.00
16:58:36.440,399745.2016,4091873.4834,global,3.09,2.42,0.046,2.00,4.43,4.92,13.17,10.00,0.00,0.50,99.00,0,0,0,0,0,0.00,999.00
16:58:36.487,399745.2016,4091873.4834,global,2.36,2.42,0.046,2.00,4.43,4.18,13.17,10.00,0.00,0.50,99.00,0,0,0,0,0,0.00,999.00
16:58:36.538,399745.2016,4091873.4834,global,1.76,2.42,0.046,2.00,3.79,4.30,7.94,10.00,0.00,0.50,99.00,0,0,0,0,0,0.00,999.00
16:58:36.587,399745.4777,4091873.4912,global,1.28,-6.86,0.049,2.00,3.79,13.45,7.94,10.00,0.00,0.50,99.00,0,0,0,0,0,0.00,999.00
16:58:36.638,399745.4777,4091873.4912,global,1.02,-6.86,0.049,2.00,3.79,13.19,7.94,10.00,0.00,0.50,99.00,0,0,0,0,0,0.00,999.00
16:58:36.687,399745.4777,4091873.4912,global,1.02,-6.86,0.049,2.00,4.29,12.57,-1.78,10.00,0.00,0.50,99.00,0,0,0,0,0,0.00,999.00
16:58:36.739,399745.4777,4091873.4912,global,1.32,-6.86,0.049,2.00,4.29,12.87,-1.78,10.00,0.00,0.50,99.00,0,0,0,0,0,0.00,999.00
16:58:36.787,399745.4777,4091873.4912,global,1.50,-6.86,0.049,2.00,3.63,13.91,1.02,10.00,0.00,0.50,99.00,0,0,0,0,0,0.00,999.00
16:58:36.837,399745.7536,4091873.4880,global,1.40,-3.42,0.072,2.00,3.63,12.95,1.02,10.00,0.00,0.50,99.00,0,0,0,0,0,0.00,999.00
16:58:36.887,399745.7536,4091873.4880,global,0.98,-3.42,0.072,2.00,3.63,12.54,1.02,10.00,0.00,0.50,99.00,0,0,0,0,0,0.00,999.00
16:58:36.938,399745.7536,4091873.4880,global,-0.11,-3.42,0.072,2.00,4.78,9.50,17.47,10.00,0.00,0.50,99.00,0,0,0,0,0,0.00,999.00
16:58:36.987,399745.7536,4091873.4880,global,-1.09,-3.42,0.072,2.00,4.78,8.52,17.47,10.00,0.00,0.50,99.00,0,0,0,0,0,0.00,999.00
16:58:37.038,399745.7536,4091873.4880,global,-2.26,-3.42,0.072,2.00,4.84,7.28,21.99,10.00,0.00,0.50,99.00,0,0,0,0,0,0.00,999.00
16:58:37.087,399746.0293,4091873.4625,global,-4.26,-6.15,0.071,2.00,4.84,7.88,21.99,10.00,0.00,0.50,99.00,0,0,0,0,0,0.00,999.00
16:58:37.138,399746.0293,4091873.4625,global,-6.02,-6.15,0.071,2.00,4.84,6.12,21.99,10.00,0.00,0.50,99.00,0,0,0,0,0,0.00,999.00
16:58:37.187,399746.0293,4091873.4625,global,-6.55,-6.15,0.071,2.00,4.37,6.23,9.47,10.00,0.00,0.50,99.00,0,0,0,0,0,0.00,999.00
16:58:37.237,399746.0293,4091873.4625,global,-6.90,-6.15,0.071,2.00,4.37,5.87,9.47,10.00,0.00,0.50,99.00,0,0,0,0,0,0.00,999.00
16:58:37.288,399746.0293,4091873.4625,global,-7.04,-6.15,0.071,2.00,3.99,6.36,-1.53,10.00,0.00,0.50,99.00,0,0,0,0,0,0.00,999.00
16:58:37.337,399746.3227,4091873.4258,global,-6.91,-8.28,0.065,2.00,3.99,8.04,-1.53,10.00,0.00,0.50,99.00,0,0,0,0,0,0.00,999.00
16:58:37.388,399746.3227,4091873.4258,global,-6.49,-8.28,0.065,2.00,3.99,8.46,-1.53,10.00,0.00,0.50,99.00,0,0,0,0,0,0.00,999.00
16:58:37.437,399746.3227,4091873.4258,global,-6.44,-8.28,0.065,2.00,4.81,7.38,5.74,10.00,0.00,0.50,99.00,0,0,0,0,0,0.00,999.00
16:58:37.488,399746.3227,4091873.4258,global,-6.98,-8.28,0.065,2.00,4.81,6.84,5.74,10.00,0.00,0.50,99.00,0,0,0,0,0,0.00,999.00
16:58:37.540,399746.3227,4091873.4258,global,-8.12,-8.28,0.065,2.00,3.59,7.55,16.68,10.00,0.00,0.50,99.00,0,0,0,0,0,0.00,999.00
16:58:37.587,399746.5980,4091873.3670,global,-9.07,-5.59,0.046,2.00,3.59,1.74,16.68,10.00,0.00,0.50,99.00,0,0,0,0,0,0.00,999.00
16:58:37.637,399746.5980,4091873.3670,global,-10.58,-5.59,0.046,2.00,3.59,0.24,16.68,10.00,0.00,0.50,99.00,0,0,0,0,0,0.00,999.00
16:58:37.687,399746.5980,4091873.3670,global,-11.48,-5.59,0.046,2.00,4.29,-1.51,17.85,10.00,0.00,0.50,99.00,0,0,0,0,0,0.00,999.00
16:58:37.737,399746.5980,4091873.3670,global,-12.33,-5.59,0.046,2.00,4.29,-2.36,17.85,10.00,0.00,0.50,99.00,0,0,0,0,0,0.00,999.00
16:58:37.788,399746.5980,4091873.3670,global,-13.66,-5.59,0.046,2.00,4.39,-3.78,12.34,10.00,0.00,0.50,99.00,0,0,0,0,0,0.00,999.00
16:58:37.838,399746.8817,4091873.2638,global,-14.45,-8.28,-0.027,2.00,4.39,-8.71,12.34,10.00,0.00,0.50,99.00,0,0,0,0,0,0.00,999.00
16:58:37.887,399746.8817,4091873.2638,global,-14.54,-8.28,-0.027,2.00,4.03,-9.03,-0.40,10.00,0.00,0.50,99.00,0,0,0,0,0,0.00,999.00
16:58:37.938,399746.8817,4091873.2638,global,-14.28,-8.28,-0.027,2.00,4.03,-8.76,-0.40,10.00,0.00,0.50,99.00,0,0,0,0,0,0.00,999.00
16:58:37.987,399746.8817,4091873.2638,global,-13.84,-8.28,-0.027,2.00,4.03,-8.32,-0.40,10.00,0.00,0.50,99.00,0,0,0,0,0,0.00,999.00
16:58:38.040,399746.8817,4091873.2638,global,-12.59,-8.28,-0.027,2.00,4.43,-6.83,-15.54,10.00,0.00,0.50,99.00,0,0,0,0,0,0.00,999.00
16:58:38.087,399747.1661,4091873.2272,global,-11.54,-7.78,-0.023,2.00,4.43,-5.91,-15.54,10.00,0.00,0.50,99.00,0,0,0,0,0,0.00,999.00
16:58:38.137,399747.1661,4091873.2272,global,-10.45,-7.78,-0.023,2.00,3.95,-5.08,-18.38,10.00,0.00,0.50,99.00,0,0,0,0,0,0.00,999.00
16:58:38.187,399747.1661,4091873.2272,global,-8.93,-7.78,-0.023,2.00,3.95,-3.56,-18.38,10.00,0.00,0.50,99.00,0,0,0,0,0,0.00,999.00
16:58:38.237,399747.1661,4091873.2272,global,-7.73,-7.78,-0.023,2.00,3.95,-2.36,-18.38,10.00,0.00,0.50,99.00,0,0,0,0,0,0.00,999.00
16:58:38.287,399747.1661,4091873.2272,global,-5.86,-7.78,-0.023,2.00,5.36,0.14,-14.13,10.00,0.00,0.50,99.00,0,0,0,0,0,0.00,999.00
16:58:38.337,399747.4509,4091873.2127,global,-4.98,-5.27,-0.003,2.00,5.36,0.04,-14.13,10.00,0.00,0.50,99.00,0,0,0,0,0,0.00,999.00
16:58:38.387,399747.4509,4091873.2127,global,-4.25,-5.27,-0.003,2.00,4.59,0.74,-4.07,10.00,0.00,0.50,99.00,0,0,0,0,0,0.00,999.00
16:58:38.439,399747.4509,4091873.2127,global,-4.07,-5.27,-0.003,2.00,4.59,0.92,-4.07,10.00,0.00,0.50,99.00,0,0,0,0,0,0.00,999.00
16:58:38.487,399747.4509,4091873.2127,global,-4.18,-5.27,-0.003,2.00,4.23,0.78,4.34,10.00,0.00,0.50,99.00,0,0,0,0,0,0.00,999.00
16:58:38.539,399747.4509,4091873.2127,global,-4.58,-5.27,-0.003,2.00,4.23,0.38,4.34,10.00,0.00,0.50,99.00,0,0,0,0,0,0.00,999.00
16:58:38.587,399747.7537,4091873.2202,global,-4.78,-8.02,0.038,2.00,4.23,6.93,5.13,10.00,0.00,0.50,99.00,0,0,0,0,0,0.00,999.00
16:58:38.656,399747.7537,4091873.2202,global,-4.87,-8.02,0.038,2.00,4.23,6.84,5.13,10.00,0.00,0.50,99.00,0,0,0,0,0,0.00,999.00
16:58:38.687,399747.7537,4091873.2202,global,-5.36,-8.02,0.038,2.00,4.46,6.17,-1.77,10.00,0.00,0.50,99.00,0,0,0,0,0,0.00,999.00
16:58:38.738,399747.7537,4091873.2202,global,-5.32,-8.02,0.038,2.00,4.46,6.21,-1.77,10.00,0.00,0.50,99.00,0,0,0,0,0,0.00,999.00
16:58:38.788,399747.7537,4091873.2202,global,-4.99,-8.02,0.038,2.00,4.46,6.53,-1.77,10.00,0.00,0.50,99.00,0,0,0,0,0,0.00,999.00
16:58:38.837,399748.0562,4091873.2056,global,-4.51,-8.02,0.088,2.00,4.29,11.89,-2.63,10.00,0.00,0.50,99.00,0,0,0,0,0,0.00,999.00
16:58:38.887,399748.0562,4091873.2056,global,-4.40,-8.02,0.088,2.00,4.29,12.00,-2.63,10.00,0.00,0.50,99.00,0,0,0,0,0,0.00,999.00
16:58:38.938,399748.0562,4091873.2056,global,-4.44,-8.02,0.088,2.00,4.43,11.68,2.52,10.00,0.00,0.50,99.00,0,0,0,0,0,0.00,999.00
16:58:38.987,399748.0562,4091873.2056,global,-4.57,-8.02,0.088,2.00,4.43,11.55,2.52,10.00,0.00,0.50,99.00,0,0,0,0,0,0.00,999.00
16:58:39.040,399748.0562,4091873.2056,global,-4.94,-8.02,0.088,2.00,4.43,11.18,2.52,10.00,0.00,0.50,99.00,0,0,0,0,0,0.00,999.00
16:58:39.087,399748.3497,4091873.1799,global,-5.94,-11.53,0.099,2.00,4.45,14.68,15.28,10.00,0.00,0.50,99.00,0,0,0,0,0,0.00,999.00
16:58:39.139,399748.3497,4091873.1799,global,-7.34,-11.53,0.099,2.00,4.45,13.29,15.28,10.00,0.00,0.50,99.00,0,0,0,0,0,0.00,999.00
16:58:39.187,399748.3497,4091873.1799,global,-8.34,-11.53,0.099,2.00,4.45,12.28,15.28,10.00,0.00,0.50,99.00,0,0,0,0,0,0.00,999.00
16:58:39.238,399748.3497,4091873.1799,global,-9.99,-11.53,0.099,2.00,4.43,10.67,19.60,10.00,0.00,0.50,99.00,0,0,0,0,0,0.00,999.00
16:58:39.287,399748.3497,4091873.1799,global,-11.15,-11.53,0.099,2.00,4.43,9.51,19.60,10.00,0.00,0.50,99.00,0,0,0,0,0,0.00,999.00
16:58:39.338,399748.6514,4091873.0987,global,-12.12,-10.43,0.080,2.00,4.39,5.75,15.53,10.00,0.00,0.50,99.00,0,0,0,0,0,0.00,999.00
16:58:39.387,399748.6514,4091873.0987,global,-13.24,-10.43,0.080,2.00,4.39,4.62,15.53,10.00,0.00,0.50,99.00,0,0,0,0,0,0.00,999.00
16:58:39.437,399748.6514,4091873.0987,global,-13.81,-10.43,0.080,2.00,4.39,4.05,15.53,10.00,0.00,0.50,99.00,0,0,0,0,0,0.00,999.00
16:58:39.487,399748.6514,4091873.0987,global,-14.34,-10.43,0.080,2.00,4.71,3.03,4.23,10.00,0.00,0.50,99.00,0,0,0,0,0,0.00,999.00
16:58:39.539,399748.6514,4091873.0987,global,-14.55,-10.43,0.080,2.00,4.71,2.82,4.23,10.00,0.00,0.50,99.00,0,0,0,0,0,0.00,999.00
16:58:39.587,399748.9440,4091872.9953,global,-14.42,-6.15,0.027,2.00,4.39,-5.72,-4.05,10.00,0.00,0.50,99.00,0,0,0,0,0,0.00,999.00
16:58:39.638,399748.9440,4091872.9953,global,-13.89,-6.15,0.027,2.00,4.39,-5.18,-4.05,10.00,0.00,0.50,99.00,0,0,0,0,0,0.00,999.00
16:58:39.687,399748.9440,4091872.9953,global,-13.28,-6.15,0.027,2.00,4.64,-4.71,-10.69,10.00,0.00,0.50,99.00,0,0,0,0,0,0.00,999.00
16:58:39.738,399748.9440,4091872.9953,global,-12.17,-6.15,0.027,2.00,4.64,-3.60,-10.69,10.00,0.00,0.50,99.00,0,0,0,0,0,0.00,999.00
16:58:39.788,399748.9440,4091872.9953,global,-11.36,-6.15,0.027,2.00,4.64,-2.79,-10.69,10.00,0.00,0.50,99.00,0,0,0,0,0,0.00,999.00
16:58:39.837,399749.2463,4091872.9585,global,-10.25,-16.16,0.044,2.00,4.54,9.90,-7.70,10.00,0.00,0.50,99.00,0,0,0,0,0,0.00,999.00
16:58:39.888,399749.2463,4091872.9585,global,-9.84,-16.16,0.044,2.00,4.54,10.30,-7.70,10.00,0.00,0.50,99.00,0,0,0,0,0,0.00,999.00
16:58:39.937,399749.2463,4091872.9585,global,-9.84,-16.16,0.044,2.00,4.39,10.44,1.04,10.00,0.00,0.50,99.00,0,0,0,0,0,0.00,999.00
16:58:39.988,399749.2463,4091872.9585,global,-10.07,-16.16,0.044,2.00,4.39,10.21,1.04,10.00,0.00,0.50,99.00,0,0,0,0,0,0.00,999.00
16:58:40.039,399749.2463,4091872.9585,global,-10.25,-16.16,0.044,2.00,4.39,10.03,1.04,10.00,0.00,0.50,99.00,0,0,0,0,0,0.00,999.00
16:58:40.087,399749.5486,4091872.9216,global,-11.71,-8.86,0.100,2.00,5.49,4.60,15.90,10.00,0.00,0.50,99.00,0,0,0,0,0,0.00,999.00
16:58:40.138,399749.5486,4091872.9216,global,-13.19,-8.86,0.100,2.00,5.49,3.12,15.90,10.00,0.00,0.50,99.00,0,0,0,0,0,0.00,999.00
16:58:40.187,399749.5486,4091872.9216,global,-14.24,-8.86,0.100,2.00,5.49,2.07,15.90,10.00,0.00,0.50,99.00,0,0,0,0,0,0.00,999.00
16:58:40.237,399749.5486,4091872.9216,global,-15.39,-8.86,0.100,2.00,4.46,2.61,16.79,10.00,0.00,0.50,99.00,0,0,0,0,0,0.00,999.00
16:58:40.287,399749.5486,4091872.9216,global,-16.90,-8.86,0.100,2.00,4.46,1.10,16.79,10.00,0.00,0.50,99.00,0,0,0,0,0,0.00,999.00
16:58:40.337,399749.8588,4091872.8070,global,-17.35,-13.67,0.034,2.00,4.59,-0.59,4.64,10.00,0.00,0.50,99.00,0,0,0,0,0,0.00,999.00
16:58:40.388,399749.8588,4091872.8070,global,-17.45,-13.67,0.034,2.00,4.59,-0.69,4.64,10.00,0.00,0.50,99.00,0,0,0,0,0,0.00,999.00
16:58:40.438,399749.8588,4091872.8070,global,-17.13,-13.67,0.034,2.00,4.59,-0.37,4.64,10.00,0.00,0.50,99.00,0,0,0,0,0,0.00,999.00
16:58:40.487,399749.8588,4091872.8070,global,-16.79,-13.67,0.034,2.00,4.68,-0.08,-4.37,10.00,0.00,0.50,99.00,0,0,0,0,0,0.00,999.00
16:58:40.537,399749.8588,4091872.8070,global,-16.53,-13.67,0.034,2.00,4.68,0.18,-4.37,10.00,0.00,0.50,99.00,0,0,0,0,0,0.00,999.00
16:58:40.587,399750.1605,4091872.7258,global,-16.16,-15.63,0.029,2.00,4.59,2.08,-4.29,10.00,0.00,0.50,99.00,0,0,0,0,0,0.00,999.00
16:58:40.637,399750.1605,4091872.7258,global,-15.87,-15.63,0.029,2.00,4.59,2.38,-4.29,10.00,0.00,0.50,99.00,0,0,0,0,0,0.00,999.00
16:58:40.687,399750.1605,4091872.7258,global,-15.54,-15.63,0.029,2.00,4.59,2.70,-4.29,10.00,0.00,0.50,99.00,0,0,0,0,0,0.00,999.00
16:58:40.738,399750.1605,4091872.7258,global,-15.61,-15.63,0.029,2.00,4.54,2.66,3.88,10.00,0.00,0.50,99.00,0,0,0,0,0,0.00,999.00
16:58:40.787,399750.1605,4091872.7258,global,-15.85,-15.63,0.029,2.00,4.54,2.42,3.88,10.00,0.00,0.50,99.00,0,0,0,0,0,0.00,999.00
16:58:40.838,399750.4713,4091872.6555,global,-16.47,-18.58,0.052,2.00,4.79,6.54,9.74,10.00,0.00,0.50,99.00,0,0,0,0,0,0.00,999.00
16:58:40.887,399750.4713,4091872.6555,global,-17.09,-18.58,0.052,2.00,4.79,5.93,9.74,10.00,0.00,0.50,99.00,0,0,0,0,0,0.00,999.00
16:58:40.938,399750.4713,4091872.6555,global,-17.96,-18.58,0.052,2.00,4.79,5.06,9.74,10.00,0.00,0.50,99.00,0,0,0,0,0,0.00,999.00
16:58:40.987,399750.4713,4091872.6555,global,-18.40,-18.58,0.052,2.00,4.40,5.00,6.75,10.00,0.00,0.50,99.00,0,0,0,0,0,0.00,999.00
16:58:41.039,399750.4713,4091872.6555,global,-18.77,-18.58,0.052,2.00,4.40,4.64,6.75,10.00,0.00,0.50,99.00,0,0,0,0,0,0.00,999.00
16:58:41.087,399750.7907,4091872.5630,global,-19.21,-19.23,0.044,2.00,4.99,3.66,4.57,10.00,0.00,0.50,99.00,0,0,0,0,0,0.00,999.00
16:58:41.138,399750.7907,4091872.5630,global,-19.50,-19.23,0.044,2.00,4.99,3.37,4.57,10.00,0.00,0.50,99.00,0,0,0,0,0,0.00,999.00
16:58:41.187,399750.7907,4091872.5630,global,-19.65,-19.23,0.044,2.00,4.99,3.21,4.57,10.00,0.00,0.50,99.00,0,0,0,0,0,0.00,999.00
16:58:41.238,399750.7907,4091872.5630,global,-19.84,-19.23,0.044,2.00,4.54,3.38,3.59,10.00,0.00,0.50,99.00,0,0,0,0,0,0.00,999.00
16:58:41.287,399750.7907,4091872.5630,global,-20.15,-19.23,0.044,2.00,4.54,3.07,3.59,10.00,0.00,0.50,99.00,0,0,0,0,0,0.00,999.00
16:58:41.338,399751.0921,4091872.4485,global,-20.45,-11.53,0.030,2.00,4.79,-6.33,3.71,10.00,0.00,0.50,99.00,0,0,0,0,0,0.00,999.00
16:58:41.388,399751.0921,4091872.4485,global,-20.67,-11.53,0.030,2.00,4.79,-6.54,3.71,10.00,0.00,0.50,99.00,0,0,0,0,0,0.00,999.00
16:58:41.438,399751.0921,4091872.4485,global,-20.92,-11.53,0.030,2.00,4.79,-6.80,3.71,10.00,0.00,0.50,99.00,0,0,0,0,0,0.00,999.00
16:58:41.487,399751.0921,4091872.4485,global,-21.12,-11.53,0.030,2.00,4.81,-7.01,2.06,10.00,0.00,0.50,99.00,0,0,0,0,0,0.00,999.00
16:58:41.538,399751.0921,4091872.4485,global,-21.29,-11.53,0.030,2.00,4.81,-7.17,2.06,10.00,0.00,0.50,99.00,0,0,0,0,0,0.00,999.00
16:58:41.588,399751.3934,4091872.3339,global,-21.16,-9.91,0.005,2.00,4.59,-10.82,-4.42,10.00,0.00,0.50,99.00,0,0,0,0,0,0.00,999.00
16:58:41.638,399751.3934,4091872.3339,global,-20.63,-9.91,0.005,2.00,4.59,-10.29,-4.42,10.00,0.00,0.50,99.00,0,0,0,0,0,0.00,999.00
16:58:41.687,399751.3934,4091872.3339,global,-20.09,-9.91,0.005,2.00,4.89,-9.77,-10.83,10.00,0.00,0.50,99.00,0,0,0,0,0,0.00,999.00
16:58:41.738,399751.3934,4091872.3339,global,-19.35,-9.91,0.005,2.00,4.89,-9.04,-10.83,10.00,0.00,0.50,99.00,0,0,0,0,0,0.00,999.00
16:58:41.787,399751.3934,4091872.3339,global,-17.95,-9.91,0.005,2.00,4.89,-7.64,-10.83,10.00,0.00,0.50,99.00,0,0,0,0,0,0.00,999.00
16:58:41.838,399751.7308,4091872.2523,global,-16.60,-3.65,-0.021,2.00,4.68,-14.78,-11.43,10.00,0.00,0.50,99.00,0,0,0,0,0,0.00,999.00
16:58:41.888,399751.7308,4091872.2523,global,-15.90,-3.65,-0.021,2.00,4.68,-14.09,-11.43,10.00,0.00,0.50,99.00,0,0,0,0,0,0.00,999.00
16:58:41.940,399751.7308,4091872.2523,global,-15.13,-3.65,-0.021,2.00,4.99,-13.20,-7.77,10.00,0.00,0.50,99.00,0,0,0,0,0,0.00,999.00
16:58:41.987,399751.7308,4091872.2523,global,-14.66,-3.65,-0.021,2.00,4.99,-12.73,-7.77,10.00,0.00,0.50,99.00,0,0,0,0,0,0.00,999.00
16:58:42.038,399751.7308,4091872.2523,global,-14.17,-3.65,-0.021,2.00,4.99,-12.23,-7.77,10.00,0.00,0.50,99.00,0,0,0,0,0,0.00,999.00
16:58:42.087,399752.0506,4091872.1930,global,-13.18,-3.78,-0.059,2.00,4.81,-14.43,-10.60,10.00,0.00,0.50,99.00,0,0,0,0,0,0.00,999.00
16:58:42.138,399752.0506,4091872.1930,global,-12.13,-3.78,-0.059,2.00,4.81,-13.38,-10.60,10.00,0.00,0.50,99.00,0,0,0,0,0,0.00,999.00
16:58:42.187,399752.0506,4091872.1930,global,-11.43,-3.78,-0.059,2.00,4.99,-12.50,-10.40,10.00,0.00,0.50,99.00,0,0,0,0,0,0.00,999.00
16:58:42.238,399752.0506,4091872.1930,global,-10.44,-3.78,-0.059,2.00,4.99,-11.51,-10.40,10.00,0.00,0.50,99.00,0,0,0,0,0,0.00,999.00
16:58:42.287,399752.0506,4091872.1930,global,-9.73,-3.78,-0.059,2.00,4.84,-10.95,-10.59,10.00,0.00,0.50,99.00,0,0,0,0,0,0.00,999.00
16:58:42.338,399752.3706,4091872.1449,global,-8.67,-6.61,-0.083,2.00,4.84,-9.08,-10.59,10.00,0.00,0.50,99.00,0,0,0,0,0,0.00,999.00
16:58:42.387,399752.3706,4091872.1449,global,-7.97,-6.61,-0.083,2.00,4.84,-8.38,-10.59,10.00,0.00,0.50,99.00,0,0,0,0,0,0.00,999.00
16:58:42.439,399752.3706,4091872.1449,global,-6.95,-6.61,-0.083,2.00,4.85,-7.35,-10.50,10.00,0.00,0.50,99.00,0,0,0,0,0,0.00,999.00
16:58:42.487,399752.3706,4091872.1449,global,-6.23,-6.61,-0.083,2.00,4.85,-6.64,-10.50,10.00,0.00,0.50,99.00,0,0,0,0,0,0.00,999.00
16:58:42.539,399752.3706,4091872.1449,global,-5.15,-6.61,-0.083,2.00,5.19,-5.10,-10.59,10.00,0.00,0.50,99.00,0,0,0,0,0,0.00,999.00
16:58:42.587,399752.7001,4091872.1521,global,-4.47,-12.41,-0.016,2.00,5.19,6.64,-10.59,10.00,0.00,0.50,99.00,0,0,0,0,0,0.00,999.00
16:58:42.639,399752.7001,4091872.1521,global,-3.51,-12.41,-0.016,2.00,5.19,7.60,-10.59,10.00,0.00,0.50,99.00,0,0,0,0,0,0.00,999.00
16:58:42.688,399752.7001,4091872.1521,global,-2.87,-12.41,-0.016,2.00,5.06,8.21,-9.15,10.00,0.00,0.50,99.00,0,0,0,0,0,0.00,999.00
16:58:42.738,399752.7001,4091872.1521,global,-1.85,-12.41,-0.016,2.00,5.06,9.23,-9.15,10.00,0.00,0.50,99.00,0,0,0,0,0,0.00,999.00
16:58:42.787,399752.7001,4091872.1521,global,-1.38,-12.41,-0.016,2.00,5.79,9.87,-1.07,10.00,0.00,0.50,99.00,0,0,0,0,0,0.00,999.00
16:58:42.838,399753.0386,4091872.1703,global,-1.31,-11.53,0.073,2.00,5.79,15.40,-1.07,10.00,0.00,0.50,99.00,0,0,0,0,0,0.00,999.00
16:58:42.887,399753.0386,4091872.1703,global,-1.81,-11.53,0.073,2.00,5.79,14.90,-1.07,10.00,0.00,0.50,99.00,0,0,0,0,0,0.00,999.00
16:58:42.937,399753.0386,4091872.1703,global,-2.87,-11.53,0.073,2.00,4.71,15.02,16.69,10.00,0.00,0.50,99.00,0,0,0,0,0,0.00,999.00
16:58:42.987,399753.0386,4091872.1703,global,-3.90,-11.53,0.073,2.00,4.71,13.99,16.69,10.00,0.00,0.50,99.00,0,0,0,0,0,0.00,999.00
16:58:43.039,399753.0386,4091872.1703,global,-6.06,-11.53,0.073,2.00,5.99,10.48,21.99,10.00,0.00,0.50,99.00,0,0,0,0,0,0.00,999.00
16:58:43.087,399753.3766,4091872.1441,global,-7.87,-8.28,0.095,2.00,5.99,6.96,21.99,10.00,0.00,0.50,99.00,0,0,0,0,0,0.00,999.00
16:58:43.155,399753.3766,4091872.1441,global,-8.84,-8.28,0.095,2.00,5.99,5.99,21.99,10.00,0.00,0.50,99.00,0,0,0,0,0,0.00,999.00
16:58:43.187,399753.3766,4091872.1441,global,-12.41,-8.28,0.095,2.00,4.94,3.80,21.12,10.00,0.00,0.50,99.00,0,0,0,0,0,0.00,999.00
16:58:43.237,399753.3766,4091872.1441,global,-13.49,-8.28,0.095,2.00,4.94,2.72,21.12,10.00,0.00,0.50,99.00,0,0,0,0,0,0.00,999.00
16:58:43.288,399753.3766,4091872.1441,global,-14.37,-8.28,0.095,2.00,4.94,1.84,21.12,10.00,0.00,0.50,99.00,0,0,0,0,0,0.00,999.00
16:58:43.338,399753.6870,4091872.0405,global,-14.84,-8.28,0.038,2.00,4.83,-3.33,5.52,10.00,0.00,0.50,99.00,0,0,0,0,0,0.00,999.00
16:58:43.387,399753.6870,4091872.0405,global,-14.88,-8.28,0.038,2.00,4.83,-3.38,5.52,10.00,0.00,0.50,99.00,0,0,0,0,0,0.00,999.00
16:58:43.437,399753.6870,4091872.0405,global,-14.59,-8.28,0.038,2.00,4.83,-3.09,5.52,10.00,0.00,0.50,99.00,0,0,0,0,0,0.00,999.00
16:58:43.487,399753.6870,4091872.0405,global,-13.61,-8.28,0.038,2.00,4.68,-2.00,-10.26,10.00,0.00,0.50,99.00,0,0,0,0,0,0.00,999.00
16:58:43.539,399753.6870,4091872.0405,global,-12.59,-8.28,0.038,2.00,4.68,-0.99,-10.26,10.00,0.00,0.50,99.00,0,0,0,0,0,0.00,999.00
16:58:43.587,399754.0157,4091871.9812,global,-10.95,-5.43,0.021,2.00,5.19,-3.89,-15.58,10.00,0.00,0.50,99.00,0,0,0,0,0,0.00,999.00
16:58:43.637,399754.0157,4091871.9812,global,-9.69,-5.43,0.021,2.00,5.19,-2.63,-15.58,10.00,0.00,0.50,99.00,0,0,0,0,0,0.00,999.00
16:58:43.688,399754.0157,4091871.9812,global,-7.59,-5.43,0.021,2.00,5.19,-0.53,-15.58,10.00,0.00,0.50,99.00,0,0,0,0,0,0.00,999.00
16:58:43.737,399754.0157,4091871.9812,global,-6.21,-5.43,0.021,2.00,4.40,1.15,-5.68,10.00,0.00,0.50,99.00,0,0,0,0,0,0.00,999.00
16:58:43.788,399754.0157,4091871.9812,global,-5.80,-5.43,0.021,2.00,4.40,1.56,-5.68,10.00,0.00,0.50,99.00,0,0,0,0,0,0.00,999.00
16:58:43.838,399754.3092,4091871.9555,global,-5.71,-12.80,0.028,2.00,5.19,9.32,5.15,10.00,0.00,0.50,99.00,0,0,0,0,0,0.00,999.00
16:58:43.887,399754.3092,4091871.9555,global,-5.90,-12.80,0.028,2.00,5.19,9.13,5.15,10.00,0.00,0.50,99.00,0,0,0,0,0,0.00,999.00
16:58:43.938,399754.3092,4091871.9555,global,-6.59,-12.80,0.028,2.00,5.19,8.44,5.15,10.00,0.00,0.50,99.00,0,0,0,0,0,0.00,999.00
16:58:43.987,399754.3092,4091871.9555,global,-7.11,-12.80,0.028,2.00,4.65,8.18,13.08,10.00,0.00,0.50,99.00,0,0,0,0,0,0.00,999.00
16:58:44.038,399754.3092,4091871.9555,global,-7.65,-12.80,0.028,2.00,4.65,7.65,13.08,10.00,0.00,0.50,99.00,0,0,0,0,0,0.00,999.00
16:58:44.087,399754.6379,4091871.8962,global,-8.47,-12.41,0.043,2.00,4.74,7.71,13.51,10.00,0.00,0.50,99.00,0,0,0,0,0,0.00,999.00
16:58:44.138,399754.6379,4091871.8962,global,-9.25,-12.41,0.043,2.00,4.74,6.93,13.51,10.00,0.00,0.50,99.00,0,0,0,0,0,0.00,999.00
16:58:44.187,399754.6379,4091871.8962,global,-9.78,-12.41,0.043,2.00,4.74,6.40,13.51,10.00,0.00,0.50,99.00,0,0,0,0,0,0.00,999.00
16:58:44.237,399754.6379,4091871.8962,global,-10.46,-12.41,0.043,2.00,4.88,5.62,10.46,10.00,0.00,0.50,99.00,0,0,0,0,0,0.00,999.00
16:58:44.287,399754.6379,4091871.8962,global,-10.80,-12.41,0.043,2.00,4.88,5.28,10.46,10.00,0.00,0.50,99.00,0,0,0,0,0,0.00,999.00
16:58:44.337,399754.9757,4091871.8478,global,-11.07,-8.28,0.068,2.00,4.79,3.08,5.38,10.00,0.00,0.50,99.00,0,0,0,0,0,0.00,999.00
16:58:44.387,399754.9757,4091871.8478,global,-11.11,-8.28,0.068,2.00,4.79,3.04,5.38,10.00,0.00,0.50,99.00,0,0,0,0,0,0.00,999.00
16:58:44.438,399754.9757,4091871.8478,global,-10.99,-8.28,0.068,2.00,4.79,3.15,5.38,10.00,0.00,0.50,99.00,0,0,0,0,0,0.00,999.00
16:58:44.487,399754.9757,4091871.8478,global,-10.93,-8.28,0.068,2.00,4.81,3.19,2.27,10.00,0.00,0.50,99.00,0,0,0,0,0,0.00,999.00
16:58:44.540,399754.9757,4091871.8478,global,-10.93,-8.28,0.068,2.00,4.81,3.19,2.27,10.00,0.00,0.50,99.00,0,0,0,0,0,0.00,999.00
16:58:44.587,399755.3135,4091871.8105,global,-10.90,-12.80,0.088,2.00,4.94,9.17,2.85,10.00,0.00,0.50,99.00,0,0,0,0,0,0.00,999.00
16:58:44.638,399755.3135,4091871.8105,global,-10.87,-12.80,0.088,2.00,4.94,9.20,2.85,10.00,0.00,0.50,99.00,0,0,0,0,0,0.00,999.00
16:58:44.687,399755.3135,4091871.8105,global,-10.85,-12.80,0.088,2.00,4.94,9.22,2.85,10.00,0.00,0.50,99.00,0,0,0,0,0,0.00,999.00
16:58:44.738,399755.3135,4091871.8105,global,-10.79,-12.80,0.088,2.00,4.85,9.42,4.52,10.00,0.00,0.50,99.00,0,0,0,0,0,0.00,999.00
16:58:44.787,399755.3135,4091871.8105,global,-10.79,-12.80,0.088,2.00,4.85,9.42,4.52,10.00,0.00,0.50,99.00,0,0,0,0,0,0.00,999.00
16:58:44.837,399755.6511,4091871.7510,global,-11.21,-13.22,0.104,2.00,4.99,10.52,10.92,10.00,0.00,0.50,99.00,0,0,0,0,0,0.00,999.00
16:58:44.887,399755.6511,4091871.7510,global,-11.71,-13.22,0.104,2.00,4.99,10.02,10.92,10.00,0.00,0.50,99.00,0,0,0,0,0,0.00,999.00
16:58:44.937,399755.6511,4091871.7510,global,-12.68,-13.22,0.104,2.00,4.99,9.05,10.92,10.00,0.00,0.50,99.00,0,0,0,0,0,0.00,999.00
16:58:44.987,399755.6511,4091871.7510,global,-13.26,-13.22,0.104,2.00,5.09,8.31,12.86,10.00,0.00,0.50,99.00,0,0,0,0,0,0.00,999.00
16:58:45.039,399755.6511,4091871.7510,global,-13.74,-13.22,0.104,2.00,5.09,7.83,12.86,10.00,0.00,0.50,99.00,0,0,0,0,0,0.00,999.00
16:58:45.087,399755.9977,4091871.6915,global,-14.33,-3.32,0.123,2.00,4.74,-0.42,10.61,10.00,0.00,0.50,99.00,0,0,0,0,0,0.00,999.00
16:58:45.137,399755.9977,4091871.6915,global,-15.00,-3.32,0.123,2.00,4.74,-1.10,10.61,10.00,0.00,0.50,99.00,0,0,0,0,0,0.00,999.00
16:58:45.187,399755.9977,4091871.6915,global,-15.44,-3.32,0.123,2.00,4.74,-1.53,10.61,10.00,0.00,0.50,99.00,0,0,0,0,0,0.00,999.00
16:58:45.237,399755.9977,4091871.6915,global,-15.74,-3.32,0.123,2.00,5.12,-2.60,5.11,10.00,0.00,0.50,99.00,0,0,0,0,0,0.00,999.00
16:58:45.287,399755.9977,4091871.6915,global,-15.85,-3.32,0.123,2.00,5.12,-2.71,5.11,10.00,0.00,0.50,99.00,0,0,0,0,0,0.00,999.00
16:58:45.338,399756.3440,4091871.6208,global,-15.62,-16.16,0.100,2.00,4.79,9.07,-4.72,10.00,0.00,0.50,99.00,0,0,0,0,0,0.00,999.00
16:58:45.387,399756.3440,4091871.6208,global,-14.78,-16.16,0.100,2.00,4.79,9.91,-4.72,10.00,0.00,0.50,99.00,0,0,0,0,0,0.00,999.00
16:58:45.439,399756.3440,4091871.6208,global,-13.41,-16.16,0.100,2.00,4.79,11.27,-4.72,10.00,0.00,0.50,99.00,0,0,0,0,0,0.00,999.00
16:58:45.488,399756.3440,4091871.6208,global,-12.76,-16.16,0.100,2.00,5.19,11.28,1.00,10.00,0.00,0.50,99.00,0,0,0,0,0,0.00,999.00
16:58:45.539,399756.3440,4091871.6208,global,-12.59,-16.16,0.100,2.00,5.19,11.44,1.00,10.00,0.00,0.50,99.00,0,0,0,0,0,0.00,999.00
16:58:45.587,399756.6732,4091871.5947,global,-13.05,-13.83,0.115,2.00,5.39,9.50,12.05,10.00,0.00,0.50,99.00,0,0,0,0,0,0.00,999.00
16:58:45.637,399756.6732,4091871.5947,global,-14.00,-13.83,0.115,2.00,5.39,8.55,12.05,10.00,0.00,0.50,99.00,0,0,0,0,0,0.00,999.00
16:58:45.687,399756.6732,4091871.5947,global,-14.88,-13.83,0.115,2.00,5.39,7.67,12.05,10.00,0.00,0.50,99.00,0,0,0,0,0,0.00,999.00
16:58:45.738,399756.6732,4091871.5947,global,-16.71,-13.83,0.115,2.00,5.12,6.28,20.79,10.00,0.00,0.50,99.00,0,0,0,0,0,0.00,999.00
16:58:45.788,399756.6732,4091871.5947,global,-17.86,-13.83,0.115,2.00,5.12,5.13,20.79,10.00,0.00,0.50,99.00,0,0,0,0,0,0.00,999.00
16:58:45.837,399757.0193,4091871.5019,global,-18.92,-7.34,0.104,2.00,5.34,-3.56,13.57,10.00,0.00,0.50,99.00,0,0,0,0,0,0.00,999.00
16:58:45.887,399757.0193,4091871.5019,global,-19.30,-7.34,0.104,2.00,5.34,-3.95,13.57,10.00,0.00,0.50,99.00,0,0,0,0,0,0.00,999.00
16:58:45.938,399757.0193,4091871.5019,global,-19.50,-7.34,0.104,2.00,5.34,-4.15,13.57,10.00,0.00,0.50,99.00,0,0,0,0,0,0.00,999.00
16:58:45.987,399757.0193,4091871.5019,global,-19.31,-7.34,0.104,2.00,4.68,-2.84,-3.73,10.00,0.00,0.50,99.00,0,0,0,0,0,0.00,999.00
16:58:46.038,399757.0193,4091871.5019,global,-18.74,-7.34,0.104,2.00,4.68,-2.27,-3.73,10.00,0.00,0.50,99.00,0,0,0,0,0,0.00,999.00
16:58:46.087,399757.3476,4091871.4092,global,-17.41,-9.53,0.058,2.00,5.19,-3.31,-14.41,10.00,0.00,0.50,99.00,0,0,0,0,0,0.00,999.00
16:58:46.138,399757.3476,4091871.4092,global,-15.52,-9.53,0.058,2.00,5.19,-1.43,-14.41,10.00,0.00,0.50,99.00,0,0,0,0,0,0.00,999.00
16:58:46.187,399757.3476,4091871.4092,global,-13.93,-9.53,0.058,2.00,5.19,0.17,-14.41,10.00,0.00,0.50,99.00,0,0,0,0,0,0.00,999.00
16:58:46.237,399757.3476,4091871.4092,global,-11.77,-9.53,0.058,2.00,4.29,3.28,-10.51,10.00,0.00,0.50,99.00,0,0,0,0,0,0.00,999.00
16:58:46.287,399757.3476,4091871.4092,global,-10.93,-9.53,0.058,2.00,4.29,4.11,-10.51,10.00,0.00,0.50,99.00,0,0,0,0,0,0.00,999.00
16:58:46.340,399757.6590,4091871.3944,global,-10.47,-5.13,0.086,2.00,5.39,1.25,0.08,10.00,0.00,0.50,99.00,0,0,0,0,0,0.00,999.00
16:58:46.387,399757.6590,4091871.3944,global,-10.41,-5.13,0.086,2.00,5.39,1.31,0.08,10.00,0.00,0.50,99.00,0,0,0,0,0,0.00,999.00
16:58:46.437,399757.6590,4091871.3944,global,-10.57,-5.13,0.086,2.00,5.39,1.15,0.08,10.00,0.00,0.50,99.00,0,0,0,0,0,0.00,999.00
16:58:46.513,399757.6590,4091871.3944,global,-11.03,-5.13,0.086,2.00,5.39,0.69,16.33,10.00,0.00,0.50,99.00,0,0,0,0,0,0.00,999.00
16:58:46.539,399757.6590,4091871.3944,global,-12.13,-5.13,0.086,2.00,5.23,-0.21,16.33,10.00,0.00,0.50,99.00,0,0,0,0,0,0.00,999.00
16:58:46.587,399758.0058,4091871.3570,global,-13.69,-7.14,0.095,2.00,5.44,0.64,21.99,10.00,0.00,0.50,99.00,0,0,0,0,0,0.00,999.00
16:58:46.637,399758.0058,4091871.3570,global,-15.63,-7.14,0.095,2.00,5.44,-1.31,21.99,10.00,0.00,0.50,99.00,0,0,0,0,0,0.00,999.00
16:58:46.688,399758.0058,4091871.3570,global,-16.88,-7.14,0.095,2.00,4.64,-1.32,21.46,10.00,0.00,0.50,99.00,0,0,0,0,0,0.00,999.00
16:58:46.738,399758.0058,4091871.3570,global,-18.47,-7.14,0.095,2.00,4.64,-2.92,21.46,10.00,0.00,0.50,99.00,0,0,0,0,0,0.00,999.00
16:58:46.788,399758.0058,4091871.3570,global,-19.08,-7.14,0.095,2.00,4.64,-3.53,21.46,10.00,0.00,0.50,99.00,0,0,0,0,0,0.00,999.00
16:58:46.837,399758.3159,4091871.2313,global,-19.32,-12.41,-0.002,2.00,5.09,-7.05,4.48,10.00,0.00,0.50,99.00,0,0,0,0,0,0.00,999.00
16:58:46.887,399758.3159,4091871.2313,global,-19.09,-12.41,-0.002,2.00,5.09,-6.83,4.48,10.00,0.00,0.50,99.00,0,0,0,0,0,0.00,999.00
16:58:46.939,399758.3159,4091871.2313,global,-18.30,-12.41,-0.002,2.00,4.39,-6.06,-8.40,10.00,0.00,0.50,99.00,0,0,0,0,0,0.00,999.00
16:58:46.988,399758.3159,4091871.2313,global,-17.50,-12.41,-0.002,2.00,4.39,-5.26,-8.40,10.00,0.00,0.50,99.00,0,0,0,0,0,0.00,999.00
16:58:47.038,399758.3159,4091871.2313,global,-16.42,-12.41,-0.002,2.00,5.50,-4.15,-15.91,10.00,0.00,0.50,99.00,0,0,0,0,0,0.00,999.00
16:58:47.087,399758.6537,4091871.1830,global,-14.48,-7.14,0.033,2.00,5.50,-4.86,-15.91,10.00,0.00,0.50,99.00,0,0,0,0,0,0.00,999.00
16:58:47.138,399758.6537,4091871.1830,global,-12.21,-7.14,0.033,2.00,5.50,-2.59,-15.91,10.00,0.00,0.50,99.00,0,0,0,0,0,0.00,999.00
16:58:47.187,399758.6537,4091871.1830,global,-10.69,-7.14,0.033,2.00,4.13,-0.24,-15.49,10.00,0.00,0.50,99.00,0,0,0,0,0,0.00,999.00
16:58:47.239,399758.6537,4091871.1830,global,-8.95,-7.14,0.033,2.00,4.13,1.50,-15.49,10.00,0.00,0.50,99.00,0,0,0,0,0,0.00,999.00
16:58:47.287,399758.6537,4091871.1830,global,-8.18,-7.14,0.033,2.00,6.19,1.17,-6.28,10.00,0.00,0.50,99.00,0,0,0,0,0,0.00,999.00
16:58:47.338,399758.9652,4091871.1793,global,-7.58,-14.67,0.056,2.00,6.19,10.82,-6.28,10.00,0.00,0.50,99.00,0,0,0,0,0,0.00,999.00
16:58:47.387,399758.9652,4091871.1793,global,-7.16,-14.67,0.056,2.00,5.85,11.46,4.07,10.00,0.00,0.50,99.00,0,0,0,0,0,0.00,999.00
16:58:47.437,399758.9652,4091871.1793,global,-7.32,-14.67,0.056,2.00,5.85,11.30,4.07,10.00,0.00,0.50,99.00,0,0,0,0,0,0.00,999.00
16:58:47.487,399758.9652,4091871.1793,global,-7.62,-14.67,0.056,2.00,5.85,11.00,4.07,10.00,0.00,0.50,99.00,0,0,0,0,0,0.00,999.00
16:58:47.538,399758.9652,4091871.1793,global,-8.00,-14.67,0.056,2.00,4.85,11.43,10.34,10.00,0.00,0.50,99.00,0,0,0,0,0,0.00,999.00
16:58:47.587,399759.2854,4091871.1533,global,-8.58,-2.98,0.130,2.00,4.85,5.35,10.34,10.00,0.00,0.50,99.00,0,0,0,0,0,0.00,999.00
16:58:47.638,399759.2854,4091871.1533,global,-9.10,-2.98,0.130,2.00,4.59,5.42,12.08,10.00,0.00,0.50,99.00,0,0,0,0,0,0.00,999.00
16:58:47.687,399759.2854,4091871.1533,global,-9.55,-2.98,0.130,2.00,4.59,4.97,12.08,10.00,0.00,0.50,99.00,0,0,0,0,0,0.00,999.00
16:58:47.740,399759.2854,4091871.1533,global,-10.31,-2.98,0.130,2.00,4.59,4.21,12.08,10.00,0.00,0.50,99.00,0,0,0,0,0,0.00,999.00
16:58:47.788,399759.2854,4091871.1533,global,-10.67,-2.98,0.130,2.00,4.90,3.14,8.22,10.00,0.00,0.50,99.00,0,0,0,0,0,0.00,999.00
16:58:47.838,399759.6142,4091871.0939,global,-10.84,-5.59,0.087,2.00,4.90,2.03,8.22,10.00,0.00,0.50,99.00,0,0,0,0,0,0.00,999.00
16:58:47.888,399759.6142,4091871.0939,global,-10.76,-5.59,0.087,2.00,4.56,2.64,1.28,10.00,0.00,0.50,99.00,0,0,0,0,0,0.00,999.00
16:58:47.938,399759.6142,4091871.0939,global,-10.44,-5.59,0.087,2.00,4.56,2.96,1.28,10.00,0.00,0.50,99.00,0,0,0,0,0,0.00,999.00
16:58:47.988,399759.6142,4091871.0939,global,-10.02,-5.59,0.087,2.00,5.04,2.65,-2.80,10.00,0.00,0.50,99.00,0,0,0,0,0,0.00,999.00
16:58:48.038,399759.6142,4091871.0939,global,-9.59,-5.59,0.087,2.00,5.04,3.08,-2.80,10.00,0.00,0.50,99.00,0,0,0,0,0,0.00,999.00
16:58:48.087,399759.9520,4091871.0567,global,-8.99,-7.14,0.084,2.00,4.84,5.30,-0.10,10.00,0.00,0.50,99.00,0,0,0,0,0,0.00,999.00
16:58:48.138,399759.9520,4091871.0567,global,-8.64,-7.14,0.084,2.00,4.84,5.64,-0.10,10.00,0.00,0.50,99.00,0,0,0,0,0,0.00,999.00
16:58:48.188,399759.9520,4091871.0567,global,-8.66,-7.14,0.084,2.00,4.84,5.62,-0.10,10.00,0.00,0.50,99.00,0,0,0,0,0,0.00,999.00
16:58:48.238,399759.9520,4091871.0567,global,-8.95,-7.14,0.084,2.00,4.71,5.53,8.72,10.00,0.00,0.50,99.00,0,0,0,0,0,0.00,999.00
16:58:48.287,399759.9520,4091871.0567,global,-9.29,-7.14,0.084,2.00,4.71,5.19,8.72,10.00,0.00,0.50,99.00,0,0,0,0,0,0.00,999.00
16:58:48.337,399760.3079,4091871.0303,global,-9.75,-7.55,0.103,2.00,4.99,6.26,13.19,10.00,0.00,0.50,99.00,0,0,0,0,0,0.00,999.00
16:58:48.387,399760.3079,4091871.0303,global,-10.67,-7.55,0.103,2.00,4.99,5.34,13.19,10.00,0.00,0.50,99.00,0,0,0,0,0,0.00,999.00
16:58:48.439,399760.3079,4091871.0303,global,-11.46,-7.55,0.103,2.00,4.99,4.55,13.19,10.00,0.00,0.50,99.00,0,0,0,0,0,0.00,999.00
16:58:48.487,399760.3079,4091871.0303,global,-11.71,-7.55,0.103,2.00,4.78,4.67,5.83,10.00,0.00,0.50,99.00,0,0,0,0,0,0.00,999.00
16:58:48.540,399760.3079,4091871.0303,global,-11.72,-7.55,0.103,2.00,4.78,4.65,5.83,10.00,0.00,0.50,99.00,0,0,0,0,0,0.00,999.00
16:58:48.587,399760.6364,4091870.9598,global,-11.41,-2.98,0.107,2.00,5.24,-0.05,-2.25,10.00,0.00,0.50,99.00,0,0,0,0,0,0.00,999.00
16:58:48.638,399760.6364,4091870.9598,global,-10.73,-2.98,0.107,2.00,5.24,0.64,-2.25,10.00,0.00,0.50,99.00,0,0,0,0,0,0.00,999.00
16:58:48.687,399760.6364,4091870.9598,global,-10.13,-2.98,0.107,2.00,5.24,1.23,-2.25,10.00,0.00,0.50,99.00,0,0,0,0,0,0.00,999.00
16:58:48.738,399760.6364,4091870.9598,global,-9.27,-2.98,0.107,2.00,4.81,2.82,-4.05,10.00,0.00,0.50,99.00,0,0,0,0,0,0.00,999.00
16:58:48.787,399760.6364,4091870.9598,global,-8.82,-2.98,0.107,2.00,4.81,3.28,-4.05,10.00,0.00,0.50,99.00,0,0,0,0,0,0.00,999.00
16:58:48.837,399760.9747,4091870.9558,global,-8.44,-15.14,0.112,2.00,4.79,16.21,-1.50,10.00,0.00,0.50,99.00,0,0,0,0,0,0.00,999.00
16:58:48.887,399760.9747,4091870.9558,global,-7.97,-15.14,0.112,2.00,4.79,16.69,-1.50,10.00,0.00,0.50,99.00,0,0,0,0,0,0.00,999.00
16:58:48.937,399760.9747,4091870.9558,global,-7.77,-15.14,0.112,2.00,4.79,16.88,-1.50,10.00,0.00,0.50,99.00,0,0,0,0,0,0.00,999.00
16:58:48.987,399760.9747,4091870.9558,global,-8.02,-15.14,0.112,2.00,4.81,16.58,12.76,10.00,0.00,0.50,99.00,0,0,0,0,0,0.00,999.00
16:58:49.038,399760.9747,4091870.9558,global,-8.62,-15.14,0.112,2.00,4.81,15.98,12.76,10.00,0.00,0.50,99.00,0,0,0,0,0,0.00,999.00
16:58:49.087,399761.3038,4091870.9297,global,-10.13,-5.59,0.170,2.00,5.39,8.23,21.99,10.00,0.00,0.50,99.00,0,0,0,0,0,0.00,999.00
16:58:49.138,399761.3038,4091870.9297,global,-12.26,-5.59,0.170,2.00,5.39,6.10,21.99,10.00,0.00,0.50,99.00,0,0,0,0,0,0.00,999.00
16:58:49.188,399761.3038,4091870.9297,global,-13.91,-5.59,0.170,2.00,5.39,4.45,21.99,10.00,0.00,0.50,99.00,0,0,0,0,0,0.00,999.00
16:58:49.238,399761.3038,4091870.9297,global,-16.12,-5.59,0.170,2.00,5.09,2.96,21.34,10.00,0.00,0.50,99.00,0,0,0,0,0,0.00,999.00
16:58:49.288,399761.3038,4091870.9297,global,-17.08,-5.59,0.170,2.00,5.09,2.00,21.34,10.00,0.00,0.50,99.00,0,0,0,0,0,0.00,999.00
16:58:49.337,399761.6228,4091870.8039,global,-17.76,-9.81,0.083,2.00,5.04,-1.21,9.36,10.00,0.00,0.50,99.00,0,0,0,0,0,0.00,999.00
16:58:49.387,399761.6228,4091870.8039,global,-17.83,-9.81,0.083,2.00,5.04,-1.28,9.36,10.00,0.00,0.50,99.00,0,0,0,0,0,0.00,999.00
16:58:49.438,399761.6228,4091870.8039,global,-17.59,-9.81,0.083,2.00,4.64,-0.46,-2.21,10.00,0.00,0.50,99.00,0,0,0,0,0,0.00,999.00
16:58:49.487,399761.6228,4091870.8039,global,-17.09,-9.81,0.083,2.00,4.64,0.04,-2.21,10.00,0.00,0.50,99.00,0,0,0,0,0,0.00,999.00
16:58:49.537,399761.6228,4091870.8039,global,-16.38,-9.81,0.083,2.00,4.64,0.75,-2.21,10.00,0.00,0.50,99.00,0,0,0,0,0,0.00,999.00
16:58:49.587,399761.9514,4091870.7334,global,-15.14,-8.28,0.087,2.00,5.36,-0.19,-3.42,10.00,0.00,0.50,99.00,0,0,0,0,0,0.00,999.00
16:58:49.637,399761.9514,4091870.7334,global,-14.64,-8.28,0.087,2.00,5.36,0.32,-3.42,10.00,0.00,0.50,99.00,0,0,0,0,0,0.00,999.00
16:58:49.688,399761.9514,4091870.7334,global,-14.58,-8.28,0.087,2.00,4.79,1.17,3.92,10.00,0.00,0.50,99.00,0,0,0,0,0,0.00,999.00
16:58:49.738,399761.9514,4091870.7334,global,-14.88,-8.28,0.087,2.00,4.79,0.87,3.92,10.00,0.00,0.50,99.00,0,0,0,0,0,0.00,999.00
16:58:49.787,399761.9514,4091870.7334,global,-15.07,-8.28,0.087,2.00,4.64,0.92,6.40,10.00,0.00,0.50,99.00,0,0,0,0,0,0.00,999.00
16:58:49.838,399762.2892,4091870.6851,global,-15.31,-17.98,0.085,2.00,4.64,10.17,6.40,10.00,0.00,0.50,99.00,0,0,0,0,0,0.00,999.00
16:58:49.887,399762.2892,4091870.6851,global,-15.29,-17.98,0.085,2.00,4.64,10.19,6.40,10.00,0.00,0.50,99.00,0,0,0,0,0,0.00,999.00
16:58:49.938,399762.2892,4091870.6851,global,-15.12,-17.98,0.085,2.00,5.12,9.65,1.04,10.00,0.00,0.50,99.00,0,0,0,0,0,0.00,999.00
16:58:49.987,399762.2892,4091870.6851,global,-14.92,-17.98,0.085,2.00,5.12,9.85,1.04,10.00,0.00,0.50,99.00,0,0,0,0,0,0.00,999.00
16:58:50.039,399762.2892,4091870.6851,global,-14.45,-17.98,0.085,2.00,4.79,10.79,2.32,10.00,0.00,0.50,99.00,0,0,0,0,0,0.00,999.00
16:58:50.087,399762.6087,4091870.6036,global,-14.34,-23.24,0.109,2.00,4.79,18.22,2.32,10.00,0.00,0.50,99.00,0,0,0,0,0,0.00,999.00
16:58:50.139,399762.6087,4091870.6036,global,-14.57,-23.24,0.109,2.00,4.79,18.00,2.32,10.00,0.00,0.50,99.00,0,0,0,0,0,0.00,999.00
16:58:50.187,399762.6087,4091870.6036,global,-15.02,-23.24,0.109,2.00,5.06,17.06,13.62,10.00,0.00,0.50,99.00,0,0,0,0,0,0.00,999.00
16:58:50.238,399762.6087,4091870.6036,global,-16.06,-23.24,0.109,2.00,5.06,16.02,13.62,10.00,0.00,0.50,99.00,0,0,0,0,0,0.00,999.00
16:58:50.287,399762.6087,4091870.6036,global,-16.97,-23.24,0.109,2.00,4.99,15.23,21.99,10.00,0.00,0.50,99.00,0,0,0,0,0,0.00,999.00
16:58:50.338,399762.9552,4091870.5441,global,-18.86,-24.84,0.147,2.00,4.99,17.99,21.99,10.00,0.00,0.50,99.00,0,0,0,0,0,0.00,999.00
16:58:50.388,399762.9552,4091870.5441,global,-20.45,-24.84,0.147,2.00,4.99,16.40,21.99,10.00,0.00,0.50,99.00,0,0,0,0,0,0.00,999.00
16:58:50.437,399762.9552,4091870.5441,global,-22.74,-24.84,0.147,2.00,4.71,14.81,21.69,10.00,0.00,0.50,99.00,0,0,0,0,0,0.00,999.00
16:58:50.487,399762.9552,4091870.5441,global,-23.73,-24.84,0.147,2.00,4.71,13.81,21.69,10.00,0.00,0.50,99.00,0,0,0,0,0,0.00,999.00
16:58:50.537,399762.9552,4091870.5441,global,-24.32,-24.84,0.147,2.00,5.19,12.07,13.86,10.00,0.00,0.50,99.00,0,0,0,0,0,0.00,999.00
16:58:50.587,399763.2739,4091870.3849,global,-25.00,-17.33,0.135,2.00,5.19,2.92,13.86,10.00,0.00,0.50,99.00,0,0,0,0,0,0.00,999.00
16:58:50.637,399763.2739,4091870.3849,global,-25.47,-17.33,0.135,2.00,5.19,2.45,13.86,10.00,0.00,0.50,99.00,0,0,0,0,0,0.00,999.00
16:58:50.687,399763.2739,4091870.3849,global,-25.77,-17.33,0.135,2.00,4.81,2.95,3.21,10.00,0.00,0.50,99.00,0,0,0,0,0,0.00,999.00
16:58:50.738,399763.2739,4091870.3849,global,-25.49,-17.33,0.135,2.00,4.81,3.23,3.21,10.00,0.00,0.50,99.00,0,0,0,0,0,0.00,999.00
16:58:50.787,399763.2739,4091870.3849,global,-25.01,-17.33,0.135,2.00,5.04,3.22,-7.25,10.00,0.00,0.50,99.00,0,0,0,0,0,0.00,999.00
16:58:50.838,399763.5749,4091870.2482,global,-24.27,-26.29,0.069,2.00,5.04,7.67,-7.25,10.00,0.00,0.50,99.00,0,0,0,0,0,0.00,999.00
16:58:50.887,399763.5749,4091870.2482,global,-22.99,-26.29,0.069,2.00,4.79,9.24,-5.11,10.00,0.00,0.50,99.00,0,0,0,0,0,0.00,999.00
16:58:50.938,399763.5749,4091870.2482,global,-22.13,-26.29,0.069,2.00,4.79,10.10,-5.11,10.00,0.00,0.50,99.00,0,0,0,0,0,0.00,999.00
16:58:51.011,399763.5749,4091870.2482,global,-21.95,-26.29,0.069,2.00,4.79,10.28,-5.11,10.00,0.00,0.50,99.00,0,0,0,0,0,0.00,999.00
16:58:51.037,399763.5749,4091870.2482,global,-21.94,-26.29,0.069,2.00,4.79,10.29,12.08,10.00,0.00,0.50,99.00,0,0,0,0,0,0.00,999.00
16:58:51.087,399763.9123,4091870.1666,global,-22.62,-28.78,0.144,2.00,5.24,17.36,12.08,10.00,0.00,0.50,99.00,0,0,0,0,0,0.00,999.00
16:58:51.138,399763.9123,4091870.1666,global,-23.68,-28.78,0.144,2.00,5.24,16.30,12.08,10.00,0.00,0.50,99.00,0,0,0,0,0,0.00,999.00
16:58:51.187,399763.9123,4091870.1666,global,-24.84,-28.78,0.144,2.00,4.81,16.11,18.92,10.00,0.00,0.50,99.00,0,0,0,0,0,0.00,999.00
16:58:51.237,399763.9123,4091870.1666,global,-25.95,-28.78,0.144,2.00,4.81,15.00,18.92,10.00,0.00,0.50,99.00,0,0,0,0,0,0.00,999.00
16:58:51.287,399763.9123,4091870.1666,global,-27.00,-28.78,0.144,2.00,5.04,13.41,12.84,10.00,0.00,0.50,99.00,0,0,0,0,0,0.00,999.00
16:58:51.337,399764.2131,4091870.0077,global,-27.26,-14.67,0.140,2.00,5.04,-1.28,12.84,10.00,0.00,0.50,99.00,0,0,0,0,0,0.00,999.00
16:58:51.387,399764.2131,4091870.0077,global,-27.79,-14.67,0.140,2.00,5.04,-1.81,12.84,10.00,0.00,0.50,99.00,0,0,0,0,0,0.00,999.00
16:58:51.438,399764.2131,4091870.0077,global,-28.16,-14.67,0.140,2.00,4.81,-1.66,5.97,10.00,0.00,0.50,99.00,0,0,0,0,0,0.00,999.00
16:58:51.487,399764.2131,4091870.0077,global,-28.24,-14.67,0.140,2.00,4.81,-1.75,5.97,10.00,0.00,0.50,99.00,0,0,0,0,0,0.00,999.00
16:58:51.537,399764.2131,4091870.0077,global,-28.38,-14.67,0.140,2.00,4.99,-2.29,-1.86,10.00,0.00,0.50,99.00,0,0,0,0,0,0.00,999.00
16:58:51.587,399764.5319,4091869.8597,global,-27.90,-24.67,0.098,2.00,4.99,4.86,-1.86,10.00,0.00,0.50,99.00,0,0,0,0,0,0.00,999.00
16:58:51.637,399764.5319,4091869.8597,global,-26.73,-24.67,0.098,2.00,4.99,6.02,-1.86,10.00,0.00,0.50,99.00,0,0,0,0,0,0.00,999.00
16:58:51.687,399764.5319,4091869.8597,global,-25.75,-24.67,0.098,2.00,5.09,6.85,-12.14,10.00,0.00,0.50,99.00,0,0,0,0,0,0.00,999.00
16:58:51.738,399764.5319,4091869.8597,global,-24.11,-24.67,0.098,2.00,5.09,8.49,-12.14,10.00,0.00,0.50,99.00,0,0,0,0,0,0.00,999.00
16:58:51.788,399764.5319,4091869.8597,global,-22.86,-24.67,0.098,2.00,5.50,9.16,-10.41,10.00,0.00,0.50,99.00,0,0,0,0,0,0.00,999.00
16:58:51.837,399764.8423,4091869.7562,global,-21.48,-19.06,0.141,2.00,5.50,8.05,-10.41,10.00,0.00,0.50,99.00,0,0,0,0,0,0.00,999.00
16:58:51.887,399764.8423,4091869.7562,global,-21.12,-19.06,0.141,2.00,5.39,8.61,2.23,10.00,0.00,0.50,99.00,0,0,0,0,0,0.00,999.00
16:58:51.937,399764.8423,4091869.7562,global,-21.12,-19.06,0.141,2.00,5.39,8.62,2.23,10.00,0.00,0.50,99.00,0,0,0,0,0,0.00,999.00
16:58:51.987,399764.8423,4091869.7562,global,-21.41,-19.06,0.141,2.00,5.39,8.32,2.23,10.00,0.00,0.50,99.00,0,0,0,0,0,0.00,999.00
16:58:52.038,399764.8423,4091869.7562,global,-22.09,-19.06,0.141,2.00,5.09,8.26,16.17,10.00,0.00,0.50,99.00,0,0,0,0,0,0.00,999.00
16:58:52.088,399765.1431,4091869.5973,global,-23.46,-23.93,0.085,2.00,5.09,7.31,16.17,10.00,0.00,0.50,99.00,0,0,0,0,0,0.00,999.00
16:58:52.138,399765.1431,4091869.5973,global,-24.24,-23.93,0.085,2.00,5.09,6.52,17.23,10.00,0.00,0.50,99.00,0,0,0,0,0,0.00,999.00
16:58:52.187,399765.1431,4091869.5973,global,-25.34,-23.93,0.085,2.00,5.09,5.42,17.23,10.00,0.00,0.50,99.00,0,0,0,0,0,0.00,999.00
16:58:52.237,399765.1431,4091869.5973,global,-26.16,-23.93,0.085,2.00,4.79,5.03,12.50,10.00,0.00,0.50,99.00,0,0,0,0,0,0.00,999.00
16:58:52.288,399765.1431,4091869.5973,global,-27.02,-23.93,0.085,2.00,4.79,4.17,12.50,10.00,0.00,0.50,99.00,0,0,0,0,0,0.00,999.00
16:58:52.337,399765.4526,4091869.4161,global,-27.09,-29.13,0.046,2.00,4.79,6.01,12.50,10.00,0.00,0.50,99.00,0,0,0,0,0,0.00,999.00
16:58:52.388,399765.4526,4091869.4161,global,-26.76,-29.13,0.046,2.00,5.09,6.11,-0.42,10.00,0.00,0.50,99.00,0,0,0,0,0,0.00,999.00
16:58:52.438,399765.4526,4091869.4161,global,-26.20,-29.13,0.046,2.00,5.09,6.67,-0.42,10.00,0.00,0.50,99.00,0,0,0,0,0,0.00,999.00
16:58:52.488,399765.4526,4091869.4161,global,-25.73,-29.13,0.046,2.00,4.84,7.33,-3.96,10.00,0.00,0.50,99.00,0,0,0,0,0,0.00,999.00
16:58:52.538,399765.4526,4091869.4161,global,-25.25,-29.13,0.046,2.00,4.84,7.81,-3.96,10.00,0.00,0.50,99.00,0,0,0,0,0,0.00,999.00
16:58:52.587,399765.7537,4091869.2794,global,-24.40,-17.98,0.050,2.00,4.19,-1.48,0.38,10.00,0.00,0.50,99.00,0,0,0,0,0,0.00,999.00
16:58:52.639,399765.7537,4091869.2794,global,-23.90,-17.98,0.050,2.00,4.19,-0.98,0.38,10.00,0.00,0.50,99.00,0,0,0,0,0,0.00,999.00
16:58:52.687,399765.7537,4091869.2794,global,-24.20,-17.98,0.050,2.00,4.19,-1.27,0.38,10.00,0.00,0.50,99.00,0,0,0,0,0,0.00,999.00
16:58:52.738,399765.7537,4091869.2794,global,-25.26,-17.98,0.050,2.00,4.99,-3.12,11.77,10.00,0.00,0.50,99.00,0,0,0,0,0,0.00,999.00
16:58:52.788,399765.7537,4091869.2794,global,-25.85,-17.98,0.050,2.00,4.99,-3.71,11.77,10.00,0.00,0.50,99.00,0,0,0,0,0,0.00,999.00
16:58:52.837,399766.0546,4091869.1316,global,-26.08,-23.24,-0.003,2.00,5.39,-3.11,4.68,10.00,0.00,0.50,99.00,0,0,0,0,0,0.00,999.00
16:58:52.887,399766.0546,4091869.1316,global,-26.02,-23.24,-0.003,2.00,5.39,-3.05,4.68,10.00,0.00,0.50,99.00,0,0,0,0,0,0.00,999.00
16:58:52.937,399766.0546,4091869.1316,global,-25.57,-23.24,-0.003,2.00,5.39,-2.60,4.68,10.00,0.00,0.50,99.00,0,0,0,0,0,0.00,999.00
16:58:52.987,399766.0546,4091869.1316,global,-24.87,-23.24,-0.003,2.00,4.95,-1.92,-10.75,10.00,0.00,0.50,99.00,0,0,0,0,0,0.00,999.00
16:58:53.038,399766.0546,4091869.1316,global,-23.81,-23.24,-0.003,2.00,4.95,-0.85,-10.75,10.00,0.00,0.50,99.00,0,0,0,0,0,0.00,999.00
16:58:53.087,399766.3828,4091869.0278,global,-21.87,-14.24,0.032,2.00,4.64,-4.75,-17.13,10.00,0.00,0.50,99.00,0,0,0,0,0,0.00,999.00
16:58:53.138,399766.3828,4091869.0278,global,-19.65,-14.24,0.032,2.00,4.64,-2.53,-17.13,10.00,0.00,0.50,99.00,0,0,0,0,0,0.00,999.00
16:58:53.187,399766.3828,4091869.0278,global,-18.10,-14.24,0.032,2.00,5.44,-1.41,-12.92,10.00,0.00,0.50,99.00,0,0,0,0,0,0.00,999.00
16:58:53.238,399766.3828,4091869.0278,global,-16.58,-14.24,0.032,2.00,5.44,0.11,-12.92,10.00,0.00,0.50,99.00,0,0,0,0,0,0.00,999.00
16:58:53.287,399766.3828,4091869.0278,global,-16.06,-14.24,0.032,2.00,4.64,1.05,-2.49,10.00,0.00,0.50,99.00,0,0,0,0,0,0.00,999.00
16:58:53.337,399766.6938,4091868.9798,global,-15.71,-8.28,0.060,2.00,4.64,-2.13,-2.49,10.00,0.00,0.50,99.00,0,0,0,0,0,0.00,999.00
16:58:53.387,399766.6938,4091868.9798,global,-15.83,-8.28,0.060,2.00,4.64,-2.25,-2.49,10.00,0.00,0.50,99.00,0,0,0,0,0,0.00,999.00
16:58:53.438,399766.6938,4091868.9798,global,-16.36,-8.28,0.060,2.00,4.71,-2.86,10.25,10.00,0.00,0.50,99.00,0,0,0,0,0,0.00,999.00
16:58:53.488,399766.6938,4091868.9798,global,-16.81,-8.28,0.060,2.00,4.71,-3.31,10.25,10.00,0.00,0.50,99.00,0,0,0,0,0,0.00,999.00
16:58:53.538,399766.6938,4091868.9798,global,-17.20,-8.28,0.060,2.00,4.59,-3.57,10.95,10.00,0.00,0.50,99.00,0,0,0,0,0,0.00,999.00
16:58:53.587,399767.0401,4091868.8980,global,-17.69,1.63,0.006,2.00,4.59,-18.80,10.95,10.00,0.00,0.50,99.00,0,0,0,0,0,0.00,999.00
16:58:53.638,399767.0401,4091868.8980,global,-17.83,1.63,0.006,2.00,4.59,-18.94,10.95,10.00,0.00,0.50,99.00,0,0,0,0,0,0.00,999.00
16:58:53.687,399767.0401,4091868.8980,global,-17.36,1.63,0.006,2.00,5.06,-18.52,-7.04,10.00,0.00,0.50,99.00,0,0,0,0,0,0.00,999.00
16:58:53.737,399767.0401,4091868.8980,global,-15.83,1.63,0.006,2.00,5.06,-16.99,-7.04,10.00,0.00,0.50,99.00,0,0,0,0,0,0.00,999.00
16:58:53.787,399767.0401,4091868.8980,global,-14.70,1.63,0.006,2.00,4.64,-15.82,-17.78,10.00,0.00,0.50,99.00,0,0,0,0,0,0.00,999.00
16:58:53.838,399767.3687,4091868.8276,global,-12.56,15.97,-0.078,2.00,4.64,-22.00,-17.78,10.00,0.00,0.50,99.00,0,0,0,0,0,0.00,999.00
16:58:53.887,399767.3687,4091868.8276,global,-11.08,15.97,-0.078,2.00,4.64,-22.00,-17.78,10.00,0.00,0.50,99.00,0,0,0,0,0,0.00,999.00
16:58:53.938,399767.3687,4091868.8276,global,-8.55,15.97,-0.078,2.00,4.95,-22.00,-20.72,10.00,0.00,0.50,99.00,0,0,0,0,0,0.00,999.00
16:58:53.988,399767.3687,4091868.8276,global,-6.91,15.97,-0.078,2.00,4.95,-22.00,-20.72,10.00,0.00,0.50,99.00,0,0,0,0,0,0.00,999.00
16:58:54.038,399767.3687,4091868.8276,global,-4.52,15.97,-0.078,2.00,4.89,-22.00,-21.98,10.00,0.00,0.50,99.00,0,0,0,0,0,0.00,999.00
16:58:54.087,399767.6806,4091868.8572,global,-2.87,28.61,-0.129,2.00,4.89,-22.00,-21.98,10.00,0.00,0.50,99.00,0,0,0,0,0,0.00,999.00
16:58:54.137,399767.6806,4091868.8572,global,-0.22,28.61,-0.129,2.00,5.19,-22.00,-21.57,10.00,0.00,0.50,99.00,0,0,0,0,0,0.00,999.00
16:58:54.187,399767.6806,4091868.8572,global,1.49,28.61,-0.129,2.00,5.19,-22.00,-21.57,10.00,0.00,0.50,99.00,0,0,0,0,0,0.00,999.00
16:58:54.238,399767.6806,4091868.8572,global,3.84,28.61,-0.129,2.00,5.19,-22.00,-21.57,10.00,0.00,0.50,99.00,0,0,0,0,0,0.00,999.00
16:58:54.287,399767.6806,4091868.8572,global,5.30,28.61,-0.129,2.00,4.92,-22.00,-18.83,10.00,0.00,0.50,99.00,0,0,0,0,0,0.00,999.00
16:58:54.361,399767.6806,4091868.8572,global,6.01,28.61,-0.129,2.00,4.92,-22.00,-18.83,10.00,0.00,0.50,99.00,0,0,0,0,0,0.00,999.00
16:58:54.387,399767.9758,4091868.9757,global,8.96,25.32,-0.162,2.00,4.92,-22.00,-18.86,10.00,0.00,0.50,99.00,0,0,0,0,0,0.00,999.00
16:58:54.438,399767.9758,4091868.9757,global,11.14,25.32,-0.162,2.00,4.67,-22.00,-18.86,10.00,0.00,0.50,99.00,0,0,0,0,0,0.00,999.00
16:58:54.487,399767.9758,4091868.9757,global,12.60,25.32,-0.162,2.00,4.67,-22.00,-18.86,10.00,0.00,0.50,99.00,0,0,0,0,0,0.00,999.00
16:58:54.538,399767.9758,4091868.9757,global,14.03,25.32,-0.162,2.00,4.81,-22.00,-18.72,10.00,0.00,0.50,99.00,0,0,0,0,0,0.00,999.00
16:58:54.587,399768.2800,4091869.0942,global,16.21,37.74,-0.185,2.00,4.81,-22.00,-18.72,10.00,0.00,0.50,99.00,0,0,0,0,0,0.00,999.00
16:58:54.638,399768.2800,4091869.0942,global,18.42,37.74,-0.185,2.00,5.59,-22.00,-19.00,10.00,0.00,0.50,99.00,0,0,0,0,0,0.00,999.00
16:58:54.687,399768.2800,4091869.0942,global,19.92,37.74,-0.185,2.00,5.59,-22.00,-19.00,10.00,0.00,0.50,99.00,0,0,0,0,0,0.00,999.00
16:58:54.738,399768.2800,4091869.0942,global,22.11,37.74,-0.185,2.00,5.59,-22.00,-19.00,10.00,0.00,0.50,99.00,0,0,0,0,0,0.00,999.00
16:58:54.788,399768.2800,4091869.0942,global,23.56,37.74,-0.185,2.00,4.13,-22.00,-18.96,10.00,0.00,0.50,99.00,0,0,0,0,0,0.00,999.00
16:58:54.837,399768.5401,4091869.2575,global,25.78,42.84,-0.208,2.00,4.13,-22.00,-18.96,10.00,0.00,0.50,99.00,0,0,0,0,0,0.00,999.00
16:58:54.887,399768.5401,4091869.2575,global,27.26,42.84,-0.208,2.00,5.13,-22.00,-18.93,10.00,0.00,0.50,99.00,0,0,0,0,0,0.00,999.00
16:58:54.938,399768.5401,4091869.2575,global,29.40,42.84,-0.208,2.00,5.13,-22.00,-18.93,10.00,0.00,0.50,99.00,0,0,0,0,0,0.00,999.00
16:58:54.987,399768.5401,4091869.2575,global,30.89,42.84,-0.208,2.00,5.44,-22.00,-18.66,10.00,0.00,0.50,99.00,0,0,0,0,0,0.00,999.00
16:58:55.037,399768.5401,4091869.2575,global,32.43,42.84,-0.208,2.00,5.44,-22.00,-18.66,10.00,0.00,0.50,99.00,0,0,0,0,0,0.00,999.00
16:58:55.088,399768.7730,4091869.3768,global,34.57,38.33,-0.285,2.00,4.23,-22.00,-19.10,10.00,0.00,0.50,99.00,0,0,0,0,0,0.00,999.00
16:58:55.137,399768.7730,4091869.3768,global,36.80,38.33,-0.285,2.00,4.23,-22.00,-19.10,10.00,0.00,0.50,99.00,0,0,0,0,0,0.00,999.00
16:58:55.187,399768.7730,4091869.3768,global,38.28,38.33,-0.285,2.00,4.23,-22.00,-19.10,10.00,0.00,0.50,99.00,0,0,0,0,0,0.00,999.00
16:58:55.237,399768.7730,4091869.3768,global,40.56,38.33,-0.285,2.00,5.23,-19.23,-18.92,10.00,0.00,0.50,99.00,0,0,0,0,0,0.00,999.00
16:58:55.288,399768.7730,4091869.3768,global,42.15,38.33,-0.285,2.00,5.23,-17.64,-18.92,10.00,0.00,0.50,99.00,0,0,0,0,0,0.00,999.00
16:58:55.339,399768.9540,4091869.6299,global,43.61,54.02,-0.191,2.00,5.04,-22.00,-18.96,10.00,0.00,0.50,99.00,0,0,0,0,0,0.00,999.00
16:58:55.387,399768.9540,4091869.6299,global,45.93,54.02,-0.191,2.00,5.04,-22.00,-18.96,10.00,0.00,0.50,99.00,0,0,0,0,0,0.00,999.00
16:58:55.437,399768.9540,4091869.6299,global,47.47,54.02,-0.191,2.00,5.04,-21.86,-18.96,10.00,0.00,0.50,99.00,0,0,0,0,0,0.00,999.00
16:58:55.488,399768.9540,4091869.6299,global,49.68,54.02,-0.191,2.00,4.78,-20.42,-19.31,10.00,0.00,0.50,99.00,0,0,0,0,0,0.00,999.00
16:58:55.538,399768.9540,4091869.6299,global,51.22,54.02,-0.191,2.00,4.78,-18.89,-19.31,10.00,0.00,0.50,99.00,0,0,0,0,0,0.00,999.00
16:58:55.587,399769.1089,4091869.9276,global,53.55,52.08,-0.140,2.00,4.43,-11.36,-19.72,10.00,0.00,0.50,99.00,0,0,0,0,0,0.00,999.00
16:58:55.639,399769.1089,4091869.9276,global,55.79,52.08,-0.140,2.00,4.43,-9.12,-19.72,10.00,0.00,0.50,99.00,0,0,0,0,0,0.00,999.00
16:58:55.687,399769.1089,4091869.9276,global,57.34,52.08,-0.140,2.00,5.64,-4.89,-19.81,10.00,0.00,0.50,99.00,0,0,0,0,0,0.00,999.00
16:58:55.737,399769.1089,4091869.9276,global,58.83,52.08,-0.140,2.00,5.64,-3.40,-19.81,10.00,0.00,0.50,99.00,0,0,0,0,0,0.00,999.00
16:58:55.787,399769.1089,4091869.9276,global,61.22,52.08,-0.140,2.00,5.64,-1.01,-19.81,10.00,0.00,0.50,99.00,0,0,0,0,0,0.00,999.00
16:58:55.838,399769.2193,4091870.2259,global,63.02,58.73,-0.054,2.00,4.95,-0.20,-10.43,10.00,0.00,0.50,99.00,0,0,0,0,0,0.00,999.00
16:58:55.888,399769.2193,4091870.2259,global,63.78,58.73,-0.054,2.00,4.95,0.55,-10.43,10.00,0.00,0.50,99.00,0,0,0,0,0,0.00,999.00
16:58:55.937,399769.2193,4091870.2259,global,64.24,58.73,-0.054,2.00,5.24,1.27,0.30,10.00,0.00,0.50,99.00,0,0,0,0,0,0.00,999.00
16:58:55.987,399769.2193,4091870.2259,global,64.51,58.73,-0.054,2.00,5.24,1.53,0.30,10.00,0.00,0.50,99.00,0,0,0,0,0,0.00,999.00
16:58:56.042,399769.2193,4091870.2259,global,64.15,58.73,-0.054,2.00,5.64,1.48,10.48,10.00,0.00,0.50,99.00,0,0,0,0,0,0.00,999.00
16:58:56.087,399769.3478,4091870.5573,global,63.67,59.50,0.033,2.00,5.64,6.58,10.48,10.00,0.00,0.50,99.00,0,0,0,0,0,0.00,999.00
16:58:56.138,399769.3478,4091870.5573,global,62.94,59.50,0.033,2.00,5.64,5.85,10.48,10.00,0.00,0.50,99.00,0,0,0,0,0,0.00,999.00
16:58:56.187,399769.3478,4091870.5573,global,62.62,59.50,0.033,2.00,4.78,5.97,10.16,10.00,0.00,0.50,99.00,0,0,0,0,0,0.00,999.00
16:58:56.239,399769.3478,4091870.5573,global,62.17,59.50,0.033,2.00,4.78,5.52,10.16,10.00,0.00,0.50,99.00,0,0,0,0,0,0.00,999.00
16:58:56.287,399769.3478,4091870.5573,global,61.82,59.50,0.033,2.00,5.09,4.99,10.19,10.00,0.00,0.50,99.00,0,0,0,0,0,0.00,999.00
16:58:56.338,399769.4851,4091870.8774,global,61.48,65.13,0.072,2.00,5.09,2.21,10.19,10.00,0.00,0.50,99.00,0,0,0,0,0,0.00,999.00
16:58:56.387,399769.4851,4091870.8774,global,60.92,65.13,0.072,2.00,4.94,1.82,10.19,10.00,0.00,0.50,99.00,0,0,0,0,0,0.00,999.00
16:58:56.437,399769.4851,4091870.8774,global,60.51,65.13,0.072,2.00,4.94,1.41,10.19,10.00,0.00,0.50,99.00,0,0,0,0,0,0.00,999.00
16:58:56.487,399769.4851,4091870.8774,global,59.94,65.13,0.072,2.00,4.94,0.84,10.19,10.00,0.00,0.50,99.00,0,0,0,0,0,0.00,999.00
16:58:56.539,399769.4851,4091870.8774,global,59.50,65.13,0.072,2.00,5.02,0.30,5.92,10.00,0.00,0.50,99.00,0,0,0,0,0,0.00,999.00
16:58:56.587,399769.6492,4091871.1972,global,59.36,65.83,0.057,2.00,5.02,-1.82,5.92,10.00,0.00,0.50,99.00,0,0,0,0,0,0.00,999.00
16:58:56.638,399769.6492,4091871.1972,global,59.44,65.83,0.057,2.00,4.99,-1.70,0.30,10.00,0.00,0.50,99.00,0,0,0,0,0,0.00,999.00
16:58:56.688,399769.6492,4091871.1972,global,59.66,65.83,0.057,2.00,4.99,-1.49,0.30,10.00,0.00,0.50,99.00,0,0,0,0,0,0.00,999.00
16:58:56.738,399769.6492,4091871.1972,global,60.23,65.83,0.057,2.00,4.99,-0.92,0.30,10.00,0.00,0.50,99.00,0,0,0,0,0,0.00,999.00
16:58:56.787,399769.6492,4091871.1972,global,60.80,65.83,0.057,2.00,5.20,-0.54,-6.22,10.00,0.00,0.50,99.00,0,0,0,0,0,0.00,999.00
16:58:56.838,399769.8133,4091871.5281,global,61.53,61.18,0.050,2.00,5.20,4.28,-6.22,10.00,0.00,0.50,99.00,0,0,0,0,0,0.00,999.00
16:58:56.888,399769.8133,4091871.5281,global,62.76,61.18,0.050,2.00,5.31,5.44,-8.00,10.00,0.00,0.50,99.00,0,0,0,0,0,0.00,999.00
16:58:56.937,399769.8133,4091871.5281,global,63.93,61.18,0.050,2.00,5.31,6.61,-8.00,10.00,0.00,0.50,99.00,0,0,0,0,0,0.00,999.00
16:58:56.987,399769.8133,4091871.5281,global,64.72,61.18,0.050,2.00,5.19,7.49,-4.46,10.00,0.00,0.50,99.00,0,0,0,0,0,0.00,999.00
16:58:57.037,399769.8133,4091871.5281,global,65.34,61.18,0.050,2.00,5.19,8.11,-4.46,10.00,0.00,0.50,99.00,0,0,0,0,0,0.00,999.00
16:58:57.087,399769.9240,4091871.8486,global,65.77,69.88,0.107,2.00,5.19,4.35,-4.46,10.00,0.00,0.50,99.00,0,0,0,0,0,0.00,999.00
16:58:57.138,399769.9240,4091871.8486,global,65.67,69.88,0.107,2.00,5.64,3.58,9.29,10.00,0.00,0.50,99.00,0,0,0,0,0,0.00,999.00
16:58:57.187,399769.9240,4091871.8486,global,65.25,69.88,0.107,2.00,5.64,3.16,9.29,10.00,0.00,0.50,99.00,0,0,0,0,0,0.00,999.00
16:58:57.237,399769.9240,4091871.8486,global,64.56,69.88,0.107,2.00,5.39,2.82,17.58,10.00,0.00,0.50,99.00,0,0,0,0,0,0.00,999.00
16:58:57.287,399769.9240,4091871.8486,global,62.95,69.88,0.107,2.00,5.39,1.22,17.58,10.00,0.00,0.50,99.00,0,0,0,0,0,0.00,999.00
16:58:57.337,399770.0884,4091872.2017,global,61.45,67.46,0.078,2.00,5.39,-0.03,17.58,10.00,0.00,0.50,99.00,0,0,0,0,0,0.00,999.00
16:58:57.387,399770.0884,4091872.2017,global,61.05,67.46,0.078,2.00,5.50,-0.54,4.20,10.00,0.00,0.50,99.00,0,0,0,0,0,0.00,999.00
16:58:57.438,399770.0884,4091872.2017,global,61.49,67.46,0.078,2.00,5.50,-0.11,4.20,10.00,0.00,0.50,99.00,0,0,0,0,0,0.00,999.00
16:58:57.487,399770.0884,4091872.2017,global,62.12,67.46,0.078,2.00,5.04,1.06,-7.67,10.00,0.00,0.50,99.00,0,0,0,0,0,0.00,999.00
16:58:57.541,399770.0884,4091872.2017,global,63.46,67.46,0.078,2.00,5.04,2.40,-7.67,10.00,0.00,0.50,99.00,0,0,0,0,0,0.00,999.00
16:58:57.587,399770.2348,4091872.5328,global,64.63,67.46,0.070,2.00,5.59,2.34,-12.02,10.00,0.00,0.50,99.00,0,0,0,0,0,0.00,999.00
16:58:57.638,399770.2348,4091872.5328,global,66.44,67.46,0.070,2.00,5.59,4.14,-12.02,10.00,0.00,0.50,99.00,0,0,0,0,0,0.00,999.00
16:58:57.687,399770.2348,4091872.5328,global,67.54,67.46,0.070,2.00,5.59,5.24,-12.02,10.00,0.00,0.50,99.00,0,0,0,0,0,0.00,999.00
16:58:57.739,399770.2348,4091872.5328,global,68.21,67.46,0.070,2.00,6.37,5.28,1.16,10.00,0.00,0.50,99.00,0,0,0,0,0,0.00,999.00
16:58:57.787,399770.2348,4091872.5328,global,68.24,67.46,0.070,2.00,6.37,5.32,1.16,10.00,0.00,0.50,99.00,0,0,0,0,0,0.00,999.00
16:58:57.837,399770.3278,4091872.8757,global,67.88,72.17,0.121,2.00,5.50,4.72,13.35,10.00,0.00,0.50,99.00,0,0,0,0,0,0.00,999.00
16:58:57.887,399770.3278,4091872.8757,global,66.70,72.17,0.121,2.00,5.50,3.54,13.35,10.00,0.00,0.50,99.00,0,0,0,0,0,0.00,999.00
16:58:57.937,399770.3278,4091872.8757,global,65.68,72.17,0.121,2.00,5.19,3.04,17.20,10.00,0.00,0.50,99.00,0,0,0,0,0,0.00,999.00
16:58:57.988,399770.3278,4091872.8757,global,64.25,72.17,0.121,2.00,5.19,1.61,17.20,10.00,0.00,0.50,99.00,0,0,0,0,0,0.00,999.00
16:58:58.038,399770.3278,4091872.8757,global,63.57,72.17,0.121,2.00,5.24,0.84,6.74,10.00,0.00,0.50,99.00,0,0,0,0,0,0.00,999.00
16:58:58.087,399770.5008,4091873.1954,global,63.56,72.17,0.054,2.00,5.24,-4.35,6.74,10.00,0.00,0.50,99.00,0,0,0,0,0,0.00,999.00
16:58:58.137,399770.5008,4091873.1954,global,64.12,72.17,0.054,2.00,5.24,-3.79,6.74,10.00,0.00,0.50,99.00,0,0,0,0,0,0.00,999.00
16:58:58.187,399770.5008,4091873.1954,global,64.88,72.17,0.054,2.00,5.40,-3.15,-7.56,10.00,0.00,0.50,99.00,0,0,0,0,0,0.00,999.00
16:58:58.237,399770.5008,4091873.1954,global,66.29,72.17,0.054,2.00,5.40,-1.74,-7.56,10.00,0.00,0.50,99.00,0,0,0,0,0,0.00,999.00
16:58:58.287,399770.5008,4091873.1954,global,67.16,72.17,0.054,2.00,5.19,-0.70,-13.03,10.00,0.00,0.50,99.00,0,0,0,0,0,0.00,999.00
16:58:58.337,399770.5943,4091873.5716,global,68.96,72.77,0.080,2.00,5.19,2.49,-13.03,10.00,0.00,0.50,99.00,0,0,0,0,0,0.00,999.00
16:58:58.387,399770.5943,4091873.5716,global,70.22,72.77,0.080,2.00,5.19,3.75,-13.03,10.00,0.00,0.50,99.00,0,0,0,0,0,0.00,999.00
16:58:58.438,399770.5943,4091873.5716,global,71.31,72.77,0.080,2.00,5.91,4.08,-1.48,10.00,0.00,0.50,99.00,0,0,0,0,0,0.00,999.00
16:58:58.487,399770.5943,4091873.5716,global,71.47,72.77,0.080,2.00,5.91,4.24,-1.48,10.00,0.00,0.50,99.00,0,0,0,0,0,0.00,999.00
16:58:58.539,399770.5943,4091873.5716,global,71.06,72.77,0.080,2.00,5.91,3.83,-1.48,10.00,0.00,0.50,99.00,0,0,0,0,0,0.00,999.00
16:58:58.587,399770.6697,4091873.9257,global,70.49,74.92,0.108,2.00,5.53,3.55,13.31,10.00,0.00,0.50,99.00,0,0,0,0,0,0.00,999.00
16:58:58.639,399770.6697,4091873.9257,global,69.42,74.92,0.108,2.00,5.53,2.48,13.31,10.00,0.00,0.50,99.00,0,0,0,0,0,0.00,999.00
16:58:58.687,399770.6697,4091873.9257,global,68.75,74.92,0.108,2.00,5.34,2.09,14.61,10.00,0.00,0.50,99.00,0,0,0,0,0,0.00,999.00
16:58:58.738,399770.6697,4091873.9257,global,67.84,74.92,0.108,2.00,5.34,1.18,14.61,10.00,0.00,0.50,99.00,0,0,0,0,0,0.00,999.00
16:58:58.788,399770.6697,4091873.9257,global,67.46,74.92,0.108,2.00,5.34,0.80,14.61,10.00,0.00,0.50,99.00,0,0,0,0,0,0.00,999.00
16:58:58.866,399770.6697,4091873.9257,global,67.40,74.92,0.108,2.00,5.34,0.74,-0.09,10.00,0.00,0.50,99.00,0,0,0,0,0,0.00,999.00
16:58:58.887,399770.8163,4091874.2791,global,68.13,78.99,0.064,2.00,5.44,-6.00,-0.09,10.00,0.00,0.50,99.00,0,0,0,0,0,0.00,999.00
16:58:58.938,399770.8163,4091874.2791,global,69.39,78.99,0.064,2.00,5.19,-4.52,-10.94,10.00,0.00,0.50,99.00,0,0,0,0,0,0.00,999.00
16:58:58.988,399770.8163,4091874.2791,global,70.46,78.99,0.064,2.00,5.19,-3.45,-10.94,10.00,0.00,0.50,99.00,0,0,0,0,0,0.00,999.00
16:58:59.039,399770.8163,4091874.2791,global,72.64,78.99,0.064,2.00,5.19,-1.26,-10.94,10.00,0.00,0.50,99.00,0,0,0,0,0,0.00,999.00
16:58:59.087,399770.8918,4091874.6443,global,74.57,81.71,0.056,2.00,5.56,-3.00,-20.71,10.00,0.00,0.50,99.00,0,0,0,0,0,0.00,999.00
16:58:59.137,399770.8918,4091874.6443,global,77.46,81.71,0.056,2.00,5.56,-0.11,-20.71,10.00,0.00,0.50,99.00,0,0,0,0,0,0.00,999.00
16:58:59.188,399770.8918,4091874.6443,global,79.19,81.71,0.056,2.00,5.56,1.62,-20.71,10.00,0.00,0.50,99.00,0,0,0,0,0,0.00,999.00
16:58:59.239,399770.8918,4091874.6443,global,81.12,81.71,0.056,2.00,5.78,3.39,-10.56,10.00,0.00,0.50,99.00,0,0,0,0,0,0.00,999.00
16:58:59.287,399770.8918,4091874.6443,global,81.95,81.71,0.056,2.00,5.78,4.23,-10.56,10.00,0.00,0.50,99.00,0,0,0,0,0,0.00,999.00
16:58:59.337,399770.8695,4091875.0107,global,82.45,98.91,0.120,2.00,6.39,-8.78,1.83,10.00,0.00,0.50,99.00,0,0,0,0,0,0.00,999.00
16:58:59.389,399770.8695,4091875.0107,global,82.53,98.91,0.120,2.00,6.39,-8.70,1.83,10.00,0.00,0.50,99.00,0,0,0,0,0,0.00,999.00
16:58:59.438,399770.8695,4091875.0107,global,81.97,98.91,0.120,2.00,4.79,-6.74,4.16,10.00,0.00,0.50,99.00,0,0,0,0,0,0.00,999.00
16:58:59.488,399770.8695,4091875.0107,global,81.78,98.91,0.120,2.00,4.79,-6.93,4.16,10.00,0.00,0.50,99.00,0,0,0,0,0,0.00,999.00
16:58:59.537,399770.8695,4091875.0107,global,82.47,98.91,0.120,2.00,4.79,-6.24,4.16,10.00,0.00,0.50,99.00,0,0,0,0,0,0.00,999.00
16:58:59.587,399770.9095,4091875.3875,global,83.45,108.95,0.010,2.00,5.44,-22.00,-11.16,10.00,0.00,0.50,99.00,0,0,0,0,0,0.00,999.00
16:58:59.637,399770.9095,4091875.3875,global,85.26,108.95,0.010,2.00,5.44,-22.00,-11.16,10.00,0.00,0.50,99.00,0,0,0,0,0,0.00,999.00
16:58:59.688,399770.9095,4091875.3875,global,86.77,108.95,0.010,2.00,5.59,-21.42,-19.26,10.00,0.00,0.50,99.00,0,0,0,0,0,0.00,999.00
16:58:59.737,399770.9095,4091875.3875,global,89.52,108.95,0.010,2.00,5.59,-18.68,-19.26,10.00,0.00,0.50,99.00,0,0,0,0,0,0.00,999.00
16:58:59.788,399770.9095,4091875.3875,global,91.61,108.95,0.010,2.00,5.59,-16.58,-19.26,10.00,0.00,0.50,99.00,0,0,0,0,0,0.00,999.00
16:58:59.838,399770.8336,4091875.7434,global,94.81,117.47,-0.047,2.00,4.92,-22.00,-22.00,10.00,0.00,0.50,99.00,0,0,0,0,0,0.00,999.00
16:58:59.888,399770.8336,4091875.7434,global,96.72,117.47,-0.047,2.00,4.92,-22.00,-22.00,10.00,0.00,0.50,99.00,0,0,0,0,0,0.00,999.00
16:58:59.938,399770.8336,4091875.7434,global,99.12,117.47,-0.047,2.00,6.05,-21.55,-18.19,10.00,0.00,0.50,99.00,0,0,0,0,0,0.00,999.00
16:58:59.987,399770.8336,4091875.7434,global,100.69,117.47,-0.047,2.00,6.05,-19.99,-18.19,10.00,0.00,0.50,99.00,0,0,0,0,0,0.00,999.00
16:59:00.037,399770.8336,4091875.7434,global,102.17,117.47,-0.047,2.00,6.05,-18.51,-18.19,10.00,0.00,0.50,99.00,0,0,0,0,0,0.00,999.00
16:59:00.088,399770.6952,4091876.0890,global,104.44,131.84,-0.111,2.00,5.36,-22.00,-17.19,10.00,0.00,0.50,99.00,0,0,0,0,0,0.00,999.00
16:59:00.137,399770.6952,4091876.0890,global,106.81,131.84,-0.111,2.00,5.36,-22.00,-17.19,10.00,0.00,0.50,99.00,0,0,0,0,0,0.00,999.00
16:59:00.188,399770.6952,4091876.0890,global,108.48,131.84,-0.111,2.00,5.59,-22.00,-18.30,10.00,0.00,0.50,99.00,0,0,0,0,0,0.00,999.00
16:59:00.238,399770.6952,4091876.0890,global,110.90,131.84,-0.111,2.00,5.59,-22.00,-18.30,10.00,0.00,0.50,99.00,0,0,0,0,0,0.00,999.00
16:59:00.287,399770.6952,4091876.0890,global,112.65,131.84,-0.111,2.00,6.05,-22.00,-19.52,10.00,0.00,0.50,99.00,0,0,0,0,0,0.00,999.00
16:59:00.339,399770.5028,4091876.3798,global,115.35,148.64,-0.190,2.00,6.05,-22.00,-19.52,10.00,0.00,0.50,99.00,0,0,0,0,0,0.00,999.00
16:59:00.387,399770.5028,4091876.3798,global,117.11,148.64,-0.190,2.00,5.04,-22.00,-19.78,10.00,0.00,0.50,99.00,0,0,0,0,0,0.00,999.00
16:59:00.438,399770.5028,4091876.3798,global,119.70,148.64,-0.190,2.00,5.04,-22.00,-19.78,10.00,0.00,0.50,99.00,0,0,0,0,0,0.00,999.00
16:59:00.488,399770.5028,4091876.3798,global,121.47,148.64,-0.190,2.00,5.04,-22.00,-19.78,10.00,0.00,0.50,99.00,0,0,0,0,0,0.00,999.00
16:59:00.539,399770.5028,4091876.3798,global,123.98,148.64,-0.190,2.00,5.82,-22.00,-19.82,10.00,0.00,0.50,99.00,0,0,0,0,0,0.00,999.00
16:59:00.587,399770.2567,4091876.6490,global,125.60,149.79,-0.259,2.00,5.82,-22.00,-19.82,10.00,0.00,0.50,99.00,0,0,0,0,0,0.00,999.00
16:59:00.637,399770.2567,4091876.6490,global,128.21,149.79,-0.259,2.00,5.44,-22.00,-20.51,10.00,0.00,0.50,99.00,0,0,0,0,0,0.00,999.00
16:59:00.687,399770.2567,4091876.6490,global,129.98,149.79,-0.259,2.00,5.44,-22.00,-20.51,10.00,0.00,0.50,99.00,0,0,0,0,0,0.00,999.00
16:59:00.738,399770.2567,4091876.6490,global,131.67,149.79,-0.259,2.00,5.44,-22.00,-20.51,10.00,0.00,0.50,99.00,0,0,0,0,0,0.00,999.00
16:59:00.788,399770.2567,4091876.6490,global,134.24,149.79,-0.259,2.00,5.05,-22.00,-19.85,10.00,0.00,0.50,99.00,0,0,0,0,0,0.00,999.00
16:59:00.838,399769.9654,4091876.8632,global,135.98,152.31,-0.299,2.00,5.05,-22.00,-19.85,10.00,0.00,0.50,99.00,0,0,0,0,0,0.00,999.00
16:59:00.888,399769.9654,4091876.8632,global,138.54,152.31,-0.299,2.00,5.97,-22.00,-20.10,10.00,0.00,0.50,99.00,0,0,0,0,0,0.00,999.00
16:59:00.938,399769.9654,4091876.8632,global,141.02,152.31,-0.299,2.00,5.97,-22.00,-20.10,10.00,0.00,0.50,99.00,0,0,0,0,0,0.00,999.00
16:59:00.987,399769.9654,4091876.8632,global,142.75,152.31,-0.299,2.00,5.39,-22.00,-19.31,10.00,0.00,0.50,99.00,0,0,0,0,0,0.00,999.00
16:59:01.037,399769.9654,4091876.8632,global,145.37,152.31,-0.299,2.00,5.39,-22.00,-19.31,10.00,0.00,0.50,99.00,0,0,0,0,0,0.00,999.00
16:59:01.088,399769.6379,4091877.0225,global,147.03,145.30,-0.280,2.00,5.39,-18.76,-19.31,10.00,0.00,0.50,99.00,0,0,0,0,0,0.00,999.00
16:59:01.137,399769.6379,4091877.0225,global,149.49,145.30,-0.280,2.00,5.23,-16.89,-19.80,10.00,0.00,0.50,99.00,0,0,0,0,0,0.00,999.00
16:59:01.187,399769.6379,4091877.0225,global,151.20,145.30,-0.280,2.00,5.23,-15.17,-19.80,10.00,0.00,0.50,99.00,0,0,0,0,0,0.00,999.00
16:59:01.237,399769.6379,4091877.0225,global,152.90,145.30,-0.280,2.00,6.25,-10.27,-19.89,10.00,0.00,0.50,99.00,0,0,0,0,0,0.00,999.00
16:59:01.288,399769.6379,4091877.0225,global,155.40,145.30,-0.280,2.00,6.25,-7.77,-19.89,10.00,0.00,0.50,99.00,0,0,0,0,0,0.00,999.00
16:59:01.339,399769.2918,4091877.1153,global,157.91,153.24,-0.158,2.00,5.29,-7.46,-16.33,10.00,0.00,0.50,99.00,0,0,0,0,0,0.00,999.00
16:59:01.387,399769.2918,4091877.1153,global,159.34,153.24,-0.158,2.00,5.29,-6.03,-16.33,10.00,0.00,0.50,99.00,0,0,0,0,0,0.00,999.00
16:59:01.438,399769.2918,4091877.1153,global,160.78,153.24,-0.158,2.00,5.29,-4.58,-16.33,10.00,0.00,0.50,99.00,0,0,0,0,0,0.00,999.00
16:59:01.488,399769.2918,4091877.1153,global,161.38,153.24,-0.158,2.00,4.51,-6.02,-4.05,10.00,0.00,0.50,99.00,0,0,0,0,0,0.00,999.00
16:59:01.538,399769.2918,4091877.1153,global,162.03,153.24,-0.158,2.00,4.51,-5.37,-4.05,10.00,0.00,0.50,99.00,0,0,0,0,0,0.00,999.00
16:59:01.587,399768.9279,4091877.2084,global,162.22,154.55,-0.076,2.00,4.51,0.71,-4.05,10.00,0.00,0.50,99.00,0,0,0,0,0,0.00,999.00
16:59:01.637,399768.9279,4091877.2084,global,162.04,154.55,-0.076,2.00,5.60,1.88,3.80,10.00,0.00,0.50,99.00,0,0,0,0,0,0.00,999.00
16:59:01.687,399768.9279,4091877.2084,global,162.02,154.55,-0.076,2.00,5.60,1.86,3.80,10.00,0.00,0.50,99.00,0,0,0,0,0,0.00,999.00
16:59:01.738,399768.9279,4091877.2084,global,162.56,154.55,-0.076,2.00,5.39,2.18,-2.93,10.00,0.00,0.50,99.00,0,0,0,0,0,0.00,999.00
16:59:01.788,399768.9279,4091877.2084,global,163.17,154.55,-0.076,2.00,5.39,2.79,-2.93,10.00,0.00,0.50,99.00,0,0,0,0,0,0.00,999.00
16:59:01.838,399768.5460,4091877.2906,global,164.18,156.07,0.011,2.00,5.64,8.93,-7.20,10.00,0.00,0.50,99.00,0,0,0,0,0,0.00,999.00
16:59:01.888,399768.5460,4091877.2906,global,165.02,156.07,0.011,2.00,5.64,9.78,-7.20,10.00,0.00,0.50,99.00,0,0,0,0,0,0.00,999.00
16:59:01.938,399768.5460,4091877.2906,global,166.40,156.07,0.011,2.00,5.64,11.16,-7.20,10.00,0.00,0.50,99.00,0,0,0,0,0,0.00,999.00
16:59:01.988,399768.5460,4091877.2906,global,167.17,156.07,0.011,2.00,5.50,11.95,-2.93,10.00,0.00,0.50,99.00,0,0,0,0,0,0.00,999.00
16:59:02.038,399768.5460,4091877.2906,global,167.73,156.07,0.011,2.00,5.50,12.50,-2.93,10.00,0.00,0.50,99.00,0,0,0,0,0,0.00,999.00
16:59:02.087,399768.1636,4091877.3284,global,167.69,157.49,0.114,2.00,6.39,17.52,9.53,10.00,0.00,0.50,99.00,0,0,0,0,0,0.00,999.00
16:59:02.138,399768.1636,4091877.3284,global,167.23,157.49,0.114,2.00,6.39,17.06,9.53,10.00,0.00,0.50,99.00,0,0,0,0,0,0.00,999.00
16:59:02.202,399768.1636,4091877.3284,global,166.94,157.49,0.114,2.00,6.39,16.78,9.53,10.00,0.00,0.50,99.00,0,0,0,0,0,0.00,999.00
16:59:02.237,399768.1636,4091877.3284,global,165.04,157.49,0.114,2.00,5.53,16.00,21.10,10.00,0.00,0.50,99.00,0,0,0,0,0,0.00,999.00
16:59:02.287,399768.1636,4091877.3284,global,163.21,157.49,0.114,2.00,5.53,14.16,21.10,10.00,0.00,0.50,99.00,0,0,0,0,0,0.00,999.00
16:59:02.338,399767.8087,4091877.4324,global,161.34,165.33,0.153,2.00,5.53,7.27,21.10,10.00,0.00,0.50,99.00,0,0,0,0,0,0.00,999.00
16:59:02.387,399767.8087,4091877.4324,global,160.04,165.33,0.153,2.00,5.39,6.26,20.66,10.00,0.00,0.50,99.00,0,0,0,0,0,0.00,999.00
16:59:02.438,399767.8087,4091877.4324,global,158.42,165.33,0.153,2.00,5.39,4.63,20.66,10.00,0.00,0.50,99.00,0,0,0,0,0,0.00,999.00
16:59:02.488,399767.8087,4091877.4324,global,157.75,165.33,0.153,2.00,5.39,3.97,12.20,10.00,0.00,0.50,99.00,0,0,0,0,0,0.00,999.00
16:59:02.539,399767.8087,4091877.4324,global,157.21,165.33,0.153,2.00,5.39,3.43,12.20,10.00,0.00,0.50,99.00,0,0,0,0,0,0.00,999.00
16:59:02.588,399767.8087,4091877.4324,global,157.11,165.33,0.153,2.00,5.39,3.33,12.20,10.00,0.00,0.50,99.00,0,0,0,0,0,0.00,999.00
16:59:02.638,399767.4454,4091877.5809,global,157.33,167.59,0.096,2.00,5.78,-3.44,0.82,10.00,0.00,0.50,99.00,0,0,0,0,0,0.00,999.00
16:59:02.687,399767.4454,4091877.5809,global,157.61,167.59,0.096,2.00,5.78,-3.16,0.82,10.00,0.00,0.50,99.00,0,0,0,0,0,0.00,999.00
16:59:02.738,399767.4454,4091877.5809,global,158.07,167.59,0.096,2.00,5.24,-2.01,-3.49,10.00,0.00,0.50,99.00,0,0,0,0,0,0.00,999.00
16:59:02.787,399767.4454,4091877.5809,global,158.63,167.59,0.096,2.00,5.24,-1.45,-3.49,10.00,0.00,0.50,99.00,0,0,0,0,0,0.00,999.00
16:59:02.838,399767.0819,4091877.7073,global,159.34,167.96,0.089,2.00,5.50,-1.99,-7.19,10.00,0.00,0.50,99.00,0,0,0,0,0,0.00,999.00
16:59:02.888,399767.0819,4091877.7073,global,160.59,167.96,0.089,2.00,5.50,-0.74,-7.19,10.00,0.00,0.50,99.00,0,0,0,0,0,0.00,999.00
16:59:02.938,399767.0819,4091877.7073,global,161.79,167.96,0.089,2.00,5.50,0.46,-7.19,10.00,0.00,0.50,99.00,0,0,0,0,0,0.00,999.00
16:59:02.987,399767.0819,4091877.7073,global,162.50,167.96,0.089,2.00,5.60,1.05,-6.51,10.00,0.00,0.50,99.00,0,0,0,0,0,0.00,999.00
16:59:03.038,399767.0819,4091877.7073,global,163.60,167.96,0.089,2.00,5.60,2.15,-6.51,10.00,0.00,0.50,99.00,0,0,0,0,0,0.00,999.00
16:59:03.088,399766.6997,4091877.7562,global,164.04,162.51,0.129,2.00,5.19,11.68,-1.54,10.00,0.00,0.50,99.00,0,0,0,0,0,0.00,999.00
16:59:03.139,399766.6997,4091877.7562,global,164.40,162.51,0.129,2.00,5.19,12.04,-1.54,10.00,0.00,0.50,99.00,0,0,0,0,0,0.00,999.00
16:59:03.187,399766.6997,4091877.7562,global,164.53,162.51,0.129,2.00,6.05,10.75,6.14,10.00,0.00,0.50,99.00,0,0,0,0,0,0.00,999.00
16:59:03.237,399766.6997,4091877.7562,global,164.42,162.51,0.129,2.00,6.05,10.64,6.14,10.00,0.00,0.50,99.00,0,0,0,0,0,0.00,999.00
16:59:03.287,399766.6997,4091877.7562,global,163.64,162.51,0.129,2.00,6.05,9.86,6.14,10.00,0.00,0.50,99.00,0,0,0,0,0,0.00,999.00
16:59:03.338,399766.3181,4091877.8606,global,162.77,147.39,0.184,2.00,5.86,22.00,18.57,10.00,0.00,0.50,99.00,0,0,0,0,0,0.00,999.00
16:59:03.388,399766.3181,4091877.8606,global,161.13,147.39,0.184,2.00,5.86,22.00,18.57,10.00,0.00,0.50,99.00,0,0,0,0,0,0.00,999.00
16:59:03.438,399766.3181,4091877.8606,global,160.05,147.39,0.184,2.00,5.64,22.00,18.81,10.00,0.00,0.50,99.00,0,0,0,0,0,0.00,999.00
16:59:03.488,399766.3181,4091877.8606,global,158.53,147.39,0.184,2.00,5.64,22.00,18.81,10.00,0.00,0.50,99.00,0,0,0,0,0,0.00,999.00
16:59:03.538,399766.3181,4091877.8606,global,157.03,147.39,0.184,2.00,5.29,22.00,18.91,10.00,0.00,0.50,99.00,0,0,0,0,0,0.00,999.00
16:59:03.587,399765.9549,4091878.0202,global,156.02,164.07,0.220,2.00,5.29,8.59,18.91,10.00,0.00,0.50,99.00,0,0,0,0,0,0.00,999.00
16:59:03.638,399765.9549,4091878.0202,global,154.49,164.07,0.220,2.00,5.29,7.06,18.91,10.00,0.00,0.50,99.00,0,0,0,0,0,0.00,999.00
16:59:03.687,399765.9549,4091878.0202,global,153.44,164.07,0.220,2.00,5.84,4.53,18.93,10.00,0.00,0.50,99.00,0,0,0,0,0,0.00,999.00
16:59:03.737,399765.9549,4091878.0202,global,152.39,164.07,0.220,2.00,5.84,3.48,18.93,10.00,0.00,0.50,99.00,0,0,0,0,0,0.00,999.00
16:59:03.787,399765.9549,4091878.0202,global,150.81,164.07,0.220,2.00,5.19,3.70,12.71,10.00,0.00,0.50,99.00,0,0,0,0,0,0.00,999.00
16:59:03.838,399765.6098,4091878.2018,global,150.00,172.45,0.125,2.00,5.19,-12.60,12.71,10.00,0.00,0.50,99.00,0,0,0,0,0,0.00,999.00
16:59:03.888,399765.6098,4091878.2018,global,150.04,172.45,0.125,2.00,5.70,-13.43,0.87,10.00,0.00,0.50,99.00,0,0,0,0,0,0.00,999.00
16:59:03.938,399765.6098,4091878.2018,global,150.69,172.45,0.125,2.00,5.70,-12.78,0.87,10.00,0.00,0.50,99.00,0,0,0,0,0,0.00,999.00
16:59:03.988,399765.6098,4091878.2018,global,151.35,172.45,0.125,2.00,5.70,-12.12,0.87,10.00,0.00,0.50,99.00,0,0,0,0,0,0.00,999.00
16:59:04.038,399765.6098,4091878.2018,global,152.91,172.45,0.125,2.00,5.74,-10.61,-15.11,10.00,0.00,0.50,99.00,0,0,0,0,0,0.00,999.00
16:59:04.087,399765.2557,4091878.3724,global,154.36,179.32,0.000,2.00,5.74,-22.00,-15.11,10.00,0.00,0.50,99.00,0,0,0,0,0,0.00,999.00
16:59:04.138,399765.2557,4091878.3724,global,157.39,179.32,0.000,2.00,5.74,-21.94,-15.11,10.00,0.00,0.50,99.00,0,0,0,0,0,0.00,999.00
16:59:04.188,399765.2557,4091878.3724,global,159.60,179.32,0.000,2.00,5.60,-19.72,-20.12,10.00,0.00,0.50,99.00,0,0,0,0,0,0.00,999.00
16:59:04.237,399765.2557,4091878.3724,global,161.71,179.32,0.000,2.00,5.60,-17.62,-20.12,10.00,0.00,0.50,99.00,0,0,0,0,0,0.00,999.00
16:59:04.288,399765.2557,4091878.3724,global,163.85,179.32,0.000,2.00,5.64,-15.48,-20.36,10.00,0.00,0.50,99.00,0,0,0,0,0,0.00,999.00
16:59:04.338,399764.8909,4091878.3878,global,166.20,-175.93,-0.012,2.00,5.64,-18.73,-20.36,10.00,0.00,0.50,99.00,0,0,0,0,0,0.00,999.00
16:59:04.387,399764.8909,4091878.3878,global,167.98,-175.93,-0.012,2.00,6.05,-16.90,-19.15,10.00,0.00,0.50,99.00,0,0,0,0,0,0.00,999.00
16:59:04.437,399764.8909,4091878.3878,global,169.83,-175.93,-0.012,2.00,6.05,-15.04,-19.15,10.00,0.00,0.50,99.00,0,0,0,0,0,0.00,999.00
16:59:04.488,399764.8909,4091878.3878,global,172.26,-175.93,-0.012,2.00,6.05,-12.61,-19.15,10.00,0.00,0.50,99.00,0,0,0,0,0,0.00,999.00
16:59:04.537,399764.8909,4091878.3878,global,173.75,-175.93,-0.012,2.00,5.09,-11.28,-15.61,10.00,0.00,0.50,99.00,0,0,0,0,0,0.00,999.00
16:59:04.587,399764.5166,4091878.3590,global,175.95,179.32,0.000,2.00,5.09,-3.37,-15.61,10.00,0.00,0.50,99.00,0,0,0,0,0,0.00,999.00
16:59:04.637,399764.5166,4091878.3590,global,178.02,179.32,0.000,2.00,5.09,-1.30,-15.61,10.00,0.00,0.50,99.00,0,0,0,0,0,0.00,999.00
16:59:04.687,399764.5166,4091878.3590,global,179.19,179.32,0.000,2.00,5.87,-0.13,-12.87,10.00,0.00,0.50,99.00,0,0,0,0,0,0.00,999.00
16:59:04.738,399764.5166,4091878.3590,global,-178.99,179.32,0.000,2.00,5.87,1.69,-12.87,10.00,0.00,0.50,99.00,0,0,0,0,0,0.00,999.00
16:59:04.787,399764.5166,4091878.3590,global,-177.85,179.32,0.000,2.00,6.45,2.83,-6.91,10.00,0.00,0.50,99.00,0,0,0,0,0,0.00,999.00
16:59:04.838,399764.1510,4091878.3078,global,-176.78,179.32,0.078,2.00,6.45,8.85,-6.91,10.00,0.00,0.50,99.00,0,0,0,0,0,0.00,999.00
16:59:04.887,399764.1510,4091878.3078,global,-176.51,179.32,0.078,2.00,5.50,9.98,3.16,10.00,0.00,0.50,99.00,0,0,0,0,0,0.00,999.00
16:59:04.938,399764.1510,4091878.3078,global,-176.62,179.32,0.078,2.00,5.50,9.87,3.16,10.00,0.00,0.50,99.00,0,0,0,0,0,0.00,999.00
16:59:04.987,399764.1510,4091878.3078,global,-177.03,179.32,0.078,2.00,6.39,8.65,12.73,10.00,0.00,0.50,99.00,0,0,0,0,0,0.00,999.00
16:59:05.037,399764.1510,4091878.3078,global,-177.72,179.32,0.078,2.00,6.39,7.96,12.73,10.00,0.00,0.50,99.00,0,0,0,0,0,0.00,999.00
16:59:05.087,399763.7590,4091878.2902,global,-178.89,172.22,0.109,2.00,6.39,15.89,12.73,10.00,0.00,0.50,99.00,0,0,0,0,0,0.00,999.00
16:59:05.137,399763.7590,4091878.2902,global,-179.87,172.22,0.109,2.00,5.26,16.40,9.49,10.00,0.00,0.50,99.00,0,0,0,0,0,0.00,999.00
16:59:05.187,399763.7590,4091878.2902,global,179.91,172.22,0.109,2.00,5.26,16.17,9.49,10.00,0.00,0.50,99.00,0,0,0,0,0,0.00,999.00
16:59:05.238,399763.7590,4091878.2902,global,-179.93,172.22,0.109,2.00,5.59,15.85,1.20,10.00,0.00,0.50,99.00,0,0,0,0,0,0.00,999.00
16:59:05.288,399763.7590,4091878.2902,global,-179.59,172.22,0.109,2.00,5.59,16.18,1.20,10.00,0.00,0.50,99.00,0,0,0,0,0,0.00,999.00
16:59:05.337,399763.3670,4091878.2616,global,-179.18,163.61,0.197,2.00,5.44,22.00,3.01,10.00,0.00,0.50,99.00,0,0,0,0,0,0.00,999.00
16:59:05.388,399763.3670,4091878.2616,global,-179.08,163.61,0.197,2.00,5.44,22.00,3.01,10.00,0.00,0.50,99.00,0,0,0,0,0,0.00,999.00
16:59:05.438,399763.3670,4091878.2616,global,-179.45,163.61,0.197,2.00,5.44,22.00,3.01,10.00,0.00,0.50,99.00,0,0,0,0,0,0.00,999.00
16:59:05.487,399763.3670,4091878.2616,global,179.95,163.61,0.197,2.00,6.74,22.00,17.47,10.00,0.00,0.50,99.00,0,0,0,0,0,0.00,999.00
16:59:05.538,399763.3670,4091878.2616,global,178.54,163.61,0.197,2.00,6.74,22.00,17.47,10.00,0.00,0.50,99.00,0,0,0,0,0,0.00,999.00
16:59:05.588,399762.9749,4091878.2329,global,177.12,166.33,0.336,2.00,8.38,22.00,21.99,10.00,0.00,0.50,99.00,0,0,0,0,0,0.00,999.00
16:59:05.638,399762.9749,4091878.2329,global,174.25,166.33,0.336,2.00,8.38,22.00,21.99,10.00,0.00,0.50,99.00,0,0,0,0,0,0.00,999.00
16:59:05.687,399762.9749,4091878.2329,global,172.25,166.33,0.336,2.00,8.38,22.00,21.99,10.00,0.00,0.50,99.00,0,0,0,0,0,0.00,999.00
16:59:05.738,399762.9749,4091878.2329,global,169.72,166.33,0.336,2.00,5.68,22.00,21.99,10.00,0.00,0.50,99.00,0,0,0,0,0,0.00,999.00
16:59:05.787,399762.9749,4091878.2329,global,168.36,166.33,0.336,2.00,5.68,22.00,21.99,10.00,0.00,0.50,99.00,0,0,0,0,0,0.00,999.00
16:59:05.837,399762.6021,4091878.3261,global,165.96,166.78,0.333,2.00,6.11,20.62,21.99,10.00,0.00,0.50,99.00,0,0,0,0,0,0.00,999.00
16:59:05.887,399762.6021,4091878.3261,global,164.25,166.78,0.333,2.00,6.11,18.91,21.99,10.00,0.00,0.50,99.00,0,0,0,0,0,0.00,999.00
16:59:05.938,399762.6021,4091878.3261,global,161.76,166.78,0.333,2.00,4.99,20.65,21.99,10.00,0.00,0.50,99.00,0,0,0,0,0,0.00,999.00
16:59:05.987,399762.6021,4091878.3261,global,160.05,166.78,0.333,2.00,4.99,18.94,21.99,10.00,0.00,0.50,99.00,0,0,0,0,0,0.00,999.00
16:59:06.037,399762.6021,4091878.3261,global,158.38,166.78,0.333,2.00,4.99,17.27,21.99,10.00,0.00,0.50,99.00,0,0,0,0,0,0.00,999.00
16:59:06.088,399762.2567,4091878.4855,global,155.94,162.02,0.281,2.00,5.64,13.64,21.99,10.00,0.00,0.50,99.00,0,0,0,0,0,0.00,999.00
16:59:06.138,399762.2567,4091878.4855,global,153.60,162.02,0.281,2.00,5.64,11.30,21.99,10.00,0.00,0.50,99.00,0,0,0,0,0,0.00,999.00
16:59:06.187,399762.2567,4091878.4855,global,152.10,162.02,0.281,2.00,6.05,8.57,21.99,10.00,0.00,0.50,99.00,0,0,0,0,0,0.00,999.00
16:59:06.238,399762.2567,4091878.4855,global,150.08,162.02,0.281,2.00,6.05,6.55,21.99,10.00,0.00,0.50,99.00,0,0,0,0,0,0.00,999.00
16:59:06.287,399762.2567,4091878.4855,global,148.86,162.02,0.281,2.00,4.99,8.90,19.08,10.00,0.00,0.50,99.00,0,0,0,0,0,0.00,999.00
16:59:06.338,399761.9209,4091878.7003,global,147.82,171.44,0.170,2.00,4.99,-9.86,19.08,10.00,0.00,0.50,99.00,0,0,0,0,0,0.00,999.00
16:59:06.387,399761.9209,4091878.7003,global,146.80,171.44,0.170,2.00,4.99,-10.88,19.08,10.00,0.00,0.50,99.00,0,0,0,0,0,0.00,999.00
16:59:06.438,399761.9209,4091878.7003,global,146.35,171.44,0.170,2.00,5.82,-13.23,5.31,10.00,0.00,0.50,99.00,0,0,0,0,0,0.00,999.00
16:59:06.487,399761.9209,4091878.7003,global,146.38,171.44,0.170,2.00,5.82,-13.19,5.31,10.00,0.00,0.50,99.00,0,0,0,0,0,0.00,999.00
16:59:06.538,399761.9209,4091878.7003,global,146.71,171.44,0.170,2.00,5.79,-12.81,-8.22,10.00,0.00,0.50,99.00,0,0,0,0,0,0.00,999.00
16:59:06.587,399761.5939,4091878.9039,global,147.97,174.05,0.015,2.00,5.79,-22.00,-8.22,10.00,0.00,0.50,99.00,0,0,0,0,0,0.00,999.00
16:59:06.638,399761.5939,4091878.9039,global,149.97,174.05,0.015,2.00,5.09,-22.00,-17.56,10.00,0.00,0.50,99.00,0,0,0,0,0,0.00,999.00
16:59:06.710,399761.5939,4091878.9039,global,150.74,174.05,0.015,2.00,5.09,-22.00,-17.56,10.00,0.00,0.50,99.00,0,0,0,0,0,0.00,999.00
16:59:06.737,399761.5939,4091878.9039,global,154.71,174.05,0.015,2.00,5.89,-18.28,-21.89,10.00,0.00,0.50,99.00,0,0,0,0,0,0.00,999.00
16:59:06.787,399761.5939,4091878.9039,global,156.98,174.05,0.015,2.00,5.89,-16.01,-21.89,10.00,0.00,0.50,99.00,0,0,0,0,0,0.00,999.00
16:59:06.838,399761.2299,4091878.9859,global,160.20,171.44,-0.011,2.00,5.89,-12.01,-21.89,10.00,0.00,0.50,99.00,0,0,0,0,0,0.00,999.00
16:59:06.887,399761.2299,4091878.9859,global,162.03,171.44,-0.011,2.00,5.41,-10.24,-19.72,10.00,0.00,0.50,99.00,0,0,0,0,0,0.00,999.00
16:59:06.937,399761.2299,4091878.9859,global,164.05,171.44,-0.011,2.00,5.41,-8.23,-19.72,10.00,0.00,0.50,99.00,0,0,0,0,0,0.00,999.00
16:59:06.988,399761.2299,4091878.9859,global,165.07,171.44,-0.011,2.00,5.44,-7.20,-12.00,10.00,0.00,0.50,99.00,0,0,0,0,0,0.00,999.00
16:59:07.039,399761.2299,4091878.9859,global,166.19,171.44,-0.011,2.00,5.44,-6.08,-12.00,10.00,0.00,0.50,99.00,0,0,0,0,0,0.00,999.00
16:59:07.089,399760.8654,4091879.0346,global,166.48,174.87,-0.008,2.00,4.79,-9.05,-4.09,10.00,0.00,0.50,99.00,0,0,0,0,0,0.00,999.00
16:59:07.138,399760.8654,4091879.0346,global,167.04,174.87,-0.008,2.00,4.79,-8.49,-4.09,10.00,0.00,0.50,99.00,0,0,0,0,0,0.00,999.00
16:59:07.187,399760.8654,4091879.0346,global,167.05,174.87,-0.008,2.00,4.79,-8.47,-4.09,10.00,0.00,0.50,99.00,0,0,0,0,0,0.00,999.00
16:59:07.238,399760.8654,4091879.0346,global,166.84,174.87,-0.008,2.00,5.30,-8.63,4.08,10.00,0.00,0.50,99.00,0,0,0,0,0,0.00,999.00
16:59:07.287,399760.8654,4091879.0346,global,166.48,174.87,-0.008,2.00,5.30,-8.98,4.08,10.00,0.00,0.50,99.00,0,0,0,0,0,0.00,999.00
16:59:07.338,399760.4656,4091879.1059,global,165.75,168.30,-0.046,2.00,5.70,-5.85,6.95,10.00,0.00,0.50,99.00,0,0,0,0,0,0.00,999.00
16:59:07.388,399760.4656,4091879.1059,global,165.35,168.30,-0.046,2.00,5.70,-6.25,6.95,10.00,0.00,0.50,99.00,0,0,0,0,0,0.00,999.00
16:59:07.438,399760.4656,4091879.1059,global,164.77,168.30,-0.046,2.00,5.34,-7.06,1.36,10.00,0.00,0.50,99.00,0,0,0,0,0,0.00,999.00
16:59:07.488,399760.4656,4091879.1059,global,164.71,168.30,-0.046,2.00,5.34,-7.11,1.36,10.00,0.00,0.50,99.00,0,0,0,0,0,0.00,999.00
16:59:07.539,399760.4656,4091879.1059,global,165.32,168.30,-0.046,2.00,5.34,-6.50,1.36,10.00,0.00,0.50,99.00,0,0,0,0,0,0.00,999.00
16:59:07.587,399760.0836,4091879.1769,global,166.04,171.22,-0.037,2.00,5.60,-7.88,-10.52,10.00,0.00,0.50,99.00,0,0,0,0,0,0.00,999.00
16:59:07.637,399760.0836,4091879.1769,global,167.36,171.22,-0.037,2.00,5.60,-6.56,-10.52,10.00,0.00,0.50,99.00,0,0,0,0,0,0.00,999.00
16:59:07.688,399760.0836,4091879.1769,global,168.35,171.22,-0.037,2.00,5.60,-5.57,-10.52,10.00,0.00,0.50,99.00,0,0,0,0,0,0.00,999.00
16:59:07.738,399760.0836,4091879.1769,global,170.17,171.22,-0.037,2.00,5.74,-3.68,-14.22,10.00,0.00,0.50,99.00,0,0,0,0,0,0.00,999.00
16:59:07.787,399760.0836,4091879.1769,global,171.36,171.22,-0.037,2.00,5.74,-2.49,-14.22,10.00,0.00,0.50,99.00,0,0,0,0,0,0.00,999.00
16:59:07.837,399759.7100,4091879.2035,global,172.48,166.92,-0.003,2.00,5.44,5.31,-8.02,10.00,0.00,0.50,99.00,0,0,0,0,0,0.00,999.00
16:59:07.887,399759.7100,4091879.2035,global,172.97,166.92,-0.003,2.00,5.44,5.81,-8.02,10.00,0.00,0.50,99.00,0,0,0,0,0,0.00,999.00
16:59:07.937,399759.7100,4091879.2035,global,173.33,166.92,-0.003,2.00,5.44,6.17,-8.02,10.00,0.00,0.50,99.00,0,0,0,0,0,0.00,999.00
16:59:07.987,399759.7100,4091879.2035,global,173.26,166.92,-0.003,2.00,5.50,6.10,6.05,10.00,0.00,0.50,99.00,0,0,0,0,0,0.00,999.00
16:59:08.038,399759.7100,4091879.2035,global,172.50,166.92,-0.003,2.00,5.50,5.34,6.05,10.00,0.00,0.50,99.00,0,0,0,0,0,0.00,999.00
16:59:08.088,399759.3097,4091879.2305,global,171.62,167.26,0.060,2.00,5.64,8.77,16.77,10.00,0.00,0.50,99.00,0,0,0,0,0,0.00,999.00
16:59:08.137,399759.3097,4091879.2305,global,169.71,167.26,0.060,2.00,5.64,6.85,16.77,10.00,0.00,0.50,99.00,0,0,0,0,0,0.00,999.00
16:59:08.187,399759.3097,4091879.2305,global,168.17,167.26,0.060,2.00,5.24,5.66,17.37,10.00,0.00,0.50,99.00,0,0,0,0,0,0.00,999.00
16:59:08.237,399759.3097,4091879.2305,global,166.27,167.26,0.060,2.00,5.24,3.76,17.37,10.00,0.00,0.50,99.00,0,0,0,0,0,0.00,999.00
16:59:08.288,399759.3097,4091879.2305,global,165.50,167.26,0.060,2.00,5.24,2.98,17.37,10.00,0.00,0.50,99.00,0,0,0,0,0,0.00,999.00
16:59:08.338,399758.9281,4091879.3348,global,164.69,161.07,0.011,2.00,5.87,4.38,6.89,10.00,0.00,0.50,99.00,0,0,0,0,0,0.00,999.00
16:59:08.388,399758.9281,4091879.3348,global,164.38,161.07,0.011,2.00,5.87,4.08,6.89,10.00,0.00,0.50,99.00,0,0,0,0,0,0.00,999.00
16:59:08.438,399758.9281,4091879.3348,global,164.50,161.07,0.011,2.00,5.19,4.30,-3.41,10.00,0.00,0.50,99.00,0,0,0,0,0,0.00,999.00
16:59:08.487,399758.9281,4091879.3348,global,164.93,161.07,0.011,2.00,5.19,4.72,-3.41,10.00,0.00,0.50,99.00,0,0,0,0,0,0.00,999.00
16:59:08.538,399758.9281,4091879.3348,global,165.56,161.07,0.011,2.00,5.19,5.36,-3.41,10.00,0.00,0.50,99.00,0,0,0,0,0,0.00,999.00
16:59:08.588,399758.5461,4091879.4059,global,165.65,166.06,0.074,2.00,5.36,5.27,3.93,10.00,0.00,0.50,99.00,0,0,0,0,0,0.00,999.00
16:59:08.637,399758.5461,4091879.4059,global,165.16,166.06,0.074,2.00,5.36,4.79,3.93,10.00,0.00,0.50,99.00,0,0,0,0,0,0.00,999.00
16:59:08.687,399758.5461,4091879.4059,global,164.33,166.06,0.074,2.00,6.45,3.00,14.12,10.00,0.00,0.50,99.00,0,0,0,0,0,0.00,999.00
16:59:08.738,399758.5461,4091879.4059,global,162.55,166.06,0.074,2.00,6.45,1.23,14.12,10.00,0.00,0.50,99.00,0,0,0,0,0,0.00,999.00
16:59:08.787,399758.5461,4091879.4059,global,161.31,166.06,0.074,2.00,6.45,-0.02,14.12,10.00,0.00,0.50,99.00,0,0,0,0,0,0.00,999.00
16:59:08.838,399758.1645,4091879.5103,global,160.17,161.07,0.063,2.00,5.78,3.61,6.36,10.00,0.00,0.50,99.00,0,0,0,0,0,0.00,999.00
16:59:08.888,399758.1645,4091879.5103,global,160.04,161.07,0.063,2.00,5.78,3.48,6.36,10.00,0.00,0.50,99.00,0,0,0,0,0,0.00,999.00
16:59:08.938,399758.1645,4091879.5103,global,160.40,161.07,0.063,2.00,5.73,3.88,-5.39,10.00,0.00,0.50,99.00,0,0,0,0,0,0.00,999.00
16:59:08.987,399758.1645,4091879.5103,global,160.94,161.07,0.063,2.00,5.73,4.41,-5.39,10.00,0.00,0.50,99.00,0,0,0,0,0,0.00,999.00
16:59:09.037,399758.1645,4091879.5103,global,161.66,161.07,0.063,2.00,5.73,5.14,-5.39,10.00,0.00,0.50,99.00,0,0,0,0,0,0.00,999.00
16:59:09.091,399757.7740,4091879.6148,global,162.20,166.17,0.085,2.00,5.95,1.90,1.46,10.00,0.00,0.50,99.00,0,0,0,0,0,0.00,999.00
16:59:09.137,399757.7740,4091879.6148,global,161.97,166.17,0.085,2.00,5.95,1.67,1.46,10.00,0.00,0.50,99.00,0,0,0,0,0,0.00,999.00
16:59:09.187,399757.7740,4091879.6148,global,161.25,166.17,0.085,2.00,6.19,0.73,12.73,10.00,0.00,0.50,99.00,0,0,0,0,0,0.00,999.00
16:59:09.239,399757.7740,4091879.6148,global,159.61,166.17,0.085,2.00,6.19,-0.91,12.73,10.00,0.00,0.50,99.00,0,0,0,0,0,0.00,999.00
16:59:09.288,399757.7740,4091879.6148,global,158.47,166.17,0.085,2.00,5.44,-1.28,9.64,10.00,0.00,0.50,99.00,0,0,0,0,0,0.00,999.00
16:59:09.338,399757.4016,4091879.7412,global,157.54,-174.21,0.014,2.00,5.44,-22.00,9.64,10.00,0.00,0.50,99.00,0,0,0,0,0,0.00,999.00
16:59:09.387,399757.4016,4091879.7412,global,157.59,-174.21,0.014,2.00,5.44,-22.00,9.64,10.00,0.00,0.50,99.00,0,0,0,0,0,0.00,999.00
16:59:09.438,399757.4016,4091879.7412,global,158.22,-174.21,0.014,2.00,5.95,-22.00,-6.56,10.00,0.00,0.50,99.00,0,0,0,0,0,0.00,999.00
16:59:09.488,399757.4016,4091879.7412,global,158.83,-174.21,0.014,2.00,5.95,-22.00,-6.56,10.00,0.00,0.50,99.00,0,0,0,0,0,0.00,999.00
16:59:09.537,399757.4016,4091879.7412,global,160.27,-174.21,0.014,2.00,5.44,-22.00,-16.71,10.00,0.00,0.50,99.00,0,0,0,0,0,0.00,999.00
16:59:09.587,399757.0111,4091879.8457,global,161.70,-178.45,-0.132,2.00,5.44,-22.00,-16.71,10.00,0.00,0.50,99.00,0,0,0,0,0,0.00,999.00
16:59:09.637,399757.0111,4091879.8457,global,164.60,-178.45,-0.132,2.00,5.64,-22.00,-21.97,10.00,0.00,0.50,99.00,0,0,0,0,0,0.00,999.00
16:59:09.687,399757.0111,4091879.8457,global,166.70,-178.45,-0.132,2.00,5.64,-22.00,-21.97,10.00,0.00,0.50,99.00,0,0,0,0,0,0.00,999.00
16:59:09.737,399757.0111,4091879.8457,global,168.81,-178.45,-0.132,2.00,5.64,-22.00,-21.97,10.00,0.00,0.50,99.00,0,0,0,0,0,0.00,999.00
16:59:09.787,399757.0111,4091879.8457,global,171.68,-178.45,-0.132,2.00,5.36,-19.93,-22.00,10.00,0.00,0.50,99.00,0,0,0,0,0,0.00,999.00
16:59:09.838,399756.6372,4091879.8501,global,174.05,172.45,-0.136,2.00,5.36,-8.73,-22.00,10.00,0.00,0.50,99.00,0,0,0,0,0,0.00,999.00
16:59:09.889,399756.6372,4091879.8501,global,175.46,172.45,-0.136,2.00,6.26,-5.86,-18.14,10.00,0.00,0.50,99.00,0,0,0,0,0,0.00,999.00
16:59:09.938,399756.6372,4091879.8501,global,177.56,172.45,-0.136,2.00,6.26,-3.75,-18.14,10.00,0.00,0.50,99.00,0,0,0,0,0,0.00,999.00
16:59:09.987,399756.6372,4091879.8501,global,178.83,172.45,-0.136,2.00,5.64,-3.44,-16.66,10.00,0.00,0.50,99.00,0,0,0,0,0,0.00,999.00
16:59:10.057,399756.6372,4091879.8501,global,179.50,172.45,-0.136,2.00,5.64,-2.76,-16.66,10.00,0.00,0.50,99.00,0,0,0,0,0,0.00,999.00
16:59:10.087,399756.2447,4091879.7882,global,-178.16,176.94,-0.005,2.00,5.22,4.49,-9.37,10.00,0.00,0.50,99.00,0,0,0,0,0,0.00,999.00
16:59:10.137,399756.2447,4091879.7882,global,-177.14,176.94,-0.005,2.00,5.22,5.51,-9.37,10.00,0.00,0.50,99.00,0,0,0,0,0,0.00,999.00
16:59:10.187,399756.2447,4091879.7882,global,-176.73,176.94,-0.005,2.00,5.22,5.92,-9.37,10.00,0.00,0.50,99.00,0,0,0,0,0,0.00,999.00
16:59:10.238,399756.2447,4091879.7882,global,-176.58,176.94,-0.005,2.00,5.48,6.09,2.45,10.00,0.00,0.50,99.00,0,0,0,0,0,0.00,999.00
16:59:10.287,399756.2447,4091879.7882,global,-176.87,176.94,-0.005,2.00,5.48,5.80,2.45,10.00,0.00,0.50,99.00,0,0,0,0,0,0.00,999.00
16:59:10.339,399755.8703,4091879.7482,global,-177.47,179.32,0.055,2.00,5.90,7.08,13.30,10.00,0.00,0.50,99.00,0,0,0,0,0,0.00,999.00
16:59:10.387,399755.8703,4091879.7482,global,-178.84,179.32,0.055,2.00,5.90,5.70,13.30,10.00,0.00,0.50,99.00,0,0,0,0,0,0.00,999.00
16:59:10.437,399755.8703,4091879.7482,global,179.89,179.32,0.055,2.00,5.39,4.81,17.28,10.00,0.00,0.50,99.00,0,0,0,0,0,0.00,999.00
16:59:10.489,399755.8703,4091879.7482,global,177.91,179.32,0.055,2.00,5.39,2.82,17.28,10.00,0.00,0.50,99.00,0,0,0,0,0,0.00,999.00
16:59:10.537,399755.8703,4091879.7482,global,176.90,179.32,0.055,2.00,5.59,1.67,8.80,10.00,0.00,0.50,99.00,0,0,0,0,0,0.00,999.00
16:59:10.589,399755.4877,4091879.7638,global,176.26,-178.30,0.040,2.00,5.59,-2.47,8.80,10.00,0.00,0.50,99.00,0,0,0,0,0,0.00,999.00
16:59:10.638,399755.4877,4091879.7638,global,176.22,-178.30,0.040,2.00,5.50,-2.46,-2.00,10.00,0.00,0.50,99.00,0,0,0,0,0,0.00,999.00
16:59:10.688,399755.4877,4091879.7638,global,176.45,-178.30,0.040,2.00,5.50,-2.23,-2.00,10.00,0.00,0.50,99.00,0,0,0,0,0,0.00,999.00
16:59:10.738,399755.4877,4091879.7638,global,177.34,-178.30,0.040,2.00,5.50,-1.34,-2.00,10.00,0.00,0.50,99.00,0,0,0,0,0,0.00,999.00
16:59:10.788,399755.4877,4091879.7638,global,178.14,-178.30,0.040,2.00,5.59,-0.59,-9.50,10.00,0.00,0.50,99.00,0,0,0,0,0,0.00,999.00
16:59:10.838,399755.0870,4091879.7575,global,178.93,169.89,0.068,2.00,5.59,14.03,-9.50,10.00,0.00,0.50,99.00,0,0,0,0,0,0.00,999.00
16:59:10.887,399755.0870,4091879.7575,global,179.68,169.89,0.068,2.00,5.44,14.92,-5.98,10.00,0.00,0.50,99.00,0,0,0,0,0,0.00,999.00
16:59:10.937,399755.0870,4091879.7575,global,-179.94,169.89,0.068,2.00,5.44,15.30,-5.98,10.00,0.00,0.50,99.00,0,0,0,0,0,0.00,999.00
16:59:10.987,399755.0870,4091879.7575,global,-179.40,169.89,0.068,2.00,6.25,15.18,-1.14,10.00,0.00,0.50,99.00,0,0,0,0,0,0.00,999.00
16:59:11.037,399755.0870,4091879.7575,global,-179.33,169.89,0.068,2.00,6.25,15.25,-1.14,10.00,0.00,0.50,99.00,0,0,0,0,0,0.00,999.00
16:59:11.088,399754.7126,4091879.7175,global,-179.95,162.02,0.175,2.00,7.46,22.00,10.70,10.00,0.00,0.50,99.00,0,0,0,0,0,0.00,999.00
16:59:11.138,399754.7126,4091879.7175,global,178.90,162.02,0.175,2.00,7.46,22.00,10.70,10.00,0.00,0.50,99.00,0,0,0,0,0,0.00,999.00
16:59:11.188,399754.7126,4091879.7175,global,177.67,162.02,0.175,2.00,7.46,22.00,10.70,10.00,0.00,0.50,99.00,0,0,0,0,0,0.00,999.00
16:59:11.239,399754.7126,4091879.7175,global,175.17,162.02,0.175,2.00,6.46,22.00,21.99,10.00,0.00,0.50,99.00,0,0,0,0,0,0.00,999.00
16:59:11.288,399754.7126,4091879.7175,global,173.24,162.02,0.175,2.00,6.46,22.00,21.99,10.00,0.00,0.50,99.00,0,0,0,0,0,0.00,999.00
16:59:11.338,399754.3303,4091879.7664,global,170.12,167.20,0.211,2.00,6.19,16.71,21.99,10.00,0.00,0.50,99.00,0,0,0,0,0,0.00,999.00
16:59:11.388,399754.3303,4091879.7664,global,168.15,167.20,0.211,2.00,6.19,14.74,21.99,10.00,0.00,0.50,99.00,0,0,0,0,0,0.00,999.00
16:59:11.438,399754.3303,4091879.7664,global,165.41,167.20,0.211,2.00,6.19,12.00,21.99,10.00,0.00,0.50,99.00,0,0,0,0,0,0.00,999.00
16:59:11.488,399754.3303,4091879.7664,global,164.01,167.20,0.211,2.00,5.78,11.54,19.27,10.00,0.00,0.50,99.00,0,0,0,0,0,0.00,999.00
16:59:11.538,399754.3303,4091879.7664,global,162.40,167.20,0.211,2.00,5.78,9.93,19.27,10.00,0.00,0.50,99.00,0,0,0,0,0,0.00,999.00
16:59:11.588,399753.9757,4091879.8927,global,161.53,171.98,0.167,2.00,5.59,1.72,12.03,10.00,0.00,0.50,99.00,0,0,0,0,0,0.00,999.00
16:59:11.638,399753.9757,4091879.8927,global,160.72,171.98,0.167,2.00,5.59,0.91,12.03,10.00,0.00,0.50,99.00,0,0,0,0,0,0.00,999.00
16:59:11.688,399753.9757,4091879.8927,global,160.35,171.98,0.167,2.00,5.04,1.82,4.37,10.00,0.00,0.50,99.00,0,0,0,0,0,0.00,999.00
16:59:11.739,399753.9757,4091879.8927,global,160.00,171.98,0.167,2.00,5.04,1.47,4.37,10.00,0.00,0.50,99.00,0,0,0,0,0,0.00,999.00
16:59:11.788,399753.9757,4091879.8927,global,160.11,171.98,0.167,2.00,5.04,1.58,4.37,10.00,0.00,0.50,99.00,0,0,0,0,0,0.00,999.00
16:59:11.839,399753.6120,4091880.0079,global,160.48,171.98,0.104,2.00,5.68,-3.99,-4.49,10.00,0.00,0.50,99.00,0,0,0,0,0,0.00,999.00
16:59:11.887,399753.6120,4091880.0079,global,161.10,171.98,0.104,2.00,5.68,-3.37,-4.49,10.00,0.00,0.50,99.00,0,0,0,0,0,0.00,999.00
16:59:11.937,399753.6120,4091880.0079,global,161.39,171.98,0.104,2.00,5.04,-2.13,-4.04,10.00,0.00,0.50,99.00,0,0,0,0,0,0.00,999.00
16:59:11.988,399753.6120,4091880.0079,global,161.80,171.98,0.104,2.00,5.04,-1.73,-4.04,10.00,0.00,0.50,99.00,0,0,0,0,0,0.00,999.00
16:59:12.038,399753.6120,4091880.0079,global,162.27,171.98,0.104,2.00,5.04,-1.25,-4.04,10.00,0.00,0.50,99.00,0,0,0,0,0,0.00,999.00
16:59:12.088,399753.2390,4091880.0900,global,162.49,174.73,0.063,2.00,5.60,-7.62,-3.01,10.00,0.00,0.50,99.00,0,0,0,0,0,0.00,999.00
16:59:12.137,399753.2390,4091880.0900,global,162.84,174.73,0.063,2.00,5.60,-7.27,-3.01,10.00,0.00,0.50,99.00,0,0,0,0,0,0.00,999.00
16:59:12.187,399753.2390,4091880.0900,global,163.14,174.73,0.063,2.00,5.44,-6.84,-3.00,10.00,0.00,0.50,99.00,0,0,0,0,0,0.00,999.00
16:59:12.238,399753.2390,4091880.0900,global,163.57,174.73,0.063,2.00,5.44,-6.40,-3.00,10.00,0.00,0.50,99.00,0,0,0,0,0,0.00,999.00
16:59:12.287,399753.2390,4091880.0900,global,163.90,174.73,0.063,2.00,5.44,-6.08,-7.10,10.00,0.00,0.50,99.00,0,0,0,0,0,0.00,999.00
16:59:12.338,399752.8661,4091880.1721,global,164.76,172.22,0.018,2.00,5.44,-6.13,-7.10,10.00,0.00,0.50,99.00,0,0,0,0,0,0.00,999.00
16:59:12.388,399752.8661,4091880.1721,global,165.42,172.22,0.018,2.00,5.44,-5.46,-7.10,10.00,0.00,0.50,99.00,0,0,0,0,0,0.00,999.00
16:59:12.438,399752.8661,4091880.1721,global,166.46,172.22,0.018,2.00,5.36,-4.40,-9.06,10.00,0.00,0.50,99.00,0,0,0,0,0,0.00,999.00
16:59:12.487,399752.8661,4091880.1721,global,167.08,172.22,0.018,2.00,5.36,-3.79,-9.06,10.00,0.00,0.50,99.00,0,0,0,0,0,0.00,999.00
16:59:12.538,399752.8661,4091880.1721,global,167.70,172.22,0.018,2.00,5.44,-3.19,-8.09,10.00,0.00,0.50,99.00,0,0,0,0,0,0.00,999.00
16:59:12.587,399752.4837,4091880.2099,global,168.62,170.47,0.019,2.00,5.44,-0.39,-8.09,10.00,0.00,0.50,99.00,0,0,0,0,0,0.00,999.00
16:59:12.637,399752.4837,4091880.2099,global,169.18,170.47,0.019,2.00,5.44,0.17,-5.23,10.00,0.00,0.50,99.00,0,0,0,0,0,0.00,999.00
16:59:12.688,399752.4837,4091880.2099,global,169.80,170.47,0.019,2.00,5.44,0.78,-5.23,10.00,0.00,0.50,99.00,0,0,0,0,0,0.00,999.00
16:59:12.739,399752.4837,4091880.2099,global,170.09,170.47,0.019,2.00,5.44,1.07,-5.23,10.00,0.00,0.50,99.00,0,0,0,0,0,0.00,999.00
16:59:12.788,399752.4837,4091880.2099,global,170.10,170.47,0.019,2.00,5.55,1.05,2.06,10.00,0.00,0.50,99.00,0,0,0,0,0,0.00,999.00
16:59:12.838,399752.1012,4091880.2366,global,169.79,175.00,0.056,2.00,5.55,-1.07,2.06,10.00,0.00,0.50,99.00,0,0,0,0,0,0.00,999.00
16:59:12.887,399752.1012,4091880.2366,global,169.42,175.00,0.056,2.00,5.26,-1.21,7.28,10.00,0.00,0.50,99.00,0,0,0,0,0,0.00,999.00
16:59:12.937,399752.1012,4091880.2366,global,168.63,175.00,0.056,2.00,5.26,-2.00,7.28,10.00,0.00,0.50,99.00,0,0,0,0,0,0.00,999.00
16:59:12.988,399752.1012,4091880.2366,global,168.03,175.00,0.056,2.00,5.64,-2.89,8.37,10.00,0.00,0.50,99.00,0,0,0,0,0,0.00,999.00
16:59:13.037,399752.1012,4091880.2366,global,167.24,175.00,0.056,2.00,5.64,-3.68,8.37,10.00,0.00,0.50,99.00,0,0,0,0,0,0.00,999.00
16:59:13.089,399751.7193,4091880.3188,global,167.03,173.55,0.010,2.00,5.09,-5.72,0.75,10.00,0.00,0.50,99.00,0,0,0,0,0,0.00,999.00
16:59:13.137,399751.7193,4091880.3188,global,167.22,173.55,0.010,2.00,5.09,-5.53,0.75,10.00,0.00,0.50,99.00,0,0,0,0,0,0.00,999.00
16:59:13.187,399751.7193,4091880.3188,global,167.59,173.55,0.010,2.00,5.09,-5.17,0.75,10.00,0.00,0.50,99.00,0,0,0,0,0,0.00,999.00
16:59:13.238,399751.7193,4091880.3188,global,168.53,173.55,0.010,2.00,5.78,-4.31,-10.79,10.00,0.00,0.50,99.00,0,0,0,0,0,0.00,999.00
16:59:13.287,399751.7193,4091880.3188,global,169.44,173.55,0.010,2.00,5.78,-3.40,-10.79,10.00,0.00,0.50,99.00,0,0,0,0,0,0.00,999.00
16:59:13.338,399751.3280,4091880.3567,global,170.45,173.55,0.016,2.00,5.04,-1.79,-14.20,10.00,0.00,0.50,99.00,0,0,0,0,0,0.00,999.00
16:59:13.387,399751.3280,4091880.3567,global,172.05,173.55,0.016,2.00,5.04,-0.18,-14.20,10.00,0.00,0.50,99.00,0,0,0,0,0,0.00,999.00
16:59:13.437,399751.3280,4091880.3567,global,173.14,173.55,0.016,2.00,5.64,0.76,-10.86,10.00,0.00,0.50,99.00,0,0,0,0,0,0.00,999.00
16:59:13.487,399751.3280,4091880.3567,global,174.29,173.55,0.016,2.00,5.64,1.91,-10.86,10.00,0.00,0.50,99.00,0,0,0,0,0,0.00,999.00
16:59:13.537,399751.3280,4091880.3567,global,174.58,173.55,0.016,2.00,5.64,2.20,-10.86,10.00,0.00,0.50,99.00,0,0,0,0,0,0.00,999.00
16:59:13.589,399750.9629,4091880.3499,global,174.30,175.47,0.059,2.00,6.15,2.80,4.58,10.00,0.00,0.50,99.00,0,0,0,0,0,0.00,999.00
16:59:13.638,399750.9629,4091880.3499,global,173.58,175.47,0.059,2.00,6.15,2.08,4.58,10.00,0.00,0.50,99.00,0,0,0,0,0,0.00,999.00
16:59:13.687,399750.9629,4091880.3499,global,172.92,175.47,0.059,2.00,5.59,1.81,13.54,10.00,0.00,0.50,99.00,0,0,0,0,0,0.00,999.00
16:59:13.738,399750.9629,4091880.3499,global,171.66,175.47,0.059,2.00,5.59,0.55,13.54,10.00,0.00,0.50,99.00,0,0,0,0,0,0.00,999.00
16:59:13.787,399750.9629,4091880.3499,global,170.62,175.47,0.059,2.00,5.59,-0.48,13.54,10.00,0.00,0.50,99.00,0,0,0,0,0,0.00,999.00
16:59:13.838,399750.5808,4091880.4099,global,169.80,175.13,0.029,2.00,5.64,-3.19,1.87,10.00,0.00,0.50,99.00,0,0,0,0,0,0.00,999.00
16:59:13.888,399750.5808,4091880.4099,global,170.00,175.13,0.029,2.00,5.64,-2.99,1.87,10.00,0.00,0.50,99.00,0,0,0,0,0,0.00,999.00
16:59:13.938,399750.5808,4091880.4099,global,170.79,175.13,0.029,2.00,5.19,-2.01,-9.06,10.00,0.00,0.50,99.00,0,0,0,0,0,0.00,999.00
16:59:13.988,399750.5808,4091880.4099,global,171.55,175.13,0.029,2.00,5.19,-1.25,-9.06,10.00,0.00,0.50,99.00,0,0,0,0,0,0.00,999.00
16:59:14.037,399750.5808,4091880.4099,global,172.45,175.13,0.029,2.00,5.19,-0.35,-9.06,10.00,0.00,0.50,99.00,0,0,0,0,0,0.00,999.00
16:59:14.088,399750.1982,4091880.4255,global,173.83,173.55,0.047,2.00,5.91,3.54,-5.12,10.00,0.00,0.50,99.00,0,0,0,0,0,0.00,999.00
16:59:14.137,399750.1982,4091880.4255,global,174.18,173.55,0.047,2.00,5.91,3.89,-5.12,10.00,0.00,0.50,99.00,0,0,0,0,0,0.00,999.00
16:59:14.187,399750.1982,4091880.4255,global,173.72,173.55,0.047,2.00,5.24,3.85,5.30,10.00,0.00,0.50,99.00,0,0,0,0,0,0.00,999.00
16:59:14.237,399750.1982,4091880.4255,global,172.90,173.55,0.047,2.00,5.24,3.03,5.30,10.00,0.00,0.50,99.00,0,0,0,0,0,0.00,999.00
16:59:14.287,399750.1982,4091880.4255,global,172.36,173.55,0.047,2.00,5.24,2.48,5.30,10.00,0.00,0.50,99.00,0,0,0,0,0,0.00,999.00
16:59:14.338,399749.8066,4091880.4413,global,171.73,173.23,0.076,2.00,5.47,4.19,5.82,10.00,0.00,0.50,99.00,0,0,0,0,0,0.00,999.00
16:59:14.387,399749.8066,4091880.4413,global,170.97,173.23,0.076,2.00,5.47,3.44,5.82,10.00,0.00,0.50,99.00,0,0,0,0,0,0.00,999.00
16:59:14.438,399749.8066,4091880.4413,global,171.04,173.23,0.076,2.00,5.44,3.53,-0.53,10.00,0.00,0.50,99.00,0,0,0,0,0,0.00,999.00
16:59:14.487,399749.8066,4091880.4413,global,171.33,173.23,0.076,2.00,5.44,3.82,-0.53,10.00,0.00,0.50,99.00,0,0,0,0,0,0.00,999.00
16:59:14.565,399749.8066,4091880.4413,global,171.43,173.23,0.076,2.00,5.44,3.92,-0.53,10.00,0.00,0.50,99.00,0,0,0,0,0,0.00,999.00
16:59:14.588,399749.4244,4091880.4902,global,171.58,168.94,0.083,2.00,5.44,8.94,3.77,10.00,0.00,0.50,99.00,0,0,0,0,0,0.00,999.00
16:59:14.637,399749.4244,4091880.4902,global,171.48,168.94,0.083,2.00,5.41,8.88,3.77,10.00,0.00,0.50,99.00,0,0,0,0,0,0.00,999.00
16:59:14.687,399749.4244,4091880.4902,global,171.07,168.94,0.083,2.00,5.41,8.47,3.77,10.00,0.00,0.50,99.00,0,0,0,0,0,0.00,999.00
16:59:14.737,399749.4244,4091880.4902,global,170.06,168.94,0.083,2.00,5.38,7.49,11.19,10.00,0.00,0.50,99.00,0,0,0,0,0,0.00,999.00
16:59:14.787,399749.4244,4091880.4902,global,169.30,168.94,0.083,2.00,5.38,6.73,11.19,10.00,0.00,0.50,99.00,0,0,0,0,0,0.00,999.00
16:59:14.838,399749.0422,4091880.5502,global,168.46,170.24,0.085,2.00,5.64,4.38,14.53,10.00,0.00,0.50,99.00,0,0,0,0,0,0.00,999.00
16:59:14.888,399749.0422,4091880.5502,global,167.04,170.24,0.085,2.00,5.64,2.95,14.53,10.00,0.00,0.50,99.00,0,0,0,0,0,0.00,999.00
16:59:14.937,399749.0422,4091880.5502,global,166.05,170.24,0.085,2.00,5.59,2.03,12.83,10.00,0.00,0.50,99.00,0,0,0,0,0,0.00,999.00
16:59:14.987,399749.0422,4091880.5502,global,164.76,170.24,0.085,2.00,5.59,0.74,12.83,10.00,0.00,0.50,99.00,0,0,0,0,0,0.00,999.00
16:59:15.039,399749.0422,4091880.5502,global,164.28,170.24,0.085,2.00,5.59,0.25,12.83,10.00,0.00,0.50,99.00,0,0,0,0,0,0.00,999.00
16:59:15.088,399748.6605,4091880.6434,global,164.26,164.24,0.050,2.00,5.33,3.92,-1.13,10.00,0.00,0.50,99.00,0,0,0,0,0,0.00,999.00
16:59:15.138,399748.6605,4091880.6434,global,164.52,164.24,0.050,2.00,5.33,4.17,-1.13,10.00,0.00,0.50,99.00,0,0,0,0,0,0.00,999.00
16:59:15.187,399748.6605,4091880.6434,global,165.01,164.24,0.050,2.00,5.85,4.32,-10.02,10.00,0.00,0.50,99.00,0,0,0,0,0,0.00,999.00
16:59:15.237,399748.6605,4091880.6434,global,166.35,164.24,0.050,2.00,5.85,5.65,-10.02,10.00,0.00,0.50,99.00,0,0,0,0,0,0.00,999.00
16:59:15.287,399748.6605,4091880.6434,global,167.62,164.24,0.050,2.00,5.85,6.93,-10.02,10.00,0.00,0.50,99.00,0,0,0,0,0,0.00,999.00
16:59:15.338,399748.2695,4091880.7035,global,169.19,166.39,0.099,2.00,5.23,10.58,-6.93,10.00,0.00,0.50,99.00,0,0,0,0,0,0.00,999.00
16:59:15.387,399748.2695,4091880.7035,global,169.59,166.39,0.099,2.00,5.23,10.98,-6.93,10.00,0.00,0.50,99.00,0,0,0,0,0,0.00,999.00
16:59:15.437,399748.2695,4091880.7035,global,169.61,166.39,0.099,2.00,7.26,8.84,4.77,10.00,0.00,0.50,99.00,0,0,0,0,0,0.00,999.00
16:59:15.487,399748.2695,4091880.7035,global,168.94,166.39,0.099,2.00,7.26,8.18,4.77,10.00,0.00,0.50,99.00,0,0,0,0,0,0.00,999.00
16:59:15.538,399748.2695,4091880.7035,global,167.74,166.39,0.099,2.00,7.26,6.98,4.77,10.00,0.00,0.50,99.00,0,0,0,0,0,0.00,999.00
16:59:15.589,399747.8961,4091880.7523,global,166.74,167.90,0.139,2.00,5.43,9.31,10.94,10.00,0.00,0.50,99.00,0,0,0,0,0,0.00,999.00
16:59:15.639,399747.8961,4091880.7523,global,165.69,167.90,0.139,2.00,5.43,8.26,10.94,10.00,0.00,0.50,99.00,0,0,0,0,0,0.00,999.00
16:59:15.687,399747.8961,4091880.7523,global,165.28,167.90,0.139,2.00,5.79,7.22,6.98,10.00,0.00,0.50,99.00,0,0,0,0,0,0.00,999.00
16:59:15.740,399747.8961,4091880.7523,global,164.70,167.90,0.139,2.00,5.79,6.63,6.98,10.00,0.00,0.50,99.00,0,0,0,0,0,0.00,999.00
16:59:15.789,399747.8961,4091880.7523,global,164.23,167.90,0.139,2.00,5.44,6.78,6.94,10.00,0.00,0.50,99.00,0,0,0,0,0,0.00,999.00
16:59:15.838,399747.5143,4091880.8345,global,163.80,165.70,0.142,2.00,5.44,8.71,6.94,10.00,0.00,0.50,99.00,0,0,0,0,0,0.00,999.00
16:59:15.888,399747.5143,4091880.8345,global,163.13,165.70,0.142,2.00,5.44,8.05,6.94,10.00,0.00,0.50,99.00,0,0,0,0,0,0.00,999.00
16:59:15.938,399747.5143,4091880.8345,global,162.46,165.70,0.142,2.00,5.72,6.88,6.96,10.00,0.00,0.50,99.00,0,0,0,0,0,0.00,999.00
16:59:15.987,399747.5143,4091880.8345,global,162.07,165.70,0.142,2.00,5.72,6.48,6.96,10.00,0.00,0.50,99.00,0,0,0,0,0,0.00,999.00
16:59:16.038,399747.5143,4091880.8345,global,161.39,165.70,0.142,2.00,5.85,5.59,6.90,10.00,0.00,0.50,99.00,0,0,0,0,0,0.00,999.00
16:59:16.091,399747.5143,4091880.8345,global,161.18,165.70,0.142,2.00,5.85,5.38,6.90,10.00,0.00,0.50,99.00,0,0,0,0,0,0.00,999.00
16:59:16.138,399746.2931,4091880.7158,global,160.36,163.42,0.535,2.00,5.39,22.00,6.72,10.00,0.00,0.50,99.00,0,0,0,0,0,0.00,999.00
16:59:16.187,399746.2931,4091880.7158,global,159.94,163.42,0.535,2.00,5.39,22.00,6.72,10.00,0.00,0.50,99.00,0,0,0,0,0,0.00,999.00
16:59:16.238,399746.2931,4091880.7158,global,159.24,163.42,0.535,2.00,5.39,22.00,6.72,10.00,0.00,0.50,99.00,0,0,0,0,0,0.00,999.00
16:59:16.287,399746.2931,4091880.7158,global,158.82,163.42,0.535,2.00,6.09,22.00,12.02,10.00,0.00,0.50,99.00,0,0,0,0,0,0.00,999.00
16:59:16.337,399745.9119,4091880.8535,global,158.17,166.56,0.512,2.00,6.09,22.00,12.02,10.00,0.00,0.50,99.00,0,0,0,0,0,0.00,999.00
16:59:16.388,399745.9119,4091880.8535,global,156.50,166.56,0.512,2.00,6.85,18.24,21.99,10.00,0.00,0.50,99.00,0,0,0,0,0,0.00,999.00
16:59:16.437,399745.9119,4091880.8535,global,153.96,166.56,0.512,2.00,6.85,15.70,21.99,10.00,0.00,0.50,99.00,0,0,0,0,0,0.00,999.00
16:59:16.487,399745.9119,4091880.8535,global,151.77,166.56,0.512,2.00,6.85,13.51,21.99,10.00,0.00,0.50,99.00,0,0,0,0,0,0.00,999.00
16:59:16.537,399745.9119,4091880.8535,global,149.47,166.56,0.512,2.00,5.78,15.48,21.82,10.00,0.00,0.50,99.00,0,0,0,0,0,0.00,999.00
16:59:16.588,399745.5759,4091881.0460,global,146.89,165.76,0.404,2.00,5.78,7.87,21.82,10.00,0.00,0.50,99.00,0,0,0,0,0,0.00,999.00
16:59:16.638,399745.5759,4091881.0460,global,145.77,165.76,0.404,2.00,6.19,5.20,11.35,10.00,0.00,0.50,99.00,0,0,0,0,0,0.00,999.00
16:59:16.688,399745.5759,4091881.0460,global,145.25,165.76,0.404,2.00,6.19,4.68,11.35,10.00,0.00,0.50,99.00,0,0,0,0,0,0.00,999.00
16:59:16.737,399745.5759,4091881.0460,global,144.84,165.76,0.404,2.00,5.44,7.22,3.34,10.00,0.00,0.50,99.00,0,0,0,0,0,0.00,999.00
16:59:16.787,399745.5759,4091881.0460,global,144.64,165.76,0.404,2.00,5.44,7.02,3.34,10.00,0.00,0.50,99.00,0,0,0,0,0,0.00,999.00
16:59:16.839,399745.2491,4091881.2718,global,144.66,165.33,0.245,2.00,5.44,-2.68,3.34,10.00,0.00,0.50,99.00,0,0,0,0,0,0.00,999.00
16:59:16.887,399745.2491,4091881.2718,global,144.41,165.33,0.245,2.00,5.74,-3.80,5.32,10.00,0.00,0.50,99.00,0,0,0,0,0,0.00,999.00
16:59:16.937,399745.2491,4091881.2718,global,144.01,165.33,0.245,2.00,5.74,-4.20,5.32,10.00,0.00,0.50,99.00,0,0,0,0,0,0.00,999.00
16:59:16.987,399745.2491,4091881.2718,global,143.16,165.33,0.245,2.00,5.64,-4.78,8.67,10.00,0.00,0.50,99.00,0,0,0,0,0,0.00,999.00
16:59:17.039,399745.2491,4091881.2718,global,142.25,165.33,0.245,2.00,5.64,-5.69,8.67,10.00,0.00,0.50,99.00,0,0,0,0,0,0.00,999.00
16:59:17.087,399744.9225,4091881.5087,global,141.78,166.78,0.099,2.00,5.64,-17.76,3.93,10.00,0.00,0.50,99.00,0,0,0,0,0,0.00,999.00
16:59:17.137,399744.9225,4091881.5087,global,141.63,166.78,0.099,2.00,5.64,-17.92,3.93,10.00,0.00,0.50,99.00,0,0,0,0,0,0.00,999.00
16:59:17.187,399744.9225,4091881.5087,global,141.91,166.78,0.099,2.00,5.64,-17.64,3.93,10.00,0.00,0.50,99.00,0,0,0,0,0,0.00,999.00
16:59:17.238,399744.9225,4091881.5087,global,142.87,166.78,0.099,2.00,5.86,-16.94,-11.92,10.00,0.00,0.50,99.00,0,0,0,0,0,0.00,999.00
16:59:17.288,399744.9225,4091881.5087,global,143.96,166.78,0.099,2.00,5.86,-15.84,-11.92,10.00,0.00,0.50,99.00,0,0,0,0,0,0.00,999.00
16:59:17.338,399744.5689,4091881.7237,global,145.43,164.77,-0.040,2.00,5.53,-22.00,-22.00,10.00,0.00,0.50,99.00,0,0,0,0,0,0.00,999.00
16:59:17.388,399744.5689,4091881.7237,global,148.27,164.77,-0.040,2.00,5.53,-19.47,-22.00,10.00,0.00,0.50,99.00,0,0,0,0,0,0.00,999.00
16:59:17.438,399744.5689,4091881.7237,global,151.37,164.77,-0.040,2.00,5.53,-16.36,-22.00,10.00,0.00,0.50,99.00,0,0,0,0,0,0.00,999.00
16:59:17.487,399744.5689,4091881.7237,global,153.26,164.77,-0.040,2.00,6.19,-14.16,-19.97,10.00,0.00,0.50,99.00,0,0,0,0,0,0.00,999.00
16:59:17.539,399744.5689,4091881.7237,global,155.61,164.77,-0.040,2.00,6.19,-11.81,-19.97,10.00,0.00,0.50,99.00,0,0,0,0,0,0.00,999.00
16:59:17.587,399744.2138,4091881.8055,global,156.97,173.85,-0.031,2.00,5.44,-19.20,-16.38,10.00,0.00,0.50,99.00,0,0,0,0,0,0.00,999.00
16:59:17.638,399744.2138,4091881.8055,global,158.89,173.85,-0.031,2.00,5.44,-17.27,-16.38,10.00,0.00,0.50,99.00,0,0,0,0,0,0.00,999.00
16:59:17.687,399744.2138,4091881.8055,global,160.05,173.85,-0.031,2.00,6.05,-15.88,-13.32,10.00,0.00,0.50,99.00,0,0,0,0,0,0.00,999.00
16:59:17.738,399744.2138,4091881.8055,global,161.49,173.85,-0.031,2.00,6.05,-14.44,-13.32,10.00,0.00,0.50,99.00,0,0,0,0,0,0.00,999.00
16:59:17.787,399744.2138,4091881.8055,global,162.42,173.85,-0.031,2.00,6.11,-13.49,-16.48,10.00,0.00,0.50,99.00,0,0,0,0,0,0.00,999.00
16:59:17.838,399743.8141,4091881.8879,global,164.50,173.85,-0.093,2.00,6.11,-15.57,-16.48,10.00,0.00,0.50,99.00,0,0,0,0,0,0.00,999.00
16:59:17.907,399743.8141,4091881.8879,global,164.50,173.85,-0.093,2.00,6.11,-15.57,-16.48,10.00,0.00,0.50,99.00,0,0,0,0,0,0.00,999.00
16:59:17.938,399743.8141,4091881.8879,global,168.14,173.85,-0.093,2.00,5.36,-12.80,-16.68,10.00,0.00,0.50,99.00,0,0,0,0,0,0.00,999.00
16:59:17.987,399743.8141,4091881.8879,global,169.33,173.85,-0.093,2.00,5.36,-11.60,-16.68,10.00,0.00,0.50,99.00,0,0,0,0,0,0.00,999.00
16:59:18.038,399743.8141,4091881.8879,global,171.25,173.85,-0.093,2.00,5.36,-9.68,-16.68,10.00,0.00,0.50,99.00,0,0,0,0,0,0.00,999.00
16:59:18.087,399743.4313,4091881.8925,global,172.57,-174.75,-0.077,2.00,6.37,-17.67,-13.93,10.00,0.00,0.50,99.00,0,0,0,0,0,0.00,999.00
16:59:18.137,399743.4313,4091881.8925,global,174.14,-174.75,-0.077,2.00,6.37,-16.10,-13.93,10.00,0.00,0.50,99.00,0,0,0,0,0,0.00,999.00
16:59:18.187,399743.4313,4091881.8925,global,175.03,-174.75,-0.077,2.00,5.24,-16.28,-12.40,10.00,0.00,0.50,99.00,0,0,0,0,0,0.00,999.00
16:59:18.238,399743.4313,4091881.8925,global,176.49,-174.75,-0.077,2.00,5.24,-14.82,-12.40,10.00,0.00,0.50,99.00,0,0,0,0,0,0.00,999.00
16:59:18.287,399743.4313,4091881.8925,global,177.61,-174.75,-0.077,2.00,6.05,-12.89,-15.98,10.00,0.00,0.50,99.00,0,0,0,0,0,0.00,999.00
16:59:18.337,399743.0393,4091881.8638,global,178.97,173.14,-0.061,2.00,6.05,1.65,-15.98,10.00,0.00,0.50,99.00,0,0,0,0,0,0.00,999.00
16:59:18.388,399743.0393,4091881.8638,global,-179.00,173.14,-0.061,2.00,6.05,3.68,-15.98,10.00,0.00,0.50,99.00,0,0,0,0,0,0.00,999.00
16:59:18.437,399743.0393,4091881.8638,global,-177.72,173.14,-0.061,2.00,5.78,4.77,-17.13,10.00,0.00,0.50,99.00,0,0,0,0,0,0.00,999.00
16:59:18.488,399743.0393,4091881.8638,global,-175.36,173.14,-0.061,2.00,5.78,7.13,-17.13,10.00,0.00,0.50,99.00,0,0,0,0,0,0.00,999.00
16:59:18.538,399743.0393,4091881.8638,global,-174.24,173.14,-0.061,2.00,5.79,8.25,-9.20,10.00,0.00,0.50,99.00,0,0,0,0,0,0.00,999.00
16:59:18.588,399742.6732,4091881.7794,global,-173.23,170.09,0.075,2.00,5.79,22.00,-9.20,10.00,0.00,0.50,99.00,0,0,0,0,0,0.00,999.00
16:59:18.637,399742.6732,4091881.7794,global,-172.97,170.09,0.075,2.00,5.79,22.00,-9.20,10.00,0.00,0.50,99.00,0,0,0,0,0,0.00,999.00
16:59:18.687,399742.6732,4091881.7794,global,-173.24,170.09,0.075,2.00,5.50,22.00,7.06,10.00,0.00,0.50,99.00,0,0,0,0,0,0.00,999.00
16:59:18.738,399742.6732,4091881.7794,global,-174.20,170.09,0.075,2.00,5.50,21.33,7.06,10.00,0.00,0.50,99.00,0,0,0,0,0,0.00,999.00
16:59:18.787,399742.6732,4091881.7794,global,-175.18,170.09,0.075,2.00,6.19,19.73,18.62,10.00,0.00,0.50,99.00,0,0,0,0,0,0.00,999.00
16:59:18.837,399742.2720,4091881.7286,global,-176.48,170.82,0.208,2.00,6.19,22.00,18.62,10.00,0.00,0.50,99.00,0,0,0,0,0,0.00,999.00
