time,utm_x,utm_y,path_type,vehicle_yaw_deg,path_yaw_deg,cte_meter,k_gain,v_kmh,target_steer_deg,current_steer_deg,kp,ki,kd,closest_cluster_dist,r_state,y_state,g_state,f_state,l_state,light_area,stopline_dist
17:07:19.276,399739.8558,4091875.4106,global,-16.73,-16.72,0.846,2.00,0.00,22.00,-21.91,9.00,0.30,0.50,99.00,0,0,0,0,0,0.00,999.00
17:07:19.325,399739.8558,4091875.4106,global,-16.72,-16.72,0.846,2.00,0.00,22.00,-21.96,9.00,0.30,0.50,99.00,0,0,0,0,0,0.00,999.00
17:07:19.376,399739.8558,4091875.4106,global,-16.72,-16.72,0.846,2.00,0.00,22.00,-21.96,9.00,0.30,0.50,99.00,0,0,0,0,0,0.00,999.00
17:07:19.427,399739.8558,4091875.4106,global,-16.67,-16.72,0.846,2.00,0.00,22.00,-21.96,9.00,0.30,0.50,99.00,0,0,0,0,0,0.00,999.00
17:07:19.479,399739.8558,4091875.4106,global,-16.60,-16.72,0.846,2.00,0.55,22.00,-15.91,9.00,0.30,0.50,99.00,0,0,0,0,0,0.00,999.00
17:07:19.528,399739.8558,4091875.4106,global,-16.56,-16.72,0.846,2.00,0.55,22.00,-15.91,9.00,0.30,0.50,99.00,0,0,0,0,0,0.00,999.00
17:07:19.577,399739.8558,4091875.4106,global,-16.55,-16.72,0.846,2.00,1.81,22.00,-4.96,9.00,0.30,0.50,99.00,0,0,0,0,0,0.00,999.00
17:07:19.626,399739.8735,4091875.3993,global,-16.63,-16.72,0.840,2.00,1.81,22.00,-4.96,9.00,0.30,0.50,99.00,0,0,0,0,0,0.00,999.00
17:07:19.679,399739.8735,4091875.3993,global,-16.73,-16.72,0.840,2.00,1.81,22.00,-4.96,9.00,0.30,0.50,99.00,0,0,0,0,0,0.00,999.00
17:07:19.730,399739.8735,4091875.3993,global,-17.00,-16.72,0.840,2.00,2.56,22.00,11.44,9.00,0.30,0.50,99.00,0,0,0,0,0,0.00,999.00
17:07:19.776,399739.8735,4091875.3993,global,-17.45,-16.72,0.840,2.00,2.56,22.00,11.44,9.00,0.30,0.50,99.00,0,0,0,0,0,0.00,999.00
17:07:19.827,399739.9177,4091875.3766,global,-17.82,-16.72,0.831,2.00,2.56,22.00,11.44,9.00,0.30,0.50,99.00,0,0,0,0,0,0.00,999.00
17:07:19.876,399739.9177,4091875.3766,global,-18.22,-16.72,0.831,2.00,0.96,22.00,19.15,9.00,0.30,0.50,99.00,0,0,0,0,0,0.00,999.00
17:07:19.928,399739.9177,4091875.3766,global,-18.89,-16.72,0.831,2.00,0.96,22.00,19.15,9.00,0.30,0.50,99.00,0,0,0,0,0,0.00,999.00
17:07:19.980,399739.9177,4091875.3766,global,-19.34,-16.72,0.831,2.00,1.21,22.00,18.01,9.00,0.30,0.50,99.00,0,0,0,0,0,0.00,999.00
17:07:20.026,399739.9177,4091875.3766,global,-20.02,-16.72,0.831,2.00,1.21,22.00,18.01,9.00,0.30,0.50,99.00,0,0,0,0,0,0.00,999.00
17:07:20.081,399739.9177,4091875.3766,global,-20.45,-16.72,0.831,2.00,1.21,22.00,18.01,9.00,0.30,0.50,99.00,0,0,0,0,0,0.00,999.00
17:07:20.131,399739.9794,4091875.3204,global,-20.91,-13.44,0.794,2.00,1.21,22.00,15.21,9.00,0.30,0.50,99.00,0,0,0,0,0,0.00,999.00
17:07:20.176,399739.9794,4091875.3204,global,-21.66,-13.44,0.794,2.00,1.18,22.00,15.21,9.00,0.30,0.50,99.00,0,0,0,0,0,0.00,999.00
17:07:20.230,399739.9794,4091875.3204,global,-22.44,-13.44,0.794,2.00,1.18,22.00,15.21,9.00,0.30,0.50,99.00,0,0,0,0,0,0.00,999.00
17:07:20.283,399739.9794,4091875.3204,global,-22.99,-13.44,0.794,2.00,1.66,22.00,16.61,9.00,0.30,0.50,99.00,0,0,0,0,0,0.00,999.00
17:07:20.326,399739.9794,4091875.3204,global,-23.84,-13.44,0.794,2.00,1.66,22.00,16.61,9.00,0.30,0.50,99.00,0,0,0,0,0,0.00,999.00
17:07:20.376,399740.0766,4091875.2638,global,-24.77,-20.28,0.761,2.00,1.66,22.00,16.61,9.00,0.30,0.50,99.00,0,0,0,0,0,0.00,999.00
17:07:20.429,399740.0766,4091875.2638,global,-25.43,-20.28,0.761,2.00,1.80,22.00,17.13,9.00,0.30,0.50,99.00,0,0,0,0,0,0.00,999.00
17:07:20.479,399740.0766,4091875.2638,global,-26.07,-20.28,0.761,2.00,1.80,22.00,17.13,9.00,0.30,0.50,99.00,0,0,0,0,0,0.00,999.00
17:07:20.531,399740.0766,4091875.2638,global,-27.02,-20.28,0.761,2.00,2.17,22.00,17.12,9.00,0.30,0.50,99.00,0,0,0,0,0,0.00,999.00
17:07:20.581,399740.0766,4091875.2638,global,-27.67,-20.28,0.761,2.00,2.17,22.00,17.12,9.00,0.30,0.50,99.00,0,0,0,0,0,0.00,999.00
17:07:20.630,399740.1825,4091875.1849,global,-28.74,-26.29,0.715,2.00,2.20,22.00,17.07,9.00,0.30,0.50,99.00,0,0,0,0,0,0.00,999.00
17:07:20.678,399740.1825,4091875.1849,global,-29.50,-26.29,0.715,2.00,2.20,22.00,17.07,9.00,0.30,0.50,99.00,0,0,0,0,0,0.00,999.00
17:07:20.725,399740.1825,4091875.1849,global,-30.58,-26.29,0.715,2.00,2.20,22.00,17.07,9.00,0.30,0.50,99.00,0,0,0,0,0,0.00,999.00
17:07:20.776,399740.1825,4091875.1849,global,-31.69,-26.29,0.715,2.00,2.12,22.00,17.08,9.00,0.30,0.50,99.00,0,0,0,0,0,0.00,999.00
17:07:20.826,399740.2790,4091875.0617,global,-32.49,-26.29,0.647,2.00,2.12,22.00,17.08,9.00,0.30,0.50,99.00,0,0,0,0,0,0.00,999.00
17:07:20.875,399740.2790,4091875.0617,global,-33.71,-26.29,0.647,2.00,2.17,22.00,17.07,9.00,0.30,0.50,99.00,0,0,0,0,0,0.00,999.00
17:07:20.928,399740.2790,4091875.0617,global,-34.50,-26.29,0.647,2.00,2.17,22.00,17.07,9.00,0.30,0.50,99.00,0,0,0,0,0,0.00,999.00
17:07:20.981,399740.2790,4091875.0617,global,-35.29,-26.29,0.647,2.00,2.40,22.00,17.09,9.00,0.30,0.50,99.00,0,0,0,0,0,0.00,999.00
17:07:21.028,399740.2790,4091875.0617,global,-36.53,-26.29,0.647,2.00,2.40,22.00,17.09,9.00,0.30,0.50,99.00,0,0,0,0,0,0.00,999.00
17:07:21.082,399740.2790,4091875.0617,global,-37.37,-26.29,0.647,2.00,2.40,22.00,17.09,9.00,0.30,0.50,99.00,0,0,0,0,0,0.00,999.00
17:07:21.128,399740.3754,4091874.9274,global,-38.56,-13.44,0.540,2.00,2.40,22.00,17.29,9.00,0.30,0.50,99.00,0,0,0,0,0,0.00,999.00
17:07:21.178,399740.3754,4091874.9274,global,-39.38,-13.44,0.540,2.00,2.54,21.27,17.29,9.00,0.30,0.50,99.00,0,0,0,0,0,0.00,999.00
17:07:21.230,399740.3754,4091874.9274,global,-40.64,-13.44,0.540,2.00,2.54,20.01,17.29,9.00,0.30,0.50,99.00,0,0,0,0,0,0.00,999.00
17:07:21.276,399740.3754,4091874.9274,global,-41.89,-13.44,0.540,2.00,2.87,18.76,17.10,9.00,0.30,0.50,99.00,0,0,0,0,0,0.00,999.00
17:07:21.327,399740.3754,4091874.9274,global,-42.76,-13.44,0.540,2.00,2.87,17.89,17.10,9.00,0.30,0.50,99.00,0,0,0,0,0,0.00,999.00
17:07:21.380,399740.4716,4091874.7820,global,-43.69,-14.67,0.420,2.00,2.87,11.00,17.10,9.00,0.30,0.50,99.00,0,0,0,0,0,0.00,999.00
17:07:21.428,399740.4716,4091874.7820,global,-45.07,-14.67,0.420,2.00,2.60,9.63,17.16,9.00,0.30,0.50,99.00,0,0,0,0,0,0.00,999.00
17:07:21.479,399740.4716,4091874.7820,global,-46.01,-14.67,0.420,2.00,2.60,8.68,17.16,9.00,0.30,0.50,99.00,0,0,0,0,0,0.00,999.00
17:07:21.529,399740.4716,4091874.7820,global,-47.53,-14.67,0.420,2.00,2.82,7.16,17.17,9.00,0.30,0.50,99.00,0,0,0,0,0,0.00,999.00
17:07:21.576,399740.4716,4091874.7820,global,-48.56,-14.67,0.420,2.00,2.82,6.14,17.17,9.00,0.30,0.50,99.00,0,0,0,0,0,0.00,999.00
17:07:21.626,399740.5495,4091874.5925,global,-50.03,-14.67,0.256,2.00,2.82,-8.23,17.17,9.00,0.30,0.50,99.00,0,0,0,0,0,0.00,999.00
17:07:21.680,399740.5495,4091874.5925,global,-50.97,-14.67,0.256,2.00,3.09,-9.17,12.30,9.00,0.30,0.50,99.00,0,0,0,0,0,0.00,999.00
17:07:21.728,399740.5495,4091874.5925,global,-52.20,-14.67,0.256,2.00,3.09,-10.39,12.30,9.00,0.30,0.50,99.00,0,0,0,0,0,0.00,999.00
17:07:21.775,399740.5495,4091874.5925,global,-52.90,-14.67,0.256,2.00,2.99,-11.10,4.88,9.00,0.30,0.50,99.00,0,0,0,0,0,0.00,999.00
17:07:21.826,399740.5495,4091874.5925,global,-53.75,-14.67,0.256,2.00,2.99,-11.94,4.88,9.00,0.30,0.50,99.00,0,0,0,0,0,0.00,999.00
17:07:21.878,399740.6363,4091874.4028,global,-54.24,-24.67,0.104,2.00,2.99,-17.87,4.88,9.00,0.30,0.50,99.00,0,0,0,0,0,0.00,999.00
17:07:21.928,399740.6363,4091874.4028,global,-54.79,-24.67,0.104,2.00,3.12,-18.42,-7.49,9.00,0.30,0.50,99.00,0,0,0,0,0,0.00,999.00
17:07:21.979,399740.6363,4091874.4028,global,-54.86,-24.67,0.104,2.00,3.12,-18.49,-7.49,9.00,0.30,0.50,99.00,0,0,0,0,0,0.00,999.00
17:07:22.029,399740.6363,4091874.4028,global,-54.66,-24.67,0.104,2.00,3.02,-18.29,-16.68,9.00,0.30,0.50,99.00,0,0,0,0,0,0.00,999.00
17:07:22.077,399740.6363,4091874.4028,global,-54.36,-24.67,0.104,2.00,3.02,-17.99,-16.68,9.00,0.30,0.50,99.00,0,0,0,0,0,0.00,999.00
17:07:22.130,399740.7228,4091874.1910,global,-53.59,-5.13,-0.074,2.00,3.02,-22.00,-16.68,9.00,0.30,0.50,99.00,0,0,0,0,0,0.00,999.00
17:07:22.177,399740.7228,4091874.1910,global,-52.96,-5.13,-0.074,2.00,3.10,-22.00,-22.00,9.00,0.30,0.50,99.00,0,0,0,0,0,0.00,999.00
17:07:22.225,399740.7228,4091874.1910,global,-52.15,-5.13,-0.074,2.00,3.10,-22.00,-22.00,9.00,0.30,0.50,99.00,0,0,0,0,0,0.00,999.00
17:07:22.307,399740.7228,4091874.1910,global,-51.67,-5.13,-0.074,2.00,3.10,-22.00,-22.00,9.00,0.30,0.50,99.00,0,0,0,0,0,0.00,999.00
17:07:22.326,399740.8365,4091874.0232,global,-50.91,-5.43,-0.231,2.00,3.10,-22.00,-22.00,9.00,0.30,0.50,99.00,0,0,0,0,0,0.00,999.00
17:07:22.375,399740.8365,4091874.0232,global,-50.32,-5.43,-0.231,2.00,3.34,-22.00,-17.20,9.00,0.30,0.50,99.00,0,0,0,0,0,0.00,999.00
17:07:22.427,399740.8365,4091874.0232,global,-50.01,-5.43,-0.231,2.00,3.34,-22.00,-17.20,9.00,0.30,0.50,99.00,0,0,0,0,0,0.00,999.00
17:07:22.477,399740.8365,4091874.0232,global,-49.65,-5.43,-0.231,2.00,3.39,-22.00,-16.00,9.00,0.30,0.50,99.00,0,0,0,0,0,0.00,999.00
17:07:22.526,399740.8365,4091874.0232,global,-49.15,-5.43,-0.231,2.00,3.39,-22.00,-16.00,9.00,0.30,0.50,99.00,0,0,0,0,0,0.00,999.00
17:07:22.578,399740.8365,4091874.0232,global,-48.82,-5.43,-0.231,2.00,3.43,-22.00,-15.63,9.00,0.30,0.50,99.00,0,0,0,0,0,0.00,999.00
17:07:22.628,399740.9676,4091873.8108,global,-48.35,-0.68,-0.433,2.00,3.43,-22.00,-15.63,9.00,0.30,0.50,99.00,0,0,0,0,0,0.00,999.00
17:07:22.677,399740.9676,4091873.8108,global,-48.01,-0.68,-0.433,2.00,3.43,-22.00,-17.72,9.00,0.30,0.50,99.00,0,0,0,0,0,0.00,999.00
17:07:22.727,399740.9676,4091873.8108,global,-47.37,-0.68,-0.433,2.00,3.43,-22.00,-17.72,9.00,0.30,0.50,99.00,0,0,0,0,0,0.00,999.00
17:07:22.779,399740.9676,4091873.8108,global,-46.92,-0.68,-0.433,2.00,3.59,-22.00,-19.62,9.00,0.30,0.50,99.00,0,0,0,0,0,0.00,999.00
17:07:22.828,399740.9676,4091873.8108,global,-46.23,-0.68,-0.433,2.00,3.59,-22.00,-19.62,9.00,0.30,0.50,99.00,0,0,0,0,0,0.00,999.00
17:07:22.878,399741.1079,4091873.6317,global,-45.75,-6.15,-0.592,2.00,3.59,-22.00,-19.62,9.00,0.30,0.50,99.00,0,0,0,0,0,0.00,999.00
17:07:22.930,399741.1079,4091873.6317,global,-45.00,-6.15,-0.592,2.00,3.46,-22.00,-20.40,9.00,0.30,0.50,99.00,0,0,0,0,0,0.00,999.00
17:07:22.975,399741.1079,4091873.6317,global,-44.34,-6.15,-0.592,2.00,3.46,-22.00,-20.40,9.00,0.30,0.50,99.00,0,0,0,0,0,0.00,999.00
17:07:23.025,399741.1079,4091873.6317,global,-43.88,-6.15,-0.592,2.00,3.46,-22.00,-20.40,9.00,0.30,0.50,99.00,0,0,0,0,0,0.00,999.00
17:07:23.076,399741.2656,4091873.4190,global,-43.06,-6.15,-0.787,2.00,3.71,-22.00,-19.83,9.00,0.30,0.50,99.00,0,0,0,0,0,0.00,999.00
17:07:23.126,399741.2656,4091873.4190,global,-42.50,-6.15,-0.787,2.00,3.71,-22.00,-19.83,9.00,0.30,0.50,99.00,0,0,0,0,0,0.00,999.00
17:07:23.176,399741.2656,4091873.4190,global,-41.78,-6.15,-0.787,2.00,3.59,-22.00,-19.92,9.00,0.30,0.50,99.00,0,0,0,0,0,0.00,999.00
17:07:23.226,399741.2656,4091873.4190,global,-41.29,-6.15,-0.787,2.00,3.59,-22.00,-19.92,9.00,0.30,0.50,99.00,0,0,0,0,0,0.00,999.00
17:07:23.276,399741.2656,4091873.4190,global,-40.49,-6.15,-0.787,2.00,3.59,-22.00,-19.92,9.00,0.30,0.50,99.00,0,0,0,0,0,0.00,999.00
17:07:23.325,399741.4327,4091873.2395,global,-40.01,-0.68,-0.954,2.00,3.69,-22.00,-19.81,9.00,0.30,0.50,99.00,0,0,0,0,0,0.00,999.00
17:07:23.376,399741.4327,4091873.2395,global,-39.31,-0.68,-0.954,2.00,3.69,-22.00,-19.81,9.00,0.30,0.50,99.00,0,0,0,0,0,0.00,999.00
17:07:23.428,399741.4327,4091873.2395,global,-38.79,-0.68,-0.954,2.00,3.79,-22.00,-19.86,9.00,0.30,0.50,99.00,0,0,0,0,0,0.00,999.00
17:07:23.478,399741.4327,4091873.2395,global,-38.24,-0.68,-0.954,2.00,3.79,-22.00,-19.86,9.00,0.30,0.50,99.00,0,0,0,0,0,0.00,999.00
17:07:23.530,399741.4327,4091873.2395,global,-37.42,-0.68,-0.954,2.00,3.83,-22.00,-19.44,9.00,0.30,0.50,99.00,0,0,0,0,0,0.00,999.00
17:07:23.580,399741.4327,4091873.2395,global,-36.89,-0.68,-0.954,2.00,3.83,-22.00,-19.44,9.00,0.30,0.50,99.00,0,0,0,0,0,0.00,999.00
17:07:23.632,399741.6263,4091873.0486,global,-36.10,-17.02,-1.120,2.00,3.79,-22.00,-19.49,9.00,0.30,0.50,99.00,0,0,0,0,0,0.00,999.00
17:07:23.681,399741.6263,4091873.0486,global,-35.53,-17.02,-1.120,2.00,3.79,-22.00,-19.49,9.00,0.30,0.50,99.00,0,0,0,0,0,0.00,999.00
17:07:23.729,399741.6263,4091873.0486,global,-34.99,-17.02,-1.120,2.00,3.79,-22.00,-19.82,9.00,0.30,0.50,99.00,0,0,0,0,0,0.00,999.00
17:07:23.776,399741.6263,4091873.0486,global,-34.19,-17.02,-1.120,2.00,3.99,-22.00,-19.82,9.00,0.30,0.50,99.00,0,0,0,0,0,0.00,999.00
17:07:23.825,399741.8289,4091872.8686,global,-33.37,-10.77,-1.236,2.00,3.99,-22.00,-19.82,9.00,0.30,0.50,99.00,0,0,0,0,0,0.00,999.00
17:07:23.877,399741.8289,4091872.8686,global,-32.83,-10.77,-1.236,2.00,3.87,-22.00,-19.53,9.00,0.30,0.50,99.00,0,0,0,0,0,0.00,999.00
17:07:23.928,399741.8289,4091872.8686,global,-32.04,-10.77,-1.236,2.00,3.87,-22.00,-19.53,9.00,0.30,0.50,99.00,0,0,0,0,0,0.00,999.00
17:07:23.980,399741.8289,4091872.8686,global,-31.49,-10.77,-1.236,2.00,3.95,-22.00,-19.60,9.00,0.30,0.50,99.00,0,0,0,0,0,0.00,999.00
17:07:24.027,399741.8289,4091872.8686,global,-30.63,-10.77,-1.236,2.00,3.95,-22.00,-19.60,9.00,0.30,0.50,99.00,0,0,0,0,0,0.00,999.00
17:07:24.076,399741.8289,4091872.8686,global,-30.06,-10.77,-1.236,2.00,3.99,-22.00,-19.48,9.00,0.30,0.50,99.00,0,0,0,0,0,0.00,999.00
17:07:24.125,399742.0496,4091872.7107,global,-29.28,-16.16,-1.345,2.00,3.99,-22.00,-19.48,9.00,0.30,0.50,99.00,0,0,0,0,0,0.00,999.00
17:07:24.176,399742.0496,4091872.7107,global,-28.46,-16.16,-1.345,2.00,3.99,-22.00,-19.48,9.00,0.30,0.50,99.00,0,0,0,0,0,0.00,999.00
17:07:24.227,399742.0496,4091872.7107,global,-27.89,-16.16,-1.345,2.00,4.04,-22.00,-19.52,9.00,0.30,0.50,99.00,0,0,0,0,0,0.00,999.00
17:07:24.279,399742.0496,4091872.7107,global,-27.34,-16.16,-1.345,2.00,4.04,-22.00,-19.52,9.00,0.30,0.50,99.00,0,0,0,0,0,0.00,999.00
17:07:24.325,399742.2794,4091872.5637,global,-26.47,-12.41,-1.416,2.00,3.95,-22.00,-19.85,9.00,0.30,0.50,99.00,0,0,0,0,0,0.00,999.00
17:07:24.375,399742.2794,4091872.5637,global,-25.61,-12.41,-1.416,2.00,3.95,-22.00,-19.85,9.00,0.30,0.50,99.00,0,0,0,0,0,0.00,999.00
17:07:24.426,399742.2794,4091872.5637,global,-25.03,-12.41,-1.416,2.00,3.95,-22.00,-19.85,9.00,0.30,0.50,99.00,0,0,0,0,0,0.00,999.00
17:07:24.478,399742.2794,4091872.5637,global,-24.45,-12.41,-1.416,2.00,4.15,-22.00,-19.84,9.00,0.30,0.50,99.00,0,0,0,0,0,0.00,999.00
17:07:24.527,399742.2794,4091872.5637,global,-23.64,-12.41,-1.416,2.00,4.15,-22.00,-19.84,9.00,0.30,0.50,99.00,0,0,0,0,0,0.00,999.00
17:07:24.587,399742.2794,4091872.5637,global,-23.06,-12.41,-1.416,2.00,4.19,-22.00,-19.84,9.00,0.30,0.50,99.00,0,0,0,0,0,0.00,999.00
17:07:24.627,399742.5180,4091872.4167,global,-22.20,-4.43,-1.458,2.00,4.19,-22.00,-19.84,9.00,0.30,0.50,99.00,0,0,0,0,0,0.00,999.00
17:07:24.678,399742.5180,4091872.4167,global,-21.63,-4.43,-1.458,2.00,4.03,-22.00,-19.82,9.00,0.30,0.50,99.00,0,0,0,0,0,0.00,999.00
17:07:24.725,399742.5180,4091872.4167,global,-20.79,-4.43,-1.458,2.00,4.03,-22.00,-19.82,9.00,0.30,0.50,99.00,0,0,0,0,0,0.00,999.00
17:07:24.776,399742.5180,4091872.4167,global,-19.91,-4.43,-1.458,2.00,4.23,-22.00,-19.95,9.00,0.30,0.50,99.00,0,0,0,0,0,0.00,999.00
17:07:24.827,399742.7746,4091872.2805,global,-19.36,-4.43,-1.574,2.00,4.23,-22.00,-19.95,9.00,0.30,0.50,99.00,0,0,0,0,0,0.00,999.00
17:07:24.878,399742.7746,4091872.2805,global,-18.78,-4.43,-1.574,2.00,4.23,-22.00,-19.95,9.00,0.30,0.50,99.00,0,0,0,0,0,0.00,999.00
17:07:24.930,399742.7746,4091872.2805,global,-17.89,-4.43,-1.574,2.00,4.26,-22.00,-19.82,9.00,0.30,0.50,99.00,0,0,0,0,0,0.00,999.00
17:07:24.980,399742.7746,4091872.2805,global,-17.32,-4.43,-1.574,2.00,4.26,-22.00,-19.82,9.00,0.30,0.50,99.00,0,0,0,0,0,0.00,999.00
17:07:25.030,399742.7746,4091872.2805,global,-16.77,-4.43,-1.574,2.00,3.99,-22.00,-19.49,9.00,0.30,0.50,99.00,0,0,0,0,0,0.00,999.00
17:07:25.077,399742.7746,4091872.2805,global,-15.92,-4.43,-1.574,2.00,3.99,-22.00,-19.49,9.00,0.30,0.50,99.00,0,0,0,0,0,0.00,999.00
17:07:25.128,399743.0406,4091872.1886,global,-15.01,-10.77,-1.643,2.00,3.99,-22.00,-19.49,9.00,0.30,0.50,99.00,0,0,0,0,0,0.00,999.00
17:07:25.179,399743.0406,4091872.1886,global,-14.46,-10.77,-1.643,2.00,4.26,-22.00,-19.91,9.00,0.30,0.50,99.00,0,0,0,0,0,0.00,999.00
17:07:25.230,399743.0406,4091872.1886,global,-13.60,-10.77,-1.643,2.00,4.26,-22.00,-19.91,9.00,0.30,0.50,99.00,0,0,0,0,0,0.00,999.00
17:07:25.279,399743.0406,4091872.1886,global,-13.01,-10.77,-1.643,2.00,4.39,-22.00,-19.42,9.00,0.30,0.50,99.00,0,0,0,0,0,0.00,999.00
17:07:25.325,399743.3246,4091872.1076,global,-12.15,-16.16,-1.648,2.00,4.39,-22.00,-19.42,9.00,0.30,0.50,99.00,0,0,0,0,0,0.00,999.00
17:07:25.376,399743.3246,4091872.1076,global,-11.59,-16.16,-1.648,2.00,4.39,-22.00,-19.42,9.00,0.30,0.50,99.00,0,0,0,0,0,0.00,999.00
17:07:25.428,399743.3246,4091872.1076,global,-10.69,-16.16,-1.648,2.00,4.15,-22.00,-19.82,9.00,0.30,0.50,99.00,0,0,0,0,0,0.00,999.00
17:07:25.477,399743.3246,4091872.1076,global,-10.10,-16.16,-1.648,2.00,4.15,-22.00,-19.82,9.00,0.30,0.50,99.00,0,0,0,0,0,0.00,999.00
17:07:25.526,399743.3246,4091872.1076,global,-9.23,-16.16,-1.648,2.00,4.43,-22.00,-19.84,9.00,0.30,0.50,99.00,0,0,0,0,0,0.00,999.00
17:07:25.579,399743.3246,4091872.1076,global,-8.61,-16.16,-1.648,2.00,4.43,-22.00,-19.84,9.00,0.30,0.50,99.00,0,0,0,0,0,0.00,999.00
17:07:25.626,399743.6082,4091872.0044,global,-7.70,-12.41,-1.667,2.00,4.23,-22.00,-20.20,9.00,0.30,0.50,99.00,0,0,0,0,0,0.00,999.00
17:07:25.677,399743.6082,4091872.0044,global,-7.11,-12.41,-1.667,2.00,4.23,-22.00,-20.20,9.00,0.30,0.50,99.00,0,0,0,0,0,0.00,999.00
17:07:25.725,399743.6082,4091872.0044,global,-6.22,-12.41,-1.667,2.00,4.23,-22.00,-20.20,9.00,0.30,0.50,99.00,0,0,0,0,0,0.00,999.00
17:07:25.777,399743.6082,4091872.0044,global,-5.62,-12.41,-1.667,2.00,4.29,-22.00,-19.84,9.00,0.30,0.50,99.00,0,0,0,0,0,0.00,999.00
17:07:25.825,399743.9013,4091871.9454,global,-4.75,-0.68,-1.598,2.00,4.29,-22.00,-19.84,9.00,0.30,0.50,99.00,0,0,0,0,0,0.00,999.00
17:07:25.875,399743.9013,4091871.9454,global,-3.83,-0.68,-1.598,2.00,4.39,-22.00,-19.81,9.00,0.30,0.50,99.00,0,0,0,0,0,0.00,999.00
17:07:25.926,399743.9013,4091871.9454,global,-3.21,-0.68,-1.598,2.00,4.39,-22.00,-19.81,9.00,0.30,0.50,99.00,0,0,0,0,0,0.00,999.00
17:07:25.980,399743.9013,4091871.9454,global,-2.63,-0.68,-1.598,2.00,4.39,-22.00,-19.81,9.00,0.30,0.50,99.00,0,0,0,0,0,0.00,999.00
17:07:26.027,399743.9013,4091871.9454,global,-2.04,-0.68,-1.598,2.00,4.15,-22.00,-19.80,9.00,0.30,0.50,99.00,0,0,0,0,0,0.00,999.00
17:07:26.076,399744.2034,4091871.8864,global,-0.83,-0.68,-1.653,2.00,4.15,-22.00,-19.80,9.00,0.30,0.50,99.00,0,0,0,0,0,0.00,999.00
17:07:26.125,399744.2034,4091871.8864,global,-0.24,-0.68,-1.653,2.00,4.15,-22.00,-19.80,9.00,0.30,0.50,99.00,0,0,0,0,0,0.00,999.00
17:07:26.179,399744.2034,4091871.8864,global,0.31,-0.68,-1.653,2.00,4.46,-22.00,-19.85,9.00,0.30,0.50,99.00,0,0,0,0,0,0.00,999.00
17:07:26.228,399744.2034,4091871.8864,global,1.22,-0.68,-1.653,2.00,4.46,-22.00,-19.85,9.00,0.30,0.50,99.00,0,0,0,0,0,0.00,999.00
17:07:26.280,399744.2034,4091871.8864,global,1.84,-0.68,-1.653,2.00,4.35,-22.00,-19.80,9.00,0.30,0.50,99.00,0,0,0,0,0,0.00,999.00
17:07:26.325,399744.4879,4091871.8608,global,2.77,-4.24,-1.660,2.00,4.35,-22.00,-19.80,9.00,0.30,0.50,99.00,0,0,0,0,0,0.00,999.00
17:07:26.375,399744.4879,4091871.8608,global,3.68,-4.24,-1.660,2.00,4.35,-22.00,-19.80,9.00,0.30,0.50,99.00,0,0,0,0,0,0.00,999.00
17:07:26.426,399744.4879,4091871.8608,global,4.33,-4.24,-1.660,2.00,4.43,-22.00,-20.86,9.00,0.30,0.50,99.00,0,0,0,0,0,0.00,999.00
17:07:26.477,399744.4879,4091871.8608,global,4.95,-4.24,-1.660,2.00,4.43,-22.00,-20.86,9.00,0.30,0.50,99.00,0,0,0,0,0,0.00,999.00
17:07:26.526,399744.4879,4091871.8608,global,5.86,-4.24,-1.660,2.00,4.43,-22.00,-19.42,9.00,0.30,0.50,99.00,0,0,0,0,0,0.00,999.00
17:07:26.578,399744.4879,4091871.8608,global,6.47,-4.24,-1.660,2.00,4.43,-22.00,-19.42,9.00,0.30,0.50,99.00,0,0,0,0,0,0.00,999.00
17:07:26.628,399744.8083,4091871.8459,global,7.40,2.42,-1.574,2.00,4.31,-22.00,-20.01,9.00,0.30,0.50,99.00,0,0,0,0,0,0.00,999.00
17:07:26.679,399744.8083,4091871.8459,global,7.98,2.42,-1.574,2.00,4.31,-22.00,-20.01,9.00,0.30,0.50,99.00,0,0,0,0,0,0.00,999.00
17:07:26.731,399744.8083,4091871.8459,global,8.91,2.42,-1.574,2.00,4.43,-22.00,-19.69,9.00,0.30,0.50,99.00,0,0,0,0,0,0.00,999.00
17:07:26.813,399744.8083,4091871.8459,global,9.52,2.42,-1.574,2.00,4.43,-22.00,-19.69,9.00,0.30,0.50,99.00,0,0,0,0,0,0.00,999.00
17:07:26.830,399744.8083,4091871.8459,global,9.84,2.42,-1.574,2.00,4.43,-22.00,-19.69,9.00,0.30,0.50,99.00,0,0,0,0,0,0.00,999.00
17:07:26.875,399745.1024,4091871.8757,global,11.37,2.42,-1.556,2.00,4.63,-22.00,-19.87,9.00,0.30,0.50,99.00,0,0,0,0,0,0.00,999.00
17:07:26.925,399745.1024,4091871.8757,global,11.96,2.42,-1.556,2.00,4.63,-22.00,-19.87,9.00,0.30,0.50,99.00,0,0,0,0,0,0.00,999.00
17:07:26.980,399745.1024,4091871.8757,global,12.61,2.42,-1.556,2.00,4.36,-22.00,-19.65,9.00,0.30,0.50,99.00,0,0,0,0,0,0.00,999.00
17:07:27.027,399745.1024,4091871.8757,global,13.56,2.42,-1.556,2.00,4.36,-22.00,-19.65,9.00,0.30,0.50,99.00,0,0,0,0,0,0.00,999.00
17:07:27.077,399745.1024,4091871.8757,global,14.17,2.42,-1.556,2.00,4.43,-22.00,-19.97,9.00,0.30,0.50,99.00,0,0,0,0,0,0.00,999.00
17:07:27.128,399745.4056,4091871.9165,global,15.09,-3.42,-1.517,2.00,4.43,-22.00,-19.97,9.00,0.30,0.50,99.00,0,0,0,0,0,0.00,999.00
17:07:27.180,399745.4056,4091871.9165,global,15.73,-3.42,-1.517,2.00,4.59,-22.00,-19.82,9.00,0.30,0.50,99.00,0,0,0,0,0,0.00,999.00
17:07:27.227,399745.4056,4091871.9165,global,16.66,-3.42,-1.517,2.00,4.59,-22.00,-19.82,9.00,0.30,0.50,99.00,0,0,0,0,0,0.00,999.00
17:07:27.278,399745.4056,4091871.9165,global,17.23,-3.42,-1.517,2.00,4.59,-22.00,-19.81,9.00,0.30,0.50,99.00,0,0,0,0,0,0.00,999.00
17:07:27.325,399745.7089,4091871.9684,global,18.10,-6.15,-1.449,2.00,4.43,-22.00,-19.81,9.00,0.30,0.50,99.00,0,0,0,0,0,0.00,999.00
17:07:27.376,399745.7089,4091871.9684,global,19.06,-6.15,-1.449,2.00,4.43,-22.00,-19.81,9.00,0.30,0.50,99.00,0,0,0,0,0,0.00,999.00
17:07:27.425,399745.7089,4091871.9684,global,19.37,-6.15,-1.449,2.00,4.60,-22.00,-20.65,9.00,0.30,0.50,99.00,0,0,0,0,0,0.00,999.00
17:07:27.480,399745.7089,4091871.9684,global,20.27,-6.15,-1.449,2.00,4.60,-22.00,-20.65,9.00,0.30,0.50,99.00,0,0,0,0,0,0.00,999.00
17:07:27.527,399745.7089,4091871.9684,global,21.20,-6.15,-1.449,2.00,4.46,-22.00,-19.64,9.00,0.30,0.50,99.00,0,0,0,0,0,0.00,999.00
17:07:27.579,399745.7089,4091871.9684,global,21.84,-6.15,-1.449,2.00,4.46,-22.00,-19.64,9.00,0.30,0.50,99.00,0,0,0,0,0,0.00,999.00
17:07:27.626,399746.0125,4091872.0425,global,23.09,-6.15,-1.343,2.00,4.48,-22.00,-19.88,9.00,0.30,0.50,99.00,0,0,0,0,0,0.00,999.00
17:07:27.675,399746.0125,4091872.0425,global,23.72,-6.15,-1.343,2.00,4.48,-22.00,-19.88,9.00,0.30,0.50,99.00,0,0,0,0,0,0.00,999.00
17:07:27.726,399746.0125,4091872.0425,global,24.37,-6.15,-1.343,2.00,4.48,-22.00,-19.88,9.00,0.30,0.50,99.00,0,0,0,0,0,0.00,999.00
17:07:27.775,399746.0125,4091872.0425,global,25.30,-6.15,-1.343,2.00,4.60,-22.00,-19.49,9.00,0.30,0.50,99.00,0,0,0,0,0,0.00,999.00
17:07:27.825,399746.3077,4091872.1611,global,25.96,-5.59,-1.183,2.00,4.60,-22.00,-19.49,9.00,0.30,0.50,99.00,0,0,0,0,0,0.00,999.00
17:07:27.876,399746.3077,4091872.1611,global,26.85,-5.59,-1.183,2.00,4.43,-22.00,-19.45,9.00,0.30,0.50,99.00,0,0,0,0,0,0.00,999.00
17:07:27.928,399746.3077,4091872.1611,global,27.42,-5.59,-1.183,2.00,4.43,-22.00,-19.45,9.00,0.30,0.50,99.00,0,0,0,0,0,0.00,999.00
17:07:27.975,399746.3077,4091872.1611,global,28.40,-5.59,-1.183,2.00,4.64,-22.00,-19.82,9.00,0.30,0.50,99.00,0,0,0,0,0,0.00,999.00
17:07:28.026,399746.3077,4091872.1611,global,29.03,-5.59,-1.183,2.00,4.64,-22.00,-19.82,9.00,0.30,0.50,99.00,0,0,0,0,0,0.00,999.00
17:07:28.075,399746.5940,4091872.2797,global,29.98,-5.59,-1.037,2.00,4.64,-22.00,-19.82,9.00,0.30,0.50,99.00,0,0,0,0,0,0.00,999.00
17:07:28.125,399746.5940,4091872.2797,global,30.62,-5.59,-1.037,2.00,4.57,-22.00,-19.93,9.00,0.30,0.50,99.00,0,0,0,0,0,0.00,999.00
17:07:28.176,399746.5940,4091872.2797,global,31.27,-5.59,-1.037,2.00,4.57,-21.66,-19.93,9.00,0.30,0.50,99.00,0,0,0,0,0,0.00,999.00
17:07:28.229,399746.5940,4091872.2797,global,32.28,-5.59,-1.037,2.00,4.43,-21.42,-19.73,9.00,0.30,0.50,99.00,0,0,0,0,0,0.00,999.00
17:07:28.280,399746.5940,4091872.2797,global,32.98,-5.59,-1.037,2.00,4.43,-20.72,-19.73,9.00,0.30,0.50,99.00,0,0,0,0,0,0.00,999.00
17:07:28.325,399746.8716,4091872.4096,global,33.91,-7.78,-0.873,2.00,4.70,-11.53,-19.51,9.00,0.30,0.50,99.00,0,0,0,0,0,0.00,999.00
17:07:28.376,399746.8716,4091872.4096,global,34.86,-7.78,-0.873,2.00,4.70,-10.58,-19.51,9.00,0.30,0.50,99.00,0,0,0,0,0,0.00,999.00
17:07:28.429,399746.8716,4091872.4096,global,35.52,-7.78,-0.873,2.00,4.70,-9.93,-19.51,9.00,0.30,0.50,99.00,0,0,0,0,0,0.00,999.00
17:07:28.479,399746.8716,4091872.4096,global,36.14,-7.78,-0.873,2.00,4.51,-10.43,-17.31,9.00,0.30,0.50,99.00,0,0,0,0,0,0.00,999.00
17:07:28.528,399746.8716,4091872.4096,global,36.96,-7.78,-0.873,2.00,4.51,-9.61,-17.31,9.00,0.30,0.50,99.00,0,0,0,0,0,0.00,999.00
17:07:28.575,399747.1494,4091872.5616,global,37.30,-5.27,-0.679,2.00,4.84,-2.73,-9.73,9.00,0.30,0.50,99.00,0,0,0,0,0,0.00,999.00
17:07:28.627,399747.1494,4091872.5616,global,37.32,-5.27,-0.679,2.00,4.84,-2.72,-9.73,9.00,0.30,0.50,99.00,0,0,0,0,0,0.00,999.00
17:07:28.677,399747.1494,4091872.5616,global,37.11,-5.27,-0.679,2.00,4.84,-2.93,-9.73,9.00,0.30,0.50,99.00,0,0,0,0,0,0.00,999.00
17:07:28.728,399747.1494,4091872.5616,global,36.58,-5.27,-0.679,2.00,4.57,-5.09,-2.69,9.00,0.30,0.50,99.00,0,0,0,0,0,0.00,999.00
17:07:28.775,399747.1494,4091872.5616,global,35.97,-5.27,-0.679,2.00,4.57,-5.70,-2.69,9.00,0.30,0.50,99.00,0,0,0,0,0,0.00,999.00
17:07:28.826,399747.1494,4091872.5616,global,35.49,-5.27,-0.679,2.00,4.57,-6.17,-2.69,9.00,0.30,0.50,99.00,0,0,0,0,0,0.00,999.00
17:07:28.880,399747.4361,4091872.7136,global,34.93,-5.27,-0.502,2.00,4.61,2.15,-0.50,9.00,0.30,0.50,99.00,0,0,0,0,0,0.00,999.00
17:07:28.928,399747.4361,4091872.7136,global,34.04,-5.27,-0.502,2.00,4.61,1.27,-0.50,9.00,0.30,0.50,99.00,0,0,0,0,0,0.00,999.00
17:07:28.981,399747.4361,4091872.7136,global,33.67,-5.27,-0.502,2.00,4.64,1.03,-5.30,9.00,0.30,0.50,99.00,0,0,0,0,0,0.00,999.00
17:07:29.027,399747.4361,4091872.7136,global,33.42,-5.27,-0.502,2.00,4.64,0.77,-5.30,9.00,0.30,0.50,99.00,0,0,0,0,0,0.00,999.00
17:07:29.080,399747.4361,4091872.7136,global,33.28,-5.27,-0.502,2.00,4.64,0.64,-5.30,9.00,0.30,0.50,99.00,0,0,0,0,0,0.00,999.00
17:07:29.130,399747.7402,4091872.8320,global,33.12,-12.80,-0.355,2.00,4.64,17.03,-5.70,9.00,0.30,0.50,99.00,0,0,0,0,0,0.00,999.00
17:07:29.180,399747.7402,4091872.8320,global,32.96,-12.80,-0.355,2.00,4.66,16.98,-5.70,9.00,0.30,0.50,99.00,0,0,0,0,0,0.00,999.00
17:07:29.227,399747.7402,4091872.8320,global,32.54,-12.80,-0.355,2.00,4.64,16.45,-0.21,9.00,0.30,0.50,99.00,0,0,0,0,0,0.00,999.00
17:07:29.279,399747.7402,4091872.8320,global,31.98,-12.80,-0.355,2.00,4.64,15.89,-0.21,9.00,0.30,0.50,99.00,0,0,0,0,0,0.00,999.00
17:07:29.327,399748.0441,4091872.9394,global,30.74,-8.02,-0.178,2.00,4.64,22.00,-0.21,9.00,0.30,0.50,99.00,0,0,0,0,0,0.00,999.00
17:07:29.375,399748.0441,4091872.9394,global,28.87,-8.02,-0.178,2.00,4.77,21.90,15.87,9.00,0.30,0.50,99.00,0,0,0,0,0,0.00,999.00
17:07:29.426,399748.0441,4091872.9394,global,27.22,-8.02,-0.178,2.00,4.77,20.25,15.87,9.00,0.30,0.50,99.00,0,0,0,0,0,0.00,999.00
17:07:29.481,399748.0441,4091872.9394,global,25.36,-8.02,-0.178,2.00,4.64,17.96,19.97,9.00,0.30,0.50,99.00,0,0,0,0,0,0.00,999.00
17:07:29.529,399748.0441,4091872.9394,global,22.53,-8.02,-0.178,2.00,4.64,15.13,19.97,9.00,0.30,0.50,99.00,0,0,0,0,0,0.00,999.00
17:07:29.577,399748.0441,4091872.9394,global,20.87,-8.02,-0.178,2.00,5.14,14.92,15.18,9.00,0.30,0.50,99.00,0,0,0,0,0,0.00,999.00
17:07:29.625,399748.3653,4091872.9911,global,18.65,-11.53,-0.083,2.00,5.14,22.00,15.18,9.00,0.30,0.50,99.00,0,0,0,0,0,0.00,999.00
17:07:29.676,399748.3653,4091872.9911,global,17.33,-11.53,-0.083,2.00,5.14,22.00,15.18,9.00,0.30,0.50,99.00,0,0,0,0,0,0.00,999.00
17:07:29.729,399748.3653,4091872.9911,global,15.50,-11.53,-0.083,2.00,4.60,19.64,11.44,9.00,0.30,0.50,99.00,0,0,0,0,0,0.00,999.00
17:07:29.784,399748.3653,4091872.9911,global,14.37,-11.53,-0.083,2.00,4.60,18.51,11.44,9.00,0.30,0.50,99.00,0,0,0,0,0,0.00,999.00
17:07:29.825,399748.6946,4091872.9872,global,12.69,-10.43,-0.022,2.00,4.34,21.01,15.21,9.00,0.30,0.50,99.00,0,0,0,0,0,0.00,999.00
17:07:29.875,399748.6946,4091872.9872,global,10.68,-10.43,-0.022,2.00,4.34,19.00,15.21,9.00,0.30,0.50,99.00,0,0,0,0,0,0.00,999.00
17:07:29.926,399748.6946,4091872.9872,global,9.10,-10.43,-0.022,2.00,4.34,17.42,15.21,9.00,0.30,0.50,99.00,0,0,0,0,0,0.00,999.00
17:07:29.980,399748.6946,4091872.9872,global,7.39,-10.43,-0.022,2.00,4.87,15.93,18.29,9.00,0.30,0.50,99.00,0,0,0,0,0,0.00,999.00
17:07:30.028,399748.6946,4091872.9872,global,4.92,-10.43,-0.022,2.00,4.87,13.46,18.29,9.00,0.30,0.50,99.00,0,0,0,0,0,0.00,999.00
17:07:30.076,399748.6946,4091872.9872,global,3.30,-10.43,-0.022,2.00,4.59,11.73,18.27,9.00,0.30,0.50,99.00,0,0,0,0,0,0.00,999.00
17:07:30.162,399748.9965,4091872.9170,global,0.87,-6.15,-0.045,2.00,4.59,2.98,18.27,9.00,0.30,0.50,99.00,0,0,0,0,0,0.00,999.00
17:07:30.181,399748.9965,4091872.9170,global,0.06,-6.15,-0.045,2.00,4.59,2.17,18.27,9.00,0.30,0.50,99.00,0,0,0,0,0,0.00,999.00
17:07:30.225,399748.9965,4091872.9170,global,-3.08,-6.15,-0.045,2.00,4.29,-1.25,15.77,9.00,0.30,0.50,99.00,0,0,0,0,0,0.00,999.00
17:07:30.277,399748.9965,4091872.9170,global,-5.17,-6.15,-0.045,2.00,4.29,-3.34,15.77,9.00,0.30,0.50,99.00,0,0,0,0,0,0.00,999.00
17:07:30.325,399749.2891,4091872.8137,global,-6.40,-15.14,-0.082,2.00,5.31,2.37,10.54,9.00,0.30,0.50,99.00,0,0,0,0,0,0.00,999.00
17:07:30.375,399749.2891,4091872.8137,global,-8.09,-15.14,-0.082,2.00,5.31,0.68,10.54,9.00,0.30,0.50,99.00,0,0,0,0,0,0.00,999.00
17:07:30.426,399749.2891,4091872.8137,global,-9.48,-15.14,-0.082,2.00,4.23,-2.31,3.13,9.00,0.30,0.50,99.00,0,0,0,0,0,0.00,999.00
17:07:30.477,399749.2891,4091872.8137,global,-9.84,-15.14,-0.082,2.00,4.23,-2.66,3.13,9.00,0.30,0.50,99.00,0,0,0,0,0,0.00,999.00
17:07:30.529,399749.2891,4091872.8137,global,-10.67,-15.14,-0.082,2.00,4.59,-2.89,-1.34,9.00,0.30,0.50,99.00,0,0,0,0,0,0.00,999.00
17:07:30.578,399749.2891,4091872.8137,global,-11.20,-15.14,-0.082,2.00,4.59,-3.41,-1.34,9.00,0.30,0.50,99.00,0,0,0,0,0,0.00,999.00
17:07:30.628,399749.5903,4091872.6881,global,-11.80,-8.86,-0.125,2.00,4.84,-13.44,-4.22,9.00,0.30,0.50,99.00,0,0,0,0,0,0.00,999.00
17:07:30.679,399749.5903,4091872.6881,global,-12.06,-8.86,-0.125,2.00,4.84,-13.71,-4.22,9.00,0.30,0.50,99.00,0,0,0,0,0,0.00,999.00
17:07:30.726,399749.5903,4091872.6881,global,-12.48,-8.86,-0.125,2.00,4.23,-15.59,-6.19,9.00,0.30,0.50,99.00,0,0,0,0,0,0.00,999.00
17:07:30.776,399749.5903,4091872.6881,global,-12.84,-8.86,-0.125,2.00,4.23,-15.95,-6.19,9.00,0.30,0.50,99.00,0,0,0,0,0,0.00,999.00
17:07:30.825,399749.8915,4091872.5625,global,-12.96,-13.67,-0.195,2.00,4.23,-17.67,-6.19,9.00,0.30,0.50,99.00,0,0,0,0,0,0.00,999.00
17:07:30.875,399749.8915,4091872.5625,global,-12.68,-13.67,-0.195,2.00,4.81,-15.32,-15.83,9.00,0.30,0.50,99.00,0,0,0,0,0,0.00,999.00
17:07:30.926,399749.8915,4091872.5625,global,-12.31,-13.67,-0.195,2.00,4.81,-14.95,-15.83,9.00,0.30,0.50,99.00,0,0,0,0,0,0.00,999.00
17:07:30.976,399749.8915,4091872.5625,global,-11.49,-13.67,-0.195,2.00,4.43,-15.42,-22.00,9.00,0.30,0.50,99.00,0,0,0,0,0,0.00,999.00
17:07:31.026,399749.8915,4091872.5625,global,-10.55,-13.67,-0.195,2.00,4.43,-14.48,-22.00,9.00,0.30,0.50,99.00,0,0,0,0,0,0.00,999.00
17:07:31.076,399750.1930,4091872.4591,global,-8.74,-18.58,-0.223,2.00,4.99,-8.01,-22.00,9.00,0.30,0.50,99.00,0,0,0,0,0,0.00,999.00
17:07:31.126,399750.1930,4091872.4591,global,-7.41,-18.58,-0.223,2.00,4.99,-6.69,-22.00,9.00,0.30,0.50,99.00,0,0,0,0,0,0.00,999.00
17:07:31.176,399750.1930,4091872.4591,global,-6.14,-18.58,-0.223,2.00,4.99,-5.42,-22.00,9.00,0.30,0.50,99.00,0,0,0,0,0,0.00,999.00
17:07:31.227,399750.1930,4091872.4591,global,-4.75,-18.58,-0.223,2.00,4.68,-5.14,-18.51,9.00,0.30,0.50,99.00,0,0,0,0,0,0.00,999.00
17:07:31.276,399750.1930,4091872.4591,global,-3.97,-18.58,-0.223,2.00,4.68,-4.36,-18.51,9.00,0.30,0.50,99.00,0,0,0,0,0,0.00,999.00
17:07:31.326,399750.5042,4091872.4221,global,-3.78,-13.67,-0.157,2.00,4.68,-3.65,-8.94,9.00,0.30,0.50,99.00,0,0,0,0,0,0.00,999.00
17:07:31.375,399750.5042,4091872.4221,global,-4.03,-13.67,-0.157,2.00,4.68,-3.89,-8.94,9.00,0.30,0.50,99.00,0,0,0,0,0,0.00,999.00
17:07:31.427,399750.5042,4091872.4221,global,-4.47,-13.67,-0.157,2.00,4.68,-4.34,-8.94,9.00,0.30,0.50,99.00,0,0,0,0,0,0.00,999.00
17:07:31.479,399750.5042,4091872.4221,global,-5.16,-13.67,-0.157,2.00,4.58,-5.30,2.54,9.00,0.30,0.50,99.00,0,0,0,0,0,0.00,999.00
17:07:31.529,399750.5042,4091872.4221,global,-6.31,-13.67,-0.157,2.00,4.58,-6.45,2.54,9.00,0.30,0.50,99.00,0,0,0,0,0,0.00,999.00
17:07:31.580,399750.5042,4091872.4221,global,-7.05,-13.67,-0.157,2.00,4.59,-7.18,2.51,9.00,0.30,0.50,99.00,0,0,0,0,0,0.00,999.00
17:07:31.628,399750.8147,4091872.3297,global,-8.06,-19.23,-0.168,2.00,4.59,-3.62,2.51,9.00,0.30,0.50,99.00,0,0,0,0,0,0.00,999.00
17:07:31.678,399750.8147,4091872.3297,global,-8.82,-19.23,-0.168,2.00,4.84,-3.66,-2.48,9.00,0.30,0.50,99.00,0,0,0,0,0,0.00,999.00
17:07:31.726,399750.8147,4091872.3297,global,-9.63,-19.23,-0.168,2.00,4.84,-4.47,-2.48,9.00,0.30,0.50,99.00,0,0,0,0,0,0.00,999.00
17:07:31.783,399750.8147,4091872.3297,global,-9.78,-19.23,-0.168,2.00,4.84,-4.61,-2.48,9.00,0.30,0.50,99.00,0,0,0,0,0,0.00,999.00
17:07:31.826,399751.1340,4091872.2261,global,-9.65,-17.33,-0.190,2.00,4.76,-8.33,-9.61,9.00,0.30,0.50,99.00,0,0,0,0,0,0.00,999.00
17:07:31.877,399751.1340,4091872.2261,global,-9.70,-17.33,-0.190,2.00,4.76,-8.38,-9.61,9.00,0.30,0.50,99.00,0,0,0,0,0,0.00,999.00
17:07:31.927,399751.1340,4091872.2261,global,-9.73,-17.33,-0.190,2.00,4.76,-8.41,-9.61,9.00,0.30,0.50,99.00,0,0,0,0,0,0.00,999.00
17:07:31.980,399751.1340,4091872.2261,global,-9.75,-17.33,-0.190,2.00,4.70,-8.62,-8.92,9.00,0.30,0.50,99.00,0,0,0,0,0,0.00,999.00
17:07:32.031,399751.1340,4091872.2261,global,-9.80,-17.33,-0.190,2.00,4.70,-8.68,-8.92,9.00,0.30,0.50,99.00,0,0,0,0,0,0.00,999.00
17:07:32.079,399751.1340,4091872.2261,global,-9.90,-17.33,-0.190,2.00,4.89,-8.16,-8.12,9.00,0.30,0.50,99.00,0,0,0,0,0,0.00,999.00
17:07:32.128,399751.4531,4091872.1113,global,-10.01,-9.91,-0.204,2.00,4.89,-16.83,-8.12,9.00,0.30,0.50,99.00,0,0,0,0,0,0.00,999.00
17:07:32.177,399751.4531,4091872.1113,global,-10.06,-9.91,-0.204,2.00,4.89,-16.88,-8.12,9.00,0.30,0.50,99.00,0,0,0,0,0,0.00,999.00
17:07:32.228,399751.4531,4091872.1113,global,-10.14,-9.91,-0.204,2.00,4.74,-17.47,-8.23,9.00,0.30,0.50,99.00,0,0,0,0,0,0.00,999.00
17:07:32.285,399751.4531,4091872.1113,global,-10.22,-9.91,-0.204,2.00,4.74,-17.54,-8.23,9.00,0.30,0.50,99.00,0,0,0,0,0,0.00,999.00
17:07:32.326,399751.4531,4091872.1113,global,-10.30,-9.91,-0.204,2.00,4.74,-17.63,-12.27,9.00,0.30,0.50,99.00,0,0,0,0,0,0.00,999.00
17:07:32.375,399751.7635,4091872.0078,global,-10.12,-3.65,-0.263,2.00,4.90,-22.00,-12.27,9.00,0.30,0.50,99.00,0,0,0,0,0,0.00,999.00
17:07:32.428,399751.7635,4091872.0078,global,-9.67,-3.65,-0.263,2.00,4.90,-22.00,-12.27,9.00,0.30,0.50,99.00,0,0,0,0,0,0.00,999.00
17:07:32.479,399751.7635,4091872.0078,global,-8.93,-3.65,-0.263,2.00,4.70,-22.00,-21.73,9.00,0.30,0.50,99.00,0,0,0,0,0,0.00,999.00
17:07:32.527,399751.7635,4091872.0078,global,-7.46,-3.65,-0.263,2.00,4.70,-22.00,-21.73,9.00,0.30,0.50,99.00,0,0,0,0,0,0.00,999.00
17:07:32.583,399751.7635,4091872.0078,global,-6.46,-3.65,-0.263,2.00,4.79,-22.00,-21.92,9.00,0.30,0.50,99.00,0,0,0,0,0,0.00,999.00
17:07:32.628,399752.0740,4091871.9154,global,-4.81,-3.78,-0.334,2.00,4.79,-22.00,-21.92,9.00,0.30,0.50,99.00,0,0,0,0,0,0.00,999.00
17:07:32.680,399752.0740,4091871.9154,global,-3.50,-3.78,-0.334,2.00,4.79,-22.00,-21.92,9.00,0.30,0.50,99.00,0,0,0,0,0,0.00,999.00
17:07:32.727,399752.0740,4091871.9154,global,-1.75,-3.78,-0.334,2.00,4.89,-22.00,-21.94,9.00,0.30,0.50,99.00,0,0,0,0,0,0.00,999.00
17:07:32.777,399752.0740,4091871.9154,global,-0.71,-3.78,-0.334,2.00,4.89,-22.00,-21.94,9.00,0.30,0.50,99.00,0,0,0,0,0,0.00,999.00
17:07:32.826,399752.0740,4091871.9154,global,0.94,-3.78,-0.334,2.00,4.89,-21.51,-21.94,9.00,0.30,0.50,99.00,0,0,0,0,0,0.00,999.00
17:07:32.878,399752.4122,4091871.9003,global,2.05,-13.44,-0.329,2.00,4.74,-11.03,-21.97,9.00,0.30,0.50,99.00,0,0,0,0,0,0.00,999.00
17:07:32.930,399752.4122,4091871.9003,global,3.64,-13.44,-0.329,2.00,4.74,-9.43,-21.97,9.00,0.30,0.50,99.00,0,0,0,0,0,0.00,999.00
17:07:32.976,399752.4122,4091871.9003,global,5.36,-13.44,-0.329,2.00,4.70,-7.92,-21.82,9.00,0.30,0.50,99.00,0,0,0,0,0,0.00,999.00
17:07:33.025,399752.4122,4091871.9003,global,6.41,-13.44,-0.329,2.00,4.70,-6.87,-21.82,9.00,0.30,0.50,99.00,0,0,0,0,0,0.00,999.00
17:07:33.075,399752.7326,4091871.8965,global,8.03,-12.41,-0.259,2.00,4.70,-1.20,-21.82,9.00,0.30,0.50,99.00,0,0,0,0,0,0.00,999.00
17:07:33.126,399752.7326,4091871.8965,global,8.80,-12.41,-0.259,2.00,4.60,-0.84,-16.60,9.00,0.30,0.50,99.00,0,0,0,0,0,0.00,999.00
17:07:33.175,399752.7326,4091871.8965,global,9.44,-12.41,-0.259,2.00,4.60,-0.20,-16.60,9.00,0.30,0.50,99.00,0,0,0,0,0,0.00,999.00
17:07:33.227,399752.7326,4091871.8965,global,9.49,-12.41,-0.259,2.00,4.19,-2.08,-7.43,9.00,0.30,0.50,99.00,0,0,0,0,0,0.00,999.00
17:07:33.277,399752.7326,4091871.8965,global,9.33,-12.41,-0.259,2.00,4.19,-2.23,-7.43,9.00,0.30,0.50,99.00,0,0,0,0,0,0.00,999.00
17:07:33.325,399753.0531,4091871.8927,global,8.67,-6.15,-0.188,2.00,5.85,1.80,1.57,9.00,0.30,0.50,99.00,0,0,0,0,0,0.00,999.00
17:07:33.375,399753.0531,4091871.8927,global,7.55,-6.15,-0.188,2.00,5.85,0.68,1.57,9.00,0.30,0.50,99.00,0,0,0,0,0,0.00,999.00
17:07:33.427,399753.0531,4091871.8927,global,6.53,-6.15,-0.188,2.00,5.85,-0.34,1.57,9.00,0.30,0.50,99.00,0,0,0,0,0,0.00,999.00
17:07:33.477,399753.0531,4091871.8927,global,5.31,-6.15,-0.188,2.00,4.26,-6.12,10.24,9.00,0.30,0.50,99.00,0,0,0,0,0,0.00,999.00
17:07:33.526,399753.0531,4091871.8927,global,3.51,-6.15,-0.188,2.00,4.26,-7.93,10.24,9.00,0.30,0.50,99.00,0,0,0,0,0,0.00,999.00
17:07:33.581,399753.0531,4091871.8927,global,2.33,-6.15,-0.188,2.00,5.44,-5.46,9.51,9.00,0.30,0.50,99.00,0,0,0,0,0,0.00,999.00
17:07:33.626,399753.3909,4091871.8443,global,0.64,-8.28,-0.199,2.00,5.44,-5.84,9.51,9.00,0.30,0.50,99.00,0,0,0,0,0,0.00,999.00
17:07:33.677,399753.3909,4091871.8443,global,-0.39,-8.28,-0.199,2.00,4.23,-10.82,-1.35,9.00,0.30,0.50,99.00,0,0,0,0,0,0.00,999.00
17:07:33.725,399753.3909,4091871.8443,global,-1.08,-8.28,-0.199,2.00,4.23,-11.51,-1.35,9.00,0.30,0.50,99.00,0,0,0,0,0,0.00,999.00
17:07:33.776,399753.3909,4091871.8443,global,-1.19,-8.28,-0.199,2.00,4.23,-11.62,-1.35,9.00,0.30,0.50,99.00,0,0,0,0,0,0.00,999.00
17:07:33.825,399753.7193,4091871.7628,global,-1.01,-8.28,-0.233,2.00,4.95,-11.41,-14.46,9.00,0.30,0.50,99.00,0,0,0,0,0,0.00,999.00
17:07:33.876,399753.7193,4091871.7628,global,-0.44,-8.28,-0.233,2.00,4.95,-10.84,-14.46,9.00,0.30,0.50,99.00,0,0,0,0,0,0.00,999.00
17:07:33.927,399753.7193,4091871.7628,global,0.13,-8.28,-0.233,2.00,4.39,-12.46,-20.09,9.00,0.30,0.50,99.00,0,0,0,0,0,0.00,999.00
17:07:33.980,399753.7193,4091871.7628,global,0.80,-8.28,-0.233,2.00,4.39,-11.79,-20.09,9.00,0.30,0.50,99.00,0,0,0,0,0,0.00,999.00
17:07:34.026,399753.7193,4091871.7628,global,1.86,-8.28,-0.233,2.00,4.84,-8.94,-15.92,9.00,0.30,0.50,99.00,0,0,0,0,0,0.00,999.00
17:07:34.075,399754.0394,4091871.7257,global,2.46,-10.11,-0.239,2.00,4.84,-7.03,-15.92,9.00,0.30,0.50,99.00,0,0,0,0,0,0.00,999.00
17:07:34.127,399754.0394,4091871.7257,global,2.73,-10.11,-0.239,2.00,4.84,-6.77,-15.92,9.00,0.30,0.50,99.00,0,0,0,0,0,0.00,999.00
17:07:34.179,399754.0394,4091871.7257,global,2.87,-10.11,-0.239,2.00,4.81,-6.72,-7.90,9.00,0.30,0.50,99.00,0,0,0,0,0,0.00,999.00
17:07:34.228,399754.0394,4091871.7257,global,2.71,-10.11,-0.239,2.00,4.81,-6.87,-7.90,9.00,0.30,0.50,99.00,0,0,0,0,0,0.00,999.00
17:07:34.283,399754.0394,4091871.7257,global,2.42,-10.11,-0.239,2.00,4.64,-7.86,-2.03,9.00,0.30,0.50,99.00,0,0,0,0,0,0.00,999.00
17:07:34.326,399754.0394,4091871.7257,global,1.85,-10.11,-0.239,2.00,4.64,-8.43,-2.03,9.00,0.30,0.50,99.00,0,0,0,0,0,0.00,999.00
17:07:34.378,399754.3593,4091871.6775,global,1.23,-12.80,-0.232,2.00,4.64,-5.77,-2.03,9.00,0.30,0.50,99.00,0,0,0,0,0,0.00,999.00
17:07:34.428,399754.3593,4091871.6775,global,0.19,-12.80,-0.232,2.00,4.89,-5.88,-1.59,9.00,0.30,0.50,99.00,0,0,0,0,0,0.00,999.00
17:07:34.478,399754.3593,4091871.6775,global,-0.32,-12.80,-0.232,2.00,4.89,-6.39,-1.59,9.00,0.30,0.50,99.00,0,0,0,0,0,0.00,999.00
17:07:34.527,399754.3593,4091871.6775,global,-0.63,-12.80,-0.232,2.00,4.99,-6.32,-7.94,9.00,0.30,0.50,99.00,0,0,0,0,0,0.00,999.00
17:07:34.575,399754.7058,4091871.6180,global,-0.87,-12.41,-0.214,2.00,4.99,-5.59,-7.94,9.00,0.30,0.50,99.00,0,0,0,0,0,0.00,999.00
17:07:34.654,399754.7058,4091871.6180,global,-0.84,-12.41,-0.214,2.00,4.99,-5.56,-7.94,9.00,0.30,0.50,99.00,0,0,0,0,0,0.00,999.00
17:07:34.675,399754.7058,4091871.6180,global,-0.79,-12.41,-0.214,2.00,4.99,-5.51,-7.04,9.00,0.30,0.50,99.00,0,0,0,0,0,0.00,999.00
17:07:34.725,399754.7058,4091871.6180,global,-0.84,-12.41,-0.214,2.00,4.80,-6.21,-7.04,9.00,0.30,0.50,99.00,0,0,0,0,0,0.00,999.00
17:07:34.776,399754.7058,4091871.6180,global,-1.04,-12.41,-0.214,2.00,4.80,-6.41,-7.04,9.00,0.30,0.50,99.00,0,0,0,0,0,0.00,999.00
17:07:34.825,399755.0259,4091871.5809,global,-1.55,-8.28,-0.189,2.00,4.84,-8.93,-2.76,9.00,0.30,0.50,99.00,0,0,0,0,0,0.00,999.00
17:07:34.876,399755.0259,4091871.5809,global,-2.14,-8.28,-0.189,2.00,4.84,-9.53,-2.76,9.00,0.30,0.50,99.00,0,0,0,0,0,0.00,999.00
17:07:34.925,399755.0259,4091871.5809,global,-2.58,-8.28,-0.189,2.00,4.99,-9.52,-2.48,9.00,0.30,0.50,99.00,0,0,0,0,0,0.00,999.00
17:07:34.976,399755.0259,4091871.5809,global,-3.00,-8.28,-0.189,2.00,4.99,-9.93,-2.48,9.00,0.30,0.50,99.00,0,0,0,0,0,0.00,999.00
17:07:35.029,399755.0259,4091871.5809,global,-3.55,-8.28,-0.189,2.00,4.99,-10.48,-2.48,9.00,0.30,0.50,99.00,0,0,0,0,0,0.00,999.00
17:07:35.079,399755.0259,4091871.5809,global,-3.71,-8.28,-0.189,2.00,4.58,-11.93,-9.47,9.00,0.30,0.50,99.00,0,0,0,0,0,0.00,999.00
17:07:35.125,399755.3541,4091871.4772,global,-3.69,-12.80,-0.229,2.00,4.58,-10.64,-9.47,9.00,0.30,0.50,99.00,0,0,0,0,0,0.00,999.00
17:07:35.177,399755.3541,4091871.4772,global,-3.58,-12.80,-0.229,2.00,4.58,-10.53,-9.47,9.00,0.30,0.50,99.00,0,0,0,0,0,0.00,999.00
17:07:35.229,399755.3541,4091871.4772,global,-3.22,-12.80,-0.229,2.00,4.81,-9.29,-14.21,9.00,0.30,0.50,99.00,0,0,0,0,0,0.00,999.00
17:07:35.281,399755.3541,4091871.4772,global,-2.86,-12.80,-0.229,2.00,4.81,-8.93,-14.21,9.00,0.30,0.50,99.00,0,0,0,0,0,0.00,999.00
17:07:35.327,399755.3541,4091871.4772,global,-2.45,-12.80,-0.229,2.00,5.09,-7.56,-14.10,9.00,0.30,0.50,99.00,0,0,0,0,0,0.00,999.00
17:07:35.378,399755.7006,4091871.4176,global,-2.16,-13.22,-0.210,2.00,5.09,-5.46,-14.10,9.00,0.30,0.50,99.00,0,0,0,0,0,0.00,999.00
17:07:35.430,399755.7006,4091871.4176,global,-1.63,-13.22,-0.210,2.00,5.09,-4.93,-14.10,9.00,0.30,0.50,99.00,0,0,0,0,0,0.00,999.00
17:07:35.481,399755.7006,4091871.4176,global,-1.35,-13.22,-0.210,2.00,4.65,-6.12,-9.67,9.00,0.30,0.50,99.00,0,0,0,0,0,0.00,999.00
17:07:35.531,399755.7006,4091871.4176,global,-1.31,-13.22,-0.210,2.00,4.65,-6.09,-9.67,9.00,0.30,0.50,99.00,0,0,0,0,0,0.00,999.00
17:07:35.581,399755.7006,4091871.4176,global,-1.49,-13.22,-0.210,2.00,5.04,-4.94,-3.45,9.00,0.30,0.50,99.00,0,0,0,0,0,0.00,999.00
17:07:35.628,399756.0291,4091871.3360,global,-1.97,-3.32,-0.230,2.00,5.04,-16.84,-3.45,9.00,0.30,0.50,99.00,0,0,0,0,0,0.00,999.00
17:07:35.680,399756.0291,4091871.3360,global,-2.51,-3.32,-0.230,2.00,5.04,-17.37,-3.45,9.00,0.30,0.50,99.00,0,0,0,0,0,0.00,999.00
17:07:35.731,399756.0291,4091871.3360,global,-3.47,-3.32,-0.230,2.00,5.06,-18.28,1.07,9.00,0.30,0.50,99.00,0,0,0,0,0,0.00,999.00
17:07:35.777,399756.0291,4091871.3360,global,-4.09,-3.32,-0.230,2.00,5.06,-18.89,1.07,9.00,0.30,0.50,99.00,0,0,0,0,0,0.00,999.00
17:07:35.826,399756.3575,4091871.2545,global,-5.06,-3.32,-0.237,2.00,4.84,-21.15,-5.64,9.00,0.30,0.50,99.00,0,0,0,0,0,0.00,999.00
17:07:35.877,399756.3575,4091871.2545,global,-5.41,-3.32,-0.237,2.00,4.84,-21.51,-5.64,9.00,0.30,0.50,99.00,0,0,0,0,0,0.00,999.00
17:07:35.929,399756.3575,4091871.2545,global,-5.32,-3.32,-0.237,2.00,4.84,-21.42,-5.64,9.00,0.30,0.50,99.00,0,0,0,0,0,0.00,999.00
17:07:35.980,399756.3575,4091871.2545,global,-4.89,-3.32,-0.237,2.00,4.95,-20.58,-21.45,9.00,0.30,0.50,99.00,0,0,0,0,0,0.00,999.00
17:07:36.030,399756.3575,4091871.2545,global,-3.75,-3.32,-0.237,2.00,4.95,-19.43,-21.45,9.00,0.30,0.50,99.00,0,0,0,0,0,0.00,999.00
17:07:36.078,399756.3575,4091871.2545,global,-2.67,-3.32,-0.237,2.00,4.64,-19.55,-22.00,9.00,0.30,0.50,99.00,0,0,0,0,0,0.00,999.00
17:07:36.128,399756.6861,4091871.1840,global,-0.68,-13.83,-0.281,2.00,4.64,-10.42,-22.00,9.00,0.30,0.50,99.00,0,0,0,0,0,0.00,999.00
17:07:36.178,399756.6861,4091871.1840,global,0.91,-13.83,-0.281,2.00,4.64,-8.83,-22.00,9.00,0.30,0.50,99.00,0,0,0,0,0,0.00,999.00
17:07:36.229,399756.6861,4091871.1840,global,3.18,-13.83,-0.281,2.00,5.09,-4.67,-21.58,9.00,0.30,0.50,99.00,0,0,0,0,0,0.00,999.00
17:07:36.287,399756.6861,4091871.1840,global,4.25,-13.83,-0.281,2.00,5.09,-3.59,-21.58,9.00,0.30,0.50,99.00,0,0,0,0,0,0.00,999.00
17:07:36.325,399756.9979,4091871.2025,global,5.54,-7.34,-0.195,2.00,4.67,-3.87,-16.52,9.00,0.30,0.50,99.00,0,0,0,0,0,0.00,999.00
17:07:36.376,399756.9979,4091871.2025,global,6.29,-7.34,-0.195,2.00,4.67,-3.13,-16.52,9.00,0.30,0.50,99.00,0,0,0,0,0,0.00,999.00
17:07:36.426,399756.9979,4091871.2025,global,6.47,-7.34,-0.195,2.00,4.67,-2.95,-16.52,9.00,0.30,0.50,99.00,0,0,0,0,0,0.00,999.00
17:07:36.477,399756.9979,4091871.2025,global,6.31,-7.34,-0.195,2.00,4.83,-2.56,-3.06,9.00,0.30,0.50,99.00,0,0,0,0,0,0.00,999.00
17:07:36.526,399756.9979,4091871.2025,global,5.66,-7.34,-0.195,2.00,4.83,-3.22,-3.06,9.00,0.30,0.50,99.00,0,0,0,0,0,0.00,999.00
17:07:36.576,399757.3359,4091871.1763,global,4.57,-9.53,-0.174,2.00,4.23,-2.39,4.76,9.00,0.30,0.50,99.00,0,0,0,0,0,0.00,999.00
17:07:36.626,399757.3359,4091871.1763,global,3.62,-9.53,-0.174,2.00,4.23,-3.34,4.76,9.00,0.30,0.50,99.00,0,0,0,0,0,0.00,999.00
17:07:36.679,399757.3359,4091871.1763,global,2.48,-9.53,-0.174,2.00,5.04,-1.95,6.07,9.00,0.30,0.50,99.00,0,0,0,0,0,0.00,999.00
17:07:36.726,399757.3359,4091871.1763,global,0.86,-9.53,-0.174,2.00,5.04,-3.57,6.07,9.00,0.30,0.50,99.00,0,0,0,0,0,0.00,999.00
17:07:36.780,399757.3359,4091871.1763,global,0.09,-9.53,-0.174,2.00,5.04,-4.35,6.07,9.00,0.30,0.50,99.00,0,0,0,0,0,0.00,999.00
17:07:36.827,399757.6645,4091871.1059,global,-0.64,-5.13,-0.200,2.00,4.92,-11.85,-4.26,9.00,0.30,0.50,99.00,0,0,0,0,0,0.00,999.00
17:07:36.879,399757.6645,4091871.1059,global,-0.94,-5.13,-0.200,2.00,4.92,-12.15,-4.26,9.00,0.30,0.50,99.00,0,0,0,0,0,0.00,999.00
17:07:36.925,399757.6645,4091871.1059,global,-1.16,-5.13,-0.200,2.00,4.59,-13.49,-11.01,9.00,0.30,0.50,99.00,0,0,0,0,0,0.00,999.00
17:07:36.977,399757.6645,4091871.1059,global,-1.08,-5.13,-0.200,2.00,4.59,-13.41,-11.01,9.00,0.30,0.50,99.00,0,0,0,0,0,0.00,999.00
17:07:37.028,399757.6645,4091871.1059,global,-0.67,-5.13,-0.200,2.00,4.59,-13.00,-11.01,9.00,0.30,0.50,99.00,0,0,0,0,0,0.00,999.00
17:07:37.082,399757.6645,4091871.1059,global,-0.23,-5.13,-0.200,2.00,4.74,-12.03,-17.29,9.00,0.30,0.50,99.00,0,0,0,0,0,0.00,999.00
17:07:37.125,399758.0024,4091871.0686,global,0.62,-7.14,-0.191,2.00,4.74,-8.45,-17.29,9.00,0.30,0.50,99.00,0,0,0,0,0,0.00,999.00
17:07:37.176,399758.0024,4091871.0686,global,1.36,-7.14,-0.191,2.00,4.74,-7.71,-17.29,9.00,0.30,0.50,99.00,0,0,0,0,0,0.00,999.00
17:07:37.227,399758.0024,4091871.0686,global,1.59,-7.14,-0.191,2.00,5.09,-6.42,-16.18,9.00,0.30,0.50,99.00,0,0,0,0,0,0.00,999.00
17:07:37.276,399758.0024,4091871.0686,global,2.65,-7.14,-0.191,2.00,5.09,-5.36,-16.18,9.00,0.30,0.50,99.00,0,0,0,0,0,0.00,999.00
17:07:37.326,399758.3136,4091871.0316,global,2.91,-12.41,-0.197,2.00,5.19,0.01,-9.31,9.00,0.30,0.50,99.00,0,0,0,0,0,0.00,999.00
17:07:37.376,399758.3136,4091871.0316,global,2.96,-12.41,-0.197,2.00,5.19,0.06,-9.31,9.00,0.30,0.50,99.00,0,0,0,0,0,0.00,999.00
17:07:37.430,399758.3136,4091871.0316,global,2.74,-12.41,-0.197,2.00,5.19,-0.16,-9.31,9.00,0.30,0.50,99.00,0,0,0,0,0,0.00,999.00
17:07:37.481,399758.3136,4091871.0316,global,2.25,-12.41,-0.197,2.00,4.82,-1.76,0.97,9.00,0.30,0.50,99.00,0,0,0,0,0,0.00,999.00
17:07:37.531,399758.3136,4091871.0316,global,1.26,-12.41,-0.197,2.00,4.82,-2.75,0.97,9.00,0.30,0.50,99.00,0,0,0,0,0,0.00,999.00
17:07:37.579,399758.3136,4091871.0316,global,0.51,-12.41,-0.197,2.00,4.82,-3.50,6.33,9.00,0.30,0.50,99.00,0,0,0,0,0,0.00,999.00
17:07:37.625,399758.6512,4091870.9722,global,-0.76,-7.14,-0.176,2.00,4.59,-9.08,6.33,9.00,0.30,0.50,99.00,0,0,0,0,0,0.00,999.00
17:07:37.677,399758.6512,4091870.9722,global,-1.82,-7.14,-0.176,2.00,4.59,-10.15,6.33,9.00,0.30,0.50,99.00,0,0,0,0,0,0.00,999.00
17:07:37.727,399758.6512,4091870.9722,global,-3.51,-7.14,-0.176,2.00,5.09,-10.38,1.40,9.00,0.30,0.50,99.00,0,0,0,0,0,0.00,999.00
17:07:37.786,399758.6512,4091870.9722,global,-4.19,-7.14,-0.176,2.00,5.09,-11.06,1.40,9.00,0.30,0.50,99.00,0,0,0,0,0,0.00,999.00
17:07:37.825,399758.9794,4091870.8684,global,-4.69,-14.67,-0.241,2.00,4.48,-11.19,-9.59,9.00,0.30,0.50,99.00,0,0,0,0,0,0.00,999.00
17:07:37.875,399758.9794,4091870.8684,global,-4.74,-14.67,-0.241,2.00,4.48,-11.24,-9.59,9.00,0.30,0.50,99.00,0,0,0,0,0,0.00,999.00
17:07:37.926,399758.9794,4091870.8684,global,-4.48,-14.67,-0.241,2.00,4.48,-10.98,-9.59,9.00,0.30,0.50,99.00,0,0,0,0,0,0.00,999.00
17:07:38.008,399758.9794,4091870.8684,global,-3.93,-14.67,-0.241,2.00,5.05,-8.22,-17.96,9.00,0.30,0.50,99.00,0,0,0,0,0,0.00,999.00
17:07:38.025,399758.9794,4091870.8684,global,-2.88,-14.67,-0.241,2.00,5.05,-7.17,-17.96,9.00,0.30,0.50,99.00,0,0,0,0,0,0.00,999.00
17:07:38.080,399758.9794,4091870.8684,global,-2.38,-14.67,-0.241,2.00,4.64,-8.24,-15.26,9.00,0.30,0.50,99.00,0,0,0,0,0,0.00,999.00
17:07:38.125,399759.2993,4091870.8203,global,-1.87,-2.98,-0.202,2.00,4.64,-16.28,-15.26,9.00,0.30,0.50,99.00,0,0,0,0,0,0.00,999.00
17:07:38.175,399759.2993,4091870.8203,global,-1.25,-2.98,-0.202,2.00,4.64,-15.67,-15.26,9.00,0.30,0.50,99.00,0,0,0,0,0,0.00,999.00
17:07:38.226,399759.2993,4091870.8203,global,-0.77,-2.98,-0.202,2.00,4.81,-14.58,-11.13,9.00,0.30,0.50,99.00,0,0,0,0,0,0.00,999.00
17:07:38.279,399759.2993,4091870.8203,global,-0.72,-2.98,-0.202,2.00,4.81,-14.53,-11.13,9.00,0.30,0.50,99.00,0,0,0,0,0,0.00,999.00
17:07:38.326,399759.6278,4091870.7387,global,-0.87,-5.59,-0.265,2.00,4.46,-18.47,-9.55,9.00,0.30,0.50,99.00,0,0,0,0,0,0.00,999.00
17:07:38.376,399759.6278,4091870.7387,global,-0.98,-5.59,-0.265,2.00,4.46,-18.57,-9.55,9.00,0.30,0.50,99.00,0,0,0,0,0,0.00,999.00
17:07:38.427,399759.6278,4091870.7387,global,-0.85,-5.59,-0.265,2.00,4.46,-18.45,-9.55,9.00,0.30,0.50,99.00,0,0,0,0,0,0.00,999.00
17:07:38.477,399759.6278,4091870.7387,global,-0.62,-5.59,-0.265,2.00,4.85,-16.54,-15.67,9.00,0.30,0.50,99.00,0,0,0,0,0,0.00,999.00
17:07:38.527,399759.6278,4091870.7387,global,-0.10,-5.59,-0.265,2.00,4.85,-16.02,-15.67,9.00,0.30,0.50,99.00,0,0,0,0,0,0.00,999.00
17:07:38.578,399759.6278,4091870.7387,global,0.46,-5.59,-0.265,2.00,4.79,-15.69,-22.00,9.00,0.30,0.50,99.00,0,0,0,0,0,0.00,999.00
17:07:38.627,399759.9481,4091870.7238,global,1.70,-7.14,-0.247,2.00,4.79,-11.50,-22.00,9.00,0.30,0.50,99.00,0,0,0,0,0,0.00,999.00
17:07:38.678,399759.9481,4091870.7238,global,2.75,-7.14,-0.247,2.00,4.68,-10.87,-21.45,9.00,0.30,0.50,99.00,0,0,0,0,0,0.00,999.00
17:07:38.727,399759.9481,4091870.7238,global,3.73,-7.14,-0.247,2.00,4.68,-9.89,-21.45,9.00,0.30,0.50,99.00,0,0,0,0,0,0.00,999.00
17:07:38.776,399759.9481,4091870.7238,global,4.65,-7.14,-0.247,2.00,4.68,-8.97,-21.45,9.00,0.30,0.50,99.00,0,0,0,0,0,0.00,999.00
17:07:38.825,399760.2775,4091870.7199,global,5.08,-7.55,-0.209,2.00,5.82,-1.84,-10.17,9.00,0.30,0.50,99.00,0,0,0,0,0,0.00,999.00
17:07:38.875,399760.2775,4091870.7199,global,5.10,-7.55,-0.209,2.00,5.82,-1.82,-10.17,9.00,0.30,0.50,99.00,0,0,0,0,0,0.00,999.00
17:07:38.928,399760.2775,4091870.7199,global,4.87,-7.55,-0.209,2.00,5.82,-2.05,-10.17,9.00,0.30,0.50,99.00,0,0,0,0,0,0.00,999.00
17:07:38.981,399760.2775,4091870.7199,global,4.47,-7.55,-0.209,2.00,4.42,-6.75,1.78,9.00,0.30,0.50,99.00,0,0,0,0,0,0.00,999.00
17:07:39.026,399760.2775,4091870.7199,global,3.49,-7.55,-0.209,2.00,4.42,-7.73,1.78,9.00,0.30,0.50,99.00,0,0,0,0,0,0.00,999.00
17:07:39.077,399760.2775,4091870.7199,global,2.50,-7.55,-0.209,2.00,4.42,-8.71,1.78,9.00,0.30,0.50,99.00,0,0,0,0,0,0.00,999.00
17:07:39.126,399760.6152,4091870.6716,global,0.73,-2.98,-0.182,2.00,4.48,-12.57,5.87,9.00,0.30,0.50,99.00,0,0,0,0,0,0.00,999.00
17:07:39.180,399760.6152,4091870.6716,global,-0.45,-2.98,-0.182,2.00,4.48,-13.75,5.87,9.00,0.30,0.50,99.00,0,0,0,0,0,0.00,999.00
17:07:39.228,399760.6152,4091870.6716,global,-1.50,-2.98,-0.182,2.00,4.79,-13.79,-4.31,9.00,0.30,0.50,99.00,0,0,0,0,0,0.00,999.00
17:07:39.281,399760.6152,4091870.6716,global,-1.69,-2.98,-0.182,2.00,4.79,-13.98,-4.31,9.00,0.30,0.50,99.00,0,0,0,0,0,0.00,999.00
17:07:39.329,399760.6152,4091870.6716,global,-1.73,-2.98,-0.182,2.00,5.24,-12.77,-14.07,9.00,0.30,0.50,99.00,0,0,0,0,0,0.00,999.00
17:07:39.376,399760.9346,4091870.5790,global,-1.31,-15.14,-0.263,2.00,5.24,-6.02,-14.07,9.00,0.30,0.50,99.00,0,0,0,0,0,0.00,999.00
17:07:39.427,399760.9346,4091870.5790,global,-0.67,-15.14,-0.263,2.00,5.24,-5.37,-14.07,9.00,0.30,0.50,99.00,0,0,0,0,0,0.00,999.00
17:07:39.479,399760.9346,4091870.5790,global,0.25,-15.14,-0.263,2.00,4.60,-6.96,-22.00,9.00,0.30,0.50,99.00,0,0,0,0,0,0.00,999.00
17:07:39.528,399760.9346,4091870.5790,global,1.74,-15.14,-0.263,2.00,4.60,-5.46,-22.00,9.00,0.30,0.50,99.00,0,0,0,0,0,0.00,999.00
17:07:39.583,399760.9346,4091870.5790,global,2.55,-15.14,-0.263,2.00,4.19,-6.60,-15.29,9.00,0.30,0.50,99.00,0,0,0,0,0,0.00,999.00
17:07:39.625,399761.2548,4091870.5531,global,3.12,-5.59,-0.210,2.00,4.19,-11.13,-15.29,9.00,0.30,0.50,99.00,0,0,0,0,0,0.00,999.00
17:07:39.676,399761.2548,4091870.5531,global,3.15,-5.59,-0.210,2.00,4.19,-11.10,-15.29,9.00,0.30,0.50,99.00,0,0,0,0,0,0.00,999.00
17:07:39.730,399761.2548,4091870.5531,global,2.76,-5.59,-0.210,2.00,5.40,-7.29,-0.82,9.00,0.30,0.50,99.00,0,0,0,0,0,0.00,999.00
17:07:39.777,399761.2548,4091870.5531,global,2.23,-5.59,-0.210,2.00,5.40,-7.82,-0.82,9.00,0.30,0.50,99.00,0,0,0,0,0,0.00,999.00
17:07:39.826,399761.5834,4091870.4826,global,0.93,-9.81,-0.241,2.00,4.19,-11.71,6.58,9.00,0.30,0.50,99.00,0,0,0,0,0,0.00,999.00
17:07:39.877,399761.5834,4091870.4826,global,-0.15,-9.81,-0.241,2.00,4.19,-12.80,6.58,9.00,0.30,0.50,99.00,0,0,0,0,0,0.00,999.00
17:07:39.929,399761.5834,4091870.4826,global,-1.73,-9.81,-0.241,2.00,4.84,-11.62,6.67,9.00,0.30,0.50,99.00,0,0,0,0,0,0.00,999.00
17:07:39.979,399761.5834,4091870.4826,global,-2.70,-9.81,-0.241,2.00,4.84,-12.59,6.67,9.00,0.30,0.50,99.00,0,0,0,0,0,0.00,999.00
17:07:40.029,399761.5834,4091870.4826,global,-3.63,-9.81,-0.241,2.00,5.04,-12.79,1.48,9.00,0.30,0.50,99.00,0,0,0,0,0,0.00,999.00
17:07:40.076,399761.5834,4091870.4826,global,-4.79,-9.81,-0.241,2.00,5.04,-13.96,1.48,9.00,0.30,0.50,99.00,0,0,0,0,0,0.00,999.00
17:07:40.129,399761.9027,4091870.3790,global,-5.36,-8.28,-0.271,2.00,5.04,-18.21,1.48,9.00,0.30,0.50,99.00,0,0,0,0,0,0.00,999.00
17:07:40.178,399761.9027,4091870.3790,global,-5.43,-8.28,-0.271,2.00,4.65,-19.90,-12.14,9.00,0.30,0.50,99.00,0,0,0,0,0,0.00,999.00
17:07:40.227,399761.9027,4091870.3790,global,-5.15,-8.28,-0.271,2.00,4.65,-19.62,-12.14,9.00,0.30,0.50,99.00,0,0,0,0,0,0.00,999.00
17:07:40.284,399761.9027,4091870.3790,global,-4.76,-8.28,-0.271,2.00,4.65,-19.24,-12.14,9.00,0.30,0.50,99.00,0,0,0,0,0,0.00,999.00
17:07:40.325,399762.2225,4091870.3197,global,-3.70,-17.98,-0.283,2.00,4.57,-9.78,-22.00,9.00,0.30,0.50,99.00,0,0,0,0,0,0.00,999.00
17:07:40.375,399762.2225,4091870.3197,global,-2.24,-17.98,-0.283,2.00,4.57,-8.32,-22.00,9.00,0.30,0.50,99.00,0,0,0,0,0,0.00,999.00
17:07:40.427,399762.2225,4091870.3197,global,-1.27,-17.98,-0.283,2.00,4.57,-7.35,-22.00,9.00,0.30,0.50,99.00,0,0,0,0,0,0.00,999.00
17:07:40.480,399762.2225,4091870.3197,global,-0.36,-17.98,-0.283,2.00,5.41,-3.04,-20.27,9.00,0.30,0.50,99.00,0,0,0,0,0,0.00,999.00
17:07:40.530,399762.2225,4091870.3197,global,0.97,-17.98,-0.283,2.00,5.41,-1.71,-20.27,9.00,0.30,0.50,99.00,0,0,0,0,0,0.00,999.00
17:07:40.579,399762.2225,4091870.3197,global,1.35,-17.98,-0.283,2.00,4.39,-5.59,-9.55,9.00,0.30,0.50,99.00,0,0,0,0,0,0.00,999.00
17:07:40.625,399762.5426,4091870.2826,global,1.37,-23.24,-0.212,2.00,4.39,5.46,-9.55,9.00,0.30,0.50,99.00,0,0,0,0,0,0.00,999.00
17:07:40.679,399762.5426,4091870.2826,global,1.05,-23.24,-0.212,2.00,4.39,5.14,-9.55,9.00,0.30,0.50,99.00,0,0,0,0,0,0.00,999.00
17:07:40.728,399762.5426,4091870.2826,global,0.57,-23.24,-0.212,2.00,4.65,5.63,0.86,9.00,0.30,0.50,99.00,0,0,0,0,0,0.00,999.00
17:07:40.777,399762.5426,4091870.2826,global,-0.64,-23.24,-0.212,2.00,4.65,4.43,0.86,9.00,0.30,0.50,99.00,0,0,0,0,0,0.00,999.00
17:07:40.825,399762.8624,4091870.2234,global,-1.55,-24.84,-0.183,2.00,4.65,7.49,0.86,9.00,0.30,0.50,99.00,0,0,0,0,0,0.00,999.00
17:07:40.876,399762.8624,4091870.2234,global,-2.76,-24.84,-0.183,2.00,4.43,5.56,8.71,9.00,0.30,0.50,99.00,0,0,0,0,0,0.00,999.00
17:07:40.928,399762.8624,4091870.2234,global,-3.96,-24.84,-0.183,2.00,4.43,4.36,8.71,9.00,0.30,0.50,99.00,0,0,0,0,0,0.00,999.00
17:07:40.979,399762.8624,4091870.2234,global,-5.25,-24.84,-0.183,2.00,4.94,4.69,10.31,9.00,0.30,0.50,99.00,0,0,0,0,0,0.00,999.00
17:07:41.027,399762.8624,4091870.2234,global,-6.94,-24.84,-0.183,2.00,4.94,3.00,10.31,9.00,0.30,0.50,99.00,0,0,0,0,0,0.00,999.00
17:07:41.076,399762.8624,4091870.2234,global,-8.02,-24.84,-0.183,2.00,4.43,0.30,8.34,9.00,0.30,0.50,99.00,0,0,0,0,0,0.00,999.00
17:07:41.127,399763.1814,4091870.0976,global,-9.68,-17.33,-0.167,2.00,4.43,-7.54,8.34,9.00,0.30,0.50,99.00,0,0,0,0,0,0.00,999.00
17:07:41.177,399763.1814,4091870.0976,global,-10.77,-17.33,-0.167,2.00,4.43,-8.62,8.34,9.00,0.30,0.50,99.00,0,0,0,0,0,0.00,999.00
17:07:41.232,399763.1814,4091870.0976,global,-12.15,-17.33,-0.167,2.00,4.95,-8.47,1.25,9.00,0.30,0.50,99.00,0,0,0,0,0,0.00,999.00
17:07:41.281,399763.1814,4091870.0976,global,-12.87,-17.33,-0.167,2.00,4.95,-9.20,1.25,9.00,0.30,0.50,99.00,0,0,0,0,0,0.00,999.00
17:07:41.325,399763.4825,4091869.9609,global,-13.40,-15.23,-0.212,2.00,4.89,-15.50,-10.13,9.00,0.30,0.50,99.00,0,0,0,0,0,0.00,999.00
17:07:41.375,399763.4825,4091869.9609,global,-13.21,-15.23,-0.212,2.00,4.89,-15.31,-10.13,9.00,0.30,0.50,99.00,0,0,0,0,0,0.00,999.00
17:07:41.428,399763.4825,4091869.9609,global,-12.76,-15.23,-0.212,2.00,4.89,-14.85,-10.13,9.00,0.30,0.50,99.00,0,0,0,0,0,0.00,999.00
17:07:41.478,399763.4825,4091869.9609,global,-12.09,-15.23,-0.212,2.00,4.60,-15.22,-22.00,9.00,0.30,0.50,99.00,0,0,0,0,0,0.00,999.00
17:07:41.528,399763.4825,4091869.9609,global,-10.75,-15.23,-0.212,2.00,4.60,-13.87,-22.00,9.00,0.30,0.50,99.00,0,0,0,0,0,0.00,999.00
17:07:41.580,399763.4825,4091869.9609,global,-9.78,-15.23,-0.212,2.00,4.74,-12.39,-22.00,9.00,0.30,0.50,99.00,0,0,0,0,0,0.00,999.00
17:07:41.626,399763.7933,4091869.8906,global,-8.17,-28.78,-0.155,2.00,4.74,7.36,-22.00,9.00,0.30,0.50,99.00,0,0,0,0,0,0.00,999.00
17:07:41.681,399763.7933,4091869.8906,global,-7.15,-28.78,-0.155,2.00,4.74,8.38,-22.00,9.00,0.30,0.50,99.00,0,0,0,0,0,0.00,999.00
17:07:41.726,399763.7933,4091869.8906,global,-6.08,-28.78,-0.155,2.00,4.99,10.08,-15.32,9.00,0.30,0.50,99.00,0,0,0,0,0,0.00,999.00
17:07:41.780,399763.7933,4091869.8906,global,-5.63,-28.78,-0.155,2.00,4.99,10.53,-15.32,9.00,0.30,0.50,99.00,0,0,0,0,0,0.00,999.00
17:07:41.826,399764.1130,4091869.8203,global,-5.26,-14.67,-0.067,2.00,5.44,4.36,-6.03,9.00,0.30,0.50,99.00,0,0,0,0,0,0.00,999.00
17:07:41.875,399764.1130,4091869.8203,global,-5.51,-14.67,-0.067,2.00,5.44,4.12,-6.03,9.00,0.30,0.50,99.00,0,0,0,0,0,0.00,999.00
17:07:41.927,399764.1130,4091869.8203,global,-6.17,-14.67,-0.067,2.00,5.44,3.46,-6.03,9.00,0.30,0.50,99.00,0,0,0,0,0,0.00,999.00
17:07:41.980,399764.1130,4091869.8203,global,-7.09,-14.67,-0.067,2.00,4.35,1.28,7.32,9.00,0.30,0.50,99.00,0,0,0,0,0,0.00,999.00
17:07:42.027,399764.1130,4091869.8203,global,-8.77,-14.67,-0.067,2.00,4.35,-0.40,7.32,9.00,0.30,0.50,99.00,0,0,0,0,0,0.00,999.00
17:07:42.078,399764.1130,4091869.8203,global,-9.89,-14.67,-0.067,2.00,4.59,-1.20,9.70,9.00,0.30,0.50,99.00,0,0,0,0,0,0.00,999.00
17:07:42.126,399764.4231,4091869.6945,global,-11.59,-24.67,-0.097,2.00,4.59,4.43,9.70,9.00,0.30,0.50,99.00,0,0,0,0,0,0.00,999.00
17:07:42.177,399764.4231,4091869.6945,global,-12.70,-24.67,-0.097,2.00,4.59,3.32,9.70,9.00,0.30,0.50,99.00,0,0,0,0,0,0.00,999.00
17:07:42.226,399764.4231,4091869.6945,global,-13.88,-24.67,-0.097,2.00,4.95,2.76,-1.29,9.00,0.30,0.50,99.00,0,0,0,0,0,0.00,999.00
17:07:42.282,399764.4231,4091869.6945,global,-14.36,-24.67,-0.097,2.00,4.95,2.28,-1.29,9.00,0.30,0.50,99.00,0,0,0,0,0,0.00,999.00
17:07:42.325,399764.7331,4091869.5577,global,-14.89,-19.06,-0.082,2.00,4.65,-3.07,-5.36,9.00,0.30,0.50,99.00,0,0,0,0,0,0.00,999.00
17:07:42.375,399764.7331,4091869.5577,global,-15.29,-19.06,-0.082,2.00,4.65,-3.47,-5.36,9.00,0.30,0.50,99.00,0,0,0,0,0,0.00,999.00
17:07:42.425,399764.7331,4091869.5577,global,-15.50,-19.06,-0.082,2.00,4.65,-3.68,-5.36,9.00,0.30,0.50,99.00,0,0,0,0,0,0.00,999.00
17:07:42.511,399764.7331,4091869.5577,global,-15.79,-19.06,-0.082,2.00,5.09,-3.35,-0.04,9.00,0.30,0.50,99.00,0,0,0,0,0,0.00,999.00
17:07:42.526,399764.7331,4091869.5577,global,-16.02,-19.06,-0.082,2.00,5.09,-3.58,-0.04,9.00,0.30,0.50,99.00,0,0,0,0,0,0.00,999.00
17:07:42.576,399765.0250,4091869.3989,global,-17.78,-23.93,-0.144,2.00,4.99,-5.62,2.18,9.00,0.30,0.50,99.00,0,0,0,0,0,0.00,999.00
17:07:42.626,399765.0250,4091869.3989,global,-18.49,-23.93,-0.144,2.00,4.99,-6.33,2.18,9.00,0.30,0.50,99.00,0,0,0,0,0,0.00,999.00
17:07:42.677,399765.0250,4091869.3989,global,-19.17,-23.93,-0.144,2.00,4.99,-7.01,2.18,9.00,0.30,0.50,99.00,0,0,0,0,0,0.00,999.00
17:07:42.726,399765.0250,4091869.3989,global,-20.22,-23.93,-0.144,2.00,4.78,-8.56,1.15,9.00,0.30,0.50,99.00,0,0,0,0,0,0.00,999.00
17:07:42.777,399765.0250,4091869.3989,global,-20.88,-23.93,-0.144,2.00,4.78,-9.22,1.15,9.00,0.30,0.50,99.00,0,0,0,0,0,0.00,999.00
17:07:42.826,399765.3164,4091869.1958,global,-21.76,-29.13,-0.212,2.00,4.64,-10.89,-3.33,9.00,0.30,0.50,99.00,0,0,0,0,0,0.00,999.00
17:07:42.876,399765.3164,4091869.1958,global,-22.14,-29.13,-0.212,2.00,4.64,-11.27,-3.33,9.00,0.30,0.50,99.00,0,0,0,0,0,0.00,999.00
17:07:42.930,399765.3164,4091869.1958,global,-22.52,-29.13,-0.212,2.00,4.64,-11.65,-3.33,9.00,0.30,0.50,99.00,0,0,0,0,0,0.00,999.00
17:07:42.977,399765.3164,4091869.1958,global,-22.59,-29.13,-0.212,2.00,4.96,-10.61,-11.50,9.00,0.30,0.50,99.00,0,0,0,0,0,0.00,999.00
17:07:43.026,399765.3164,4091869.1958,global,-22.43,-29.13,-0.212,2.00,4.96,-10.46,-11.50,9.00,0.30,0.50,99.00,0,0,0,0,0,0.00,999.00
17:07:43.077,399765.5992,4091869.0149,global,-22.06,-17.98,-0.249,2.00,4.96,-22.00,-11.50,9.00,0.30,0.50,99.00,0,0,0,0,0,0.00,999.00
17:07:43.125,399765.5992,4091869.0149,global,-21.74,-17.98,-0.249,2.00,4.71,-22.00,-14.93,9.00,0.30,0.50,99.00,0,0,0,0,0,0.00,999.00
17:07:43.177,399765.5992,4091869.0149,global,-21.35,-17.98,-0.249,2.00,4.71,-22.00,-14.93,9.00,0.30,0.50,99.00,0,0,0,0,0,0.00,999.00
17:07:43.225,399765.5992,4091869.0149,global,-20.92,-17.98,-0.249,2.00,4.99,-22.00,-11.09,9.00,0.30,0.50,99.00,0,0,0,0,0,0.00,999.00
17:07:43.279,399765.5992,4091869.0149,global,-20.83,-17.98,-0.249,2.00,4.99,-22.00,-11.09,9.00,0.30,0.50,99.00,0,0,0,0,0,0.00,999.00
17:07:43.325,399765.8999,4091868.8449,global,-20.80,-18.58,-0.317,2.00,4.79,-22.00,-12.64,9.00,0.30,0.50,99.00,0,0,0,0,0,0.00,999.00
17:07:43.376,399765.8999,4091868.8449,global,-20.64,-18.58,-0.317,2.00,4.79,-22.00,-12.64,9.00,0.30,0.50,99.00,0,0,0,0,0,0.00,999.00
17:07:43.427,399765.8999,4091868.8449,global,-20.04,-18.58,-0.317,2.00,4.79,-22.00,-12.64,9.00,0.30,0.50,99.00,0,0,0,0,0,0.00,999.00
17:07:43.477,399765.8999,4091868.8449,global,-19.44,-18.58,-0.317,2.00,4.74,-22.00,-21.94,9.00,0.30,0.50,99.00,0,0,0,0,0,0.00,999.00
17:07:43.530,399765.8999,4091868.8449,global,-18.08,-18.58,-0.317,2.00,4.74,-22.00,-21.94,9.00,0.30,0.50,99.00,0,0,0,0,0,0.00,999.00
17:07:43.578,399765.8999,4091868.8449,global,-17.00,-18.58,-0.317,2.00,4.94,-22.00,-22.00,9.00,0.30,0.50,99.00,0,0,0,0,0,0.00,999.00
17:07:43.626,399766.2010,4091868.7082,global,-15.11,-14.24,-0.322,2.00,4.94,-22.00,-22.00,9.00,0.30,0.50,99.00,0,0,0,0,0,0.00,999.00
17:07:43.676,399766.2010,4091868.7082,global,-13.77,-14.24,-0.322,2.00,4.94,-22.00,-22.00,9.00,0.30,0.50,99.00,0,0,0,0,0,0.00,999.00
17:07:43.725,399766.2010,4091868.7082,global,-11.91,-14.24,-0.322,2.00,4.74,-22.00,-21.91,9.00,0.30,0.50,99.00,0,0,0,0,0,0.00,999.00
17:07:43.776,399766.2010,4091868.7082,global,-9.96,-14.24,-0.322,2.00,4.74,-21.80,-21.91,9.00,0.30,0.50,99.00,0,0,0,0,0,0.00,999.00
17:07:43.825,399766.5030,4091868.6492,global,-8.84,-8.28,-0.295,2.00,5.09,-22.00,-21.96,9.00,0.30,0.50,99.00,0,0,0,0,0,0.00,999.00
17:07:43.876,399766.5030,4091868.6492,global,-7.75,-8.28,-0.295,2.00,5.09,-22.00,-21.96,9.00,0.30,0.50,99.00,0,0,0,0,0,0.00,999.00
17:07:43.929,399766.5030,4091868.6492,global,-6.09,-8.28,-0.295,2.00,4.55,-22.00,-22.00,9.00,0.30,0.50,99.00,0,0,0,0,0,0.00,999.00
17:07:43.978,399766.5030,4091868.6492,global,-4.98,-8.28,-0.295,2.00,4.55,-21.74,-22.00,9.00,0.30,0.50,99.00,0,0,0,0,0,0.00,999.00
17:07:44.025,399766.5030,4091868.6492,global,-3.22,-8.28,-0.295,2.00,5.04,-17.79,-21.60,9.00,0.30,0.50,99.00,0,0,0,0,0,0.00,999.00
17:07:44.079,399766.5030,4091868.6492,global,-2.04,-8.28,-0.295,2.00,5.04,-16.61,-21.60,9.00,0.30,0.50,99.00,0,0,0,0,0,0.00,999.00
17:07:44.125,399766.8317,4091868.5898,global,-0.46,1.63,-0.296,2.00,4.39,-22.00,-22.00,9.00,0.30,0.50,99.00,0,0,0,0,0,0.00,999.00
17:07:44.178,399766.8317,4091868.5898,global,0.63,1.63,-0.296,2.00,4.39,-22.00,-22.00,9.00,0.30,0.50,99.00,0,0,0,0,0,0.00,999.00
17:07:44.229,399766.8317,4091868.5898,global,1.72,1.63,-0.296,2.00,4.39,-22.00,-22.00,9.00,0.30,0.50,99.00,0,0,0,0,0,0.00,999.00
17:07:44.283,399766.8317,4091868.5898,global,3.40,1.63,-0.296,2.00,5.12,-20.84,-22.00,9.00,0.30,0.50,99.00,0,0,0,0,0,0.00,999.00
17:07:44.325,399767.1253,4091868.5753,global,4.97,6.93,-0.312,2.00,5.12,-22.00,-22.00,9.00,0.30,0.50,99.00,0,0,0,0,0,0.00,999.00
17:07:44.375,399767.1253,4091868.5753,global,6.51,6.93,-0.312,2.00,5.12,-22.00,-22.00,9.00,0.30,0.50,99.00,0,0,0,0,0,0.00,999.00
17:07:44.426,399767.1253,4091868.5753,global,7.56,6.93,-0.312,2.00,4.57,-22.00,-21.92,9.00,0.30,0.50,99.00,0,0,0,0,0,0.00,999.00
17:07:44.476,399767.1253,4091868.5753,global,8.61,6.93,-0.312,2.00,4.57,-22.00,-21.92,9.00,0.30,0.50,99.00,0,0,0,0,0,0.00,999.00
17:07:44.533,399767.1253,4091868.5753,global,10.22,6.93,-0.312,2.00,5.04,-20.73,-22.00,9.00,0.30,0.50,99.00,0,0,0,0,0,0.00,999.00
17:07:44.581,399767.1253,4091868.5753,global,11.25,6.93,-0.312,2.00,5.04,-19.69,-22.00,9.00,0.30,0.50,99.00,0,0,0,0,0,0.00,999.00
17:07:44.629,399767.4370,4091868.5827,global,12.81,15.97,-0.332,2.00,4.89,-22.00,-22.00,9.00,0.30,0.50,99.00,0,0,0,0,0,0.00,999.00
17:07:44.677,399767.4370,4091868.5827,global,13.85,15.97,-0.332,2.00,4.89,-22.00,-22.00,9.00,0.30,0.50,99.00,0,0,0,0,0,0.00,999.00
17:07:44.728,399767.4370,4091868.5827,global,14.90,15.97,-0.332,2.00,4.89,-22.00,-22.00,9.00,0.30,0.50,99.00,0,0,0,0,0,0.00,999.00
17:07:44.784,399767.4370,4091868.5827,global,16.44,15.97,-0.332,2.00,4.52,-22.00,-22.00,9.00,0.30,0.50,99.00,0,0,0,0,0,0.00,999.00
17:07:44.826,399767.7406,4091868.6567,global,17.97,28.61,-0.334,2.00,4.52,-22.00,-22.00,9.00,0.30,0.50,99.00,0,0,0,0,0,0.00,999.00
17:07:44.876,399767.7406,4091868.6567,global,19.01,28.61,-0.334,2.00,5.04,-22.00,-22.00,9.00,0.30,0.50,99.00,0,0,0,0,0,0.00,999.00
17:07:44.928,399767.7406,4091868.6567,global,20.56,28.61,-0.334,2.00,5.04,-22.00,-22.00,9.00,0.30,0.50,99.00,0,0,0,0,0,0.00,999.00
17:07:44.979,399767.7406,4091868.6567,global,21.63,28.61,-0.334,2.00,4.74,-22.00,-21.99,9.00,0.30,0.50,99.00,0,0,0,0,0,0.00,999.00
17:07:45.029,399767.7406,4091868.6567,global,23.25,28.61,-0.334,2.00,4.74,-22.00,-21.99,9.00,0.30,0.50,99.00,0,0,0,0,0,0.00,999.00
17:07:45.081,399767.7406,4091868.6567,global,24.25,28.61,-0.334,2.00,4.84,-22.00,-21.65,9.00,0.30,0.50,99.00,0,0,0,0,0,0.00,999.00
17:07:45.127,399768.0621,4091868.7417,global,26.36,25.32,-0.411,2.00,4.84,-22.00,-21.65,9.00,0.30,0.50,99.00,0,0,0,0,0,0.00,999.00
17:07:45.177,399768.0621,4091868.7417,global,26.89,25.32,-0.411,2.00,4.84,-22.00,-21.65,9.00,0.30,0.50,99.00,0,0,0,0,0,0.00,999.00
17:07:45.226,399768.0621,4091868.7417,global,28.40,25.32,-0.411,2.00,4.81,-22.00,-21.28,9.00,0.30,0.50,99.00,0,0,0,0,0,0.00,999.00
17:07:45.279,399768.0621,4091868.7417,global,29.42,25.32,-0.411,2.00,4.81,-22.00,-21.28,9.00,0.30,0.50,99.00,0,0,0,0,0,0.00,999.00
17:07:45.325,399768.3665,4091868.8824,global,30.97,30.21,-0.426,2.00,4.80,-22.00,-21.90,9.00,0.30,0.50,99.00,0,0,0,0,0,0.00,999.00
17:07:45.377,399768.3665,4091868.8824,global,31.99,30.21,-0.426,2.00,4.80,-22.00,-21.90,9.00,0.30,0.50,99.00,0,0,0,0,0,0.00,999.00
17:07:45.428,399768.3665,4091868.8824,global,33.57,30.21,-0.426,2.00,4.80,-22.00,-21.90,9.00,0.30,0.50,99.00,0,0,0,0,0,0.00,999.00
17:07:45.479,399768.3665,4091868.8824,global,34.63,30.21,-0.426,2.00,4.77,-22.00,-21.97,9.00,0.30,0.50,99.00,0,0,0,0,0,0.00,999.00
17:07:45.533,399768.3665,4091868.8824,global,36.25,30.21,-0.426,2.00,4.77,-22.00,-21.97,9.00,0.30,0.50,99.00,0,0,0,0,0,0.00,999.00
17:07:45.575,399768.3665,4091868.8824,global,37.26,30.21,-0.426,2.00,4.85,-22.00,-21.66,9.00,0.30,0.50,99.00,0,0,0,0,0,0.00,999.00
17:07:45.626,399768.6623,4091869.0564,global,38.85,42.84,-0.439,2.00,4.85,-22.00,-21.66,9.00,0.30,0.50,99.00,0,0,0,0,0,0.00,999.00
17:07:45.678,399768.6623,4091869.0564,global,39.91,42.84,-0.439,2.00,4.85,-22.00,-21.66,9.00,0.30,0.50,99.00,0,0,0,0,0,0.00,999.00
17:07:45.726,399768.6623,4091869.0564,global,41.49,42.84,-0.439,2.00,5.09,-22.00,-21.99,9.00,0.30,0.50,99.00,0,0,0,0,0,0.00,999.00
17:07:45.776,399768.6623,4091869.0564,global,42.55,42.84,-0.439,2.00,5.09,-22.00,-21.99,9.00,0.30,0.50,99.00,0,0,0,0,0,0.00,999.00
17:07:45.853,399768.6623,4091869.0564,global,44.10,42.84,-0.439,2.00,5.09,-22.00,-21.99,9.00,0.30,0.50,99.00,0,0,0,0,0,0.00,999.00
17:07:45.875,399768.9230,4091869.2641,global,45.71,38.33,-0.467,2.00,5.09,-22.00,-22.00,9.00,0.30,0.50,99.00,0,0,0,0,0,0.00,999.00
17:07:45.925,399768.9230,4091869.2641,global,46.75,38.33,-0.467,2.00,4.74,-22.00,-22.00,9.00,0.30,0.50,99.00,0,0,0,0,0,0.00,999.00
17:07:45.976,399768.9230,4091869.2641,global,47.77,38.33,-0.467,2.00,4.74,-22.00,-22.00,9.00,0.30,0.50,99.00,0,0,0,0,0,0.00,999.00
17:07:46.027,399768.9230,4091869.2641,global,49.42,38.33,-0.467,2.00,5.13,-22.00,-22.00,9.00,0.30,0.50,99.00,0,0,0,0,0,0.00,999.00
17:07:46.079,399768.9230,4091869.2641,global,50.49,38.33,-0.467,2.00,5.13,-21.07,-22.00,9.00,0.30,0.50,99.00,0,0,0,0,0,0.00,999.00
17:07:46.130,399769.1573,4091869.5054,global,51.99,54.02,-0.429,2.00,4.55,-22.00,-21.68,9.00,0.30,0.50,99.00,0,0,0,0,0,0.00,999.00
17:07:46.180,399769.1573,4091869.5054,global,53.08,54.02,-0.429,2.00,4.55,-22.00,-21.68,9.00,0.30,0.50,99.00,0,0,0,0,0,0.00,999.00
17:07:46.232,399769.1573,4091869.5054,global,54.71,54.02,-0.429,2.00,5.24,-22.00,-22.00,9.00,0.30,0.50,99.00,0,0,0,0,0,0.00,999.00
17:07:46.279,399769.1573,4091869.5054,global,55.74,54.02,-0.429,2.00,5.24,-22.00,-22.00,9.00,0.30,0.50,99.00,0,0,0,0,0,0.00,999.00
17:07:46.326,399769.3649,4091869.7471,global,57.36,52.08,-0.453,2.00,5.04,-22.00,-21.58,9.00,0.30,0.50,99.00,0,0,0,0,0,0.00,999.00
17:07:46.375,399769.3649,4091869.7471,global,58.42,52.08,-0.453,2.00,5.04,-22.00,-21.58,9.00,0.30,0.50,99.00,0,0,0,0,0,0.00,999.00
17:07:46.429,399769.3649,4091869.7471,global,60.02,52.08,-0.453,2.00,5.04,-22.00,-21.58,9.00,0.30,0.50,99.00,0,0,0,0,0,0.00,999.00
17:07:46.481,399769.3649,4091869.7471,global,61.13,52.08,-0.453,2.00,4.95,-22.00,-22.00,9.00,0.30,0.50,99.00,0,0,0,0,0,0.00,999.00
17:07:46.527,399769.3649,4091869.7471,global,62.73,52.08,-0.453,2.00,4.95,-22.00,-22.00,9.00,0.30,0.50,99.00,0,0,0,0,0,0.00,999.00
17:07:46.578,399769.3649,4091869.7471,global,63.79,52.08,-0.453,2.00,4.95,-21.67,-22.00,9.00,0.30,0.50,99.00,0,0,0,0,0,0.00,999.00
17:07:46.629,399769.5465,4091870.0445,global,65.43,58.73,-0.428,2.00,4.99,-22.00,-22.00,9.00,0.30,0.50,99.00,0,0,0,0,0,0.00,999.00
17:07:46.680,399769.5465,4091870.0445,global,66.54,58.73,-0.428,2.00,4.99,-22.00,-22.00,9.00,0.30,0.50,99.00,0,0,0,0,0,0.00,999.00
17:07:46.731,399769.5465,4091870.0445,global,68.19,58.73,-0.428,2.00,4.99,-22.00,-21.76,9.00,0.30,0.50,99.00,0,0,0,0,0,0.00,999.00
17:07:46.780,399769.5465,4091870.0445,global,69.29,58.73,-0.428,2.00,4.99,-21.14,-21.76,9.00,0.30,0.50,99.00,0,0,0,0,0,0.00,999.00
17:07:46.826,399769.7015,4091870.3534,global,70.95,59.50,-0.375,2.00,5.04,-16.74,-21.96,9.00,0.30,0.50,99.00,0,0,0,0,0,0.00,999.00
17:07:46.877,399769.7015,4091870.3534,global,72.10,59.50,-0.375,2.00,5.04,-15.59,-21.96,9.00,0.30,0.50,99.00,0,0,0,0,0,0.00,999.00
17:07:46.928,399769.7015,4091870.3534,global,73.67,59.50,-0.375,2.00,5.04,-14.03,-21.96,9.00,0.30,0.50,99.00,0,0,0,0,0,0.00,999.00
17:07:46.979,399769.7015,4091870.3534,global,74.76,59.50,-0.375,2.00,5.05,-12.87,-21.69,9.00,0.30,0.50,99.00,0,0,0,0,0,0.00,999.00
17:07:47.032,399769.7015,4091870.3534,global,76.31,59.50,-0.375,2.00,5.05,-11.32,-21.69,9.00,0.30,0.50,99.00,0,0,0,0,0,0.00,999.00
17:07:47.079,399769.7015,4091870.3534,global,77.28,59.50,-0.375,2.00,5.48,-8.46,-19.66,9.00,0.30,0.50,99.00,0,0,0,0,0,0.00,999.00
17:07:47.130,399769.8123,4091870.6849,global,78.42,65.13,-0.305,2.00,5.48,-8.56,-19.66,9.00,0.30,0.50,99.00,0,0,0,0,0,0.00,999.00
17:07:47.180,399769.8123,4091870.6849,global,78.91,65.13,-0.305,2.00,5.48,-8.07,-19.66,9.00,0.30,0.50,99.00,0,0,0,0,0,0.00,999.00
17:07:47.229,399769.8123,4091870.6849,global,79.23,65.13,-0.305,2.00,4.68,-11.07,-11.06,9.00,0.30,0.50,99.00,0,0,0,0,0,0.00,999.00
17:07:47.282,399769.8123,4091870.6849,global,79.40,65.13,-0.305,2.00,4.68,-10.90,-11.06,9.00,0.30,0.50,99.00,0,0,0,0,0,0.00,999.00
17:07:47.326,399769.9232,4091871.0276,global,79.41,65.83,-0.263,2.00,5.39,-5.75,-4.25,9.00,0.30,0.50,99.00,0,0,0,0,0,0.00,999.00
17:07:47.375,399769.9232,4091871.0276,global,78.73,65.83,-0.263,2.00,5.39,-6.44,-4.25,9.00,0.30,0.50,99.00,0,0,0,0,0,0.00,999.00
17:07:47.426,399769.9232,4091871.0276,global,78.02,65.83,-0.263,2.00,5.39,-7.15,-4.25,9.00,0.30,0.50,99.00,0,0,0,0,0,0.00,999.00
17:07:47.479,399769.9232,4091871.0276,global,77.37,65.83,-0.263,2.00,4.81,-9.94,-4.97,9.00,0.30,0.50,99.00,0,0,0,0,0,0.00,999.00
17:07:47.527,399769.9232,4091871.0276,global,76.83,65.83,-0.263,2.00,4.81,-10.48,-4.97,9.00,0.30,0.50,99.00,0,0,0,0,0,0.00,999.00
17:07:47.585,399769.9232,4091871.0276,global,76.71,65.83,-0.263,2.00,5.79,-7.22,-7.88,9.00,0.30,0.50,99.00,0,0,0,0,0,0.00,999.00
17:07:47.625,399770.0697,4091871.3698,global,76.53,61.18,-0.251,2.00,5.79,-2.00,-7.88,9.00,0.30,0.50,99.00,0,0,0,0,0,0.00,999.00
17:07:47.676,399770.0697,4091871.3698,global,76.29,61.18,-0.251,2.00,5.79,-2.24,-7.88,9.00,0.30,0.50,99.00,0,0,0,0,0,0.00,999.00
17:07:47.727,399770.0697,4091871.3698,global,76.27,61.18,-0.251,2.00,5.23,-3.99,-11.75,9.00,0.30,0.50,99.00,0,0,0,0,0,0.00,999.00
17:07:47.779,399770.0697,4091871.3698,global,76.52,61.18,-0.251,2.00,5.23,-3.75,-11.75,9.00,0.30,0.50,99.00,0,0,0,0,0,0.00,999.00
17:07:47.826,399770.2163,4091871.7231,global,76.90,69.88,-0.211,2.00,5.48,-8.43,-10.72,9.00,0.30,0.50,99.00,0,0,0,0,0,0.00,999.00
17:07:47.876,399770.2163,4091871.7231,global,77.38,69.88,-0.211,2.00,5.48,-7.96,-10.72,9.00,0.30,0.50,99.00,0,0,0,0,0,0.00,999.00
17:07:47.926,399770.2163,4091871.7231,global,77.37,69.88,-0.211,2.00,5.48,-7.96,-10.72,9.00,0.30,0.50,99.00,0,0,0,0,0,0.00,999.00
17:07:47.975,399770.2163,4091871.7231,global,76.74,69.88,-0.211,2.00,5.16,-9.52,-3.67,9.00,0.30,0.50,99.00,0,0,0,0,0,0.00,999.00
17:07:48.025,399770.2163,4091871.7231,global,76.32,69.88,-0.211,2.00,5.16,-9.93,-3.67,9.00,0.30,0.50,99.00,0,0,0,0,0,0.00,999.00
17:07:48.075,399770.3627,4091872.0542,global,75.88,67.46,-0.231,2.00,5.39,-8.76,-3.78,9.00,0.30,0.50,99.00,0,0,0,0,0,0.00,999.00
17:07:48.125,399770.3627,4091872.0542,global,75.79,67.46,-0.231,2.00,5.39,-8.85,-3.78,9.00,0.30,0.50,99.00,0,0,0,0,0,0.00,999.00
17:07:48.176,399770.3627,4091872.0542,global,75.51,67.46,-0.231,2.00,5.39,-9.13,-3.78,9.00,0.30,0.50,99.00,0,0,0,0,0,0.00,999.00
17:07:48.228,399770.3627,4091872.0542,global,74.91,67.46,-0.231,2.00,5.23,-10.23,-5.59,9.00,0.30,0.50,99.00,0,0,0,0,0,0.00,999.00
17:07:48.277,399770.3627,4091872.0542,global,74.15,67.46,-0.231,2.00,5.23,-10.99,-5.59,9.00,0.30,0.50,99.00,0,0,0,0,0,0.00,999.00
17:07:48.325,399770.5181,4091872.3964,global,74.13,67.46,-0.244,2.00,5.39,-11.37,-6.52,9.00,0.30,0.50,99.00,0,0,0,0,0,0.00,999.00
17:07:48.376,399770.5181,4091872.3964,global,73.84,67.46,-0.244,2.00,5.39,-11.66,-6.52,9.00,0.30,0.50,99.00,0,0,0,0,0,0.00,999.00
17:07:48.430,399770.5181,4091872.3964,global,73.45,67.46,-0.244,2.00,5.44,-11.88,-7.76,9.00,0.30,0.50,99.00,0,0,0,0,0,0.00,999.00
17:07:48.479,399770.5181,4091872.3964,global,73.21,67.46,-0.244,2.00,5.44,-12.13,-7.76,9.00,0.30,0.50,99.00,0,0,0,0,0,0.00,999.00
17:07:48.526,399770.5181,4091872.3964,global,73.04,67.46,-0.244,2.00,5.39,-12.46,-8.27,9.00,0.30,0.50,99.00,0,0,0,0,0,0.00,999.00
17:07:48.579,399770.5181,4091872.3964,global,72.94,67.46,-0.244,2.00,5.39,-12.56,-8.27,9.00,0.30,0.50,99.00,0,0,0,0,0,0.00,999.00
17:07:48.626,399770.6913,4091872.7383,global,72.85,72.17,-0.267,2.00,5.39,-18.95,-8.27,9.00,0.30,0.50,99.00,0,0,0,0,0,0.00,999.00
17:07:48.676,399770.6913,4091872.7383,global,72.83,72.17,-0.267,2.00,5.19,-19.64,-10.39,9.00,0.30,0.50,99.00,0,0,0,0,0,0.00,999.00
17:07:48.727,399770.6913,4091872.7383,global,72.78,72.17,-0.267,2.00,5.19,-19.69,-10.39,9.00,0.30,0.50,99.00,0,0,0,0,0,0.00,999.00
17:07:48.776,399770.6913,4091872.7383,global,72.71,72.17,-0.267,2.00,5.39,-19.10,-10.02,9.00,0.30,0.50,99.00,0,0,0,0,0,0.00,999.00
17:07:48.825,399770.8645,4091873.0802,global,72.75,72.17,-0.327,2.00,5.39,-22.00,-10.02,9.00,0.30,0.50,99.00,0,0,0,0,0,0.00,999.00
17:07:48.875,399770.8645,4091873.0802,global,72.85,72.17,-0.327,2.00,5.39,-22.00,-10.02,9.00,0.30,0.50,99.00,0,0,0,0,0,0.00,999.00
17:07:48.926,399770.8645,4091873.0802,global,73.06,72.17,-0.327,2.00,5.23,-22.00,-13.66,9.00,0.30,0.50,99.00,0,0,0,0,0,0.00,999.00
17:07:48.978,399770.8645,4091873.0802,global,73.32,72.17,-0.327,2.00,5.23,-22.00,-13.66,9.00,0.30,0.50,99.00,0,0,0,0,0,0.00,999.00
17:07:49.027,399770.8645,4091873.0802,global,73.99,72.17,-0.327,2.00,5.39,-21.80,-20.39,9.00,0.30,0.50,99.00,0,0,0,0,0,0.00,999.00
17:07:49.076,399770.8645,4091873.0802,global,74.73,72.17,-0.327,2.00,5.39,-21.05,-20.39,9.00,0.30,0.50,99.00,0,0,0,0,0,0.00,999.00
17:07:49.127,399771.0108,4091873.4113,global,76.10,72.77,-0.366,2.00,5.39,-22.00,-20.39,9.00,0.30,0.50,99.00,0,0,0,0,0,0.00,999.00
17:07:49.176,399771.0108,4091873.4113,global,77.32,72.77,-0.366,2.00,5.29,-21.90,-22.00,9.00,0.30,0.50,99.00,0,0,0,0,0,0.00,999.00
17:07:49.226,399771.0108,4091873.4113,global,78.77,72.77,-0.366,2.00,5.29,-20.45,-22.00,9.00,0.30,0.50,99.00,0,0,0,0,0,0.00,999.00
17:07:49.280,399771.0108,4091873.4113,global,80.98,72.77,-0.366,2.00,4.84,-20.35,-22.00,9.00,0.30,0.50,99.00,0,0,0,0,0,0.00,999.00
17:07:49.326,399771.0950,4091873.7543,global,83.19,74.92,-0.348,2.00,4.84,-19.09,-22.00,9.00,0.30,0.50,99.00,0,0,0,0,0,0.00,999.00
17:07:49.377,399771.0950,4091873.7543,global,84.60,74.92,-0.348,2.00,4.84,-17.68,-22.00,9.00,0.30,0.50,99.00,0,0,0,0,0,0.00,999.00
17:07:49.429,399771.0950,4091873.7543,global,86.79,74.92,-0.348,2.00,5.87,-11.21,-22.00,9.00,0.30,0.50,99.00,0,0,0,0,0,0.00,999.00
17:07:49.479,399771.0950,4091873.7543,global,88.28,74.92,-0.348,2.00,5.87,-9.72,-22.00,9.00,0.30,0.50,99.00,0,0,0,0,0,0.00,999.00
17:07:49.530,399771.0950,4091873.7543,global,90.49,74.92,-0.348,2.00,4.39,-14.12,-21.97,9.00,0.30,0.50,99.00,0,0,0,0,0,0.00,999.00
17:07:49.582,399771.0950,4091873.7543,global,91.92,74.92,-0.348,2.00,4.39,-12.69,-21.97,9.00,0.30,0.50,99.00,0,0,0,0,0,0.00,999.00
17:07:49.625,399771.1169,4091874.0980,global,94.05,74.35,-0.278,2.00,5.34,-0.87,-21.94,9.00,0.30,0.50,99.00,0,0,0,0,0,0.00,999.00
17:07:49.676,399771.1169,4091874.0980,global,95.26,74.35,-0.278,2.00,5.34,0.35,-21.94,9.00,0.30,0.50,99.00,0,0,0,0,0,0.00,999.00
17:07:49.729,399771.1169,4091874.0980,global,96.17,74.35,-0.278,2.00,5.34,1.26,-21.94,9.00,0.30,0.50,99.00,0,0,0,0,0,0.00,999.00
17:07:49.780,399771.1169,4091874.0980,global,97.04,74.35,-0.278,2.00,6.50,5.56,-12.59,9.00,0.30,0.50,99.00,0,0,0,0,0,0.00,999.00
17:07:49.825,399771.1211,4091874.4530,global,97.47,81.71,-0.199,2.00,6.50,3.35,-12.59,9.00,0.30,0.50,99.00,0,0,0,0,0,0.00,999.00
17:07:49.875,399771.1211,4091874.4530,global,97.15,81.71,-0.199,2.00,5.19,0.04,-1.29,9.00,0.30,0.50,99.00,0,0,0,0,0,0.00,999.00
17:07:49.927,399771.1211,4091874.4530,global,96.50,81.71,-0.199,2.00,5.19,-0.60,-1.29,9.00,0.30,0.50,99.00,0,0,0,0,0,0.00,999.00
17:07:49.979,399771.1211,4091874.4530,global,95.41,81.71,-0.199,2.00,6.39,1.09,11.00,9.00,0.30,0.50,99.00,0,0,0,0,0,0.00,999.00
17:07:50.032,399771.1211,4091874.4530,global,93.39,81.71,-0.199,2.00,6.39,-0.93,11.00,9.00,0.30,0.50,99.00,0,0,0,0,0,0.00,999.00
17:07:50.081,399771.1211,4091874.4530,global,91.67,81.71,-0.199,2.00,6.39,-2.65,12.08,9.00,0.30,0.50,99.00,0,0,0,0,0,0.00,999.00
17:07:50.125,399771.1698,4091874.8075,global,89.00,87.03,-0.196,2.00,5.82,-11.68,12.08,9.00,0.30,0.50,99.00,0,0,0,0,0,0.00,999.00
17:07:50.176,399771.1698,4091874.8075,global,87.67,87.03,-0.196,2.00,5.82,-13.00,12.08,9.00,0.30,0.50,99.00,0,0,0,0,0,0.00,999.00
17:07:50.230,399771.1698,4091874.8075,global,86.57,87.03,-0.196,2.00,5.37,-15.18,-2.50,9.00,0.30,0.50,99.00,0,0,0,0,0,0.00,999.00
17:07:50.279,399771.1698,4091874.8075,global,86.15,87.03,-0.196,2.00,5.37,-15.61,-2.50,9.00,0.30,0.50,99.00,0,0,0,0,0,0.00,999.00
17:07:50.352,399771.1698,4091874.8075,global,85.89,87.03,-0.196,2.00,5.93,-14.53,-13.27,9.00,0.30,0.50,99.00,0,0,0,0,0,0.00,999.00
17:07:50.375,399771.2630,4091875.1614,global,86.31,98.91,-0.292,2.00,5.93,-22.00,-13.27,9.00,0.30,0.50,99.00,0,0,0,0,0,0.00,999.00
17:07:50.425,399771.2630,4091875.1614,global,86.98,98.91,-0.292,2.00,5.93,-22.00,-13.27,9.00,0.30,0.50,99.00,0,0,0,0,0,0.00,999.00
17:07:50.477,399771.2630,4091875.1614,global,87.91,98.91,-0.292,2.00,5.16,-22.00,-20.14,9.00,0.30,0.50,99.00,0,0,0,0,0,0.00,999.00
17:07:50.528,399771.2630,4091875.1614,global,89.38,98.91,-0.292,2.00,5.16,-22.00,-20.14,9.00,0.30,0.50,99.00,0,0,0,0,0,0.00,999.00
17:07:50.576,399771.3117,4091875.5159,global,90.40,108.95,-0.412,2.00,5.14,-22.00,-21.73,9.00,0.30,0.50,99.00,0,0,0,0,0,0.00,999.00
17:07:50.626,399771.3117,4091875.5159,global,91.05,108.95,-0.412,2.00,5.14,-22.00,-21.73,9.00,0.30,0.50,99.00,0,0,0,0,0,0.00,999.00
17:07:50.677,399771.3117,4091875.5159,global,91.96,108.95,-0.412,2.00,5.09,-22.00,-22.00,9.00,0.30,0.50,99.00,0,0,0,0,0,0.00,999.00
17:07:50.726,399771.3117,4091875.5159,global,93.76,108.95,-0.412,2.00,5.09,-22.00,-22.00,9.00,0.30,0.50,99.00,0,0,0,0,0,0.00,999.00
17:07:50.776,399771.3117,4091875.5159,global,95.64,108.95,-0.412,2.00,5.09,-22.00,-22.00,9.00,0.30,0.50,99.00,0,0,0,0,0,0.00,999.00
17:07:50.825,399771.3071,4091875.8821,global,96.82,117.47,-0.531,2.00,5.64,-22.00,-22.00,9.00,0.30,0.50,99.00,0,0,0,0,0,0.00,999.00
17:07:50.876,399771.3071,4091875.8821,global,98.52,117.47,-0.531,2.00,5.64,-22.00,-22.00,9.00,0.30,0.50,99.00,0,0,0,0,0,0.00,999.00
17:07:50.929,399771.3071,4091875.8821,global,99.63,117.47,-0.531,2.00,5.19,-22.00,-21.61,9.00,0.30,0.50,99.00,0,0,0,0,0,0.00,999.00
17:07:50.978,399771.3071,4091875.8821,global,100.72,117.47,-0.531,2.00,5.19,-22.00,-21.61,9.00,0.30,0.50,99.00,0,0,0,0,0,0.00,999.00
17:07:51.027,399771.3071,4091875.8821,global,102.56,117.47,-0.531,2.00,5.39,-22.00,-22.00,9.00,0.30,0.50,99.00,0,0,0,0,0,0.00,999.00
17:07:51.077,399771.3071,4091875.8821,global,103.76,117.47,-0.531,2.00,5.39,-22.00,-22.00,9.00,0.30,0.50,99.00,0,0,0,0,0,0.00,999.00
17:07:51.131,399771.2667,4091876.2265,global,105.46,124.40,-0.660,2.00,5.39,-22.00,-22.00,9.00,0.30,0.50,99.00,0,0,0,0,0,0.00,999.00
17:07:51.176,399771.2667,4091876.2265,global,106.47,124.40,-0.660,2.00,5.26,-22.00,-21.81,9.00,0.30,0.50,99.00,0,0,0,0,0,0.00,999.00
17:07:51.230,399771.2667,4091876.2265,global,108.17,124.40,-0.660,2.00,5.26,-22.00,-21.81,9.00,0.30,0.50,99.00,0,0,0,0,0,0.00,999.00
17:07:51.282,399771.2667,4091876.2265,global,109.34,124.40,-0.660,2.00,5.44,-22.00,-21.88,9.00,0.30,0.50,99.00,0,0,0,0,0,0.00,999.00
17:07:51.325,399771.1731,4091876.5938,global,111.15,131.84,-0.803,2.00,5.44,-22.00,-21.88,9.00,0.30,0.50,99.00,0,0,0,0,0,0.00,999.00
17:07:51.377,399771.1731,4091876.5938,global,112.20,131.84,-0.803,2.00,5.44,-22.00,-21.88,9.00,0.30,0.50,99.00,0,0,0,0,0,0.00,999.00
17:07:51.429,399771.1731,4091876.5938,global,113.89,131.84,-0.803,2.00,4.91,-22.00,-22.00,9.00,0.30,0.50,99.00,0,0,0,0,0,0.00,999.00
17:07:51.478,399771.1731,4091876.5938,global,114.97,131.84,-0.803,2.00,4.91,-22.00,-22.00,9.00,0.30,0.50,99.00,0,0,0,0,0,0.00,999.00
17:07:51.531,399771.1731,4091876.5938,global,116.61,131.84,-0.803,2.00,6.05,-22.00,-21.90,9.00,0.30,0.50,99.00,0,0,0,0,0,0.00,999.00
17:07:51.579,399771.1731,4091876.5938,global,117.69,131.84,-0.803,2.00,6.05,-22.00,-21.90,9.00,0.30,0.50,99.00,0,0,0,0,0,0.00,999.00
17:07:51.626,399771.0343,4091876.9061,global,119.47,148.64,-0.916,2.00,5.04,-22.00,-22.00,9.00,0.30,0.50,99.00,0,0,0,0,0,0.00,999.00
17:07:51.678,399771.0343,4091876.9061,global,120.63,148.64,-0.916,2.00,5.04,-22.00,-22.00,9.00,0.30,0.50,99.00,0,0,0,0,0,0.00,999.00
17:07:51.731,399771.0343,4091876.9061,global,122.29,148.64,-0.916,2.00,5.04,-22.00,-22.00,9.00,0.30,0.50,99.00,0,0,0,0,0,0.00,999.00
17:07:51.776,399771.0343,4091876.9061,global,123.96,148.64,-0.916,2.00,5.09,-22.00,-22.00,9.00,0.30,0.50,99.00,0,0,0,0,0,0.00,999.00
17:07:51.825,399770.8689,4091877.2187,global,125.09,149.79,-1.059,2.00,5.09,-22.00,-22.00,9.00,0.30,0.50,99.00,0,0,0,0,0,0.00,999.00
17:07:51.875,399770.8689,4091877.2187,global,126.21,149.79,-1.059,2.00,5.73,-22.00,-22.00,9.00,0.30,0.50,99.00,0,0,0,0,0,0.00,999.00
17:07:51.928,399770.8689,4091877.2187,global,127.91,149.79,-1.059,2.00,5.73,-22.00,-22.00,9.00,0.30,0.50,99.00,0,0,0,0,0,0.00,999.00
17:07:51.979,399770.8689,4091877.2187,global,129.07,149.79,-1.059,2.00,5.14,-22.00,-21.92,9.00,0.30,0.50,99.00,0,0,0,0,0,0.00,999.00
17:07:52.029,399770.8689,4091877.2187,global,130.76,149.79,-1.059,2.00,5.14,-22.00,-21.92,9.00,0.30,0.50,99.00,0,0,0,0,0,0.00,999.00
17:07:52.080,399770.8689,4091877.2187,global,131.88,149.79,-1.059,2.00,5.39,-22.00,-21.77,9.00,0.30,0.50,99.00,0,0,0,0,0,0.00,999.00
17:07:52.129,399770.6675,4091877.5096,global,133.64,149.79,-1.209,2.00,5.39,-22.00,-21.77,9.00,0.30,0.50,99.00,0,0,0,0,0,0.00,999.00
17:07:52.176,399770.6675,4091877.5096,global,134.78,149.79,-1.209,2.00,5.39,-22.00,-22.00,9.00,0.30,0.50,99.00,0,0,0,0,0,0.00,999.00
17:07:52.229,399770.6675,4091877.5096,global,136.51,149.79,-1.209,2.00,5.64,-22.00,-22.00,9.00,0.30,0.50,99.00,0,0,0,0,0,0.00,999.00
17:07:52.279,399770.6675,4091877.5096,global,137.66,149.79,-1.209,2.00,5.64,-22.00,-22.00,9.00,0.30,0.50,99.00,0,0,0,0,0,0.00,999.00
17:07:52.326,399770.6675,4091877.5096,global,139.24,149.79,-1.209,2.00,5.09,-22.00,-21.92,9.00,0.30,0.50,99.00,0,0,0,0,0,0.00,999.00
17:07:52.377,399770.4125,4091877.7789,global,140.36,152.31,-1.317,2.00,5.09,-22.00,-21.92,9.00,0.30,0.50,99.00,0,0,0,0,0,0.00,999.00
17:07:52.429,399770.4125,4091877.7789,global,142.01,152.31,-1.317,2.00,5.09,-22.00,-21.92,9.00,0.30,0.50,99.00,0,0,0,0,0,0.00,999.00
17:07:52.478,399770.4125,4091877.7789,global,143.20,152.31,-1.317,2.00,5.47,-22.00,-22.00,9.00,0.30,0.50,99.00,0,0,0,0,0,0.00,999.00
17:07:52.528,399770.4125,4091877.7789,global,144.82,152.31,-1.317,2.00,5.47,-22.00,-22.00,9.00,0.30,0.50,99.00,0,0,0,0,0,0.00,999.00
17:07:52.576,399770.4125,4091877.7789,global,146.44,152.31,-1.317,2.00,5.44,-22.00,-22.00,9.00,0.30,0.50,99.00,0,0,0,0,0,0.00,999.00
17:07:52.626,399770.1481,4091878.0039,global,147.60,148.44,-1.373,2.00,5.44,-22.00,-22.00,9.00,0.30,0.50,99.00,0,0,0,0,0,0.00,999.00
17:07:52.676,399770.1481,4091878.0039,global,148.72,148.44,-1.373,2.00,5.44,-22.00,-22.00,9.00,0.30,0.50,99.00,0,0,0,0,0,0.00,999.00
17:07:52.727,399770.1481,4091878.0039,global,149.83,148.44,-1.373,2.00,4.99,-22.00,-21.98,9.00,0.30,0.50,99.00,0,0,0,0,0,0.00,999.00
17:07:52.779,399770.1481,4091878.0039,global,151.56,148.44,-1.373,2.00,4.99,-22.00,-21.98,9.00,0.30,0.50,99.00,0,0,0,0,0,0.00,999.00
17:07:52.826,399770.1481,4091878.0039,global,153.26,148.44,-1.373,2.00,5.73,-22.00,-21.83,9.00,0.30,0.50,99.00,0,0,0,0,0,0.00,999.00
17:07:52.876,399769.8478,4091878.2072,global,154.36,153.24,-1.383,2.00,5.73,-22.00,-21.83,9.00,0.30,0.50,99.00,0,0,0,0,0,0.00,999.00
17:07:52.929,399769.8478,4091878.2072,global,156.05,153.24,-1.383,2.00,5.73,-22.00,-21.83,9.00,0.30,0.50,99.00,0,0,0,0,0,0.00,999.00
17:07:52.975,399769.8478,4091878.2072,global,157.65,153.24,-1.383,2.00,4.89,-22.00,-21.95,9.00,0.30,0.50,99.00,0,0,0,0,0,0.00,999.00
17:07:53.025,399769.8478,4091878.2072,global,158.75,153.24,-1.383,2.00,4.89,-22.00,-21.95,9.00,0.30,0.50,99.00,0,0,0,0,0,0.00,999.00
17:07:53.075,399769.5290,4091878.3552,global,160.42,154.55,-1.370,2.00,4.89,-22.00,-21.95,9.00,0.30,0.50,99.00,0,0,0,0,0,0.00,999.00
17:07:53.125,399769.5290,4091878.3552,global,161.56,154.55,-1.370,2.00,5.58,-22.00,-21.51,9.00,0.30,0.50,99.00,0,0,0,0,0,0.00,999.00
17:07:53.176,399769.5290,4091878.3552,global,162.69,154.55,-1.370,2.00,5.58,-22.00,-21.51,9.00,0.30,0.50,99.00,0,0,0,0,0,0.00,999.00
17:07:53.227,399769.5290,4091878.3552,global,164.42,154.55,-1.370,2.00,5.24,-22.00,-21.98,9.00,0.30,0.50,99.00,0,0,0,0,0,0.00,999.00
17:07:53.276,399769.5290,4091878.3552,global,165.55,154.55,-1.370,2.00,5.24,-22.00,-21.98,9.00,0.30,0.50,99.00,0,0,0,0,0,0.00,999.00
17:07:53.325,399769.1923,4091878.4923,global,167.21,156.07,-1.349,2.00,4.99,-22.00,-21.97,9.00,0.30,0.50,99.00,0,0,0,0,0,0.00,999.00
17:07:53.375,399769.1923,4091878.4923,global,168.88,156.07,-1.349,2.00,4.99,-22.00,-21.97,9.00,0.30,0.50,99.00,0,0,0,0,0,0.00,999.00
17:07:53.427,399769.1923,4091878.4923,global,169.48,156.07,-1.349,2.00,4.99,-22.00,-21.97,9.00,0.30,0.50,99.00,0,0,0,0,0,0.00,999.00
17:07:53.478,399769.1923,4091878.4923,global,171.16,156.07,-1.349,2.00,5.74,-22.00,-21.98,9.00,0.30,0.50,99.00,0,0,0,0,0,0.00,999.00
17:07:53.528,399769.1923,4091878.4923,global,172.84,156.07,-1.349,2.00,5.74,-22.00,-21.98,9.00,0.30,0.50,99.00,0,0,0,0,0,0.00,999.00
17:07:53.576,399768.8458,4091878.5519,global,174.54,160.35,-1.263,2.00,4.84,-22.00,-21.96,9.00,0.30,0.50,99.00,0,0,0,0,0,0.00,999.00
17:07:53.626,399768.8458,4091878.5519,global,175.69,160.35,-1.263,2.00,4.84,-22.00,-21.96,9.00,0.30,0.50,99.00,0,0,0,0,0,0.00,999.00
17:07:53.716,399768.8458,4091878.5519,global,176.83,160.35,-1.263,2.00,4.84,-22.00,-21.96,9.00,0.30,0.50,99.00,0,0,0,0,0,0.00,999.00
17:07:53.732,399768.8458,4091878.5519,global,177.38,160.35,-1.263,2.00,4.84,-22.00,-21.96,9.00,0.30,0.50,99.00,0,0,0,0,0,0.00,999.00
17:07:53.776,399768.8458,4091878.5519,global,-179.75,160.35,-1.263,2.00,5.41,-22.00,-21.33,9.00,0.30,0.50,99.00,0,0,0,0,0,0.00,999.00
17:07:53.833,399768.4901,4091878.5894,global,-178.66,157.49,-1.176,2.00,5.41,-22.00,-21.33,9.00,0.30,0.50,99.00,0,0,0,0,0,0.00,999.00
17:07:53.875,399768.4901,4091878.5894,global,-177.02,157.49,-1.176,2.00,5.39,-22.00,-21.94,9.00,0.30,0.50,99.00,0,0,0,0,0,0.00,999.00
17:07:53.925,399768.4901,4091878.5894,global,-175.90,157.49,-1.176,2.00,5.39,-22.00,-21.94,9.00,0.30,0.50,99.00,0,0,0,0,0,0.00,999.00
17:07:53.975,399768.4901,4091878.5894,global,-174.21,157.49,-1.176,2.00,5.39,-22.00,-21.94,9.00,0.30,0.50,99.00,0,0,0,0,0,0.00,999.00
17:07:54.026,399768.4901,4091878.5894,global,-173.10,157.49,-1.176,2.00,5.02,-22.00,-21.62,9.00,0.30,0.50,99.00,0,0,0,0,0,0.00,999.00
17:07:54.079,399768.4901,4091878.5894,global,-172.02,157.49,-1.176,2.00,5.02,-22.00,-21.62,9.00,0.30,0.50,99.00,0,0,0,0,0,0.00,999.00
17:07:54.126,399768.1339,4091878.5825,global,-170.36,165.33,-1.042,2.00,5.68,-22.00,-21.68,9.00,0.30,0.50,99.00,0,0,0,0,0,0.00,999.00
17:07:54.176,399768.1339,4091878.5825,global,-169.23,165.33,-1.042,2.00,5.68,-22.00,-21.68,9.00,0.30,0.50,99.00,0,0,0,0,0,0.00,999.00
17:07:54.228,399768.1339,4091878.5825,global,-167.48,165.33,-1.042,2.00,5.68,-22.00,-21.68,9.00,0.30,0.50,99.00,0,0,0,0,0,0.00,999.00
17:07:54.278,399768.1339,4091878.5825,global,-166.36,165.33,-1.042,2.00,4.78,-22.00,-21.72,9.00,0.30,0.50,99.00,0,0,0,0,0,0.00,999.00
17:07:54.326,399767.7771,4091878.5201,global,-164.68,167.59,-0.893,2.00,4.78,-22.00,-21.72,9.00,0.30,0.50,99.00,0,0,0,0,0,0.00,999.00
17:07:54.377,399767.7771,4091878.5201,global,-163.60,167.59,-0.893,2.00,4.78,-22.00,-21.72,9.00,0.30,0.50,99.00,0,0,0,0,0,0.00,999.00
17:07:54.430,399767.7771,4091878.5201,global,-162.01,167.59,-0.893,2.00,5.60,-18.52,-21.53,9.00,0.30,0.50,99.00,0,0,0,0,0,0.00,999.00
17:07:54.479,399767.7771,4091878.5201,global,-160.85,167.59,-0.893,2.00,5.60,-17.36,-21.53,9.00,0.30,0.50,99.00,0,0,0,0,0,0.00,999.00
17:07:54.528,399767.7771,4091878.5201,global,-159.70,167.59,-0.893,2.00,5.19,-18.37,-21.65,9.00,0.30,0.50,99.00,0,0,0,0,0,0.00,999.00
17:07:54.579,399767.7771,4091878.5201,global,-158.09,167.59,-0.893,2.00,5.19,-16.76,-21.65,9.00,0.30,0.50,99.00,0,0,0,0,0,0.00,999.00
17:07:54.632,399767.4375,4091878.4132,global,-157.06,167.96,-0.676,2.00,5.19,-8.17,-21.97,9.00,0.30,0.50,99.00,0,0,0,0,0,0.00,999.00
17:07:54.676,399767.4375,4091878.4132,global,-154.92,167.96,-0.676,2.00,4.79,-8.33,-21.97,9.00,0.30,0.50,99.00,0,0,0,0,0,0.00,999.00
17:07:54.727,399767.4375,4091878.4132,global,-153.89,167.96,-0.676,2.00,4.79,-7.29,-21.97,9.00,0.30,0.50,99.00,0,0,0,0,0,0.00,999.00
17:07:54.778,399767.4375,4091878.4132,global,-152.92,167.96,-0.676,2.00,5.92,-0.30,-22.00,9.00,0.30,0.50,99.00,0,0,0,0,0,0.00,999.00
17:07:54.825,399767.1243,4091878.2838,global,-151.59,167.96,-0.484,2.00,5.92,9.97,-22.00,9.00,0.30,0.50,99.00,0,0,0,0,0,0.00,999.00
17:07:54.875,399767.1243,4091878.2838,global,-150.48,167.96,-0.484,2.00,5.29,8.17,-16.66,9.00,0.30,0.50,99.00,0,0,0,0,0,0.00,999.00
17:07:54.927,399767.1243,4091878.2838,global,-150.01,167.96,-0.484,2.00,5.29,8.64,-16.66,9.00,0.30,0.50,99.00,0,0,0,0,0,0.00,999.00
17:07:54.980,399767.1243,4091878.2838,global,-149.77,167.96,-0.484,2.00,5.39,9.39,-6.90,9.00,0.30,0.50,99.00,0,0,0,0,0,0.00,999.00
17:07:55.030,399767.1243,4091878.2838,global,-150.00,167.96,-0.484,2.00,5.39,9.16,-6.90,9.00,0.30,0.50,99.00,0,0,0,0,0,0.00,999.00
17:07:55.082,399767.1243,4091878.2838,global,-150.49,167.96,-0.484,2.00,5.39,8.67,4.02,9.00,0.30,0.50,99.00,0,0,0,0,0,0.00,999.00
17:07:55.128,399766.7934,4091878.1545,global,-151.83,162.51,-0.279,2.00,5.39,22.00,4.02,9.00,0.30,0.50,99.00,0,0,0,0,0,0.00,999.00
17:07:55.179,399766.7934,4091878.1545,global,-153.08,162.51,-0.279,2.00,5.39,22.00,4.02,9.00,0.30,0.50,99.00,0,0,0,0,0,0.00,999.00
17:07:55.230,399766.7934,4091878.1545,global,-155.27,162.51,-0.279,2.00,5.02,20.42,13.40,9.00,0.30,0.50,99.00,0,0,0,0,0,0.00,999.00
17:07:55.279,399766.7934,4091878.1545,global,-156.90,162.51,-0.279,2.00,5.02,18.78,13.40,9.00,0.30,0.50,99.00,0,0,0,0,0,0.00,999.00
17:07:55.325,399766.4276,4091878.0923,global,-159.07,154.02,-0.055,2.00,5.04,22.00,18.94,9.00,0.30,0.50,99.00,0,0,0,0,0,0.00,999.00
17:07:55.376,399766.4276,4091878.0923,global,-160.62,154.02,-0.055,2.00,5.04,22.00,18.94,9.00,0.30,0.50,99.00,0,0,0,0,0,0.00,999.00
17:07:55.428,399766.4276,4091878.0923,global,-163.41,154.02,-0.055,2.00,5.04,22.00,18.94,9.00,0.30,0.50,99.00,0,0,0,0,0,0.00,999.00
17:07:55.479,399766.4276,4091878.0923,global,-165.46,154.02,-0.055,2.00,5.26,22.00,14.70,9.00,0.30,0.50,99.00,0,0,0,0,0,0.00,999.00
17:07:55.531,399766.4276,4091878.0923,global,-167.96,154.02,-0.055,2.00,5.26,22.00,14.70,9.00,0.30,0.50,99.00,0,0,0,0,0,0.00,999.00
17:07:55.579,399766.4276,4091878.0923,global,-169.33,154.02,-0.055,2.00,5.26,22.00,13.67,9.00,0.30,0.50,99.00,0,0,0,0,0,0.00,999.00
17:07:55.626,399766.0717,4091878.1076,global,-171.56,164.07,0.104,2.00,4.94,22.00,13.67,9.00,0.30,0.50,99.00,0,0,0,0,0,0.00,999.00
17:07:55.676,399766.0717,4091878.1076,global,-173.78,164.07,0.104,2.00,4.94,22.00,13.67,9.00,0.30,0.50,99.00,0,0,0,0,0,0.00,999.00
17:07:55.726,399766.0717,4091878.1076,global,-175.35,164.07,0.104,2.00,5.48,22.00,17.04,9.00,0.30,0.50,99.00,0,0,0,0,0,0.00,999.00
17:07:55.776,399766.0717,4091878.1076,global,-177.90,164.07,0.104,2.00,5.48,22.00,17.04,9.00,0.30,0.50,99.00,0,0,0,0,0,0.00,999.00
17:07:55.825,399765.7343,4091878.1892,global,-179.78,172.45,0.121,2.00,4.59,18.54,17.82,9.00,0.30,0.50,99.00,0,0,0,0,0,0.00,999.00
17:07:55.876,399765.7343,4091878.1892,global,178.36,172.45,0.121,2.00,4.59,16.68,17.82,9.00,0.30,0.50,99.00,0,0,0,0,0,0.00,999.00
17:07:55.929,399765.7343,4091878.1892,global,175.74,172.45,0.121,2.00,4.84,13.51,17.51,9.00,0.30,0.50,99.00,0,0,0,0,0,0.00,999.00
17:07:55.979,399765.7343,4091878.1892,global,174.04,172.45,0.121,2.00,4.84,11.82,17.51,9.00,0.30,0.50,99.00,0,0,0,0,0,0.00,999.00
17:07:56.032,399765.7343,4091878.1892,global,171.51,172.45,0.121,2.00,5.59,7.94,16.90,9.00,0.30,0.50,99.00,0,0,0,0,0,0.00,999.00
17:07:56.077,399765.7343,4091878.1892,global,169.81,172.45,0.121,2.00,5.59,6.24,16.90,9.00,0.30,0.50,99.00,0,0,0,0,0,0.00,999.00
17:07:56.127,399765.3975,4091878.3153,global,167.27,174.41,0.038,2.00,5.59,-4.30,16.90,9.00,0.30,0.50,99.00,0,0,0,0,0,0.00,999.00
17:07:56.176,399765.3975,4091878.3153,global,165.67,174.41,0.038,2.00,5.16,-5.67,12.14,9.00,0.30,0.50,99.00,0,0,0,0,0,0.00,999.00
17:07:56.226,399765.3975,4091878.3153,global,163.56,174.41,0.038,2.00,5.16,-7.77,12.14,9.00,0.30,0.50,99.00,0,0,0,0,0,0.00,999.00
17:07:56.279,399765.3975,4091878.3153,global,162.40,174.41,0.038,2.00,5.19,-8.96,4.60,9.00,0.30,0.50,99.00,0,0,0,0,0,0.00,999.00
17:07:56.328,399765.3975,4091878.3153,global,161.00,174.41,0.038,2.00,5.19,-10.35,4.60,9.00,0.30,0.50,99.00,0,0,0,0,0,0.00,999.00
17:07:56.376,399765.0793,4091878.5076,global,160.34,179.32,-0.133,2.00,5.79,-22.00,-3.76,9.00,0.30,0.50,99.00,0,0,0,0,0,0.00,999.00
17:07:56.429,399765.0793,4091878.5076,global,159.66,179.32,-0.133,2.00,5.79,-22.00,-3.76,9.00,0.30,0.50,99.00,0,0,0,0,0,0.00,999.00
17:07:56.479,399765.0793,4091878.5076,global,159.57,179.32,-0.133,2.00,5.79,-22.00,-3.76,9.00,0.30,0.50,99.00,0,0,0,0,0,0.00,999.00
17:07:56.530,399765.0793,4091878.5076,global,159.90,179.32,-0.133,2.00,4.95,-22.00,-18.33,9.00,0.30,0.50,99.00,0,0,0,0,0,0.00,999.00
17:07:56.578,399765.0793,4091878.5076,global,160.48,179.32,-0.133,2.00,4.95,-22.00,-18.33,9.00,0.30,0.50,99.00,0,0,0,0,0,0.00,999.00
17:07:56.625,399764.7875,4091878.6775,global,161.78,-175.93,-0.308,2.00,5.39,-22.00,-21.98,9.00,0.30,0.50,99.00,0,0,0,0,0,0.00,999.00
17:07:56.677,399764.7875,4091878.6775,global,163.09,-175.93,-0.308,2.00,5.39,-22.00,-21.98,9.00,0.30,0.50,99.00,0,0,0,0,0,0.00,999.00
17:07:56.731,399764.7875,4091878.6775,global,165.49,-175.93,-0.308,2.00,5.39,-22.00,-21.98,9.00,0.30,0.50,99.00,0,0,0,0,0,0.00,999.00
17:07:56.780,399764.7875,4091878.6775,global,167.12,-175.93,-0.308,2.00,4.76,-22.00,-22.00,9.00,0.30,0.50,99.00,0,0,0,0,0,0.00,999.00
17:07:56.825,399764.4592,4091878.7702,global,168.93,174.73,-0.416,2.00,4.76,-22.00,-22.00,9.00,0.30,0.50,99.00,0,0,0,0,0,0.00,999.00
17:07:56.876,399764.4592,4091878.7702,global,170.16,174.73,-0.416,2.00,5.29,-22.00,-21.75,9.00,0.30,0.50,99.00,0,0,0,0,0,0.00,999.00
17:07:56.926,399764.4592,4091878.7702,global,171.10,174.73,-0.416,2.00,5.29,-22.00,-21.75,9.00,0.30,0.50,99.00,0,0,0,0,0,0.00,999.00
17:07:56.976,399764.4592,4091878.7702,global,172.01,174.73,-0.416,2.00,5.09,-22.00,-21.94,9.00,0.30,0.50,99.00,0,0,0,0,0,0.00,999.00
17:07:57.029,399764.4592,4091878.7702,global,173.36,174.73,-0.416,2.00,5.09,-22.00,-21.94,9.00,0.30,0.50,99.00,0,0,0,0,0,0.00,999.00
17:07:57.076,399764.4592,4091878.7702,global,174.73,174.73,-0.416,2.00,5.34,-22.00,-22.00,9.00,0.30,0.50,99.00,0,0,0,0,0,0.00,999.00
17:07:57.126,399764.1218,4091878.8518,global,175.68,179.32,-0.466,2.00,5.34,-22.00,-22.00,9.00,0.30,0.50,99.00,0,0,0,0,0,0.00,999.00
17:07:57.177,399764.1218,4091878.8518,global,176.66,179.32,-0.466,2.00,5.34,-22.00,-22.00,9.00,0.30,0.50,99.00,0,0,0,0,0,0.00,999.00
17:07:57.231,399764.1218,4091878.8518,global,178.07,179.32,-0.466,2.00,4.92,-22.00,-21.81,9.00,0.30,0.50,99.00,0,0,0,0,0,0.00,999.00
17:07:57.276,399764.1218,4091878.8518,global,178.97,179.32,-0.466,2.00,4.92,-22.00,-21.81,9.00,0.30,0.50,99.00,0,0,0,0,0,0.00,999.00
17:07:57.326,399763.7661,4091878.8893,global,-179.14,167.59,-0.494,2.00,5.64,-18.97,-21.94,9.00,0.30,0.50,99.00,0,0,0,0,0,0.00,999.00
17:07:57.376,399763.7661,4091878.8893,global,-178.20,167.59,-0.494,2.00,5.64,-18.02,-21.94,9.00,0.30,0.50,99.00,0,0,0,0,0,0.00,999.00
17:07:57.426,399763.7661,4091878.8893,global,-177.24,167.59,-0.494,2.00,5.64,-17.06,-21.94,9.00,0.30,0.50,99.00,0,0,0,0,0,0.00,999.00
17:07:57.480,399763.7661,4091878.8893,global,-176.33,167.59,-0.494,2.00,4.81,-20.39,-20.89,9.00,0.30,0.50,99.00,0,0,0,0,0,0.00,999.00
17:07:57.530,399763.7661,4091878.8893,global,-175.06,167.59,-0.494,2.00,4.81,-19.12,-20.89,9.00,0.30,0.50,99.00,0,0,0,0,0,0.00,999.00
17:07:57.579,399763.7661,4091878.8893,global,-174.28,167.59,-0.494,2.00,5.48,-14.87,-18.11,9.00,0.30,0.50,99.00,0,0,0,0,0,0.00,999.00
17:07:57.626,399763.4100,4091878.8935,global,-173.30,163.61,-0.422,2.00,5.48,-5.89,-18.11,9.00,0.30,0.50,99.00,0,0,0,0,0,0.00,999.00
17:07:57.677,399763.4100,4091878.8935,global,-172.77,163.61,-0.422,2.00,5.48,-5.36,-18.11,9.00,0.30,0.50,99.00,0,0,0,0,0,0.00,999.00
17:07:57.728,399763.4100,4091878.8935,global,-171.93,163.61,-0.422,2.00,5.12,-6.18,-17.14,9.00,0.30,0.50,99.00,0,0,0,0,0,0.00,999.00
17:07:57.777,399763.4100,4091878.8935,global,-171.21,163.61,-0.422,2.00,5.12,-5.46,-17.14,9.00,0.30,0.50,99.00,0,0,0,0,0,0.00,999.00
17:07:57.826,399763.0537,4091878.8755,global,-170.35,166.33,-0.307,2.00,5.12,0.01,-12.39,9.00,0.30,0.50,99.00,0,0,0,0,0,0.00,999.00
17:07:57.876,399763.0537,4091878.8755,global,-170.06,166.33,-0.307,2.00,5.19,0.56,-12.39,9.00,0.30,0.50,99.00,0,0,0,0,0,0.00,999.00
17:07:57.925,399763.0537,4091878.8755,global,-170.20,166.33,-0.307,2.00,5.19,0.42,-12.39,9.00,0.30,0.50,99.00,0,0,0,0,0,0.00,999.00
17:07:57.975,399763.0537,4091878.8755,global,-170.84,166.33,-0.307,2.00,5.44,0.73,1.05,9.00,0.30,0.50,99.00,0,0,0,0,0,0.00,999.00
17:07:58.026,399763.0537,4091878.8755,global,-171.53,166.33,-0.307,2.00,5.44,0.04,1.05,9.00,0.30,0.50,99.00,0,0,0,0,0,0.00,999.00
17:07:58.079,399763.0537,4091878.8755,global,-172.48,166.33,-0.307,2.00,5.85,0.50,8.46,9.00,0.30,0.50,99.00,0,0,0,0,0,0.00,999.00
17:07:58.130,399762.6889,4091878.8910,global,-174.31,160.77,-0.245,2.00,5.85,8.11,8.46,9.00,0.30,0.50,99.00,0,0,0,0,0,0.00,999.00
17:07:58.212,399762.6889,4091878.8910,global,-175.82,160.77,-0.245,2.00,5.85,6.60,8.57,9.00,0.30,0.50,99.00,0,0,0,0,0,0.00,999.00
17:07:58.228,399762.6889,4091878.8910,global,-176.62,160.77,-0.245,2.00,4.99,3.14,8.57,9.00,0.30,0.50,99.00,0,0,0,0,0,0.00,999.00
17:07:58.275,399762.6889,4091878.8910,global,-179.46,160.77,-0.245,2.00,4.99,0.30,8.57,9.00,0.30,0.50,99.00,0,0,0,0,0,0.00,999.00
17:07:58.325,399762.3158,4091878.9619,global,179.97,162.02,-0.191,2.00,5.09,2.86,0.33,9.00,0.30,0.50,99.00,0,0,0,0,0,0.00,999.00
17:07:58.375,399762.3158,4091878.9619,global,179.17,162.02,-0.191,2.00,5.09,2.06,0.33,9.00,0.30,0.50,99.00,0,0,0,0,0,0.00,999.00
17:07:58.426,399762.3158,4091878.9619,global,178.50,162.02,-0.191,2.00,5.85,3.26,-0.50,9.00,0.30,0.50,99.00,0,0,0,0,0,0.00,999.00
17:07:58.478,399762.3158,4091878.9619,global,177.83,162.02,-0.191,2.00,5.85,2.60,-0.50,9.00,0.30,0.50,99.00,0,0,0,0,0,0.00,999.00
17:07:58.526,399762.3158,4091878.9619,global,176.90,162.02,-0.191,2.00,4.84,-0.96,2.49,9.00,0.30,0.50,99.00,0,0,0,0,0,0.00,999.00
17:07:58.577,399762.3158,4091878.9619,global,175.79,162.02,-0.191,2.00,4.84,-2.08,2.49,9.00,0.30,0.50,99.00,0,0,0,0,0,0.00,999.00
17:07:58.626,399761.9516,4091879.0328,global,174.92,171.44,-0.164,2.00,5.24,-9.19,3.53,9.00,0.30,0.50,99.00,0,0,0,0,0,0.00,999.00
17:07:58.678,399761.9516,4091879.0328,global,173.64,171.44,-0.164,2.00,5.24,-10.47,3.53,9.00,0.30,0.50,99.00,0,0,0,0,0,0.00,999.00
17:07:58.727,399761.9516,4091879.0328,global,172.34,171.44,-0.164,2.00,5.64,-10.89,-0.88,9.00,0.30,0.50,99.00,0,0,0,0,0,0.00,999.00
17:07:58.775,399761.9516,4091879.0328,global,171.68,171.44,-0.164,2.00,5.64,-11.55,-0.88,9.00,0.30,0.50,99.00,0,0,0,0,0,0.00,999.00
17:07:58.825,399761.5970,4091879.1591,global,171.32,174.05,-0.239,2.00,5.64,-19.68,-0.88,9.00,0.30,0.50,99.00,0,0,0,0,0,0.00,999.00
17:07:58.875,399761.5970,4091879.1591,global,171.50,174.05,-0.239,2.00,5.19,-20.87,-14.27,9.00,0.30,0.50,99.00,0,0,0,0,0,0.00,999.00
17:07:58.926,399761.5970,4091879.1591,global,171.93,174.05,-0.239,2.00,5.19,-20.44,-14.27,9.00,0.30,0.50,99.00,0,0,0,0,0,0.00,999.00
17:07:58.980,399761.5970,4091879.1591,global,172.89,174.05,-0.239,2.00,5.19,-19.50,-21.30,9.00,0.30,0.50,99.00,0,0,0,0,0,0.00,999.00
17:07:59.026,399761.5970,4091879.1591,global,174.27,174.05,-0.239,2.00,5.19,-18.12,-21.30,9.00,0.30,0.50,99.00,0,0,0,0,0,0.00,999.00
17:07:59.080,399761.5970,4091879.1591,global,175.35,174.05,-0.239,2.00,5.64,-15.65,-21.99,9.00,0.30,0.50,99.00,0,0,0,0,0,0.00,999.00
17:07:59.129,399761.2329,4091879.2410,global,176.49,171.44,-0.264,2.00,5.64,-13.55,-21.99,9.00,0.30,0.50,99.00,0,0,0,0,0,0.00,999.00
17:07:59.176,399761.2329,4091879.2410,global,178.01,171.44,-0.264,2.00,5.24,-13.35,-19.87,9.00,0.30,0.50,99.00,0,0,0,0,0,0.00,999.00
17:07:59.225,399761.2329,4091879.2410,global,179.12,171.44,-0.264,2.00,5.24,-12.24,-19.87,9.00,0.30,0.50,99.00,0,0,0,0,0,0.00,999.00
17:07:59.276,399761.2329,4091879.2410,global,179.73,171.44,-0.264,2.00,5.24,-11.63,-19.87,9.00,0.30,0.50,99.00,0,0,0,0,0,0.00,999.00
17:07:59.327,399760.8772,4091879.2785,global,-179.77,174.87,-0.252,2.00,5.26,-13.64,-13.40,9.00,0.30,0.50,99.00,0,0,0,0,0,0.00,999.00
17:07:59.375,399760.8772,4091879.2785,global,-179.44,174.87,-0.252,2.00,5.26,-13.30,-13.40,9.00,0.30,0.50,99.00,0,0,0,0,0,0.00,999.00
17:07:59.425,399760.8772,4091879.2785,global,-179.44,174.87,-0.252,2.00,5.39,-12.89,-8.92,9.00,0.30,0.50,99.00,0,0,0,0,0,0.00,999.00
17:07:59.476,399760.8772,4091879.2785,global,-179.49,174.87,-0.252,2.00,5.39,-12.94,-8.92,9.00,0.30,0.50,99.00,0,0,0,0,0,0.00,999.00
17:07:59.530,399760.8772,4091879.2785,global,-179.60,174.87,-0.252,2.00,5.39,-13.05,-8.92,9.00,0.30,0.50,99.00,0,0,0,0,0,0.00,999.00
17:07:59.576,399760.8772,4091879.2785,global,-179.83,174.87,-0.252,2.00,5.49,-12.96,-8.84,9.00,0.30,0.50,99.00,0,0,0,0,0,0.00,999.00
17:07:59.626,399760.5129,4091879.3383,global,-179.89,168.30,-0.283,2.00,5.49,-8.54,-8.84,9.00,0.30,0.50,99.00,0,0,0,0,0,0.00,999.00
17:07:59.677,399760.5129,4091879.3383,global,-179.74,168.30,-0.283,2.00,5.49,-8.39,-8.84,9.00,0.30,0.50,99.00,0,0,0,0,0,0.00,999.00
17:07:59.727,399760.5129,4091879.3383,global,-179.53,168.30,-0.283,2.00,5.26,-8.99,-13.19,9.00,0.30,0.50,99.00,0,0,0,0,0,0.00,999.00
17:07:59.775,399760.5129,4091879.3383,global,-179.20,168.30,-0.283,2.00,5.26,-8.65,-13.19,9.00,0.30,0.50,99.00,0,0,0,0,0,0.00,999.00
17:07:59.826,399760.1575,4091879.3980,global,-178.81,171.22,-0.266,2.00,5.44,-9.44,-13.13,9.00,0.30,0.50,99.00,0,0,0,0,0,0.00,999.00
17:07:59.876,399760.1575,4091879.3980,global,-178.44,171.22,-0.266,2.00,5.44,-9.08,-13.13,9.00,0.30,0.50,99.00,0,0,0,0,0,0.00,999.00
17:07:59.927,399760.1575,4091879.3980,global,-178.26,171.22,-0.266,2.00,5.44,-8.89,-13.13,9.00,0.30,0.50,99.00,0,0,0,0,0,0.00,999.00
17:07:59.977,399760.1575,4091879.3980,global,-178.30,171.22,-0.266,2.00,5.43,-8.98,-9.28,9.00,0.30,0.50,99.00,0,0,0,0,0,0.00,999.00
17:08:00.028,399760.1575,4091879.3980,global,-178.32,171.22,-0.266,2.00,5.43,-9.00,-9.28,9.00,0.30,0.50,99.00,0,0,0,0,0,0.00,999.00
17:08:00.075,399759.7751,4091879.4358,global,-178.30,166.92,-0.244,2.00,5.24,-3.76,-9.14,9.00,0.30,0.50,99.00,0,0,0,0,0,0.00,999.00
17:08:00.125,399759.7751,4091879.4358,global,-178.24,166.92,-0.244,2.00,5.24,-3.70,-9.14,9.00,0.30,0.50,99.00,0,0,0,0,0,0.00,999.00
17:08:00.176,399759.7751,4091879.4358,global,-178.26,166.92,-0.244,2.00,5.24,-3.72,-9.14,9.00,0.30,0.50,99.00,0,0,0,0,0,0.00,999.00
17:08:00.229,399759.7751,4091879.4358,global,-178.26,166.92,-0.244,2.00,5.50,-2.90,-8.52,9.00,0.30,0.50,99.00,0,0,0,0,0,0.00,999.00
17:08:00.276,399759.7751,4091879.4358,global,-178.30,166.92,-0.244,2.00,5.50,-2.94,-8.52,9.00,0.30,0.50,99.00,0,0,0,0,0,0.00,999.00
17:08:00.333,399759.7751,4091879.4358,global,-178.54,166.92,-0.244,2.00,5.64,-2.76,-3.97,9.00,0.30,0.50,99.00,0,0,0,0,0,0.00,999.00
17:08:00.375,399759.3839,4091879.4848,global,-179.14,167.26,-0.204,2.00,5.64,-0.99,-3.97,9.00,0.30,0.50,99.00,0,0,0,0,0,0.00,999.00
17:08:00.426,399759.3839,4091879.4848,global,-179.95,167.26,-0.204,2.00,5.64,-1.80,-3.97,9.00,0.30,0.50,99.00,0,0,0,0,0,0.00,999.00
17:08:00.480,399759.3839,4091879.4848,global,179.42,167.26,-0.204,2.00,5.36,-3.15,0.56,9.00,0.30,0.50,99.00,0,0,0,0,0,0.00,999.00
17:08:00.531,399759.3839,4091879.4848,global,178.72,167.26,-0.204,2.00,5.36,-3.85,0.56,9.00,0.30,0.50,99.00,0,0,0,0,0,0.00,999.00
17:08:00.579,399758.9930,4091879.5560,global,177.59,161.07,-0.219,2.00,5.57,0.69,1.90,9.00,0.30,0.50,99.00,0,0,0,0,0,0.00,999.00
17:08:00.627,399758.9930,4091879.5560,global,176.45,161.07,-0.219,2.00,5.57,-0.45,1.90,9.00,0.30,0.50,99.00,0,0,0,0,0,0.00,999.00
17:08:00.676,399758.9930,4091879.5560,global,175.65,161.07,-0.219,2.00,5.57,-1.25,1.90,9.00,0.30,0.50,99.00,0,0,0,0,0,0.00,999.00
17:08:00.729,399758.9930,4091879.5560,global,174.90,161.07,-0.219,2.00,5.62,-1.87,-1.17,9.00,0.30,0.50,99.00,0,0,0,0,0,0.00,999.00
17:08:00.776,399758.9930,4091879.5560,global,173.98,161.07,-0.219,2.00,5.62,-2.80,-1.17,9.00,0.30,0.50,99.00,0,0,0,0,0,0.00,999.00
17:08:00.828,399758.6295,4091879.6823,global,173.43,166.06,-0.214,2.00,5.64,-7.92,-1.19,9.00,0.30,0.50,99.00,0,0,0,0,0,0.00,999.00
17:08:00.876,399758.6295,4091879.6823,global,172.18,166.06,-0.214,2.00,5.64,-9.16,-1.19,9.00,0.30,0.50,99.00,0,0,0,0,0,0.00,999.00
17:08:00.926,399758.6295,4091879.6823,global,171.60,166.06,-0.214,2.00,5.64,-9.74,-1.34,9.00,0.30,0.50,99.00,0,0,0,0,0,0.00,999.00
17:08:00.976,399758.6295,4091879.6823,global,171.03,166.06,-0.214,2.00,5.64,-10.31,-1.34,9.00,0.30,0.50,99.00,0,0,0,0,0,0.00,999.00
17:08:01.027,399758.6295,4091879.6823,global,170.39,166.06,-0.214,2.00,5.64,-10.95,-1.34,9.00,0.30,0.50,99.00,0,0,0,0,0,0.00,999.00
17:08:01.077,399758.6295,4091879.6823,global,169.58,166.06,-0.214,2.00,5.60,-11.87,-4.91,9.00,0.30,0.50,99.00,0,0,0,0,0,0.00,999.00
17:08:01.125,399758.2572,4091879.8199,global,169.20,161.07,-0.260,2.00,5.60,-10.32,-4.91,9.00,0.30,0.50,99.00,0,0,0,0,0,0.00,999.00
17:08:01.176,399758.2572,4091879.8199,global,169.11,161.07,-0.260,2.00,5.60,-10.41,-4.91,9.00,0.30,0.50,99.00,0,0,0,0,0,0.00,999.00
17:08:01.227,399758.2572,4091879.8199,global,169.14,161.07,-0.260,2.00,5.64,-10.27,-12.73,9.00,0.30,0.50,99.00,0,0,0,0,0,0.00,999.00
17:08:01.276,399758.2572,4091879.8199,global,169.37,161.07,-0.260,2.00,5.64,-10.03,-12.73,9.00,0.30,0.50,99.00,0,0,0,0,0,0.00,999.00
17:08:01.328,399758.2572,4091879.8199,global,169.87,161.07,-0.260,2.00,5.64,-9.52,-14.56,9.00,0.30,0.50,99.00,0,0,0,0,0,0.00,999.00
17:08:01.375,399757.8848,4091879.9463,global,170.44,166.17,-0.263,2.00,5.64,-14.30,-14.56,9.00,0.30,0.50,99.00,0,0,0,0,0,0.00,999.00
17:08:01.425,399757.8848,4091879.9463,global,171.04,166.17,-0.263,2.00,5.85,-13.10,-12.89,9.00,0.30,0.50,99.00,0,0,0,0,0,0.00,999.00
17:08:01.477,399757.8848,4091879.9463,global,171.33,166.17,-0.263,2.00,5.85,-12.81,-12.89,9.00,0.30,0.50,99.00,0,0,0,0,0,0.00,999.00
17:08:01.562,399757.8848,4091879.9463,global,171.39,166.17,-0.263,2.00,5.64,-13.35,-8.04,9.00,0.30,0.50,99.00,0,0,0,0,0,0.00,999.00
17:08:01.582,399757.5033,4091880.0618,global,171.35,-178.58,-0.313,2.00,5.64,-22.00,-8.04,9.00,0.30,0.50,99.00,0,0,0,0,0,0.00,999.00
17:08:01.625,399757.5033,4091880.0618,global,170.88,-178.58,-0.313,2.00,5.87,-22.00,-7.14,9.00,0.30,0.50,99.00,0,0,0,0,0,0.00,999.00
17:08:01.675,399757.5033,4091880.0618,global,170.75,-178.58,-0.313,2.00,5.87,-22.00,-7.14,9.00,0.30,0.50,99.00,0,0,0,0,0,0.00,999.00
17:08:01.730,399757.5033,4091880.0618,global,170.67,-178.58,-0.313,2.00,5.87,-22.00,-7.14,9.00,0.30,0.50,99.00,0,0,0,0,0,0.00,999.00
17:08:01.779,399757.5033,4091880.0618,global,170.61,-178.58,-0.313,2.00,5.61,-22.00,-13.79,9.00,0.30,0.50,99.00,0,0,0,0,0,0.00,999.00
17:08:01.829,399757.1218,4091880.1773,global,170.94,-174.21,-0.448,2.00,5.61,-22.00,-13.79,9.00,0.30,0.50,99.00,0,0,0,0,0,0.00,999.00
17:08:01.875,399757.1218,4091880.1773,global,172.23,-174.21,-0.448,2.00,5.84,-22.00,-22.00,9.00,0.30,0.50,99.00,0,0,0,0,0,0.00,999.00
17:08:01.927,399757.1218,4091880.1773,global,173.30,-174.21,-0.448,2.00,5.84,-22.00,-22.00,9.00,0.30,0.50,99.00,0,0,0,0,0,0.00,999.00
17:08:01.980,399757.1218,4091880.1773,global,175.36,-174.21,-0.448,2.00,5.44,-22.00,-21.67,9.00,0.30,0.50,99.00,0,0,0,0,0,0.00,999.00
17:08:02.029,399757.1218,4091880.1773,global,177.02,-174.21,-0.448,2.00,5.44,-22.00,-21.67,9.00,0.30,0.50,99.00,0,0,0,0,0,0.00,999.00
17:08:02.084,399757.1218,4091880.1773,global,179.58,-174.21,-0.448,2.00,5.79,-22.00,-21.80,9.00,0.30,0.50,99.00,0,0,0,0,0,0.00,999.00
17:08:02.126,399756.7486,4091880.2371,global,-177.91,172.45,-0.534,2.00,5.79,-22.00,-21.80,9.00,0.30,0.50,99.00,0,0,0,0,0,0.00,999.00
17:08:02.175,399756.7486,4091880.2371,global,-176.27,172.45,-0.534,2.00,5.79,-22.00,-21.80,9.00,0.30,0.50,99.00,0,0,0,0,0,0.00,999.00
17:08:02.229,399756.7486,4091880.2371,global,-174.56,172.45,-0.534,2.00,5.80,-20.57,-22.00,9.00,0.30,0.50,99.00,0,0,0,0,0,0.00,999.00
17:08:02.280,399756.7486,4091880.2371,global,-172.00,172.45,-0.534,2.00,5.80,-18.00,-22.00,9.00,0.30,0.50,99.00,0,0,0,0,0,0.00,999.00
17:08:02.330,399756.7486,4091880.2371,global,-170.32,172.45,-0.534,2.00,5.23,-19.06,-21.82,9.00,0.30,0.50,99.00,0,0,0,0,0,0.00,999.00
17:08:02.375,399756.3745,4091880.2194,global,-167.89,170.98,-0.464,2.00,5.23,-11.43,-21.82,9.00,0.30,0.50,99.00,0,0,0,0,0,0.00,999.00
17:08:02.425,399756.3745,4091880.2194,global,-165.42,170.98,-0.464,2.00,5.23,-8.96,-21.82,9.00,0.30,0.50,99.00,0,0,0,0,0,0.00,999.00
17:08:02.475,399756.3745,4091880.2194,global,-163.78,170.98,-0.464,2.00,6.18,-3.18,-22.00,9.00,0.30,0.50,99.00,0,0,0,0,0,0.00,999.00
17:08:02.527,399756.3745,4091880.2194,global,-162.17,170.98,-0.464,2.00,6.18,-1.57,-22.00,9.00,0.30,0.50,99.00,0,0,0,0,0,0.00,999.00
17:08:02.581,399756.0261,4091880.1236,global,-159.80,176.94,-0.328,2.00,4.79,-3.02,-21.59,9.00,0.30,0.50,99.00,0,0,0,0,0,0.00,999.00
17:08:02.626,399756.0261,4091880.1236,global,-158.43,176.94,-0.328,2.00,4.79,-1.66,-21.59,9.00,0.30,0.50,99.00,0,0,0,0,0,0.00,999.00
17:08:02.676,399756.0261,4091880.1236,global,-157.06,176.94,-0.328,2.00,5.64,3.26,-15.97,9.00,0.30,0.50,99.00,0,0,0,0,0,0.00,999.00
17:08:02.726,399756.0261,4091880.1236,global,-156.56,176.94,-0.328,2.00,5.64,3.76,-15.97,9.00,0.30,0.50,99.00,0,0,0,0,0,0.00,999.00
17:08:02.778,399756.0261,4091880.1236,global,-156.43,176.94,-0.328,2.00,5.64,3.89,-15.97,9.00,0.30,0.50,99.00,0,0,0,0,0,0.00,999.00
17:08:02.835,399755.6598,4091880.0170,global,-156.67,-178.30,-0.208,2.00,6.38,8.43,-1.85,9.00,0.30,0.50,99.00,0,0,0,0,0,0.00,999.00
17:08:02.876,399755.6598,4091880.0170,global,-157.50,-178.30,-0.208,2.00,6.38,7.60,-1.85,9.00,0.30,0.50,99.00,0,0,0,0,0,0.00,999.00
17:08:02.927,399755.6598,4091880.0170,global,-158.34,-178.30,-0.208,2.00,6.38,6.76,-1.85,9.00,0.30,0.50,99.00,0,0,0,0,0,0.00,999.00
17:08:02.975,399755.6598,4091880.0170,global,-160.33,-178.30,-0.208,2.00,4.78,0.61,13.13,9.00,0.30,0.50,99.00,0,0,0,0,0,0.00,999.00
17:08:03.026,399755.6598,4091880.0170,global,-161.99,-178.30,-0.208,2.00,4.78,-1.05,13.13,9.00,0.30,0.50,99.00,0,0,0,0,0,0.00,999.00
17:08:03.079,399755.6598,4091880.0170,global,-164.75,-178.30,-0.208,2.00,4.78,-3.82,13.13,9.00,0.30,0.50,99.00,0,0,0,0,0,0.00,999.00
17:08:03.128,399755.2764,4091879.9661,global,-166.55,172.66,-0.160,2.00,5.89,9.72,11.31,9.00,0.30,0.50,99.00,0,0,0,0,0,0.00,999.00
17:08:03.180,399755.2764,4091879.9661,global,-168.92,172.66,-0.160,2.00,5.89,7.35,11.31,9.00,0.30,0.50,99.00,0,0,0,0,0,0.00,999.00
17:08:03.231,399755.2764,4091879.9661,global,-169.88,172.66,-0.160,2.00,5.44,5.50,-0.71,9.00,0.30,0.50,99.00,0,0,0,0,0,0.00,999.00
17:08:03.283,399755.2764,4091879.9661,global,-170.65,172.66,-0.160,2.00,5.44,4.73,-0.71,9.00,0.30,0.50,99.00,0,0,0,0,0,0.00,999.00
17:08:03.336,399754.8939,4091879.9928,global,-170.91,162.02,-0.143,2.00,5.73,16.89,-11.00,9.00,0.30,0.50,99.00,0,0,0,0,0,0.00,999.00
17:08:03.376,399754.8939,4091879.9928,global,-170.87,162.02,-0.143,2.00,5.73,16.93,-11.00,9.00,0.30,0.50,99.00,0,0,0,0,0,0.00,999.00
17:08:03.425,399754.8939,4091879.9928,global,-170.09,162.02,-0.143,2.00,5.73,17.71,-11.00,9.00,0.30,0.50,99.00,0,0,0,0,0,0.00,999.00
17:08:03.480,399754.8939,4091879.9928,global,-169.63,162.02,-0.143,2.00,5.41,17.57,-7.98,9.00,0.30,0.50,99.00,0,0,0,0,0,0.00,999.00
17:08:03.528,399754.8939,4091879.9928,global,-169.58,162.02,-0.143,2.00,5.41,17.62,-7.98,9.00,0.30,0.50,99.00,0,0,0,0,0,0.00,999.00
17:08:03.580,399754.5197,4091879.9750,global,-170.31,172.22,-0.011,2.00,5.39,16.63,3.89,9.00,0.30,0.50,99.00,0,0,0,0,0,0.00,999.00
17:08:03.631,399754.5197,4091879.9750,global,-171.32,172.22,-0.011,2.00,5.39,15.62,3.89,9.00,0.30,0.50,99.00,0,0,0,0,0,0.00,999.00
17:08:03.676,399754.5197,4091879.9750,global,-173.40,172.22,-0.011,2.00,5.39,13.54,16.94,9.00,0.30,0.50,99.00,0,0,0,0,0,0.00,999.00
17:08:03.725,399754.5197,4091879.9750,global,-176.26,172.22,-0.011,2.00,5.82,10.74,16.94,9.00,0.30,0.50,99.00,0,0,0,0,0,0.00,999.00
17:08:03.775,399754.5197,4091879.9750,global,-178.46,172.22,-0.011,2.00,5.82,8.54,16.94,9.00,0.30,0.50,99.00,0,0,0,0,0,0.00,999.00
17:08:03.828,399754.5197,4091879.9750,global,179.41,172.22,-0.011,2.00,5.73,6.40,19.43,9.00,0.30,0.50,99.00,0,0,0,0,0,0.00,999.00
17:08:03.876,399754.1557,4091880.0570,global,176.00,167.20,-0.034,2.00,5.73,6.38,19.43,9.00,0.30,0.50,99.00,0,0,0,0,0,0.00,999.00
17:08:03.925,399754.1557,4091880.0570,global,174.86,167.20,-0.034,2.00,5.85,5.29,10.83,9.00,0.30,0.50,99.00,0,0,0,0,0,0.00,999.00
17:08:03.976,399754.1557,4091880.0570,global,173.92,167.20,-0.034,2.00,5.85,4.35,10.83,9.00,0.30,0.50,99.00,0,0,0,0,0,0.00,999.00
17:08:04.026,399754.1557,4091880.0570,global,172.63,167.20,-0.034,2.00,5.99,3.11,1.77,9.00,0.30,0.50,99.00,0,0,0,0,0,0.00,999.00
17:08:04.076,399754.1557,4091880.0570,global,172.33,167.20,-0.034,2.00,5.99,2.81,1.77,9.00,0.30,0.50,99.00,0,0,0,0,0,0.00,999.00
17:08:04.126,399753.8010,4091880.1832,global,171.91,171.98,-0.096,2.00,5.99,-6.65,1.77,9.00,0.30,0.50,99.00,0,0,0,0,0,0.00,999.00
17:08:04.178,399753.8010,4091880.1832,global,171.73,171.98,-0.096,2.00,5.09,-7.98,-4.98,9.00,0.30,0.50,99.00,0,0,0,0,0,0.00,999.00
17:08:04.229,399753.8010,4091880.1832,global,171.62,171.98,-0.096,2.00,5.09,-8.09,-4.98,9.00,0.30,0.50,99.00,0,0,0,0,0,0.00,999.00
17:08:04.278,399753.8010,4091880.1832,global,171.56,171.98,-0.096,2.00,5.53,-7.54,-5.55,9.00,0.30,0.50,99.00,0,0,0,0,0,0.00,999.00
17:08:04.332,399753.4462,4091880.2873,global,171.45,174.87,-0.152,2.00,5.53,-14.61,-5.55,9.00,0.30,0.50,99.00,0,0,0,0,0,0.00,999.00
17:08:04.375,399753.4462,4091880.2873,global,171.27,174.87,-0.152,2.00,5.14,-15.63,-5.37,9.00,0.30,0.50,99.00,0,0,0,0,0,0.00,999.00
17:08:04.426,399753.4462,4091880.2873,global,171.14,174.87,-0.152,2.00,5.14,-15.76,-5.37,9.00,0.30,0.50,99.00,0,0,0,0,0,0.00,999.00
17:08:04.478,399753.4462,4091880.2873,global,171.08,174.87,-0.152,2.00,5.14,-15.81,-5.37,9.00,0.30,0.50,99.00,0,0,0,0,0,0.00,999.00
17:08:04.531,399753.4462,4091880.2873,global,170.99,174.87,-0.152,2.00,5.30,-15.56,-7.05,9.00,0.30,0.50,99.00,0,0,0,0,0,0.00,999.00
17:08:04.576,399753.4462,4091880.2873,global,170.92,174.87,-0.152,2.00,5.30,-15.62,-7.05,9.00,0.30,0.50,99.00,0,0,0,0,0,0.00,999.00
17:08:04.627,399753.0826,4091880.4136,global,171.07,174.73,-0.245,2.00,5.50,-21.45,-11.75,9.00,0.30,0.50,99.00,0,0,0,0,0,0.00,999.00
17:08:04.675,399753.0826,4091880.4136,global,171.66,174.73,-0.245,2.00,5.50,-20.86,-11.75,9.00,0.30,0.50,99.00,0,0,0,0,0,0.00,999.00
17:08:04.729,399753.0826,4091880.4136,global,172.21,174.73,-0.245,2.00,5.50,-20.31,-11.75,9.00,0.30,0.50,99.00,0,0,0,0,0,0.00,999.00
17:08:04.776,399753.0826,4091880.4136,global,173.21,174.73,-0.245,2.00,5.16,-20.39,-18.68,9.00,0.30,0.50,99.00,0,0,0,0,0,0.00,999.00
17:08:04.833,399752.7365,4091880.5065,global,174.12,174.41,-0.294,2.00,5.16,-22.00,-18.68,9.00,0.30,0.50,99.00,0,0,0,0,0,0.00,999.00
17:08:04.875,399752.7365,4091880.5065,global,175.76,174.41,-0.294,2.00,5.36,-20.23,-22.00,9.00,0.30,0.50,99.00,0,0,0,0,0,0.00,999.00
17:08:04.926,399752.7365,4091880.5065,global,177.67,174.41,-0.294,2.00,5.36,-18.32,-22.00,9.00,0.30,0.50,99.00,0,0,0,0,0,0.00,999.00
17:08:04.977,399752.7365,4091880.5065,global,179.09,174.41,-0.294,2.00,5.36,-16.90,-22.00,9.00,0.30,0.50,99.00,0,0,0,0,0,0.00,999.00
17:08:05.029,399752.7365,4091880.5065,global,-179.43,174.41,-0.294,2.00,5.27,-15.75,-21.85,9.00,0.30,0.50,99.00,0,0,0,0,0,0.00,999.00
17:08:05.078,399752.7365,4091880.5065,global,-177.42,174.41,-0.294,2.00,5.27,-13.74,-21.85,9.00,0.30,0.50,99.00,0,0,0,0,0,0.00,999.00
17:08:05.126,399752.3807,4091880.5329,global,-175.73,170.47,-0.282,2.00,5.19,-7.58,-20.75,9.00,0.30,0.50,99.00,0,0,0,0,0,0.00,999.00
17:08:05.177,399752.3807,4091880.5329,global,-174.71,170.47,-0.282,2.00,5.19,-6.57,-20.75,9.00,0.30,0.50,99.00,0,0,0,0,0,0.00,999.00
17:08:05.228,399752.3807,4091880.5329,global,-173.77,170.47,-0.282,2.00,5.19,-5.63,-20.75,9.00,0.30,0.50,99.00,0,0,0,0,0,0.00,999.00
17:08:05.278,399752.3807,4091880.5329,global,-172.54,170.47,-0.282,2.00,5.47,-3.41,-14.13,9.00,0.30,0.50,99.00,0,0,0,0,0,0.00,999.00
17:08:05.334,399752.0334,4091880.5259,global,-171.97,175.00,-0.226,2.00,5.47,-3.57,-14.13,9.00,0.30,0.50,99.00,0,0,0,0,0,0.00,999.00
17:08:05.375,399752.0334,4091880.5259,global,-171.59,175.00,-0.226,2.00,6.34,-1.02,-4.81,9.00,0.30,0.50,99.00,0,0,0,0,0,0.00,999.00
17:08:05.426,399752.0334,4091880.5259,global,-171.80,175.00,-0.226,2.00,6.34,-1.22,-4.81,9.00,0.30,0.50,99.00,0,0,0,0,0,0.00,999.00
17:08:05.476,399752.0334,4091880.5259,global,-172.25,175.00,-0.226,2.00,6.34,-1.67,-4.81,9.00,0.30,0.50,99.00,0,0,0,0,0,0.00,999.00
17:08:05.531,399752.0334,4091880.5259,global,-172.89,175.00,-0.226,2.00,5.12,-5.53,6.09,9.00,0.30,0.50,99.00,0,0,0,0,0,0.00,999.00
17:08:05.587,399752.0334,4091880.5259,global,-174.12,175.00,-0.226,2.00,5.12,-6.76,6.09,9.00,0.30,0.50,99.00,0,0,0,0,0,0.00,999.00
17:08:05.625,399751.6685,4091880.5413,global,-175.65,173.55,-0.206,2.00,5.18,-5.14,11.25,9.00,0.30,0.50,99.00,0,0,0,0,0,0.00,999.00
17:08:05.677,399751.6685,4091880.5413,global,-176.81,173.55,-0.206,2.00,5.18,-6.30,11.25,9.00,0.30,0.50,99.00,0,0,0,0,0,0.00,999.00
17:08:05.728,399751.6685,4091880.5413,global,-177.97,173.55,-0.206,2.00,5.18,-7.46,11.25,9.00,0.30,0.50,99.00,0,0,0,0,0,0.00,999.00
17:08:05.776,399751.6685,4091880.5413,global,-179.26,173.55,-0.206,2.00,5.20,-8.69,0.69,9.00,0.30,0.50,99.00,0,0,0,0,0,0.00,999.00
17:08:05.832,399751.3043,4091880.6122,global,-179.58,175.13,-0.232,2.00,5.20,-12.49,0.69,9.00,0.30,0.50,99.00,0,0,0,0,0,0.00,999.00
17:08:05.875,399751.3043,4091880.6122,global,-179.49,175.13,-0.232,2.00,5.22,-12.33,-11.75,9.00,0.30,0.50,99.00,0,0,0,0,0,0.00,999.00
17:08:05.926,399751.3043,4091880.6122,global,-179.02,175.13,-0.232,2.00,5.22,-11.86,-11.75,9.00,0.30,0.50,99.00,0,0,0,0,0,0.00,999.00
17:08:05.977,399751.3043,4091880.6122,global,-178.37,175.13,-0.232,2.00,5.22,-11.21,-11.75,9.00,0.30,0.50,99.00,0,0,0,0,0,0.00,999.00
17:08:06.062,399751.3043,4091880.6122,global,-177.52,175.13,-0.232,2.00,5.05,-10.92,-16.94,9.00,0.30,0.50,99.00,0,0,0,0,0,0.00,999.00
17:08:06.079,399750.9487,4091880.6497,global,-177.06,175.47,-0.238,2.00,5.05,-11.29,-16.94,9.00,0.30,0.50,99.00,0,0,0,0,0,0.00,999.00
17:08:06.127,399750.9487,4091880.6497,global,-175.65,175.47,-0.238,2.00,5.85,-7.49,-12.45,9.00,0.30,0.50,99.00,0,0,0,0,0,0.00,999.00
17:08:06.175,399750.9487,4091880.6497,global,-175.11,175.47,-0.238,2.00,5.85,-6.94,-12.45,9.00,0.30,0.50,99.00,0,0,0,0,0,0.00,999.00
17:08:06.226,399750.9487,4091880.6497,global,-174.78,175.47,-0.238,2.00,5.85,-6.61,-12.45,9.00,0.30,0.50,99.00,0,0,0,0,0,0.00,999.00
17:08:06.277,399750.9487,4091880.6497,global,-174.29,175.47,-0.238,2.00,5.09,-8.40,-9.03,9.00,0.30,0.50,99.00,0,0,0,0,0,0.00,999.00
17:08:06.334,399750.9487,4091880.6497,global,-174.08,175.47,-0.238,2.00,5.09,-8.19,-9.03,9.00,0.30,0.50,99.00,0,0,0,0,0,0.00,999.00
17:08:06.375,399750.5837,4091880.6540,global,-173.87,175.13,-0.214,2.00,5.33,-5.14,-6.56,9.00,0.30,0.50,99.00,0,0,0,0,0,0.00,999.00
17:08:06.426,399750.5837,4091880.6540,global,-173.79,175.13,-0.214,2.00,5.33,-5.06,-6.56,9.00,0.30,0.50,99.00,0,0,0,0,0,0.00,999.00
17:08:06.476,399750.5837,4091880.6540,global,-173.90,175.13,-0.214,2.00,5.33,-5.17,-6.56,9.00,0.30,0.50,99.00,0,0,0,0,0,0.00,999.00
17:08:06.528,399750.5837,4091880.6540,global,-174.05,175.13,-0.214,2.00,5.02,-6.26,-4.59,9.00,0.30,0.50,99.00,0,0,0,0,0,0.00,999.00
17:08:06.577,399750.2277,4091880.6693,global,-174.18,173.55,-0.199,2.00,5.02,-3.65,-4.59,9.00,0.30,0.50,99.00,0,0,0,0,0,0.00,999.00
17:08:06.626,399750.2277,4091880.6693,global,-174.24,173.55,-0.199,2.00,5.19,-3.20,-4.82,9.00,0.30,0.50,99.00,0,0,0,0,0,0.00,999.00
17:08:06.676,399750.2277,4091880.6693,global,-174.25,173.55,-0.199,2.00,5.19,-3.22,-4.82,9.00,0.30,0.50,99.00,0,0,0,0,0,0.00,999.00
17:08:06.729,399750.2277,4091880.6693,global,-174.24,173.55,-0.199,2.00,5.24,-3.06,-4.91,9.00,0.30,0.50,99.00,0,0,0,0,0,0.00,999.00
17:08:06.777,399750.2277,4091880.6693,global,-174.53,173.55,-0.199,2.00,5.24,-3.36,-4.91,9.00,0.30,0.50,99.00,0,0,0,0,0,0.00,999.00
17:08:06.833,399750.2277,4091880.6693,global,-174.66,173.55,-0.199,2.00,5.24,-3.48,-5.03,9.00,0.30,0.50,99.00,0,0,0,0,0,0.00,999.00
17:08:06.875,399749.8541,4091880.6959,global,-174.77,173.23,-0.183,2.00,5.50,-1.46,-5.03,9.00,0.30,0.50,99.00,0,0,0,0,0,0.00,999.00
17:08:06.926,399749.8541,4091880.6959,global,-174.88,173.23,-0.183,2.00,5.50,-1.57,-5.03,9.00,0.30,0.50,99.00,0,0,0,0,0,0.00,999.00
17:08:06.975,399749.8541,4091880.6959,global,-174.92,173.23,-0.183,2.00,5.09,-2.65,-5.00,9.00,0.30,0.50,99.00,0,0,0,0,0,0.00,999.00
17:08:07.028,399749.8541,4091880.6959,global,-175.01,173.23,-0.183,2.00,5.09,-2.73,-5.00,9.00,0.30,0.50,99.00,0,0,0,0,0,0.00,999.00
17:08:07.078,399749.8541,4091880.6959,global,-175.20,173.23,-0.183,2.00,5.39,-2.15,-4.28,9.00,0.30,0.50,99.00,0,0,0,0,0,0.00,999.00
17:08:07.127,399749.4894,4091880.7224,global,-175.38,168.94,-0.157,2.00,5.39,3.84,-4.28,9.00,0.30,0.50,99.00,0,0,0,0,0,0.00,999.00
17:08:07.175,399749.4894,4091880.7224,global,-175.96,168.94,-0.157,2.00,5.24,2.93,-2.45,9.00,0.30,0.50,99.00,0,0,0,0,0,0.00,999.00
17:08:07.226,399749.4894,4091880.7224,global,-176.15,168.94,-0.157,2.00,5.24,2.74,-2.45,9.00,0.30,0.50,99.00,0,0,0,0,0,0.00,999.00
17:08:07.275,399749.4894,4091880.7224,global,-176.34,168.94,-0.157,2.00,5.24,2.55,-2.45,9.00,0.30,0.50,99.00,0,0,0,0,0,0.00,999.00
17:08:07.330,399749.1159,4091880.7601,global,-176.53,170.24,-0.135,2.00,5.30,2.85,-2.94,9.00,0.30,0.50,99.00,0,0,0,0,0,0.00,999.00
17:08:07.375,399749.1159,4091880.7601,global,-176.92,170.24,-0.135,2.00,5.30,2.45,-2.94,9.00,0.30,0.50,99.00,0,0,0,0,0,0.00,999.00
17:08:07.426,399749.1159,4091880.7601,global,-177.23,170.24,-0.135,2.00,5.59,2.67,-2.22,9.00,0.30,0.50,99.00,0,0,0,0,0,0.00,999.00
17:08:07.478,399749.1159,4091880.7601,global,-177.47,170.24,-0.135,2.00,5.59,2.43,-2.22,9.00,0.30,0.50,99.00,0,0,0,0,0,0.00,999.00
17:08:07.530,399749.1159,4091880.7601,global,-177.74,170.24,-0.135,2.00,5.04,1.11,-0.79,9.00,0.30,0.50,99.00,0,0,0,0,0,0.00,999.00
17:08:07.580,399748.7426,4091880.8089,global,-178.28,164.24,-0.131,2.00,5.04,6.86,-0.79,9.00,0.30,0.50,99.00,0,0,0,0,0,0.00,999.00
17:08:07.628,399748.7426,4091880.8089,global,-178.61,164.24,-0.131,2.00,5.39,7.21,0.37,9.00,0.30,0.50,99.00,0,0,0,0,0,0.00,999.00
17:08:07.679,399748.7426,4091880.8089,global,-179.20,164.24,-0.131,2.00,5.39,6.62,0.37,9.00,0.30,0.50,99.00,0,0,0,0,0,0.00,999.00
17:08:07.732,399748.7426,4091880.8089,global,-179.62,164.24,-0.131,2.00,5.39,6.19,1.48,9.00,0.30,0.50,99.00,0,0,0,0,0,0.00,999.00
17:08:07.776,399748.7426,4091880.8089,global,179.66,164.24,-0.131,2.00,5.44,5.58,1.48,9.00,0.30,0.50,99.00,0,0,0,0,0,0.00,999.00
17:08:07.832,399748.3694,4091880.8688,global,179.11,166.39,-0.085,2.00,5.44,6.32,1.48,9.00,0.30,0.50,99.00,0,0,0,0,0,0.00,999.00
17:08:07.875,399748.3694,4091880.8688,global,178.20,166.39,-0.085,2.00,5.26,5.18,3.56,9.00,0.30,0.50,99.00,0,0,0,0,0,0.00,999.00
17:08:07.927,399748.3694,4091880.8688,global,177.56,166.39,-0.085,2.00,5.26,4.54,3.56,9.00,0.30,0.50,99.00,0,0,0,0,0,0.00,999.00
17:08:07.975,399748.3694,4091880.8688,global,176.50,166.39,-0.085,2.00,5.26,3.48,3.56,9.00,0.30,0.50,99.00,0,0,0,0,0,0.00,999.00
17:08:08.026,399748.3694,4091880.8688,global,175.37,166.39,-0.085,2.00,5.51,2.66,4.15,9.00,0.30,0.50,99.00,0,0,0,0,0,0.00,999.00
17:08:08.078,399748.3694,4091880.8688,global,174.65,166.39,-0.085,2.00,5.51,1.94,4.15,9.00,0.30,0.50,99.00,0,0,0,0,0,0.00,999.00
17:08:08.125,399747.9967,4091880.9730,global,173.52,167.90,-0.098,2.00,5.19,-2.09,4.16,9.00,0.30,0.50,99.00,0,0,0,0,0,0.00,999.00
17:08:08.179,399747.9967,4091880.9730,global,172.77,167.90,-0.098,2.00,5.19,-2.83,4.16,9.00,0.30,0.50,99.00,0,0,0,0,0,0.00,999.00
17:08:08.228,399747.9967,4091880.9730,global,172.05,167.90,-0.098,2.00,5.59,-3.01,4.15,9.00,0.30,0.50,99.00,0,0,0,0,0,0.00,999.00
17:08:08.280,399747.9967,4091880.9730,global,170.92,167.90,-0.098,2.00,5.59,-4.15,4.15,9.00,0.30,0.50,99.00,0,0,0,0,0,0.00,999.00
17:08:08.330,399747.6331,4091881.0994,global,170.17,165.70,-0.144,2.00,5.39,-6.45,2.40,9.00,0.30,0.50,99.00,0,0,0,0,0,0.00,999.00
17:08:08.375,399747.6331,4091881.0994,global,169.14,165.70,-0.144,2.00,5.39,-7.48,2.40,9.00,0.30,0.50,99.00,0,0,0,0,0,0.00,999.00
17:08:08.429,399747.6331,4091881.0994,global,168.74,165.70,-0.144,2.00,5.39,-7.88,2.40,9.00,0.30,0.50,99.00,0,0,0,0,0,0.00,999.00
17:08:08.479,399747.6331,4091881.0994,global,168.38,165.70,-0.144,2.00,5.54,-7.95,-4.84,9.00,0.30,0.50,99.00,0,0,0,0,0,0.00,999.00
17:08:08.528,399747.6331,4091881.0994,global,168.28,165.70,-0.144,2.00,5.54,-8.05,-4.84,9.00,0.30,0.50,99.00,0,0,0,0,0,0.00,999.00
17:08:08.583,399747.2788,4091881.2478,global,168.43,166.06,-0.201,2.00,5.24,-13.07,-10.40,9.00,0.30,0.50,99.00,0,0,0,0,0,0.00,999.00
17:08:08.626,399747.2788,4091881.2478,global,168.86,166.06,-0.201,2.00,5.24,-12.64,-10.40,9.00,0.30,0.50,99.00,0,0,0,0,0,0.00,999.00
17:08:08.677,399747.2788,4091881.2478,global,169.34,166.06,-0.201,2.00,5.24,-12.16,-10.40,9.00,0.30,0.50,99.00,0,0,0,0,0,0.00,999.00
17:08:08.725,399747.2788,4091881.2478,global,169.99,166.06,-0.201,2.00,5.64,-10.47,-12.01,9.00,0.30,0.50,99.00,0,0,0,0,0,0.00,999.00
17:08:08.776,399747.2788,4091881.2478,global,170.39,166.06,-0.201,2.00,5.64,-10.07,-12.01,9.00,0.30,0.50,99.00,0,0,0,0,0,0.00,999.00
17:08:08.828,399746.9061,4091881.3521,global,170.94,169.23,-0.218,2.00,5.64,-13.87,-12.01,9.00,0.30,0.50,99.00,0,0,0,0,0,0.00,999.00
17:08:08.876,399746.9061,4091881.3521,global,171.48,169.23,-0.218,2.00,5.43,-13.91,-11.81,9.00,0.30,0.50,99.00,0,0,0,0,0,0.00,999.00
17:08:08.925,399746.9061,4091881.3521,global,171.89,169.23,-0.218,2.00,5.43,-13.50,-11.81,9.00,0.30,0.50,99.00,0,0,0,0,0,0.00,999.00
17:08:08.976,399746.9061,4091881.3521,global,172.45,169.23,-0.218,2.00,5.43,-12.94,-11.81,9.00,0.30,0.50,99.00,0,0,0,0,0,0.00,999.00
17:08:09.026,399746.9061,4091881.3521,global,172.61,169.23,-0.218,2.00,5.50,-12.58,-10.23,9.00,0.30,0.50,99.00,0,0,0,0,0,0.00,999.00
17:08:09.077,399746.9061,4091881.3521,global,173.04,169.23,-0.218,2.00,5.50,-12.14,-10.23,9.00,0.30,0.50,99.00,0,0,0,0,0,0.00,999.00
17:08:09.126,399746.5424,4091881.4673,global,173.37,163.42,-0.256,2.00,5.53,-8.50,-9.88,9.00,0.30,0.50,99.00,0,0,0,0,0,0.00,999.00
17:08:09.176,399746.5424,4091881.4673,global,173.71,163.42,-0.256,2.00,5.53,-8.16,-9.88,9.00,0.30,0.50,99.00,0,0,0,0,0,0.00,999.00
17:08:09.228,399746.5424,4091881.4673,global,174.04,163.42,-0.256,2.00,5.53,-7.83,-9.88,9.00,0.30,0.50,99.00,0,0,0,0,0,0.00,999.00
17:08:09.280,399746.5424,4091881.4673,global,174.52,163.42,-0.256,2.00,5.60,-7.15,-9.66,9.00,0.30,0.50,99.00,0,0,0,0,0,0.00,999.00
17:08:09.330,399746.5424,4091881.4673,global,174.84,163.42,-0.256,2.00,5.60,-6.82,-9.66,9.00,0.30,0.50,99.00,0,0,0,0,0,0.00,999.00
17:08:09.404,399746.1605,4091881.5495,global,175.26,166.56,-0.222,2.00,5.59,-7.28,-9.94,9.00,0.30,0.50,99.00,0,0,0,0,0,0.00,999.00
17:08:09.425,399746.1605,4091881.5495,global,175.62,166.56,-0.222,2.00,5.59,-6.92,-9.94,9.00,0.30,0.50,99.00,0,0,0,0,0,0.00,999.00
17:08:09.475,399746.1605,4091881.5495,global,175.90,166.56,-0.222,2.00,5.59,-6.64,-9.94,9.00,0.30,0.50,99.00,0,0,0,0,0,0.00,999.00
17:08:09.528,399746.1605,4091881.5495,global,176.19,166.56,-0.222,2.00,5.58,-6.38,-9.84,9.00,0.30,0.50,99.00,0,0,0,0,0,0.00,999.00
17:08:09.577,399746.1605,4091881.5495,global,176.63,166.56,-0.222,2.00,5.58,-5.94,-9.84,9.00,0.30,0.50,99.00,0,0,0,0,0,0.00,999.00
17:08:09.625,399745.7876,4091881.6316,global,177.04,165.76,-0.215,2.00,5.39,-4.78,-9.62,9.00,0.30,0.50,99.00,0,0,0,0,0,0.00,999.00
17:08:09.676,399745.7876,4091881.6316,global,177.27,165.76,-0.215,2.00,5.39,-4.54,-9.62,9.00,0.30,0.50,99.00,0,0,0,0,0,0.00,999.00
17:08:09.728,399745.7876,4091881.6316,global,177.51,165.76,-0.215,2.00,5.39,-4.31,-9.62,9.00,0.30,0.50,99.00,0,0,0,0,0,0.00,999.00
17:08:09.776,399745.7876,4091881.6316,global,177.84,165.76,-0.215,2.00,5.78,-2.95,-8.75,9.00,0.30,0.50,99.00,0,0,0,0,0,0.00,999.00
17:08:09.833,399745.4056,4091881.7027,global,178.08,169.89,-0.198,2.00,5.78,-5.65,-8.75,9.00,0.30,0.50,99.00,0,0,0,0,0,0.00,999.00
17:08:09.875,399745.4056,4091881.7027,global,178.27,169.89,-0.198,2.00,5.54,-6.04,-6.46,9.00,0.30,0.50,99.00,0,0,0,0,0,0.00,999.00
17:08:09.926,399745.4056,4091881.7027,global,178.26,169.89,-0.198,2.00,5.54,-6.05,-6.46,9.00,0.30,0.50,99.00,0,0,0,0,0,0.00,999.00
17:08:09.977,399745.4056,4091881.7027,global,178.21,169.89,-0.198,2.00,5.54,-6.10,-6.46,9.00,0.30,0.50,99.00,0,0,0,0,0,0.00,999.00
17:08:10.030,399745.4056,4091881.7027,global,178.17,169.89,-0.198,2.00,5.65,-5.85,-5.70,9.00,0.30,0.50,99.00,0,0,0,0,0,0.00,999.00
17:08:10.076,399745.0057,4091881.7629,global,178.20,166.78,-0.167,2.00,5.65,-0.59,-5.70,9.00,0.30,0.50,99.00,0,0,0,0,0,0.00,999.00
17:08:10.126,399745.0057,4091881.7629,global,178.21,166.78,-0.167,2.00,5.44,-1.03,-5.63,9.00,0.30,0.50,99.00,0,0,0,0,0,0.00,999.00
17:08:10.182,399745.0057,4091881.7629,global,178.21,166.78,-0.167,2.00,5.44,-1.03,-5.63,9.00,0.30,0.50,99.00,0,0,0,0,0,0.00,999.00
17:08:10.225,399745.0057,4091881.7629,global,178.19,166.78,-0.167,2.00,5.82,-0.27,-5.73,9.00,0.30,0.50,99.00,0,0,0,0,0,0.00,999.00
17:08:10.277,399745.0057,4091881.7629,global,178.19,166.78,-0.167,2.00,5.82,-0.28,-5.73,9.00,0.30,0.50,99.00,0,0,0,0,0,0.00,999.00
17:08:10.328,399744.6238,4091881.8451,global,178.19,168.47,-0.163,2.00,5.82,-1.66,-5.73,9.00,0.30,0.50,99.00,0,0,0,0,0,0.00,999.00
17:08:10.375,399744.6238,4091881.8451,global,178.23,168.47,-0.163,2.00,5.62,-2.02,-5.53,9.00,0.30,0.50,99.00,0,0,0,0,0,0.00,999.00
17:08:10.427,399744.6238,4091881.8451,global,178.22,168.47,-0.163,2.00,5.62,-2.02,-5.53,9.00,0.30,0.50,99.00,0,0,0,0,0,0.00,999.00
17:08:10.479,399744.6238,4091881.8451,global,178.01,168.47,-0.163,2.00,5.64,-2.17,-3.41,9.00,0.30,0.50,99.00,0,0,0,0,0,0.00,999.00
17:08:10.529,399744.6238,4091881.8451,global,177.79,168.47,-0.163,2.00,5.64,-2.40,-3.41,9.00,0.30,0.50,99.00,0,0,0,0,0,0.00,999.00
17:08:10.577,399744.6238,4091881.8451,global,177.48,168.47,-0.163,2.00,5.79,-2.42,-2.22,9.00,0.30,0.50,99.00,0,0,0,0,0,0.00,999.00
17:08:10.626,399744.2329,4091881.9163,global,177.12,173.85,-0.143,2.00,5.79,-6.80,-2.22,9.00,0.30,0.50,99.00,0,0,0,0,0,0.00,999.00
17:08:10.677,399744.2329,4091881.9163,global,176.82,173.85,-0.143,2.00,5.79,-7.09,-2.22,9.00,0.30,0.50,99.00,0,0,0,0,0,0.00,999.00
17:08:10.727,399744.2329,4091881.9163,global,176.51,173.85,-0.143,2.00,5.68,-7.59,-2.29,9.00,0.30,0.50,99.00,0,0,0,0,0,0.00,999.00
17:08:10.776,399744.2329,4091881.9163,global,176.14,173.85,-0.143,2.00,5.68,-7.97,-2.29,9.00,0.30,0.50,99.00,0,0,0,0,0,0.00,999.00
17:08:10.827,399743.8243,4091881.9988,global,175.81,173.85,-0.204,2.00,5.68,-12.53,-2.29,9.00,0.30,0.50,99.00,0,0,0,0,0,0.00,999.00
17:08:10.876,399743.8243,4091881.9988,global,175.54,173.85,-0.204,2.00,5.66,-12.84,-5.36,9.00,0.30,0.50,99.00,0,0,0,0,0,0.00,999.00
17:08:10.926,399743.8243,4091881.9988,global,175.60,173.85,-0.204,2.00,5.66,-12.78,-5.36,9.00,0.30,0.50,99.00,0,0,0,0,0,0.00,999.00
17:08:10.978,399743.8243,4091881.9988,global,175.76,173.85,-0.204,2.00,5.66,-12.62,-5.36,9.00,0.30,0.50,99.00,0,0,0,0,0,0.00,999.00
17:08:11.028,399743.8243,4091881.9988,global,175.80,173.85,-0.204,2.00,5.74,-12.40,-9.56,9.00,0.30,0.50,99.00,0,0,0,0,0,0.00,999.00
17:08:11.079,399743.8243,4091881.9988,global,176.14,173.85,-0.204,2.00,5.74,-12.06,-9.56,9.00,0.30,0.50,99.00,0,0,0,0,0,0.00,999.00
17:08:11.128,399743.4248,4091882.0923,global,176.46,-174.75,-0.277,2.00,6.25,-22.00,-11.27,9.00,0.30,0.50,99.00,0,0,0,0,0,0.00,999.00
17:08:11.185,399743.4248,4091882.0923,global,176.78,-174.75,-0.277,2.00,6.25,-22.00,-11.27,9.00,0.30,0.50,99.00,0,0,0,0,0,0.00,999.00
17:08:11.227,399743.4248,4091882.0923,global,177.08,-174.75,-0.277,2.00,6.25,-22.00,-11.89,9.00,0.30,0.50,99.00,0,0,0,0,0,0.00,999.00
17:08:11.280,399743.4248,4091882.0923,global,177.74,-174.75,-0.277,2.00,5.52,-22.00,-11.89,9.00,0.30,0.50,99.00,0,0,0,0,0,0.00,999.00
17:08:11.331,399743.0336,4091882.1413,global,178.22,173.14,-0.336,2.00,5.52,-18.60,-11.89,9.00,0.30,0.50,99.00,0,0,0,0,0,0.00,999.00
17:08:11.375,399743.0336,4091882.1413,global,179.17,173.14,-0.336,2.00,6.00,-15.95,-19.41,9.00,0.30,0.50,99.00,0,0,0,0,0,0.00,999.00
17:08:11.426,399743.0336,4091882.1413,global,-179.30,173.14,-0.336,2.00,6.00,-14.42,-19.41,9.00,0.30,0.50,99.00,0,0,0,0,0,0.00,999.00
17:08:11.478,399743.0336,4091882.1413,global,-177.92,173.14,-0.336,2.00,6.00,-13.04,-19.41,9.00,0.30,0.50,99.00,0,0,0,0,0,0.00,999.00
17:08:11.531,399743.0336,4091882.1413,global,-176.30,173.14,-0.336,2.00,5.54,-13.04,-21.56,9.00,0.30,0.50,99.00,0,0,0,0,0,0.00,999.00
17:08:11.581,399742.6335,4091882.1793,global,-173.79,170.09,-0.312,2.00,5.54,-5.94,-21.56,9.00,0.30,0.50,99.00,0,0,0,0,0,0.00,999.00
17:08:11.628,399742.6335,4091882.1793,global,-172.34,170.09,-0.312,2.00,5.53,-4.52,-18.92,9.00,0.30,0.50,99.00,0,0,0,0,0,0.00,999.00
17:08:11.678,399742.6335,4091882.1793,global,-170.86,170.09,-0.312,2.00,5.53,-3.03,-18.92,9.00,0.30,0.50,99.00,0,0,0,0,0,0.00,999.00
17:08:11.730,399742.6335,4091882.1793,global,-170.06,170.09,-0.312,2.00,5.53,-2.23,-18.92,9.00,0.30,0.50,99.00,0,0,0,0,0,0.00,999.00
17:08:11.780,399742.6335,4091882.1793,global,-169.23,170.09,-0.312,2.00,6.24,0.89,-10.39,9.00,0.30,0.50,99.00,0,0,0,0,0,0.00,999.00
17:08:11.836,399742.2414,4091882.1506,global,-168.97,170.82,-0.203,2.00,6.24,7.02,-10.39,9.00,0.30,0.50,99.00,0,0,0,0,0,0.00,999.00
17:08:11.875,399742.2414,4091882.1506,global,-169.04,170.82,-0.203,2.00,6.38,7.24,1.05,9.00,0.30,0.50,99.00,0,0,0,0,0,0.00,999.00
17:08:11.926,399742.2414,4091882.1506,global,-169.40,170.82,-0.203,2.00,6.38,6.88,1.05,9.00,0.30,0.50,99.00,0,0,0,0,0,0.00,999.00
17:08:11.976,399742.2414,4091882.1506,global,-170.72,170.82,-0.203,2.00,6.38,5.56,1.05,9.00,0.30,0.50,99.00,0,0,0,0,0,0.00,999.00
17:08:12.030,399742.2414,4091882.1506,global,-172.00,170.82,-0.203,2.00,5.82,3.06,10.41,9.00,0.30,0.50,99.00,0,0,0,0,0,0.00,999.00
17:08:12.077,399742.2414,4091882.1506,global,-173.96,170.82,-0.203,2.00,5.82,1.10,10.41,9.00,0.30,0.50,99.00,0,0,0,0,0,0.00,999.00
