time,utm_x,utm_y,path_type,vehicle_yaw_deg,path_yaw_deg,cte_meter,k_gain,v_kmh,target_steer_deg,current_steer_deg,kp,ki,kd,closest_cluster_dist,r_state,y_state,g_state,f_state,l_state,light_area,stopline_dist
17:02:43.833,399740.2078,4091874.3080,global,-6.61,-6.61,-0.089,2.00,0.00,-10.12,21.99,10.00,0.00,1.00,99.00,0,0,0,0,0,0.00,999.00
17:02:43.884,399740.2078,4091874.3080,global,-6.61,-6.61,-0.089,2.00,0.00,-10.12,21.99,10.00,0.00,1.00,99.00,0,0,0,0,0,0.00,999.00
17:02:43.933,399740.2078,4091874.3080,global,-6.63,-6.61,-0.089,2.00,0.00,-10.14,21.99,10.00,0.00,1.00,99.00,0,0,0,0,0,0.00,999.00
17:02:43.983,399740.2078,4091874.3080,global,-6.69,-6.61,-0.089,2.00,0.00,-10.20,21.99,10.00,0.00,1.00,99.00,0,0,0,0,0,0.00,999.00
17:02:44.033,399740.2078,4091874.3080,global,-6.86,-6.61,-0.089,2.00,0.28,-10.37,21.10,10.00,0.00,1.00,99.00,0,0,0,0,0,0.00,999.00
17:02:44.084,399740.2076,4091874.2969,global,-7.01,-6.61,-0.100,2.00,0.28,-11.74,21.10,10.00,0.00,1.00,99.00,0,0,0,0,0,0.00,999.00
17:02:44.133,399740.2076,4091874.2969,global,-7.11,-6.61,-0.100,2.00,0.20,-11.84,7.65,10.00,0.00,1.00,99.00,0,0,0,0,0,0.00,999.00
17:02:44.183,399740.2076,4091874.2969,global,-7.13,-6.61,-0.100,2.00,0.20,-11.86,7.65,10.00,0.00,1.00,99.00,0,0,0,0,0,0.00,999.00
17:02:44.232,399740.2076,4091874.2969,global,-7.18,-6.61,-0.100,2.00,0.40,-11.91,-4.84,10.00,0.00,1.00,99.00,0,0,0,0,0,0.00,999.00
17:02:44.284,399740.2076,4091874.2969,global,-7.14,-6.61,-0.100,2.00,0.40,-11.87,-4.84,10.00,0.00,1.00,99.00,0,0,0,0,0,0.00,999.00
17:02:44.332,399740.2431,4091874.2854,global,-7.00,-6.61,-0.108,2.00,0.40,-12.54,-4.84,10.00,0.00,1.00,99.00,0,0,0,0,0,0.00,999.00
17:02:44.382,399740.2431,4091874.2854,global,-6.84,-6.61,-0.108,2.00,0.70,-12.37,-1.89,10.00,0.00,1.00,99.00,0,0,0,0,0,0.00,999.00
17:02:44.432,399740.2431,4091874.2854,global,-6.68,-6.61,-0.108,2.00,0.70,-12.22,-1.89,10.00,0.00,1.00,99.00,0,0,0,0,0,0.00,999.00
17:02:44.483,399740.2431,4091874.2854,global,-6.70,-6.61,-0.108,2.00,1.40,-12.23,2.59,10.00,0.00,1.00,99.00,0,0,0,0,0,0.00,999.00
17:02:44.533,399740.2431,4091874.2854,global,-6.80,-6.61,-0.108,2.00,1.40,-12.33,2.59,10.00,0.00,1.00,99.00,0,0,0,0,0,0.00,999.00
17:02:44.583,399740.3143,4091874.2846,global,-6.80,-13.44,-0.099,2.00,1.40,-4.59,2.59,10.00,0.00,1.00,99.00,0,0,0,0,0,0.00,999.00
17:02:44.633,399740.3143,4091874.2846,global,-6.60,-13.44,-0.099,2.00,1.23,-4.39,-9.20,10.00,0.00,1.00,99.00,0,0,0,0,0,0.00,999.00
17:02:44.683,399740.3143,4091874.2846,global,-6.31,-13.44,-0.099,2.00,1.23,-4.10,-9.20,10.00,0.00,1.00,99.00,0,0,0,0,0,0.00,999.00
17:02:44.733,399740.3143,4091874.2846,global,-5.77,-13.44,-0.099,2.00,1.23,-3.56,-9.20,10.00,0.00,1.00,99.00,0,0,0,0,0,0.00,999.00
17:02:44.783,399740.3143,4091874.2846,global,-5.39,-13.44,-0.099,2.00,1.50,-3.18,-9.69,10.00,0.00,1.00,99.00,0,0,0,0,0,0.00,999.00
17:02:44.833,399740.4034,4091874.2835,global,-4.90,-14.67,-0.080,2.00,1.50,0.72,-9.69,10.00,0.00,1.00,99.00,0,0,0,0,0,0.00,999.00
17:02:44.883,399740.4034,4091874.2835,global,-4.67,-14.67,-0.080,2.00,1.60,0.95,-6.76,10.00,0.00,1.00,99.00,0,0,0,0,0,0.00,999.00
17:02:44.933,399740.4034,4091874.2835,global,-4.36,-14.67,-0.080,2.00,1.60,1.26,-6.76,10.00,0.00,1.00,99.00,0,0,0,0,0,0.00,999.00
17:02:44.983,399740.4034,4091874.2835,global,-4.13,-14.67,-0.080,2.00,1.60,1.49,-6.76,10.00,0.00,1.00,99.00,0,0,0,0,0,0.00,999.00
17:02:45.033,399740.4034,4091874.2835,global,-3.81,-14.67,-0.080,2.00,1.79,1.81,2.89,10.00,0.00,1.00,99.00,0,0,0,0,0,0.00,999.00
17:02:45.083,399740.5457,4091874.2707,global,-3.72,-24.67,-0.054,2.00,1.79,14.75,2.89,10.00,0.00,1.00,99.00,0,0,0,0,0,0.00,999.00
17:02:45.133,399740.5457,4091874.2707,global,-3.92,-24.67,-0.054,2.00,2.02,14.55,9.97,10.00,0.00,1.00,99.00,0,0,0,0,0,0.00,999.00
17:02:45.183,399740.5457,4091874.2707,global,-4.18,-24.67,-0.054,2.00,2.02,14.29,9.97,10.00,0.00,1.00,99.00,0,0,0,0,0,0.00,999.00
17:02:45.233,399740.5457,4091874.2707,global,-4.61,-24.67,-0.054,2.00,2.02,13.86,9.97,10.00,0.00,1.00,99.00,0,0,0,0,0,0.00,999.00
17:02:45.284,399740.5457,4091874.2707,global,-5.06,-24.67,-0.054,2.00,3.01,13.41,21.99,10.00,0.00,1.00,99.00,0,0,0,0,0,0.00,999.00
17:02:45.333,399740.6969,4091874.2579,global,-6.14,-5.13,-0.010,2.00,3.01,-2.11,21.99,10.00,0.00,1.00,99.00,0,0,0,0,0,0.00,999.00
17:02:45.383,399740.6969,4091874.2579,global,-7.02,-5.13,-0.010,2.00,2.00,-2.99,21.99,10.00,0.00,1.00,99.00,0,0,0,0,0,0.00,999.00
17:02:45.433,399740.6969,4091874.2579,global,-8.25,-5.13,-0.010,2.00,2.00,-4.22,21.99,10.00,0.00,1.00,99.00,0,0,0,0,0,0.00,999.00
17:02:45.483,399740.6969,4091874.2579,global,-8.90,-5.13,-0.010,2.00,2.00,-4.87,21.99,10.00,0.00,1.00,99.00,0,0,0,0,0,0.00,999.00
17:02:45.533,399740.6969,4091874.2579,global,-9.44,-5.13,-0.010,2.00,2.61,-5.42,12.47,10.00,0.00,1.00,99.00,0,0,0,0,0,0.00,999.00
17:02:45.583,399740.8566,4091874.2116,global,-9.57,-5.43,-0.041,2.00,2.61,-8.86,12.47,10.00,0.00,1.00,99.00,0,0,0,0,0,0.00,999.00
17:02:45.632,399740.8566,4091874.2116,global,-9.58,-5.43,-0.041,2.00,2.42,-8.87,-1.21,10.00,0.00,1.00,99.00,0,0,0,0,0,0.00,999.00
17:02:45.683,399740.8566,4091874.2116,global,-9.38,-5.43,-0.041,2.00,2.42,-8.67,-1.21,10.00,0.00,1.00,99.00,0,0,0,0,0,0.00,999.00
17:02:45.732,399740.8566,4091874.2116,global,-8.74,-5.43,-0.041,2.00,2.59,-8.03,-13.03,10.00,0.00,1.00,99.00,0,0,0,0,0,0.00,999.00
17:02:45.783,399740.8566,4091874.2116,global,-8.09,-5.43,-0.041,2.00,2.59,-7.38,-13.03,10.00,0.00,1.00,99.00,0,0,0,0,0,0.00,999.00
17:02:45.833,399741.0434,4091874.1983,global,-6.75,-10.32,-0.054,2.00,2.59,-2.62,-13.03,10.00,0.00,1.00,99.00,0,0,0,0,0,0.00,999.00
17:02:45.883,399741.0434,4091874.1983,global,-6.24,-10.32,-0.054,2.00,3.88,-1.66,-17.80,10.00,0.00,1.00,99.00,0,0,0,0,0,0.00,999.00
17:02:45.932,399741.0434,4091874.1983,global,-4.33,-10.32,-0.054,2.00,3.88,0.25,-17.80,10.00,0.00,1.00,99.00,0,0,0,0,0,0.00,999.00
17:02:45.983,399741.0434,4091874.1983,global,-3.80,-10.32,-0.054,2.00,3.59,0.33,-8.10,10.00,0.00,1.00,99.00,0,0,0,0,0,0.00,999.00
17:02:46.033,399741.0434,4091874.1983,global,-3.34,-10.32,-0.054,2.00,3.59,0.79,-8.10,10.00,0.00,1.00,99.00,0,0,0,0,0,0.00,999.00
17:02:46.083,399741.0434,4091874.1983,global,-3.19,-10.32,-0.054,2.00,3.59,0.95,-8.10,10.00,0.00,1.00,99.00,0,0,0,0,0,0.00,999.00
17:02:46.133,399741.2306,4091874.2183,global,-3.05,-6.15,0.004,2.00,3.28,3.59,-4.02,10.00,0.00,1.00,99.00,0,0,0,0,0,0.00,999.00
17:02:46.183,399741.2306,4091874.2183,global,-2.77,-6.15,0.004,2.00,3.28,3.87,-4.02,10.00,0.00,1.00,99.00,0,0,0,0,0,0.00,999.00
17:02:46.233,399741.2306,4091874.2183,global,-2.10,-6.15,0.004,2.00,2.82,4.54,-4.04,10.00,0.00,1.00,99.00,0,0,0,0,0,0.00,999.00
17:02:46.283,399741.2306,4091874.2183,global,-1.80,-6.15,0.004,2.00,2.82,4.84,-4.04,10.00,0.00,1.00,99.00,0,0,0,0,0,0.00,999.00
17:02:46.333,399741.4355,4091874.2269,global,-1.58,-0.68,0.033,2.00,3.26,2.91,0.63,10.00,0.00,1.00,99.00,0,0,0,0,0,0.00,999.00
17:02:46.384,399741.4355,4091874.2269,global,-1.46,-0.68,0.033,2.00,3.26,3.02,0.63,10.00,0.00,1.00,99.00,0,0,0,0,0,0.00,999.00
17:02:46.433,399741.4355,4091874.2269,global,-1.52,-0.68,0.033,2.00,3.26,2.97,0.63,10.00,0.00,1.00,99.00,0,0,0,0,0,0.00,999.00
17:02:46.483,399741.4355,4091874.2269,global,-1.71,-0.68,0.033,2.00,2.89,2.77,7.86,10.00,0.00,1.00,99.00,0,0,0,0,0,0.00,999.00
17:02:46.533,399741.4355,4091874.2269,global,-2.02,-0.68,0.033,2.00,2.89,2.46,7.86,10.00,0.00,1.00,99.00,0,0,0,0,0,0.00,999.00
17:02:46.583,399741.6490,4091874.2133,global,-2.04,-5.76,0.041,2.00,3.19,8.42,4.61,10.00,0.00,1.00,99.00,0,0,0,0,0,0.00,999.00
17:02:46.633,399741.6490,4091874.2133,global,-2.02,-5.76,0.041,2.00,3.19,8.43,4.61,10.00,0.00,1.00,99.00,0,0,0,0,0,0.00,999.00
17:02:46.713,399741.6490,4091874.2133,global,-1.99,-5.76,0.041,2.00,3.19,8.47,4.61,10.00,0.00,1.00,99.00,0,0,0,0,0,0.00,999.00
17:02:46.733,399741.6490,4091874.2133,global,-1.74,-5.76,0.041,2.00,3.19,8.71,12.83,10.00,0.00,1.00,99.00,0,0,0,0,0,0.00,999.00
17:02:46.783,399741.6490,4091874.2133,global,-1.94,-5.76,0.041,2.00,3.43,8.52,12.83,10.00,0.00,1.00,99.00,0,0,0,0,0,0.00,999.00
17:02:46.832,399741.8715,4091874.2107,global,-2.74,-13.83,0.068,2.00,3.43,18.86,12.83,10.00,0.00,1.00,99.00,0,0,0,0,0,0.00,999.00
17:02:46.883,399741.8715,4091874.2107,global,-3.49,-13.83,0.068,2.00,3.39,18.10,21.99,10.00,0.00,1.00,99.00,0,0,0,0,0,0.00,999.00
17:02:46.933,399741.8715,4091874.2107,global,-4.88,-13.83,0.068,2.00,3.39,16.72,21.99,10.00,0.00,1.00,99.00,0,0,0,0,0,0.00,999.00
17:02:46.983,399741.8715,4091874.2107,global,-5.89,-13.83,0.068,2.00,2.99,15.71,21.99,10.00,0.00,1.00,99.00,0,0,0,0,0,0.00,999.00
17:02:47.033,399741.8715,4091874.2107,global,-7.30,-13.83,0.068,2.00,2.99,14.30,21.99,10.00,0.00,1.00,99.00,0,0,0,0,0,0.00,999.00
17:02:47.083,399741.8715,4091874.2107,global,-7.99,-13.83,0.068,2.00,2.99,13.60,21.99,10.00,0.00,1.00,99.00,0,0,0,0,0,0.00,999.00
17:02:47.133,399742.1022,4091874.1414,global,-8.64,-10.77,0.066,2.00,3.69,9.42,13.17,10.00,0.00,1.00,99.00,0,0,0,0,0,0.00,999.00
17:02:47.183,399742.1022,4091874.1414,global,-8.94,-10.77,0.066,2.00,3.69,9.12,13.17,10.00,0.00,1.00,99.00,0,0,0,0,0,0.00,999.00
17:02:47.233,399742.1022,4091874.1414,global,-9.22,-10.77,0.066,2.00,3.22,9.02,4.61,10.00,0.00,1.00,99.00,0,0,0,0,0,0.00,999.00
17:02:47.283,399742.1022,4091874.1414,global,-9.15,-10.77,0.066,2.00,3.22,9.09,4.61,10.00,0.00,1.00,99.00,0,0,0,0,0,0.00,999.00
17:02:47.333,399742.3510,4091874.1052,global,-8.86,-16.16,0.078,2.00,3.22,16.21,4.61,10.00,0.00,1.00,99.00,0,0,0,0,0,0.00,999.00
17:02:47.383,399742.3510,4091874.1052,global,-8.63,-16.16,0.078,2.00,3.58,16.43,-1.84,10.00,0.00,1.00,99.00,0,0,0,0,0,0.00,999.00
17:02:47.432,399742.3510,4091874.1052,global,-8.30,-16.16,0.078,2.00,3.58,16.77,-1.84,10.00,0.00,1.00,99.00,0,0,0,0,0,0.00,999.00
17:02:47.483,399742.3510,4091874.1052,global,-8.07,-16.16,0.078,2.00,3.59,17.00,-1.00,10.00,0.00,1.00,99.00,0,0,0,0,0,0.00,999.00
17:02:47.533,399742.3510,4091874.1052,global,-7.75,-16.16,0.078,2.00,3.59,17.32,-1.00,10.00,0.00,1.00,99.00,0,0,0,0,0,0.00,999.00
17:02:47.583,399742.6002,4091874.0911,global,-7.84,-17.02,0.135,2.00,3.59,22.00,-1.00,10.00,0.00,1.00,99.00,0,0,0,0,0,0.00,999.00
17:02:47.633,399742.6002,4091874.0911,global,-8.42,-17.02,0.135,2.00,3.55,22.00,16.09,10.00,0.00,1.00,99.00,0,0,0,0,0,0.00,999.00
17:02:47.683,399742.6002,4091874.0911,global,-9.05,-17.02,0.135,2.00,3.55,22.00,16.09,10.00,0.00,1.00,99.00,0,0,0,0,0,0.00,999.00
17:02:47.733,399742.6002,4091874.0911,global,-10.23,-17.02,0.135,2.00,4.23,19.69,21.99,10.00,0.00,1.00,99.00,0,0,0,0,0,0.00,999.00
17:02:47.783,399742.6002,4091874.0911,global,-11.20,-17.02,0.135,2.00,4.23,18.72,21.99,10.00,0.00,1.00,99.00,0,0,0,0,0,0.00,999.00
17:02:47.833,399742.8308,4091874.0218,global,-12.80,-17.02,0.123,2.00,4.23,16.01,21.99,10.00,0.00,1.00,99.00,0,0,0,0,0,0.00,999.00
17:02:47.883,399742.8308,4091874.0218,global,-13.42,-17.02,0.123,2.00,3.44,17.40,11.79,10.00,0.00,1.00,99.00,0,0,0,0,0,0.00,999.00
17:02:47.933,399742.8308,4091874.0218,global,-13.64,-17.02,0.123,2.00,3.44,17.18,11.79,10.00,0.00,1.00,99.00,0,0,0,0,0,0.00,999.00
17:02:47.983,399742.8308,4091874.0218,global,-13.57,-17.02,0.123,2.00,3.79,16.57,1.26,10.00,0.00,1.00,99.00,0,0,0,0,0,0.00,999.00
17:02:48.033,399742.8308,4091874.0218,global,-13.26,-17.02,0.123,2.00,3.79,16.88,1.26,10.00,0.00,1.00,99.00,0,0,0,0,0,0.00,999.00
17:02:48.084,399743.0791,4091873.9412,global,-13.26,-4.43,0.105,2.00,3.79,2.43,1.26,10.00,0.00,1.00,99.00,0,0,0,0,0,0.00,999.00
17:02:48.133,399743.0791,4091873.9412,global,-13.87,-4.43,0.105,2.00,5.60,-1.76,17.41,10.00,0.00,1.00,99.00,0,0,0,0,0,0.00,999.00
17:02:48.183,399743.0791,4091873.9412,global,-14.64,-4.43,0.105,2.00,5.60,-2.54,17.41,10.00,0.00,1.00,99.00,0,0,0,0,0,0.00,999.00
17:02:48.233,399743.0791,4091873.9412,global,-16.25,-4.43,0.105,2.00,5.60,-4.14,17.41,10.00,0.00,1.00,99.00,0,0,0,0,0,0.00,999.00
17:02:48.283,399743.0791,4091873.9412,global,-17.67,-4.43,0.105,2.00,3.69,-1.67,21.99,10.00,0.00,1.00,99.00,0,0,0,0,0,0.00,999.00
17:02:48.333,399743.3182,4091873.8274,global,-19.54,-10.77,0.019,2.00,3.69,-6.67,21.99,10.00,0.00,1.00,99.00,0,0,0,0,0,0.00,999.00
17:02:48.383,399743.3182,4091873.8274,global,-20.14,-10.77,0.019,2.00,3.99,-7.43,13.69,10.00,0.00,1.00,99.00,0,0,0,0,0,0.00,999.00
17:02:48.433,399743.3182,4091873.8274,global,-20.47,-10.77,0.019,2.00,3.99,-7.76,13.69,10.00,0.00,1.00,99.00,0,0,0,0,0,0.00,999.00
17:02:48.483,399743.3182,4091873.8274,global,-20.54,-10.77,0.019,2.00,3.99,-7.84,13.69,10.00,0.00,1.00,99.00,0,0,0,0,0,0.00,999.00
17:02:48.533,399743.3182,4091873.8274,global,-20.46,-10.77,0.019,2.00,3.71,-7.61,-2.85,10.00,0.00,1.00,99.00,0,0,0,0,0,0.00,999.00
17:02:48.583,399743.5665,4091873.7468,global,-19.97,-17.20,-0.009,2.00,3.71,-3.72,-2.85,10.00,0.00,1.00,99.00,0,0,0,0,0,0.00,999.00
17:02:48.633,399743.5665,4091873.7468,global,-19.13,-17.20,-0.009,2.00,4.23,-2.76,-11.72,10.00,0.00,1.00,99.00,0,0,0,0,0,0.00,999.00
17:02:48.683,399743.5665,4091873.7468,global,-18.30,-17.20,-0.009,2.00,4.23,-1.93,-11.72,10.00,0.00,1.00,99.00,0,0,0,0,0,0.00,999.00
17:02:48.733,399743.5665,4091873.7468,global,-16.67,-17.20,-0.009,2.00,4.84,-0.20,-9.52,10.00,0.00,1.00,99.00,0,0,0,0,0,0.00,999.00
17:02:48.783,399743.5665,4091873.7468,global,-15.87,-17.20,-0.009,2.00,4.84,0.60,-9.52,10.00,0.00,1.00,99.00,0,0,0,0,0,0.00,999.00
17:02:48.832,399743.8241,4091873.6994,global,-15.56,-16.16,0.020,2.00,4.84,2.32,-9.52,10.00,0.00,1.00,99.00,0,0,0,0,0,0.00,999.00
17:02:48.883,399743.8241,4091873.6994,global,-15.73,-16.16,0.020,2.00,4.13,2.44,6.95,10.00,0.00,1.00,99.00,0,0,0,0,0,0.00,999.00
17:02:48.932,399743.8241,4091873.6994,global,-16.11,-16.16,0.020,2.00,4.13,2.06,6.95,10.00,0.00,1.00,99.00,0,0,0,0,0,0.00,999.00
17:02:48.983,399743.8241,4091873.6994,global,-16.46,-16.16,0.020,2.00,3.22,2.01,15.89,10.00,0.00,1.00,99.00,0,0,0,0,0,0.00,999.00
17:02:49.033,399743.8241,4091873.6994,global,-17.34,-16.16,0.020,2.00,3.22,1.13,15.89,10.00,0.00,1.00,99.00,0,0,0,0,0,0.00,999.00
17:02:49.083,399744.0813,4091873.6076,global,-18.30,-12.41,-0.000,2.00,4.64,-5.89,17.62,10.00,0.00,1.00,99.00,0,0,0,0,0,0.00,999.00
17:02:49.133,399744.0813,4091873.6076,global,-19.50,-12.41,-0.000,2.00,4.64,-7.09,17.62,10.00,0.00,1.00,99.00,0,0,0,0,0,0.00,999.00
17:02:49.183,399744.0813,4091873.6076,global,-19.79,-12.41,-0.000,2.00,4.64,-7.38,17.62,10.00,0.00,1.00,99.00,0,0,0,0,0,0.00,999.00
17:02:49.233,399744.0813,4091873.6076,global,-19.52,-12.41,-0.000,2.00,3.99,-7.11,-0.54,10.00,0.00,1.00,99.00,0,0,0,0,0,0.00,999.00
17:02:49.283,399744.0813,4091873.6076,global,-19.19,-12.41,-0.000,2.00,3.99,-6.78,-0.54,10.00,0.00,1.00,99.00,0,0,0,0,0,0.00,999.00
17:02:49.332,399744.3471,4091873.5046,global,-18.27,-0.68,-0.033,2.00,3.79,-21.21,-13.13,10.00,0.00,1.00,99.00,0,0,0,0,0,0.00,999.00
17:02:49.383,399744.3471,4091873.5046,global,-17.25,-0.68,-0.033,2.00,3.79,-20.19,-13.13,10.00,0.00,1.00,99.00,0,0,0,0,0,0.00,999.00
17:02:49.433,399744.3471,4091873.5046,global,-15.89,-0.68,-0.033,2.00,5.44,-17.73,-9.97,10.00,0.00,1.00,99.00,0,0,0,0,0,0.00,999.00
17:02:49.483,399744.3471,4091873.5046,global,-15.31,-0.68,-0.033,2.00,5.44,-17.15,-9.97,10.00,0.00,1.00,99.00,0,0,0,0,0,0.00,999.00
17:02:49.533,399744.3471,4091873.5046,global,-14.36,-0.68,-0.033,2.00,5.44,-16.20,-9.97,10.00,0.00,1.00,99.00,0,0,0,0,0,0.00,999.00
17:02:49.583,399744.6137,4091873.4571,global,-13.37,-4.24,-0.059,2.00,3.88,-15.40,-17.39,10.00,0.00,1.00,99.00,0,0,0,0,0,0.00,999.00
17:02:49.633,399744.6137,4091873.4571,global,-11.51,-4.24,-0.059,2.00,3.88,-13.55,-17.39,10.00,0.00,1.00,99.00,0,0,0,0,0,0.00,999.00
17:02:49.683,399744.6137,4091873.4571,global,-10.14,-4.24,-0.059,2.00,3.66,-12.53,-20.84,10.00,0.00,1.00,99.00,0,0,0,0,0,0.00,999.00
17:02:49.733,399744.6137,4091873.4571,global,-8.05,-4.24,-0.059,2.00,3.66,-10.45,-20.84,10.00,0.00,1.00,99.00,0,0,0,0,0,0.00,999.00
17:02:49.783,399744.6137,4091873.4571,global,-6.72,-4.24,-0.059,2.00,4.39,-8.03,-20.95,10.00,0.00,1.00,99.00,0,0,0,0,0,0.00,999.00
17:02:49.833,399744.8719,4091873.4651,global,-4.77,-4.24,-0.032,2.00,4.39,-3.54,-20.95,10.00,0.00,1.00,99.00,0,0,0,0,0,0.00,999.00
17:02:49.883,399744.8719,4091873.4651,global,-3.57,-4.24,-0.032,2.00,4.39,-2.34,-20.95,10.00,0.00,1.00,99.00,0,0,0,0,0,0.00,999.00
17:02:49.933,399744.8719,4091873.4651,global,-2.25,-4.24,-0.032,2.00,4.37,-1.03,-8.81,10.00,0.00,1.00,99.00,0,0,0,0,0,0.00,999.00
17:02:49.983,399744.8719,4091873.4651,global,-1.67,-4.24,-0.032,2.00,4.37,-0.46,-8.81,10.00,0.00,1.00,99.00,0,0,0,0,0,0.00,999.00
17:02:50.034,399744.8719,4091873.4651,global,-1.31,-4.24,-0.032,2.00,4.43,-0.06,2.43,10.00,0.00,1.00,99.00,0,0,0,0,0,0.00,999.00
17:02:50.083,399744.8719,4091873.4651,global,-1.38,-4.24,-0.032,2.00,4.43,-0.12,2.43,10.00,0.00,1.00,99.00,0,0,0,0,0,0.00,999.00
17:02:50.136,399745.1394,4091873.4952,global,-1.40,2.42,0.060,2.00,3.99,2.37,2.54,10.00,0.00,1.00,99.00,0,0,0,0,0,0.00,999.00
17:02:50.183,399745.1394,4091873.4952,global,-1.25,2.42,0.060,2.00,3.99,2.53,2.54,10.00,0.00,1.00,99.00,0,0,0,0,0,0.00,999.00
17:02:50.233,399745.1394,4091873.4952,global,-1.30,2.42,0.060,2.00,3.99,2.47,2.54,10.00,0.00,1.00,99.00,0,0,0,0,0,0.00,999.00
17:02:50.283,399745.1394,4091873.4952,global,-1.45,2.42,0.060,2.00,4.04,2.25,5.83,10.00,0.00,1.00,99.00,0,0,0,0,0,0.00,999.00
17:02:50.333,399745.4241,4091873.4808,global,-1.57,-6.86,0.032,2.00,4.04,8.57,5.83,10.00,0.00,1.00,99.00,0,0,0,0,0,0.00,999.00
17:02:50.386,399745.4241,4091873.4808,global,-1.61,-6.86,0.032,2.00,4.19,8.42,6.06,10.00,0.00,1.00,99.00,0,0,0,0,0,0.00,999.00
17:02:50.432,399745.4241,4091873.4808,global,-1.92,-6.86,0.032,2.00,4.19,8.10,6.06,10.00,0.00,1.00,99.00,0,0,0,0,0,0.00,999.00
17:02:50.483,399745.4241,4091873.4808,global,-1.96,-6.86,0.032,2.00,4.19,8.06,6.06,10.00,0.00,1.00,99.00,0,0,0,0,0,0.00,999.00
17:02:50.533,399745.4241,4091873.4808,global,-2.04,-6.86,0.032,2.00,4.43,7.81,9.94,10.00,0.00,1.00,99.00,0,0,0,0,0,0.00,999.00
17:02:50.583,399745.7091,4091873.4885,global,-2.41,-3.42,0.070,2.00,4.43,7.49,9.94,10.00,0.00,1.00,99.00,0,0,0,0,0,0.00,999.00
17:02:50.633,399745.7091,4091873.4885,global,-3.42,-3.42,0.070,2.00,4.15,6.91,17.50,10.00,0.00,1.00,99.00,0,0,0,0,0,0.00,999.00
17:02:50.683,399745.7091,4091873.4885,global,-4.23,-3.42,0.070,2.00,4.15,6.11,17.50,10.00,0.00,1.00,99.00,0,0,0,0,0,0.00,999.00
17:02:50.733,399745.7091,4091873.4885,global,-5.31,-3.42,0.070,2.00,4.15,5.03,17.50,10.00,0.00,1.00,99.00,0,0,0,0,0,0.00,999.00
17:02:50.783,399745.7091,4091873.4885,global,-5.68,-3.42,0.070,2.00,4.40,4.27,6.47,10.00,0.00,1.00,99.00,0,0,0,0,0,0.00,999.00
17:02:50.832,399746.0110,4091873.4184,global,-5.61,-6.15,0.025,2.00,4.40,2.85,6.47,10.00,0.00,1.00,99.00,0,0,0,0,0,0.00,999.00
17:02:50.883,399746.0110,4091873.4184,global,-5.32,-6.15,0.025,2.00,4.03,3.35,-3.74,10.00,0.00,1.00,99.00,0,0,0,0,0,0.00,999.00
17:02:50.933,399746.0110,4091873.4184,global,-4.57,-6.15,0.025,2.00,4.03,4.10,-3.74,10.00,0.00,1.00,99.00,0,0,0,0,0,0.00,999.00
17:02:50.983,399746.0110,4091873.4184,global,-4.11,-6.15,0.025,2.00,4.03,4.56,-3.74,10.00,0.00,1.00,99.00,0,0,0,0,0,0.00,999.00
17:02:51.033,399746.0110,4091873.4184,global,-3.81,-6.15,0.025,2.00,4.40,4.65,-0.98,10.00,0.00,1.00,99.00,0,0,0,0,0,0.00,999.00
17:02:51.084,399746.2960,4091873.4261,global,-3.59,-8.28,0.061,2.00,4.40,10.41,-0.98,10.00,0.00,1.00,99.00,0,0,0,0,0,0.00,999.00
17:02:51.133,399746.2960,4091873.4261,global,-3.45,-8.28,0.061,2.00,3.99,11.13,5.21,10.00,0.00,1.00,99.00,0,0,0,0,0,0.00,999.00
17:02:51.209,399746.2960,4091873.4261,global,-3.51,-8.28,0.061,2.00,3.99,11.08,5.21,10.00,0.00,1.00,99.00,0,0,0,0,0,0.00,999.00
17:02:51.233,399746.2960,4091873.4261,global,-4.08,-8.28,0.061,2.00,3.99,10.51,11.83,10.00,0.00,1.00,99.00,0,0,0,0,0,0.00,999.00
17:02:51.283,399746.2960,4091873.4261,global,-4.50,-8.28,0.061,2.00,4.56,9.31,11.83,10.00,0.00,1.00,99.00,0,0,0,0,0,0.00,999.00
17:02:51.333,399746.6161,4091873.3890,global,-5.14,-5.59,0.069,2.00,4.56,6.70,11.83,10.00,0.00,1.00,99.00,0,0,0,0,0,0.00,999.00
17:02:51.384,399746.6161,4091873.3890,global,-5.58,-5.59,0.069,2.00,4.14,6.89,9.46,10.00,0.00,1.00,99.00,0,0,0,0,0,0.00,999.00
17:02:51.433,399746.6161,4091873.3890,global,-5.96,-5.59,0.069,2.00,4.14,6.51,9.46,10.00,0.00,1.00,99.00,0,0,0,0,0,0.00,999.00
17:02:51.483,399746.6161,4091873.3890,global,-5.93,-5.59,0.069,2.00,4.59,5.87,1.39,10.00,0.00,1.00,99.00,0,0,0,0,0,0.00,999.00
17:02:51.533,399746.6161,4091873.3890,global,-5.60,-5.59,0.069,2.00,4.59,6.20,1.39,10.00,0.00,1.00,99.00,0,0,0,0,0,0.00,999.00
17:02:51.583,399746.9096,4091873.3633,global,-5.33,-8.28,0.075,2.00,4.59,9.70,1.39,10.00,0.00,1.00,99.00,0,0,0,0,0,0.00,999.00
17:02:51.633,399746.9096,4091873.3633,global,-5.20,-8.28,0.075,2.00,4.68,9.71,6.07,10.00,0.00,1.00,99.00,0,0,0,0,0,0.00,999.00
17:02:51.683,399746.9096,4091873.3633,global,-5.39,-8.28,0.075,2.00,4.68,9.52,6.07,10.00,0.00,1.00,99.00,0,0,0,0,0,0.00,999.00
17:02:51.733,399746.9096,4091873.3633,global,-6.02,-8.28,0.075,2.00,4.35,9.38,12.30,10.00,0.00,1.00,99.00,0,0,0,0,0,0.00,999.00
17:02:51.783,399746.9096,4091873.3633,global,-6.49,-8.28,0.075,2.00,4.35,8.91,12.30,10.00,0.00,1.00,99.00,0,0,0,0,0,0.00,999.00
17:02:51.833,399747.2117,4091873.3154,global,-7.20,-7.78,0.070,2.00,4.35,7.23,12.30,10.00,0.00,1.00,99.00,0,0,0,0,0,0.00,999.00
17:02:51.885,399747.2117,4091873.3154,global,-7.42,-7.78,0.070,2.00,4.57,6.69,7.05,10.00,0.00,1.00,99.00,0,0,0,0,0,0.00,999.00
17:02:51.932,399747.2117,4091873.3154,global,-7.74,-7.78,0.070,2.00,4.57,6.37,7.05,10.00,0.00,1.00,99.00,0,0,0,0,0,0.00,999.00
17:02:51.982,399747.2117,4091873.3154,global,-7.73,-7.78,0.070,2.00,4.19,6.95,3.17,10.00,0.00,1.00,99.00,0,0,0,0,0,0.00,999.00
17:02:52.033,399747.2117,4091873.3154,global,-7.75,-7.78,0.070,2.00,4.19,6.93,3.17,10.00,0.00,1.00,99.00,0,0,0,0,0,0.00,999.00
17:02:52.085,399747.5229,4091873.2784,global,-7.81,-8.02,0.063,2.00,4.19,6.42,3.17,10.00,0.00,1.00,99.00,0,0,0,0,0,0.00,999.00
17:02:52.133,399747.5229,4091873.2784,global,-8.05,-8.02,0.063,2.00,4.45,5.82,10.31,10.00,0.00,1.00,99.00,0,0,0,0,0,0.00,999.00
17:02:52.182,399747.5229,4091873.2784,global,-8.32,-8.02,0.063,2.00,4.45,5.56,10.31,10.00,0.00,1.00,99.00,0,0,0,0,0,0.00,999.00
17:02:52.233,399747.5229,4091873.2784,global,-9.10,-8.02,0.063,2.00,4.45,4.78,10.31,10.00,0.00,1.00,99.00,0,0,0,0,0,0.00,999.00
17:02:52.283,399747.5229,4091873.2784,global,-9.80,-8.02,0.063,2.00,4.85,3.60,15.01,10.00,0.00,1.00,99.00,0,0,0,0,0,0.00,999.00
17:02:52.333,399747.8514,4091873.2080,global,-10.73,-12.80,0.036,2.00,4.85,5.12,15.01,10.00,0.00,1.00,99.00,0,0,0,0,0,0.00,999.00
17:02:52.384,399747.8514,4091873.2080,global,-11.02,-12.80,0.036,2.00,4.15,5.35,5.64,10.00,0.00,1.00,99.00,0,0,0,0,0,0.00,999.00
17:02:52.432,399747.8514,4091873.2080,global,-10.95,-12.80,0.036,2.00,4.15,5.42,5.64,10.00,0.00,1.00,99.00,0,0,0,0,0,0.00,999.00
17:02:52.483,399747.8514,4091873.2080,global,-10.71,-12.80,0.036,2.00,4.15,5.66,5.64,10.00,0.00,1.00,99.00,0,0,0,0,0,0.00,999.00
17:02:52.533,399747.8514,4091873.2080,global,-10.08,-12.80,0.036,2.00,4.71,5.87,-9.60,10.00,0.00,1.00,99.00,0,0,0,0,0,0.00,999.00
17:02:52.584,399748.1625,4091873.1599,global,-8.80,-8.02,0.057,2.00,4.71,4.23,-9.60,10.00,0.00,1.00,99.00,0,0,0,0,0,0.00,999.00
17:02:52.633,399748.1625,4091873.1599,global,-7.78,-8.02,0.057,2.00,4.43,5.55,-13.26,10.00,0.00,1.00,99.00,0,0,0,0,0,0.00,999.00
17:02:52.684,399748.1625,4091873.1599,global,-6.72,-8.02,0.057,2.00,4.43,6.62,-13.26,10.00,0.00,1.00,99.00,0,0,0,0,0,0.00,999.00
17:02:52.733,399748.1625,4091873.1599,global,-5.24,-8.02,0.057,2.00,5.90,6.78,-6.81,10.00,0.00,1.00,99.00,0,0,0,0,0,0.00,999.00
17:02:52.784,399748.1625,4091873.1599,global,-4.40,-8.02,0.057,2.00,5.90,7.62,-6.81,10.00,0.00,1.00,99.00,0,0,0,0,0,0.00,999.00
17:02:52.833,399748.4565,4091873.1786,global,-4.19,-11.53,0.119,2.00,5.59,16.06,5.95,10.00,0.00,1.00,99.00,0,0,0,0,0,0.00,999.00
17:02:52.886,399748.4565,4091873.1786,global,-4.61,-11.53,0.119,2.00,5.59,15.64,5.95,10.00,0.00,1.00,99.00,0,0,0,0,0,0.00,999.00
17:02:52.933,399748.4565,4091873.1786,global,-5.25,-11.53,0.119,2.00,4.84,16.32,15.67,10.00,0.00,1.00,99.00,0,0,0,0,0,0.00,999.00
17:02:52.983,399748.4565,4091873.1786,global,-6.27,-11.53,0.119,2.00,4.84,15.31,15.67,10.00,0.00,1.00,99.00,0,0,0,0,0,0.00,999.00
17:02:53.033,399748.4565,4091873.1786,global,-7.00,-11.53,0.119,2.00,4.84,14.58,15.67,10.00,0.00,1.00,99.00,0,0,0,0,0,0.00,999.00
17:02:53.084,399748.4565,4091873.1786,global,-8.16,-11.53,0.119,2.00,4.18,14.95,17.18,10.00,0.00,1.00,99.00,0,0,0,0,0,0.00,999.00
17:02:53.133,399748.7852,4091873.1193,global,-8.84,-6.15,0.133,2.00,4.18,10.24,17.18,10.00,0.00,1.00,99.00,0,0,0,0,0,0.00,999.00
17:02:53.182,399748.7852,4091873.1193,global,-9.43,-6.15,0.133,2.00,4.84,7.95,7.92,10.00,0.00,1.00,99.00,0,0,0,0,0,0.00,999.00
17:02:53.233,399748.7852,4091873.1193,global,-9.57,-6.15,0.133,2.00,4.84,7.81,7.92,10.00,0.00,1.00,99.00,0,0,0,0,0,0.00,999.00
17:02:53.284,399748.7852,4091873.1193,global,-9.76,-6.15,0.133,2.00,4.43,8.61,5.32,10.00,0.00,1.00,99.00,0,0,0,0,0,0.00,999.00
17:02:53.333,399749.0961,4091873.0601,global,-9.84,-16.16,0.100,2.00,4.43,15.52,5.32,10.00,0.00,1.00,99.00,0,0,0,0,0,0.00,999.00
17:02:53.387,399749.0961,4091873.0601,global,-9.86,-16.16,0.100,2.00,4.48,15.41,9.29,10.00,0.00,1.00,99.00,0,0,0,0,0,0.00,999.00
17:02:53.433,399749.0961,4091873.0601,global,-10.27,-16.16,0.100,2.00,4.48,15.00,9.29,10.00,0.00,1.00,99.00,0,0,0,0,0,0.00,999.00
17:02:53.483,399749.0961,4091873.0601,global,-10.90,-16.16,0.100,2.00,4.48,14.37,9.29,10.00,0.00,1.00,99.00,0,0,0,0,0,0.00,999.00
17:02:53.533,399749.0961,4091873.0601,global,-11.63,-16.16,0.100,2.00,4.40,13.80,21.25,10.00,0.00,1.00,99.00,0,0,0,0,0,0.00,999.00
17:02:53.583,399749.4066,4091872.9677,global,-13.22,-15.14,0.097,2.00,4.40,10.94,21.25,10.00,0.00,1.00,99.00,0,0,0,0,0,0.00,999.00
17:02:53.633,399749.4066,4091872.9677,global,-14.38,-15.14,0.097,2.00,4.89,8.90,21.99,10.00,0.00,1.00,99.00,0,0,0,0,0,0.00,999.00
17:02:53.683,399749.4066,4091872.9677,global,-16.15,-15.14,0.097,2.00,4.89,7.13,21.99,10.00,0.00,1.00,99.00,0,0,0,0,0,0.00,999.00
17:02:53.733,399749.4066,4091872.9677,global,-17.31,-15.14,0.097,2.00,4.19,7.29,17.03,10.00,0.00,1.00,99.00,0,0,0,0,0,0.00,999.00
17:02:53.783,399749.4066,4091872.9677,global,-18.46,-15.14,0.097,2.00,4.19,6.14,17.03,10.00,0.00,1.00,99.00,0,0,0,0,0,0.00,999.00
17:02:53.833,399749.6990,4091872.8422,global,-18.71,-8.86,0.044,2.00,4.19,-5.49,17.03,10.00,0.00,1.00,99.00,0,0,0,0,0,0.00,999.00
17:02:53.883,399749.6990,4091872.8422,global,-18.75,-8.86,0.044,2.00,4.81,-6.10,3.58,10.00,0.00,1.00,99.00,0,0,0,0,0,0.00,999.00
17:02:53.933,399749.6990,4091872.8422,global,-18.71,-8.86,0.044,2.00,4.81,-6.06,3.58,10.00,0.00,1.00,99.00,0,0,0,0,0,0.00,999.00
17:02:53.983,399749.6990,4091872.8422,global,-18.50,-8.86,0.044,2.00,4.81,-5.84,3.58,10.00,0.00,1.00,99.00,0,0,0,0,0,0.00,999.00
17:02:54.033,399749.6990,4091872.8422,global,-18.16,-8.86,0.044,2.00,5.02,-5.66,-1.89,10.00,0.00,1.00,99.00,0,0,0,0,0,0.00,999.00
17:02:54.083,399750.0183,4091872.7385,global,-17.50,-15.63,0.003,2.00,5.02,-1.62,-1.89,10.00,0.00,1.00,99.00,0,0,0,0,0,0.00,999.00
17:02:54.133,399750.0183,4091872.7385,global,-17.38,-15.63,0.003,2.00,5.04,-1.50,0.29,10.00,0.00,1.00,99.00,0,0,0,0,0,0.00,999.00
17:02:54.183,399750.0183,4091872.7385,global,-17.27,-15.63,0.003,2.00,5.04,-1.39,0.29,10.00,0.00,1.00,99.00,0,0,0,0,0,0.00,999.00
17:02:54.233,399750.0183,4091872.7385,global,-16.91,-15.63,0.003,2.00,4.64,-1.01,-1.18,10.00,0.00,1.00,99.00,0,0,0,0,0,0.00,999.00
17:02:54.283,399750.0183,4091872.7385,global,-16.39,-15.63,0.003,2.00,4.64,-0.49,-1.18,10.00,0.00,1.00,99.00,0,0,0,0,0,0.00,999.00
17:02:54.333,399750.3470,4091872.6792,global,-16.17,-18.58,0.034,2.00,4.64,5.47,-1.18,10.00,0.00,1.00,99.00,0,0,0,0,0,0.00,999.00
17:02:54.386,399750.3470,4091872.6792,global,-15.72,-18.58,0.034,2.00,4.68,5.89,-0.44,10.00,0.00,1.00,99.00,0,0,0,0,0,0.00,999.00
17:02:54.433,399750.3470,4091872.6792,global,-15.46,-18.58,0.034,2.00,4.68,6.15,-0.44,10.00,0.00,1.00,99.00,0,0,0,0,0,0.00,999.00
17:02:54.483,399750.3470,4091872.6792,global,-15.14,-18.58,0.034,2.00,4.59,6.54,0.24,10.00,0.00,1.00,99.00,0,0,0,0,0,0.00,999.00
17:02:54.557,399750.3470,4091872.6792,global,-15.01,-18.58,0.034,2.00,4.59,6.66,0.24,10.00,0.00,1.00,99.00,0,0,0,0,0,0.00,999.00
17:02:54.582,399750.6488,4091872.6090,global,-14.74,-13.67,0.059,2.00,4.59,4.24,9.11,10.00,0.00,1.00,99.00,0,0,0,0,0,0.00,999.00
17:02:54.633,399750.6488,4091872.6090,global,-14.99,-13.67,0.059,2.00,5.30,3.29,9.11,10.00,0.00,1.00,99.00,0,0,0,0,0,0.00,999.00
17:02:54.682,399750.6488,4091872.6090,global,-15.70,-13.67,0.059,2.00,5.30,2.58,9.11,10.00,0.00,1.00,99.00,0,0,0,0,0,0.00,999.00
17:02:54.733,399750.6488,4091872.6090,global,-16.23,-13.67,0.059,2.00,4.72,2.61,14.94,10.00,0.00,1.00,99.00,0,0,0,0,0,0.00,999.00
17:02:54.783,399750.6488,4091872.6090,global,-17.22,-13.67,0.059,2.00,4.72,1.61,14.94,10.00,0.00,1.00,99.00,0,0,0,0,0,0.00,999.00
17:02:54.833,399750.9858,4091872.4941,global,-18.01,-11.53,0.054,2.00,4.79,-1.87,15.49,10.00,0.00,1.00,99.00,0,0,0,0,0,0.00,999.00
17:02:54.886,399750.9858,4091872.4941,global,-19.06,-11.53,0.054,2.00,4.79,-2.92,15.49,10.00,0.00,1.00,99.00,0,0,0,0,0,0.00,999.00
17:02:54.933,399750.9858,4091872.4941,global,-19.47,-11.53,0.054,2.00,4.99,-3.51,4.02,10.00,0.00,1.00,99.00,0,0,0,0,0,0.00,999.00
17:02:54.983,399750.9858,4091872.4941,global,-19.41,-11.53,0.054,2.00,4.99,-3.46,4.02,10.00,0.00,1.00,99.00,0,0,0,0,0,0.00,999.00
17:02:55.033,399750.9858,4091872.4941,global,-19.01,-11.53,0.054,2.00,4.99,-3.05,4.02,10.00,0.00,1.00,99.00,0,0,0,0,0,0.00,999.00
17:02:55.084,399751.3052,4091872.4016,global,-17.78,-17.33,0.029,2.00,4.74,2.07,-8.17,10.00,0.00,1.00,99.00,0,0,0,0,0,0.00,999.00
17:02:55.133,399751.3052,4091872.4016,global,-16.78,-17.33,0.029,2.00,4.74,3.07,-8.17,10.00,0.00,1.00,99.00,0,0,0,0,0,0.00,999.00
17:02:55.183,399751.3052,4091872.4016,global,-15.83,-17.33,0.029,2.00,4.79,3.99,-5.65,10.00,0.00,1.00,99.00,0,0,0,0,0,0.00,999.00
17:02:55.233,399751.3052,4091872.4016,global,-15.42,-17.33,0.029,2.00,4.79,4.40,-5.65,10.00,0.00,1.00,99.00,0,0,0,0,0,0.00,999.00
17:02:55.283,399751.3052,4091872.4016,global,-14.57,-17.33,0.029,2.00,4.79,5.25,-5.65,10.00,0.00,1.00,99.00,0,0,0,0,0,0.00,999.00
17:02:55.333,399751.6338,4091872.3311,global,-13.78,-3.65,0.052,2.00,4.95,-5.83,-6.06,10.00,0.00,1.00,99.00,0,0,0,0,0,0.00,999.00
17:02:55.383,399751.6338,4091872.3311,global,-12.77,-3.65,0.052,2.00,4.95,-4.82,-6.06,10.00,0.00,1.00,99.00,0,0,0,0,0,0.00,999.00
17:02:55.433,399751.6338,4091872.3311,global,-12.25,-3.65,0.052,2.00,4.55,-3.92,-1.29,10.00,0.00,1.00,99.00,0,0,0,0,0,0.00,999.00
17:02:55.483,399751.6338,4091872.3311,global,-11.86,-3.65,0.052,2.00,4.55,-3.53,-1.29,10.00,0.00,1.00,99.00,0,0,0,0,0,0.00,999.00
17:02:55.533,399751.6338,4091872.3311,global,-11.86,-3.65,0.052,2.00,4.55,-3.52,-1.29,10.00,0.00,1.00,99.00,0,0,0,0,0,0.00,999.00
17:02:55.583,399751.9539,4091872.2940,global,-11.43,-3.92,0.035,2.00,4.85,-4.51,-7.72,10.00,0.00,1.00,99.00,0,0,0,0,0,0.00,999.00
17:02:55.633,399751.9539,4091872.2940,global,-11.10,-3.92,0.035,2.00,4.85,-4.18,-7.72,10.00,0.00,1.00,99.00,0,0,0,0,0,0.00,999.00
17:02:55.682,399751.9539,4091872.2940,global,-8.99,-3.92,0.035,2.00,4.84,-2.07,-13.86,10.00,0.00,1.00,99.00,0,0,0,0,0,0.00,999.00
17:02:55.733,399751.9539,4091872.2940,global,-7.75,-3.92,0.035,2.00,4.84,-0.83,-13.86,10.00,0.00,1.00,99.00,0,0,0,0,0,0.00,999.00
17:02:55.783,399751.9539,4091872.2940,global,-5.91,-3.92,0.035,2.00,4.23,1.44,-11.16,10.00,0.00,1.00,99.00,0,0,0,0,0,0.00,999.00
17:02:55.832,399752.2742,4091872.2791,global,-4.93,-6.61,0.040,2.00,4.23,5.53,-11.16,10.00,0.00,1.00,99.00,0,0,0,0,0,0.00,999.00
17:02:55.884,399752.2742,4091872.2791,global,-4.09,-6.61,0.040,2.00,4.23,6.37,-11.16,10.00,0.00,1.00,99.00,0,0,0,0,0,0.00,999.00
17:02:55.932,399752.2742,4091872.2791,global,-3.89,-6.61,0.040,2.00,5.43,5.71,4.84,10.00,0.00,1.00,99.00,0,0,0,0,0,0.00,999.00
17:02:55.983,399752.2742,4091872.2791,global,-4.06,-6.61,0.040,2.00,5.43,5.55,4.84,10.00,0.00,1.00,99.00,0,0,0,0,0,0.00,999.00
17:02:56.033,399752.2742,4091872.2791,global,-4.49,-6.61,0.040,2.00,5.43,5.12,4.84,10.00,0.00,1.00,99.00,0,0,0,0,0,0.00,999.00
17:02:56.083,399752.2742,4091872.2791,global,-5.58,-6.61,0.040,2.00,4.40,4.73,13.85,10.00,0.00,1.00,99.00,0,0,0,0,0,0.00,999.00
17:02:56.133,399752.6120,4091872.2308,global,-6.40,-13.44,0.039,2.00,4.40,10.73,13.85,10.00,0.00,1.00,99.00,0,0,0,0,0,0.00,999.00
17:02:56.184,399752.6120,4091872.2308,global,-6.89,-13.44,0.039,2.00,5.19,9.68,3.08,10.00,0.00,1.00,99.00,0,0,0,0,0,0.00,999.00
17:02:56.233,399752.6120,4091872.2308,global,-6.62,-13.44,0.039,2.00,5.19,9.95,3.08,10.00,0.00,1.00,99.00,0,0,0,0,0,0.00,999.00
17:02:56.283,399752.6120,4091872.2308,global,-5.77,-13.44,0.039,2.00,5.19,10.80,3.08,10.00,0.00,1.00,99.00,0,0,0,0,0,0.00,999.00
17:02:56.333,399752.9411,4091872.2047,global,-5.12,-11.53,0.087,2.00,4.54,14.28,-3.52,10.00,0.00,1.00,99.00,0,0,0,0,0,0.00,999.00
17:02:56.385,399752.9411,4091872.2047,global,-4.36,-11.53,0.087,2.00,4.54,15.04,-3.52,10.00,0.00,1.00,99.00,0,0,0,0,0,0.00,999.00
17:02:56.433,399752.9411,4091872.2047,global,-4.11,-11.53,0.087,2.00,4.79,14.88,1.13,10.00,0.00,1.00,99.00,0,0,0,0,0,0.00,999.00
17:02:56.483,399752.9411,4091872.2047,global,-3.90,-11.53,0.087,2.00,4.79,15.10,1.13,10.00,0.00,1.00,99.00,0,0,0,0,0,0.00,999.00
17:02:56.533,399752.9411,4091872.2047,global,-3.97,-11.53,0.087,2.00,4.79,15.03,1.13,10.00,0.00,1.00,99.00,0,0,0,0,0,0.00,999.00
17:02:56.583,399753.2702,4091872.1786,global,-4.57,-6.15,0.120,2.00,4.95,11.47,16.79,10.00,0.00,1.00,99.00,0,0,0,0,0,0.00,999.00
17:02:56.633,399753.2702,4091872.1786,global,-5.41,-6.15,0.120,2.00,4.95,10.62,16.79,10.00,0.00,1.00,99.00,0,0,0,0,0,0.00,999.00
17:02:56.683,399753.2702,4091872.1786,global,-7.04,-6.15,0.120,2.00,5.59,7.88,21.99,10.00,0.00,1.00,99.00,0,0,0,0,0,0.00,999.00
17:02:56.732,399753.2702,4091872.1786,global,-8.34,-6.15,0.120,2.00,5.59,6.58,21.99,10.00,0.00,1.00,99.00,0,0,0,0,0,0.00,999.00
17:02:56.783,399753.2702,4091872.1786,global,-10.23,-6.15,0.120,2.00,5.24,5.27,16.30,10.00,0.00,1.00,99.00,0,0,0,0,0,0.00,999.00
17:02:56.833,399753.5898,4091872.1083,global,-10.92,-8.28,0.091,2.00,5.24,4.47,16.30,10.00,0.00,1.00,99.00,0,0,0,0,0,0.00,999.00
17:02:56.886,399753.5898,4091872.1083,global,-11.31,-8.28,0.091,2.00,5.24,4.08,16.30,10.00,0.00,1.00,99.00,0,0,0,0,0,0.00,999.00
17:02:56.933,399753.5898,4091872.1083,global,-11.35,-8.28,0.091,2.00,4.45,5.29,1.17,10.00,0.00,1.00,99.00,0,0,0,0,0,0.00,999.00
17:02:56.983,399753.5898,4091872.1083,global,-11.06,-8.28,0.091,2.00,4.45,5.58,1.17,10.00,0.00,1.00,99.00,0,0,0,0,0,0.00,999.00
17:02:57.032,399753.5898,4091872.1083,global,-10.70,-8.28,0.091,2.00,4.45,5.93,1.17,10.00,0.00,1.00,99.00,0,0,0,0,0,0.00,999.00
17:02:57.087,399753.5898,4091872.1083,global,-9.75,-8.28,0.091,2.00,4.04,7.71,-3.23,10.00,0.00,1.00,99.00,0,0,0,0,0,0.00,999.00
17:02:57.133,399753.9275,4091872.0488,global,-9.14,-5.43,0.080,2.00,4.04,4.35,-3.23,10.00,0.00,1.00,99.00,0,0,0,0,0,0.00,999.00
17:02:57.183,399753.9275,4091872.0488,global,-9.07,-5.43,0.080,2.00,4.59,3.47,7.76,10.00,0.00,1.00,99.00,0,0,0,0,0,0.00,999.00
17:02:57.233,399753.9275,4091872.0488,global,-9.46,-5.43,0.080,2.00,4.59,3.09,7.76,10.00,0.00,1.00,99.00,0,0,0,0,0,0.00,999.00
17:02:57.283,399753.9275,4091872.0488,global,-10.38,-5.43,0.080,2.00,4.59,2.17,7.76,10.00,0.00,1.00,99.00,0,0,0,0,0,0.00,999.00
17:02:57.333,399754.2563,4091872.0005,global,-10.98,-10.11,0.069,2.00,5.78,4.07,4.32,10.00,0.00,1.00,99.00,0,0,0,0,0,0.00,999.00
17:02:57.384,399754.2563,4091872.0005,global,-11.04,-10.11,0.069,2.00,5.78,4.01,4.32,10.00,0.00,1.00,99.00,0,0,0,0,0,0.00,999.00
17:02:57.433,399754.2563,4091872.0005,global,-10.49,-10.11,0.069,2.00,4.79,5.57,-6.89,10.00,0.00,1.00,99.00,0,0,0,0,0,0.00,999.00
17:02:57.483,399754.2563,4091872.0005,global,-9.32,-10.11,0.069,2.00,4.79,6.74,-6.89,10.00,0.00,1.00,99.00,0,0,0,0,0,0.00,999.00
17:02:57.533,399754.2563,4091872.0005,global,-8.40,-10.11,0.069,2.00,4.79,7.66,-6.89,10.00,0.00,1.00,99.00,0,0,0,0,0,0.00,999.00
17:02:57.583,399754.5941,4091871.9521,global,-6.87,-12.41,0.089,2.00,5.09,12.70,-7.96,10.00,0.00,1.00,99.00,0,0,0,0,0,0.00,999.00
17:02:57.633,399754.5941,4091871.9521,global,-5.95,-12.41,0.089,2.00,5.09,13.61,-7.96,10.00,0.00,1.00,99.00,0,0,0,0,0,0.00,999.00
17:02:57.683,399754.5941,4091871.9521,global,-5.50,-12.41,0.089,2.00,4.39,15.19,3.83,10.00,0.00,1.00,99.00,0,0,0,0,0,0.00,999.00
17:02:57.733,399754.5941,4091871.9521,global,-5.60,-12.41,0.089,2.00,4.39,15.09,3.83,10.00,0.00,1.00,99.00,0,0,0,0,0,0.00,999.00
17:02:57.783,399754.5941,4091871.9521,global,-6.34,-12.41,0.089,2.00,5.44,12.77,11.89,10.00,0.00,1.00,99.00,0,0,0,0,0,0.00,999.00
17:02:57.833,399754.9229,4091871.9039,global,-6.97,-8.28,0.116,2.00,5.44,10.06,11.89,10.00,0.00,1.00,99.00,0,0,0,0,0,0.00,999.00
17:02:57.883,399754.9229,4091871.9039,global,-7.70,-8.28,0.116,2.00,5.44,9.33,11.89,10.00,0.00,1.00,99.00,0,0,0,0,0,0.00,999.00
17:02:57.932,399754.9229,4091871.9039,global,-8.10,-8.28,0.116,2.00,4.71,10.26,14.07,10.00,0.00,1.00,99.00,0,0,0,0,0,0.00,999.00
17:02:57.983,399754.9229,4091871.9039,global,-9.07,-8.28,0.116,2.00,4.71,9.30,14.07,10.00,0.00,1.00,99.00,0,0,0,0,0,0.00,999.00
17:02:58.033,399754.9229,4091871.9039,global,-9.72,-8.28,0.116,2.00,4.99,8.09,10.97,10.00,0.00,1.00,99.00,0,0,0,0,0,0.00,999.00
17:02:58.084,399755.2605,4091871.8444,global,-10.33,-12.80,0.109,2.00,4.99,11.40,10.97,10.00,0.00,1.00,99.00,0,0,0,0,0,0.00,999.00
17:02:58.133,399755.2605,4091871.8444,global,-10.54,-12.80,0.109,2.00,4.74,11.64,6.63,10.00,0.00,1.00,99.00,0,0,0,0,0,0.00,999.00
17:02:58.183,399755.2605,4091871.8444,global,-10.77,-12.80,0.109,2.00,4.74,11.42,6.63,10.00,0.00,1.00,99.00,0,0,0,0,0,0.00,999.00
17:02:58.233,399755.2605,4091871.8444,global,-10.97,-12.80,0.109,2.00,4.74,11.22,6.63,10.00,0.00,1.00,99.00,0,0,0,0,0,0.00,999.00
17:02:58.283,399755.2605,4091871.8444,global,-11.22,-12.80,0.109,2.00,5.05,10.40,8.96,10.00,0.00,1.00,99.00,0,0,0,0,0,0.00,999.00
17:02:58.333,399755.5802,4091871.7741,global,-11.43,-12.80,0.111,2.00,5.05,10.37,8.96,10.00,0.00,1.00,99.00,0,0,0,0,0,0.00,999.00
17:02:58.384,399755.5802,4091871.7741,global,-12.25,-12.80,0.111,2.00,4.99,9.66,16.09,10.00,0.00,1.00,99.00,0,0,0,0,0,0.00,999.00
17:02:58.433,399755.5802,4091871.7741,global,-13.05,-12.80,0.111,2.00,4.99,8.86,16.09,10.00,0.00,1.00,99.00,0,0,0,0,0,0.00,999.00
17:02:58.483,399755.5802,4091871.7741,global,-14.33,-12.80,0.111,2.00,4.99,7.58,16.09,10.00,0.00,1.00,99.00,0,0,0,0,0,0.00,999.00
17:02:58.533,399755.5802,4091871.7741,global,-15.08,-12.80,0.111,2.00,4.81,7.15,16.36,10.00,0.00,1.00,99.00,0,0,0,0,0,0.00,999.00
17:02:58.583,399755.9172,4091871.6591,global,-16.03,-3.32,0.086,2.00,4.81,-5.37,16.36,10.00,0.00,1.00,99.00,0,0,0,0,0,0.00,999.00
17:02:58.633,399755.9172,4091871.6591,global,-16.63,-3.32,0.086,2.00,5.19,-6.49,10.86,10.00,0.00,1.00,99.00,0,0,0,0,0,0.00,999.00
17:02:58.683,399755.9172,4091871.6591,global,-17.20,-3.32,0.086,2.00,5.19,-7.06,10.86,10.00,0.00,1.00,99.00,0,0,0,0,0,0.00,999.00
17:02:58.733,399755.9172,4091871.6591,global,-17.34,-3.32,0.086,2.00,5.19,-7.20,10.86,10.00,0.00,1.00,99.00,0,0,0,0,0,0.00,999.00
17:02:58.783,399755.9172,4091871.6591,global,-17.08,-3.32,0.086,2.00,4.81,-6.41,-4.47,10.00,0.00,1.00,99.00,0,0,0,0,0,0.00,999.00
17:02:58.833,399756.2455,4091871.5665,global,-16.52,-16.16,0.020,2.00,4.81,1.37,-4.47,10.00,0.00,1.00,99.00,0,0,0,0,0,0.00,999.00
17:02:58.884,399756.2455,4091871.5665,global,-15.10,-16.16,0.020,2.00,4.79,2.79,-15.23,10.00,0.00,1.00,99.00,0,0,0,0,0,0.00,999.00
17:02:58.932,399756.2455,4091871.5665,global,-13.76,-16.16,0.020,2.00,4.79,4.13,-15.23,10.00,0.00,1.00,99.00,0,0,0,0,0,0.00,999.00
17:02:58.983,399756.2455,4091871.5665,global,-11.86,-16.16,0.020,2.00,4.79,6.03,-15.23,10.00,0.00,1.00,99.00,0,0,0,0,0,0.00,999.00
17:02:59.059,399756.2455,4091871.5665,global,-11.48,-16.16,0.020,2.00,4.79,6.42,-1.51,10.00,0.00,1.00,99.00,0,0,0,0,0,0.00,999.00
17:02:59.083,399756.5568,4091871.5406,global,-11.01,-3.32,0.060,2.00,5.23,-2.94,-1.51,10.00,0.00,1.00,99.00,0,0,0,0,0,0.00,999.00
17:02:59.133,399756.5568,4091871.5406,global,-11.23,-3.32,0.060,2.00,5.39,-3.30,11.47,10.00,0.00,1.00,99.00,0,0,0,0,0,0.00,999.00
17:02:59.183,399756.5568,4091871.5406,global,-12.00,-3.32,0.060,2.00,5.39,-4.07,11.47,10.00,0.00,1.00,99.00,0,0,0,0,0,0.00,999.00
17:02:59.233,399756.5568,4091871.5406,global,-12.88,-3.32,0.060,2.00,5.39,-4.96,11.47,10.00,0.00,1.00,99.00,0,0,0,0,0,0.00,999.00
17:02:59.283,399756.5568,4091871.5406,global,-13.75,-3.32,0.060,2.00,5.09,-5.55,5.11,10.00,0.00,1.00,99.00,0,0,0,0,0,0.00,999.00
17:02:59.333,399756.8939,4091871.4368,global,-13.78,-7.34,0.024,2.00,5.09,-4.51,5.11,10.00,0.00,1.00,99.00,0,0,0,0,0,0.00,999.00
17:02:59.384,399756.8939,4091871.4368,global,-13.01,-7.34,0.024,2.00,4.79,-3.63,-6.90,10.00,0.00,1.00,99.00,0,0,0,0,0,0.00,999.00
17:02:59.433,399756.8939,4091871.4368,global,-12.25,-7.34,0.024,2.00,4.79,-2.87,-6.90,10.00,0.00,1.00,99.00,0,0,0,0,0,0.00,999.00
17:02:59.483,399756.8939,4091871.4368,global,-10.73,-7.34,0.024,2.00,4.79,-1.34,-6.90,10.00,0.00,1.00,99.00,0,0,0,0,0,0.00,999.00
17:02:59.533,399756.8939,4091871.4368,global,-9.77,-7.34,0.024,2.00,5.78,-0.73,-2.42,10.00,0.00,1.00,99.00,0,0,0,0,0,0.00,999.00
17:02:59.583,399757.2142,4091871.4219,global,-9.22,-9.53,0.048,2.00,5.78,3.73,-2.42,10.00,0.00,1.00,99.00,0,0,0,0,0,0.00,999.00
17:02:59.633,399757.2142,4091871.4219,global,-9.31,-9.53,0.048,2.00,4.39,4.72,9.51,10.00,0.00,1.00,99.00,0,0,0,0,0,0.00,999.00
17:02:59.683,399757.2142,4091871.4219,global,-10.06,-9.53,0.048,2.00,4.39,3.97,9.51,10.00,0.00,1.00,99.00,0,0,0,0,0,0.00,999.00
17:02:59.733,399757.2142,4091871.4219,global,-10.58,-9.53,0.048,2.00,4.39,3.45,9.51,10.00,0.00,1.00,99.00,0,0,0,0,0,0.00,999.00
17:02:59.783,399757.2142,4091871.4219,global,-11.07,-9.53,0.048,2.00,4.81,2.56,0.78,10.00,0.00,1.00,99.00,0,0,0,0,0,0.00,999.00
17:02:59.833,399757.5427,4091871.3403,global,-10.84,-5.13,0.022,2.00,4.81,-3.82,0.78,10.00,0.00,1.00,99.00,0,0,0,0,0,0.00,999.00
17:02:59.883,399757.5427,4091871.3403,global,-9.76,-5.13,0.022,2.00,4.99,-2.80,-10.12,10.00,0.00,1.00,99.00,0,0,0,0,0,0.00,999.00
17:02:59.933,399757.5427,4091871.3403,global,-8.73,-5.13,0.022,2.00,4.99,-1.77,-10.12,10.00,0.00,1.00,99.00,0,0,0,0,0,0.00,999.00
17:02:59.983,399757.5427,4091871.3403,global,-7.23,-5.13,0.022,2.00,4.03,0.16,-3.76,10.00,0.00,1.00,99.00,0,0,0,0,0,0.00,999.00
17:03:00.033,399757.5427,4091871.3403,global,-6.63,-5.13,0.022,2.00,4.03,0.76,-3.76,10.00,0.00,1.00,99.00,0,0,0,0,0,0.00,999.00
17:03:00.083,399757.8542,4091871.3366,global,-6.72,-8.78,0.048,2.00,4.03,6.93,-3.76,10.00,0.00,1.00,99.00,0,0,0,0,0,0.00,999.00
17:03:00.135,399757.8542,4091871.3366,global,-7.16,-8.78,0.048,2.00,5.26,5.36,12.38,10.00,0.00,1.00,99.00,0,0,0,0,0,0.00,999.00
17:03:00.183,399757.8542,4091871.3366,global,-7.98,-8.78,0.048,2.00,5.26,4.54,12.38,10.00,0.00,1.00,99.00,0,0,0,0,0,0.00,999.00
17:03:00.233,399757.8542,4091871.3366,global,-8.65,-8.78,0.048,2.00,4.59,4.41,17.70,10.00,0.00,1.00,99.00,0,0,0,0,0,0.00,999.00
17:03:00.283,399757.8542,4091871.3366,global,-9.88,-8.78,0.048,2.00,4.59,3.18,17.70,10.00,0.00,1.00,99.00,0,0,0,0,0,0.00,999.00
17:03:00.333,399758.1916,4091871.2550,global,-10.57,-7.14,0.017,2.00,4.59,-1.90,17.70,10.00,0.00,1.00,99.00,0,0,0,0,0,0.00,999.00
17:03:00.383,399758.1916,4091871.2550,global,-10.92,-7.14,0.017,2.00,4.81,-2.32,1.07,10.00,0.00,1.00,99.00,0,0,0,0,0,0.00,999.00
17:03:00.432,399758.1916,4091871.2550,global,-10.67,-7.14,0.017,2.00,4.81,-2.07,1.07,10.00,0.00,1.00,99.00,0,0,0,0,0,0.00,999.00
17:03:00.483,399758.1916,4091871.2550,global,-9.76,-7.14,0.017,2.00,4.84,-1.16,-11.04,10.00,0.00,1.00,99.00,0,0,0,0,0,0.00,999.00
17:03:00.533,399758.1916,4091871.2550,global,-8.70,-7.14,0.017,2.00,4.84,-0.10,-11.04,10.00,0.00,1.00,99.00,0,0,0,0,0,0.00,999.00
17:03:00.583,399758.5116,4091871.2179,global,-7.12,-12.41,0.027,2.00,4.84,7.61,-2.78,10.00,0.00,1.00,99.00,0,0,0,0,0,0.00,999.00
17:03:00.633,399758.5116,4091871.2179,global,-6.69,-12.41,0.027,2.00,4.84,8.03,-2.78,10.00,0.00,1.00,99.00,0,0,0,0,0,0.00,999.00
17:03:00.683,399758.5116,4091871.2179,global,-6.83,-12.41,0.027,2.00,4.84,7.90,-2.78,10.00,0.00,1.00,99.00,0,0,0,0,0,0.00,999.00
17:03:00.733,399758.5116,4091871.2179,global,-7.32,-12.41,0.027,2.00,5.23,7.23,13.92,10.00,0.00,1.00,99.00,0,0,0,0,0,0.00,999.00
17:03:00.783,399758.5116,4091871.2179,global,-8.33,-12.41,0.027,2.00,5.23,6.23,13.92,10.00,0.00,1.00,99.00,0,0,0,0,0,0.00,999.00
17:03:00.832,399758.8404,4091871.1586,global,-9.19,-7.14,0.032,2.00,4.84,0.69,21.75,10.00,0.00,1.00,99.00,0,0,0,0,0,0.00,999.00
17:03:00.884,399758.8404,4091871.1586,global,-10.80,-7.14,0.032,2.00,4.84,-0.92,21.75,10.00,0.00,1.00,99.00,0,0,0,0,0,0.00,999.00
17:03:00.933,399758.8404,4091871.1586,global,-11.85,-7.14,0.032,2.00,4.99,-2.06,12.55,10.00,0.00,1.00,99.00,0,0,0,0,0,0.00,999.00
17:03:00.983,399758.8404,4091871.1586,global,-12.59,-7.14,0.032,2.00,4.99,-2.80,12.55,10.00,0.00,1.00,99.00,0,0,0,0,0,0.00,999.00
17:03:01.033,399758.8404,4091871.1586,global,-12.55,-7.14,0.032,2.00,4.99,-2.76,12.55,10.00,0.00,1.00,99.00,0,0,0,0,0,0.00,999.00
17:03:01.084,399759.1599,4091871.0771,global,-12.02,-14.67,0.006,2.00,4.71,3.22,-4.91,10.00,0.00,1.00,99.00,0,0,0,0,0,0.00,999.00
17:03:01.133,399759.1599,4091871.0771,global,-11.40,-14.67,0.006,2.00,4.71,3.84,-4.91,10.00,0.00,1.00,99.00,0,0,0,0,0,0.00,999.00
17:03:01.183,399759.1599,4091871.0771,global,-10.19,-14.67,0.006,2.00,4.71,5.04,-4.91,10.00,0.00,1.00,99.00,0,0,0,0,0,0.00,999.00
17:03:01.232,399759.1599,4091871.0771,global,-9.15,-14.67,0.006,2.00,4.31,6.14,-9.74,10.00,0.00,1.00,99.00,0,0,0,0,0,0.00,999.00
17:03:01.283,399759.1599,4091871.0771,global,-7.67,-14.67,0.006,2.00,4.31,7.62,-9.74,10.00,0.00,1.00,99.00,0,0,0,0,0,0.00,999.00
17:03:01.333,399759.4713,4091871.0623,global,-7.20,-2.98,0.049,2.00,4.31,0.46,-9.74,10.00,0.00,1.00,99.00,0,0,0,0,0,0.00,999.00
17:03:01.383,399759.4713,4091871.0623,global,-7.15,-2.98,0.049,2.00,5.06,-0.18,7.15,10.00,0.00,1.00,99.00,0,0,0,0,0,0.00,999.00
17:03:01.432,399759.4713,4091871.0623,global,-7.48,-2.98,0.049,2.00,5.06,-0.51,7.15,10.00,0.00,1.00,99.00,0,0,0,0,0,0.00,999.00
17:03:01.482,399759.4713,4091871.0623,global,-8.37,-2.98,0.049,2.00,5.85,-1.94,19.77,10.00,0.00,1.00,99.00,0,0,0,0,0,0.00,999.00
17:03:01.533,399759.4713,4091871.0623,global,-9.41,-2.98,0.049,2.00,5.85,-2.98,19.77,10.00,0.00,1.00,99.00,0,0,0,0,0,0.00,999.00
17:03:01.583,399759.7909,4091870.9809,global,-11.26,-7.14,-0.011,2.00,5.04,-5.02,19.07,10.00,0.00,1.00,99.00,0,0,0,0,0,0.00,999.00
17:03:01.633,399759.7909,4091870.9809,global,-12.41,-7.14,-0.011,2.00,5.04,-6.17,19.07,10.00,0.00,1.00,99.00,0,0,0,0,0,0.00,999.00
17:03:01.683,399759.7909,4091870.9809,global,-13.22,-7.14,-0.011,2.00,5.04,-6.98,19.07,10.00,0.00,1.00,99.00,0,0,0,0,0,0.00,999.00
17:03:01.733,399759.7909,4091870.9809,global,-13.19,-7.14,-0.011,2.00,4.71,-7.02,-0.19,10.00,0.00,1.00,99.00,0,0,0,0,0,0.00,999.00
17:03:01.783,399759.7909,4091870.9809,global,-12.69,-7.14,-0.011,2.00,4.71,-6.51,-0.19,10.00,0.00,1.00,99.00,0,0,0,0,0,0.00,999.00
17:03:01.833,399760.1107,4091870.9216,global,-12.03,-7.55,-0.031,2.00,4.79,-7.11,-12.26,10.00,0.00,1.00,99.00,0,0,0,0,0,0.00,999.00
17:03:01.883,399760.1107,4091870.9216,global,-10.43,-7.55,-0.031,2.00,4.79,-5.51,-12.26,10.00,0.00,1.00,99.00,0,0,0,0,0,0.00,999.00
17:03:01.934,399760.1107,4091870.9216,global,-9.29,-7.55,-0.031,2.00,4.79,-4.36,-12.26,10.00,0.00,1.00,99.00,0,0,0,0,0,0.00,999.00
17:03:01.982,399760.1107,4091870.9216,global,-8.53,-7.55,-0.031,2.00,4.61,-3.71,2.63,10.00,0.00,1.00,99.00,0,0,0,0,0,0.00,999.00
17:03:02.033,399760.1107,4091870.9216,global,-8.56,-7.55,-0.031,2.00,4.61,-3.73,2.63,10.00,0.00,1.00,99.00,0,0,0,0,0,0.00,999.00
17:03:02.084,399760.4308,4091870.8846,global,-9.21,-12.41,-0.027,2.00,4.61,0.77,2.63,10.00,0.00,1.00,99.00,0,0,0,0,0,0.00,999.00
17:03:02.133,399760.4308,4091870.8846,global,-10.00,-12.41,-0.027,2.00,4.48,-0.09,11.31,10.00,0.00,1.00,99.00,0,0,0,0,0,0.00,999.00
17:03:02.183,399760.4308,4091870.8846,global,-11.00,-12.41,-0.027,2.00,4.48,-1.09,11.31,10.00,0.00,1.00,99.00,0,0,0,0,0,0.00,999.00
17:03:02.233,399760.4308,4091870.8846,global,-11.03,-12.41,-0.027,2.00,4.89,-0.91,-0.31,10.00,0.00,1.00,99.00,0,0,0,0,0,0.00,999.00
17:03:02.283,399760.4308,4091870.8846,global,-10.38,-12.41,-0.027,2.00,4.89,-0.26,-0.31,10.00,0.00,1.00,99.00,0,0,0,0,0,0.00,999.00
17:03:02.333,399760.4308,4091870.8846,global,-10.08,-12.41,-0.027,2.00,4.89,0.03,-0.31,10.00,0.00,1.00,99.00,0,0,0,0,0,0.00,999.00
17:03:02.415,399760.7506,4091870.8253,global,-8.96,-2.98,-0.021,2.00,4.89,-7.76,1.13,10.00,0.00,1.00,99.00,0,0,0,0,0,0.00,999.00
17:03:02.432,399760.7506,4091870.8253,global,-8.41,-2.98,-0.021,2.00,4.92,-7.20,1.13,10.00,0.00,1.00,99.00,0,0,0,0,0,0.00,999.00
17:03:02.482,399760.7506,4091870.8253,global,-8.90,-2.98,-0.021,2.00,5.04,-7.65,11.04,10.00,0.00,1.00,99.00,0,0,0,0,0,0.00,999.00
17:03:02.532,399760.7506,4091870.8253,global,-9.50,-2.98,-0.021,2.00,5.04,-8.25,11.04,10.00,0.00,1.00,99.00,0,0,0,0,0,0.00,999.00
17:03:02.583,399761.0794,4091870.7770,global,-10.45,-15.14,-0.034,2.00,5.04,1.93,11.04,10.00,0.00,1.00,99.00,0,0,0,0,0,0.00,999.00
17:03:02.633,399761.0794,4091870.7770,global,-10.92,-15.14,-0.034,2.00,4.68,1.25,3.83,10.00,0.00,1.00,99.00,0,0,0,0,0,0.00,999.00
17:03:02.683,399761.0794,4091870.7770,global,-10.81,-15.14,-0.034,2.00,4.68,1.35,3.83,10.00,0.00,1.00,99.00,0,0,0,0,0,0.00,999.00
17:03:02.732,399761.0794,4091870.7770,global,-10.30,-15.14,-0.034,2.00,4.79,1.93,-8.59,10.00,0.00,1.00,99.00,0,0,0,0,0,0.00,999.00
17:03:02.783,399761.0794,4091870.7770,global,-9.57,-15.14,-0.034,2.00,4.79,2.67,-8.59,10.00,0.00,1.00,99.00,0,0,0,0,0,0.00,999.00
17:03:02.833,399761.3995,4091870.7400,global,-8.14,-9.81,-0.018,2.00,4.23,-0.12,-4.72,10.00,0.00,1.00,99.00,0,0,0,0,0,0.00,999.00
17:03:02.883,399761.3995,4091870.7400,global,-7.17,-9.81,-0.018,2.00,4.23,0.85,-4.72,10.00,0.00,1.00,99.00,0,0,0,0,0,0.00,999.00
17:03:02.933,399761.3995,4091870.7400,global,-7.11,-9.81,-0.018,2.00,4.39,0.97,7.00,10.00,0.00,1.00,99.00,0,0,0,0,0,0.00,999.00
17:03:02.983,399761.3995,4091870.7400,global,-7.64,-9.81,-0.018,2.00,4.39,0.44,7.00,10.00,0.00,1.00,99.00,0,0,0,0,0,0.00,999.00
17:03:03.033,399761.3995,4091870.7400,global,-8.09,-9.81,-0.018,2.00,4.39,-0.01,7.00,10.00,0.00,1.00,99.00,0,0,0,0,0,0.00,999.00
17:03:03.083,399761.3995,4091870.7400,global,-8.53,-9.81,-0.018,2.00,4.63,-0.35,2.17,10.00,0.00,1.00,99.00,0,0,0,0,0,0.00,999.00
17:03:03.133,399761.7192,4091870.6696,global,-8.40,-13.22,-0.037,2.00,4.63,1.52,2.17,10.00,0.00,1.00,99.00,0,0,0,0,0,0.00,999.00
17:03:03.185,399761.7192,4091870.6696,global,-7.58,-13.22,-0.037,2.00,4.79,2.45,-9.17,10.00,0.00,1.00,99.00,0,0,0,0,0,0.00,999.00
17:03:03.233,399761.7192,4091870.6696,global,-6.68,-13.22,-0.037,2.00,4.79,3.34,-9.17,10.00,0.00,1.00,99.00,0,0,0,0,0,0.00,999.00
17:03:03.283,399761.7192,4091870.6696,global,-5.23,-13.22,-0.037,2.00,4.79,4.80,-9.17,10.00,0.00,1.00,99.00,0,0,0,0,0,0.00,999.00
17:03:03.333,399762.0398,4091870.6769,global,-4.36,-8.28,0.044,2.00,4.68,7.79,-9.97,10.00,0.00,1.00,99.00,0,0,0,0,0,0.00,999.00
17:03:03.384,399762.0398,4091870.6769,global,-3.19,-8.28,0.044,2.00,4.68,8.97,-9.97,10.00,0.00,1.00,99.00,0,0,0,0,0,0.00,999.00
17:03:03.433,399762.0398,4091870.6769,global,-2.39,-8.28,0.044,2.00,4.79,9.68,-5.05,10.00,0.00,1.00,99.00,0,0,0,0,0,0.00,999.00
17:03:03.483,399762.0398,4091870.6769,global,-1.62,-8.28,0.044,2.00,4.79,10.45,-5.05,10.00,0.00,1.00,99.00,0,0,0,0,0,0.00,999.00
17:03:03.534,399762.0398,4091870.6769,global,-1.42,-8.28,0.044,2.00,4.64,10.77,5.46,10.00,0.00,1.00,99.00,0,0,0,0,0,0.00,999.00
17:03:03.583,399762.3601,4091870.6620,global,-1.72,-17.98,0.085,2.00,4.64,22.00,5.46,10.00,0.00,1.00,99.00,0,0,0,0,0,0.00,999.00
17:03:03.633,399762.3601,4091870.6620,global,-2.19,-17.98,0.085,2.00,4.64,22.00,5.46,10.00,0.00,1.00,99.00,0,0,0,0,0,0.00,999.00
17:03:03.683,399762.3601,4091870.6620,global,-2.92,-17.98,0.085,2.00,4.81,22.00,5.75,10.00,0.00,1.00,99.00,0,0,0,0,0,0.00,999.00
17:03:03.733,399762.3601,4091870.6620,global,-3.07,-17.98,0.085,2.00,4.81,22.00,5.75,10.00,0.00,1.00,99.00,0,0,0,0,0,0.00,999.00
17:03:03.782,399762.3601,4091870.6620,global,-2.79,-17.98,0.085,2.00,4.84,22.00,6.66,10.00,0.00,1.00,99.00,0,0,0,0,0,0.00,999.00
17:03:03.833,399762.6981,4091870.6359,global,-2.79,-23.24,0.174,2.00,4.84,22.00,6.66,10.00,0.00,1.00,99.00,0,0,0,0,0,0.00,999.00
17:03:03.883,399762.6981,4091870.6359,global,-3.42,-23.24,0.174,2.00,4.64,22.00,16.97,10.00,0.00,1.00,99.00,0,0,0,0,0,0.00,999.00
17:03:03.932,399762.6981,4091870.6359,global,-4.18,-23.24,0.174,2.00,4.64,22.00,16.97,10.00,0.00,1.00,99.00,0,0,0,0,0,0.00,999.00
17:03:03.983,399762.6981,4091870.6359,global,-5.88,-23.24,0.174,2.00,4.64,22.00,16.97,10.00,0.00,1.00,99.00,0,0,0,0,0,0.00,999.00
17:03:04.033,399762.6981,4091870.6359,global,-7.36,-23.24,0.174,2.00,4.29,22.00,21.99,10.00,0.00,1.00,99.00,0,0,0,0,0,0.00,999.00
17:03:04.084,399763.0177,4091870.5544,global,-9.63,-24.84,0.183,2.00,4.29,22.00,21.99,10.00,0.00,1.00,99.00,0,0,0,0,0,0.00,999.00
17:03:04.133,399763.0177,4091870.5544,global,-10.71,-24.84,0.183,2.00,5.19,22.00,21.67,10.00,0.00,1.00,99.00,0,0,0,0,0,0.00,999.00
17:03:04.183,399763.0177,4091870.5544,global,-12.05,-24.84,0.183,2.00,5.19,22.00,21.67,10.00,0.00,1.00,99.00,0,0,0,0,0,0.00,999.00
17:03:04.233,399763.0177,4091870.5544,global,-13.17,-24.84,0.183,2.00,5.19,22.00,21.67,10.00,0.00,1.00,99.00,0,0,0,0,0,0.00,999.00
17:03:04.283,399763.0177,4091870.5544,global,-14.73,-24.84,0.183,2.00,4.78,22.00,17.67,10.00,0.00,1.00,99.00,0,0,0,0,0,0.00,999.00
17:03:04.333,399763.3281,4091870.4509,global,-15.49,-17.33,0.214,2.00,4.78,19.69,17.67,10.00,0.00,1.00,99.00,0,0,0,0,0,0.00,999.00
17:03:04.384,399763.3281,4091870.4509,global,-16.58,-17.33,0.214,2.00,4.84,18.40,16.69,10.00,0.00,1.00,99.00,0,0,0,0,0,0.00,999.00
17:03:04.432,399763.3281,4091870.4509,global,-17.39,-17.33,0.214,2.00,4.84,17.60,16.69,10.00,0.00,1.00,99.00,0,0,0,0,0,0.00,999.00
17:03:04.482,399763.3281,4091870.4509,global,-18.56,-17.33,0.214,2.00,4.84,16.43,16.69,10.00,0.00,1.00,99.00,0,0,0,0,0,0.00,999.00
17:03:04.533,399763.3281,4091870.4509,global,-19.41,-17.33,0.214,2.00,4.95,15.20,20.35,10.00,0.00,1.00,99.00,0,0,0,0,0,0.00,999.00
17:03:04.583,399763.6471,4091870.3251,global,-20.93,-26.29,0.170,2.00,4.95,19.25,20.35,10.00,0.00,1.00,99.00,0,0,0,0,0,0.00,999.00
17:03:04.633,399763.6471,4091870.3251,global,-21.96,-26.29,0.170,2.00,4.59,19.26,20.46,10.00,0.00,1.00,99.00,0,0,0,0,0,0.00,999.00
17:03:04.683,399763.6471,4091870.3251,global,-23.32,-26.29,0.170,2.00,4.59,17.90,20.46,10.00,0.00,1.00,99.00,0,0,0,0,0,0.00,999.00
17:03:04.733,399763.6471,4091870.3251,global,-24.19,-26.29,0.170,2.00,4.59,17.03,20.46,10.00,0.00,1.00,99.00,0,0,0,0,0,0.00,999.00
17:03:04.783,399763.6471,4091870.3251,global,-25.62,-26.29,0.170,2.00,4.81,14.94,20.36,10.00,0.00,1.00,99.00,0,0,0,0,0,0.00,999.00
17:03:04.833,399763.9389,4091870.1552,global,-26.62,-28.78,0.147,2.00,4.81,14.54,20.36,10.00,0.00,1.00,99.00,0,0,0,0,0,0.00,999.00
17:03:04.883,399763.9389,4091870.1552,global,-28.07,-28.78,0.147,2.00,4.99,12.67,20.00,10.00,0.00,1.00,99.00,0,0,0,0,0,0.00,999.00
17:03:04.933,399763.9389,4091870.1552,global,-29.04,-28.78,0.147,2.00,4.99,11.71,20.00,10.00,0.00,1.00,99.00,0,0,0,0,0,0.00,999.00
17:03:04.983,399763.9389,4091870.1552,global,-30.41,-28.78,0.147,2.00,4.99,10.33,20.00,10.00,0.00,1.00,99.00,0,0,0,0,0,0.00,999.00
17:03:05.033,399763.9389,4091870.1552,global,-31.15,-28.78,0.147,2.00,4.81,10.01,14.68,10.00,0.00,1.00,99.00,0,0,0,0,0,0.00,999.00
17:03:05.083,399763.9389,4091870.1552,global,-31.96,-28.78,0.147,2.00,4.81,9.21,14.68,10.00,0.00,1.00,99.00,0,0,0,0,0,0.00,999.00
17:03:05.133,399764.2307,4091869.9853,global,-32.38,-14.67,0.123,2.00,4.84,-7.35,8.92,10.00,0.00,1.00,99.00,0,0,0,0,0,0.00,999.00
17:03:05.183,399764.2307,4091869.9853,global,-32.82,-14.67,0.123,2.00,4.84,-7.79,8.92,10.00,0.00,1.00,99.00,0,0,0,0,0,0.00,999.00
17:03:05.233,399764.2307,4091869.9853,global,-32.83,-14.67,0.123,2.00,4.84,-7.81,8.92,10.00,0.00,1.00,99.00,0,0,0,0,0,0.00,999.00
17:03:05.283,399764.2307,4091869.9853,global,-32.83,-14.67,0.123,2.00,5.19,-8.50,5.04,10.00,0.00,1.00,99.00,0,0,0,0,0,0.00,999.00
17:03:05.333,399764.5129,4091869.7601,global,-32.99,-23.93,0.002,2.00,5.19,-8.92,5.04,10.00,0.00,1.00,99.00,0,0,0,0,0,0.00,999.00
17:03:05.383,399764.5129,4091869.7601,global,-33.00,-23.93,0.002,2.00,4.64,-8.91,-1.26,10.00,0.00,1.00,99.00,0,0,0,0,0,0.00,999.00
17:03:05.433,399764.5129,4091869.7601,global,-32.58,-23.93,0.002,2.00,4.64,-8.49,-1.26,10.00,0.00,1.00,99.00,0,0,0,0,0,0.00,999.00
17:03:05.483,399764.5129,4091869.7601,global,-31.53,-23.93,0.002,2.00,5.24,-7.46,-9.95,10.00,0.00,1.00,99.00,0,0,0,0,0,0.00,999.00
17:03:05.533,399764.5129,4091869.7601,global,-30.62,-23.93,0.002,2.00,5.24,-6.55,-9.95,10.00,0.00,1.00,99.00,0,0,0,0,0,0.00,999.00
17:03:05.583,399764.8226,4091869.6011,global,-29.03,-19.06,-0.012,2.00,5.24,-10.91,-9.95,10.00,0.00,1.00,99.00,0,0,0,0,0,0.00,999.00
17:03:05.633,399764.8226,4091869.6011,global,-28.15,-19.06,-0.012,2.00,5.23,-10.03,-3.43,10.00,0.00,1.00,99.00,0,0,0,0,0,0.00,999.00
17:03:05.683,399764.8226,4091869.6011,global,-27.56,-19.06,-0.012,2.00,5.23,-9.44,-3.43,10.00,0.00,1.00,99.00,0,0,0,0,0,0.00,999.00
17:03:05.733,399764.8226,4091869.6011,global,-27.55,-19.06,-0.012,2.00,5.19,-9.44,6.42,10.00,0.00,1.00,99.00,0,0,0,0,0,0.00,999.00
17:03:05.783,399764.8226,4091869.6011,global,-27.97,-19.06,-0.012,2.00,5.19,-9.86,6.42,10.00,0.00,1.00,99.00,0,0,0,0,0,0.00,999.00
17:03:05.833,399765.1144,4091869.4312,global,-28.25,-23.93,-0.079,2.00,5.19,-10.55,6.42,10.00,0.00,1.00,99.00,0,0,0,0,0,0.00,999.00
17:03:05.883,399765.1144,4091869.4312,global,-27.98,-23.93,-0.079,2.00,4.92,-10.62,-6.16,10.00,0.00,1.00,99.00,0,0,0,0,0,0.00,999.00
17:03:05.932,399765.1144,4091869.4312,global,-27.23,-23.93,-0.079,2.00,4.92,-9.87,-6.16,10.00,0.00,1.00,99.00,0,0,0,0,0,0.00,999.00
17:03:05.983,399765.1144,4091869.4312,global,-25.42,-23.93,-0.079,2.00,4.84,-8.17,-17.11,10.00,0.00,1.00,99.00,0,0,0,0,0,0.00,999.00
17:03:06.033,399765.1144,4091869.4312,global,-23.90,-23.93,-0.079,2.00,4.84,-6.65,-17.11,10.00,0.00,1.00,99.00,0,0,0,0,0,0.00,999.00
17:03:06.083,399765.1144,4091869.4312,global,-21.63,-23.93,-0.079,2.00,4.84,-4.39,-17.11,10.00,0.00,1.00,99.00,0,0,0,0,0,0.00,999.00
17:03:06.132,399765.4337,4091869.3275,global,-20.67,-29.13,-0.040,2.00,5.64,5.51,-4.82,10.00,0.00,1.00,99.00,0,0,0,0,0,0.00,999.00
17:03:06.183,399765.4337,4091869.3275,global,-20.08,-29.13,-0.040,2.00,5.64,6.11,-4.82,10.00,0.00,1.00,99.00,0,0,0,0,0,0.00,999.00
17:03:06.233,399765.4337,4091869.3275,global,-20.19,-29.13,-0.040,2.00,4.99,5.61,7.36,10.00,0.00,1.00,99.00,0,0,0,0,0,0.00,999.00
17:03:06.285,399765.4337,4091869.3275,global,-20.74,-29.13,-0.040,2.00,4.99,5.06,7.36,10.00,0.00,1.00,99.00,0,0,0,0,0,0.00,999.00
17:03:06.332,399765.7620,4091869.2349,global,-21.39,-17.98,0.011,2.00,4.64,-2.46,9.11,10.00,0.00,1.00,99.00,0,0,0,0,0,0.00,999.00
17:03:06.383,399765.7620,4091869.2349,global,-22.07,-17.98,0.011,2.00,4.64,-3.15,9.11,10.00,0.00,1.00,99.00,0,0,0,0,0,0.00,999.00
17:03:06.433,399765.7620,4091869.2349,global,-22.09,-17.98,0.011,2.00,5.04,-3.24,-3.72,10.00,0.00,1.00,99.00,0,0,0,0,0,0.00,999.00
17:03:06.483,399765.7620,4091869.2349,global,-21.47,-17.98,0.011,2.00,5.04,-2.62,-3.72,10.00,0.00,1.00,99.00,0,0,0,0,0,0.00,999.00
17:03:06.533,399765.7620,4091869.2349,global,-20.55,-17.98,0.011,2.00,5.04,-1.70,-3.72,10.00,0.00,1.00,99.00,0,0,0,0,0,0.00,999.00
17:03:06.583,399766.0812,4091869.1202,global,-18.38,-23.24,-0.003,2.00,4.74,4.56,-12.92,10.00,0.00,1.00,99.00,0,0,0,0,0,0.00,999.00
17:03:06.633,399766.0812,4091869.1202,global,-16.89,-23.24,-0.003,2.00,4.74,6.05,-12.92,10.00,0.00,1.00,99.00,0,0,0,0,0,0.00,999.00
17:03:06.683,399766.0812,4091869.1202,global,-15.67,-23.24,-0.003,2.00,4.99,7.28,-2.66,10.00,0.00,1.00,99.00,0,0,0,0,0,0.00,999.00
17:03:06.733,399766.0812,4091869.1202,global,-15.43,-23.24,-0.003,2.00,4.99,7.53,-2.66,10.00,0.00,1.00,99.00,0,0,0,0,0,0.00,999.00
17:03:06.783,399766.0812,4091869.1202,global,-15.75,-23.24,-0.003,2.00,4.99,7.20,5.01,10.00,0.00,1.00,99.00,0,0,0,0,0,0.00,999.00
17:03:06.833,399766.4099,4091869.0608,global,-16.00,-14.24,0.071,2.00,4.99,4.09,5.01,10.00,0.00,1.00,99.00,0,0,0,0,0,0.00,999.00
17:03:06.919,399766.4099,4091869.0608,global,-16.12,-14.24,0.071,2.00,4.99,3.96,5.01,10.00,0.00,1.00,99.00,0,0,0,0,0,0.00,999.00
17:03:06.935,399766.4099,4091869.0608,global,-16.22,-14.24,0.071,2.00,4.99,3.87,5.01,10.00,0.00,1.00,99.00,0,0,0,0,0,0.00,999.00
17:03:06.982,399766.4099,4091869.0608,global,-16.57,-14.24,0.071,2.00,4.89,3.63,3.80,10.00,0.00,1.00,99.00,0,0,0,0,0,0.00,999.00
17:03:07.032,399766.4099,4091869.0608,global,-16.54,-14.24,0.071,2.00,4.89,3.66,3.80,10.00,0.00,1.00,99.00,0,0,0,0,0,0.00,999.00
17:03:07.083,399766.4099,4091869.0608,global,-15.94,-14.24,0.071,2.00,4.86,4.29,-4.95,10.00,0.00,1.00,99.00,0,0,0,0,0,0.00,999.00
17:03:07.133,399766.7384,4091868.9793,global,-15.35,-8.28,0.066,2.00,4.86,-1.52,-4.95,10.00,0.00,1.00,99.00,0,0,0,0,0,0.00,999.00
17:03:07.183,399766.7384,4091868.9793,global,-14.21,-8.28,0.066,2.00,4.99,-0.52,-9.02,10.00,0.00,1.00,99.00,0,0,0,0,0,0.00,999.00
17:03:07.233,399766.7384,4091868.9793,global,-13.31,-8.28,0.066,2.00,4.99,0.38,-9.02,10.00,0.00,1.00,99.00,0,0,0,0,0,0.00,999.00
17:03:07.283,399766.7384,4091868.9793,global,-12.37,-8.28,0.066,2.00,4.99,1.32,-9.02,10.00,0.00,1.00,99.00,0,0,0,0,0,0.00,999.00
17:03:07.333,399767.0582,4091868.9200,global,-12.26,6.93,0.038,2.00,4.51,-15.67,6.84,10.00,0.00,1.00,99.00,0,0,0,0,0,0.00,999.00
17:03:07.383,399767.0582,4091868.9200,global,-12.69,6.93,0.038,2.00,4.51,-16.10,6.84,10.00,0.00,1.00,99.00,0,0,0,0,0,0.00,999.00
17:03:07.433,399767.0582,4091868.9200,global,-13.24,6.93,0.038,2.00,5.44,-17.25,17.62,10.00,0.00,1.00,99.00,0,0,0,0,0,0.00,999.00
17:03:07.483,399767.0582,4091868.9200,global,-14.63,6.93,0.038,2.00,5.44,-18.65,17.62,10.00,0.00,1.00,99.00,0,0,0,0,0,0.00,999.00
17:03:07.533,399767.0582,4091868.9200,global,-15.81,6.93,0.038,2.00,5.44,-19.82,17.62,10.00,0.00,1.00,99.00,0,0,0,0,0,0.00,999.00
17:03:07.583,399767.3861,4091868.7941,global,-17.90,15.97,-0.115,2.00,4.81,-22.00,21.99,10.00,0.00,1.00,99.00,0,0,0,0,0,0.00,999.00
17:03:07.633,399767.3861,4091868.7941,global,-19.26,15.97,-0.115,2.00,4.81,-22.00,21.99,10.00,0.00,1.00,99.00,0,0,0,0,0,0.00,999.00
17:03:07.683,399767.3861,4091868.7941,global,-20.38,15.97,-0.115,2.00,4.99,-22.00,9.92,10.00,0.00,1.00,99.00,0,0,0,0,0,0.00,999.00
17:03:07.733,399767.3861,4091868.7941,global,-20.54,15.97,-0.115,2.00,4.99,-22.00,9.92,10.00,0.00,1.00,99.00,0,0,0,0,0,0.00,999.00
17:03:07.783,399767.3861,4091868.7941,global,-20.26,15.97,-0.115,2.00,4.99,-22.00,-2.07,10.00,0.00,1.00,99.00,0,0,0,0,0,0.00,999.00
17:03:07.833,399767.7051,4091868.6683,global,-19.81,28.61,-0.307,2.00,4.99,-22.00,-2.07,10.00,0.00,1.00,99.00,0,0,0,0,0,0.00,999.00
17:03:07.883,399767.7051,4091868.6683,global,-18.66,28.61,-0.307,2.00,4.99,-22.00,-2.07,10.00,0.00,1.00,99.00,0,0,0,0,0,0.00,999.00
17:03:07.932,399767.7051,4091868.6683,global,-17.51,28.61,-0.307,2.00,4.74,-22.00,-16.04,10.00,0.00,1.00,99.00,0,0,0,0,0,0.00,999.00
17:03:07.983,399767.7051,4091868.6683,global,-15.42,28.61,-0.307,2.00,4.74,-22.00,-16.04,10.00,0.00,1.00,99.00,0,0,0,0,0,0.00,999.00
17:03:08.033,399767.7051,4091868.6683,global,-14.03,28.61,-0.307,2.00,5.19,-22.00,-21.98,10.00,0.00,1.00,99.00,0,0,0,0,0,0.00,999.00
17:03:08.084,399768.0340,4091868.6200,global,-11.52,25.32,-0.509,2.00,5.19,-22.00,-21.98,10.00,0.00,1.00,99.00,0,0,0,0,0,0.00,999.00
17:03:08.133,399768.0340,4091868.6200,global,-9.72,25.32,-0.509,2.00,4.64,-22.00,-14.08,10.00,0.00,1.00,99.00,0,0,0,0,0,0.00,999.00
17:03:08.183,399768.0340,4091868.6200,global,-7.89,25.32,-0.509,2.00,4.64,-22.00,-14.08,10.00,0.00,1.00,99.00,0,0,0,0,0,0.00,999.00
17:03:08.233,399768.0340,4091868.6200,global,-7.11,25.32,-0.509,2.00,4.64,-22.00,-14.08,10.00,0.00,1.00,99.00,0,0,0,0,0,0.00,999.00
17:03:08.282,399768.0340,4091868.6200,global,-6.32,25.32,-0.509,2.00,5.12,-22.00,-9.87,10.00,0.00,1.00,99.00,0,0,0,0,0,0.00,999.00
17:03:08.334,399768.3724,4091868.6271,global,-5.61,30.21,-0.650,2.00,5.12,-22.00,-9.87,10.00,0.00,1.00,99.00,0,0,0,0,0,0.00,999.00
17:03:08.383,399768.3724,4091868.6271,global,-3.93,30.21,-0.650,2.00,4.84,-22.00,-18.96,10.00,0.00,1.00,99.00,0,0,0,0,0,0.00,999.00
17:03:08.433,399768.3724,4091868.6271,global,-2.36,30.21,-0.650,2.00,4.84,-22.00,-18.96,10.00,0.00,1.00,99.00,0,0,0,0,0,0.00,999.00
17:03:08.482,399768.3724,4091868.6271,global,0.41,30.21,-0.650,2.00,4.43,-22.00,-21.92,10.00,0.00,1.00,99.00,0,0,0,0,0,0.00,999.00
17:03:08.533,399768.3724,4091868.6271,global,2.32,30.21,-0.650,2.00,4.43,-22.00,-21.92,10.00,0.00,1.00,99.00,0,0,0,0,0,0.00,999.00
17:03:08.583,399768.6756,4091868.6679,global,5.08,37.74,-0.764,2.00,4.43,-22.00,-21.92,10.00,0.00,1.00,99.00,0,0,0,0,0,0.00,999.00
17:03:08.633,399768.6756,4091868.6679,global,6.78,37.74,-0.764,2.00,4.95,-22.00,-19.37,10.00,0.00,1.00,99.00,0,0,0,0,0,0.00,999.00
17:03:08.683,399768.6756,4091868.6679,global,8.99,37.74,-0.764,2.00,4.95,-22.00,-19.37,10.00,0.00,1.00,99.00,0,0,0,0,0,0.00,999.00
17:03:08.733,399768.6756,4091868.6679,global,10.31,37.74,-0.764,2.00,5.79,-22.00,-15.39,10.00,0.00,1.00,99.00,0,0,0,0,0,0.00,999.00
17:03:08.786,399768.6756,4091868.6679,global,12.19,37.74,-0.764,2.00,5.79,-22.00,-15.39,10.00,0.00,1.00,99.00,0,0,0,0,0,0.00,999.00
17:03:08.833,399768.9886,4091868.7862,global,13.34,42.84,-0.859,2.00,4.23,-22.00,-16.06,10.00,0.00,1.00,99.00,0,0,0,0,0,0.00,999.00
17:03:08.883,399768.9886,4091868.7862,global,15.16,42.84,-0.859,2.00,4.23,-22.00,-16.06,10.00,0.00,1.00,99.00,0,0,0,0,0,0.00,999.00
17:03:08.932,399768.9886,4091868.7862,global,16.59,42.84,-0.859,2.00,4.23,-22.00,-16.06,10.00,0.00,1.00,99.00,0,0,0,0,0,0.00,999.00
17:03:08.982,399768.9886,4091868.7862,global,19.21,42.84,-0.859,2.00,5.30,-22.00,-21.97,10.00,0.00,1.00,99.00,0,0,0,0,0,0.00,999.00
17:03:09.033,399768.9886,4091868.7862,global,21.12,42.84,-0.859,2.00,5.30,-22.00,-21.97,10.00,0.00,1.00,99.00,0,0,0,0,0,0.00,999.00
17:03:09.083,399769.2577,4091868.9606,global,23.87,38.33,-0.913,2.00,4.94,-22.00,-21.99,10.00,0.00,1.00,99.00,0,0,0,0,0,0.00,999.00
17:03:09.133,399769.2577,4091868.9606,global,25.62,38.33,-0.913,2.00,4.94,-22.00,-21.99,10.00,0.00,1.00,99.00,0,0,0,0,0,0.00,999.00
17:03:09.183,399769.2577,4091868.9606,global,28.07,38.33,-0.913,2.00,4.94,-22.00,-21.99,10.00,0.00,1.00,99.00,0,0,0,0,0,0.00,999.00
17:03:09.233,399769.2577,4091868.9606,global,29.49,38.33,-0.913,2.00,5.09,-22.00,-15.77,10.00,0.00,1.00,99.00,0,0,0,0,0,0.00,999.00
17:03:09.284,399769.2577,4091868.9606,global,31.36,38.33,-0.913,2.00,5.09,-22.00,-15.77,10.00,0.00,1.00,99.00,0,0,0,0,0,0.00,999.00
17:03:09.333,399769.5271,4091869.1571,global,32.55,54.02,-0.933,2.00,4.84,-22.00,-14.02,10.00,0.00,1.00,99.00,0,0,0,0,0,0.00,999.00
17:03:09.383,399769.5271,4091869.1571,global,34.36,54.02,-0.933,2.00,4.84,-22.00,-14.02,10.00,0.00,1.00,99.00,0,0,0,0,0,0.00,999.00
17:03:09.433,399769.5271,4091869.1571,global,35.56,54.02,-0.933,2.00,5.64,-22.00,-18.59,10.00,0.00,1.00,99.00,0,0,0,0,0,0.00,999.00
17:03:09.483,399769.5271,4091869.1571,global,37.71,54.02,-0.933,2.00,5.64,-22.00,-18.59,10.00,0.00,1.00,99.00,0,0,0,0,0,0.00,999.00
17:03:09.533,399769.5271,4091869.1571,global,39.49,54.02,-0.933,2.00,5.64,-22.00,-18.59,10.00,0.00,1.00,99.00,0,0,0,0,0,0.00,999.00
17:03:09.583,399769.7524,4091869.3875,global,42.36,52.08,-0.980,2.00,4.29,-22.00,-20.29,10.00,0.00,1.00,99.00,0,0,0,0,0,0.00,999.00
17:03:09.633,399769.7524,4091869.3875,global,44.05,52.08,-0.980,2.00,4.29,-22.00,-20.29,10.00,0.00,1.00,99.00,0,0,0,0,0,0.00,999.00
17:03:09.683,399769.7524,4091869.3875,global,46.22,52.08,-0.980,2.00,5.14,-22.00,-17.34,10.00,0.00,1.00,99.00,0,0,0,0,0,0.00,999.00
17:03:09.732,399769.7524,4091869.3875,global,47.61,52.08,-0.980,2.00,5.14,-22.00,-17.34,10.00,0.00,1.00,99.00,0,0,0,0,0,0.00,999.00
17:03:09.783,399769.7524,4091869.3875,global,49.73,52.08,-0.980,2.00,5.79,-22.00,-18.65,10.00,0.00,1.00,99.00,0,0,0,0,0,0.00,999.00
17:03:09.833,399769.9337,4091869.6627,global,51.13,58.73,-0.957,2.00,5.79,-22.00,-18.65,10.00,0.00,1.00,99.00,0,0,0,0,0,0.00,999.00
17:03:09.883,399769.9337,4091869.6627,global,53.57,58.73,-0.957,2.00,5.79,-22.00,-18.65,10.00,0.00,1.00,99.00,0,0,0,0,0,0.00,999.00
17:03:09.932,399769.9337,4091869.6627,global,55.37,58.73,-0.957,2.00,4.60,-22.00,-20.52,10.00,0.00,1.00,99.00,0,0,0,0,0,0.00,999.00
17:03:09.983,399769.9337,4091869.6627,global,57.96,58.73,-0.957,2.00,4.60,-22.00,-20.52,10.00,0.00,1.00,99.00,0,0,0,0,0,0.00,999.00
17:03:10.033,399769.9337,4091869.6627,global,59.56,58.73,-0.957,2.00,5.19,-22.00,-20.57,10.00,0.00,1.00,99.00,0,0,0,0,0,0.00,999.00
17:03:10.084,399770.0530,4091869.9609,global,61.98,59.50,-0.877,2.00,5.19,-22.00,-20.57,10.00,0.00,1.00,99.00,0,0,0,0,0,0.00,999.00
17:03:10.133,399770.0530,4091869.9609,global,63.64,59.50,-0.877,2.00,5.85,-22.00,-20.94,10.00,0.00,1.00,99.00,0,0,0,0,0,0.00,999.00
17:03:10.183,399770.0530,4091869.9609,global,66.25,59.50,-0.877,2.00,5.85,-22.00,-20.94,10.00,0.00,1.00,99.00,0,0,0,0,0,0.00,999.00
17:03:10.258,399770.0530,4091869.9609,global,67.09,59.50,-0.877,2.00,5.85,-22.00,-20.94,10.00,0.00,1.00,99.00,0,0,0,0,0,0.00,999.00
17:03:10.282,399770.0530,4091869.9609,global,70.40,59.50,-0.877,2.00,5.85,-22.00,-20.16,10.00,0.00,1.00,99.00,0,0,0,0,0,0.00,999.00
17:03:10.333,399770.1284,4091870.3150,global,72.03,65.13,-0.748,2.00,4.89,-22.00,-20.16,10.00,0.00,1.00,99.00,0,0,0,0,0,0.00,999.00
17:03:10.382,399770.1284,4091870.3150,global,74.53,65.13,-0.748,2.00,4.89,-22.00,-20.16,10.00,0.00,1.00,99.00,0,0,0,0,0,0.00,999.00
17:03:10.433,399770.1284,4091870.3150,global,76.18,65.13,-0.748,2.00,5.51,-22.00,-20.26,10.00,0.00,1.00,99.00,0,0,0,0,0,0.00,999.00
17:03:10.483,399770.1284,4091870.3150,global,78.54,65.13,-0.748,2.00,5.51,-22.00,-20.26,10.00,0.00,1.00,99.00,0,0,0,0,0,0.00,999.00
17:03:10.533,399770.1284,4091870.3150,global,80.13,65.13,-0.748,2.00,5.44,-22.00,-20.32,10.00,0.00,1.00,99.00,0,0,0,0,0,0.00,999.00
17:03:10.583,399770.1504,4091870.6698,global,82.48,65.13,-0.618,2.00,5.44,-21.93,-20.32,10.00,0.00,1.00,99.00,0,0,0,0,0,0.00,999.00
17:03:10.633,399770.1504,4091870.6698,global,84.04,65.13,-0.618,2.00,5.44,-20.38,-20.32,10.00,0.00,1.00,99.00,0,0,0,0,0,0.00,999.00
17:03:10.683,399770.1504,4091870.6698,global,86.56,65.13,-0.618,2.00,4.65,-22.00,-20.09,10.00,0.00,1.00,99.00,0,0,0,0,0,0.00,999.00
17:03:10.733,399770.1504,4091870.6698,global,88.24,65.13,-0.618,2.00,4.65,-20.68,-20.09,10.00,0.00,1.00,99.00,0,0,0,0,0,0.00,999.00
17:03:10.782,399770.1504,4091870.6698,global,90.81,65.13,-0.618,2.00,5.85,-11.62,-20.33,10.00,0.00,1.00,99.00,0,0,0,0,0,0.00,999.00
17:03:10.833,399770.1011,4091871.0144,global,92.57,65.83,-0.430,2.00,5.85,-1.19,-20.33,10.00,0.00,1.00,99.00,0,0,0,0,0,0.00,999.00
17:03:10.883,399770.1011,4091871.0144,global,95.24,65.83,-0.430,2.00,5.85,1.48,-20.33,10.00,0.00,1.00,99.00,0,0,0,0,0,0.00,999.00
17:03:10.933,399770.1011,4091871.0144,global,96.94,65.83,-0.430,2.00,5.87,3.30,-10.68,10.00,0.00,1.00,99.00,0,0,0,0,0,0.00,999.00
17:03:10.982,399770.1011,4091871.0144,global,98.38,65.83,-0.430,2.00,5.87,4.75,-10.68,10.00,0.00,1.00,99.00,0,0,0,0,0,0.00,999.00
17:03:11.032,399770.1011,4091871.0144,global,98.75,65.83,-0.430,2.00,5.24,2.32,2.12,10.00,0.00,1.00,99.00,0,0,0,0,0,0.00,999.00
17:03:11.084,399770.0431,4091871.3812,global,98.36,61.18,-0.222,2.00,5.24,20.19,2.12,10.00,0.00,1.00,99.00,0,0,0,0,0,0.00,999.00
17:03:11.133,399770.0431,4091871.3812,global,97.93,61.18,-0.222,2.00,5.39,20.20,3.88,10.00,0.00,1.00,99.00,0,0,0,0,0,0.00,999.00
17:03:11.183,399770.0431,4091871.3812,global,97.69,61.18,-0.222,2.00,5.39,19.96,3.88,10.00,0.00,1.00,99.00,0,0,0,0,0,0.00,999.00
17:03:11.233,399770.0431,4091871.3812,global,98.07,61.18,-0.222,2.00,5.39,20.34,3.88,10.00,0.00,1.00,99.00,0,0,0,0,0,0.00,999.00
17:03:11.283,399770.0431,4091871.3812,global,98.22,61.18,-0.222,2.00,5.30,20.23,12.75,10.00,0.00,1.00,99.00,0,0,0,0,0,0.00,999.00
17:03:11.333,399769.9670,4091871.7260,global,97.72,69.88,0.025,2.00,5.30,22.00,12.75,10.00,0.00,1.00,99.00,0,0,0,0,0,0.00,999.00
17:03:11.385,399769.9670,4091871.7260,global,96.26,69.88,0.025,2.00,5.64,22.00,21.99,10.00,0.00,1.00,99.00,0,0,0,0,0,0.00,999.00
17:03:11.433,399769.9670,4091871.7260,global,95.05,69.88,0.025,2.00,5.64,22.00,21.99,10.00,0.00,1.00,99.00,0,0,0,0,0,0.00,999.00
17:03:11.483,399769.9670,4091871.7260,global,92.93,69.88,0.025,2.00,4.84,22.00,21.99,10.00,0.00,1.00,99.00,0,0,0,0,0,0.00,999.00
17:03:11.533,399769.9670,4091871.7260,global,91.23,69.88,0.025,2.00,4.84,22.00,21.99,10.00,0.00,1.00,99.00,0,0,0,0,0,0.00,999.00
17:03:11.583,399770.0157,4091872.0805,global,88.37,67.46,0.099,2.00,4.84,22.00,21.99,10.00,0.00,1.00,99.00,0,0,0,0,0,0.00,999.00
17:03:11.636,399770.0157,4091872.0805,global,86.72,67.46,0.099,2.00,5.33,22.00,21.99,10.00,0.00,1.00,99.00,0,0,0,0,0,0.00,999.00
17:03:11.683,399770.0157,4091872.0805,global,85.33,67.46,0.099,2.00,5.33,22.00,21.99,10.00,0.00,1.00,99.00,0,0,0,0,0,0.00,999.00
17:03:11.733,399770.0157,4091872.0805,global,84.22,67.46,0.099,2.00,5.39,22.00,21.99,10.00,0.00,1.00,99.00,0,0,0,0,0,0.00,999.00
17:03:11.784,399770.0157,4091872.0805,global,82.54,67.46,0.099,2.00,5.39,22.00,21.99,10.00,0.00,1.00,99.00,0,0,0,0,0,0.00,999.00
17:03:11.833,399770.0157,4091872.0805,global,81.26,67.46,0.099,2.00,5.39,21.35,21.99,10.00,0.00,1.00,99.00,0,0,0,0,0,0.00,999.00
17:03:11.883,399770.0732,4091872.4238,global,79.39,67.46,0.178,2.00,5.19,22.00,21.99,10.00,0.00,1.00,99.00,0,0,0,0,0,0.00,999.00
17:03:11.932,399770.0732,4091872.4238,global,78.25,67.46,0.178,2.00,5.19,22.00,21.99,10.00,0.00,1.00,99.00,0,0,0,0,0,0.00,999.00
17:03:11.983,399770.0732,4091872.4238,global,76.55,67.46,0.178,2.00,5.19,22.00,21.99,10.00,0.00,1.00,99.00,0,0,0,0,0,0.00,999.00
17:03:12.033,399770.0732,4091872.4238,global,75.48,67.46,0.178,2.00,5.36,21.43,21.99,10.00,0.00,1.00,99.00,0,0,0,0,0,0.00,999.00
17:03:12.084,399770.1842,4091872.7775,global,73.77,67.46,0.211,2.00,5.36,22.00,21.99,10.00,0.00,1.00,99.00,0,0,0,0,0,0.00,999.00
17:03:12.133,399770.1842,4091872.7775,global,72.60,67.46,0.211,2.00,5.04,21.89,21.99,10.00,0.00,1.00,99.00,0,0,0,0,0,0.00,999.00
17:03:12.183,399770.1842,4091872.7775,global,70.81,67.46,0.211,2.00,5.04,20.10,21.99,10.00,0.00,1.00,99.00,0,0,0,0,0,0.00,999.00
17:03:12.233,399770.1842,4091872.7775,global,69.67,67.46,0.211,2.00,4.84,19.62,21.99,10.00,0.00,1.00,99.00,0,0,0,0,0,0.00,999.00
17:03:12.283,399770.1842,4091872.7775,global,67.93,67.46,0.211,2.00,4.84,17.88,21.99,10.00,0.00,1.00,99.00,0,0,0,0,0,0.00,999.00
17:03:12.333,399770.3484,4091873.1085,global,66.83,72.17,0.173,2.00,4.84,9.08,21.99,10.00,0.00,1.00,99.00,0,0,0,0,0,0.00,999.00
17:03:12.383,399770.3484,4091873.1085,global,65.14,72.17,0.173,2.00,5.60,5.49,21.99,10.00,0.00,1.00,99.00,0,0,0,0,0,0.00,999.00
17:03:12.432,399770.3484,4091873.1085,global,63.86,72.17,0.173,2.00,5.60,4.21,21.99,10.00,0.00,1.00,99.00,0,0,0,0,0,0.00,999.00
17:03:12.483,399770.3484,4091873.1085,global,62.05,72.17,0.173,2.00,5.60,2.40,21.99,10.00,0.00,1.00,99.00,0,0,0,0,0,0.00,999.00
17:03:12.533,399770.3484,4091873.1085,global,60.89,72.17,0.173,2.00,4.78,3.30,16.36,10.00,0.00,1.00,99.00,0,0,0,0,0,0.00,999.00
17:03:12.583,399770.5568,4091873.4167,global,59.80,72.77,0.070,2.00,4.78,-6.99,16.36,10.00,0.00,1.00,99.00,0,0,0,0,0,0.00,999.00
17:03:12.633,399770.5568,4091873.4167,global,59.57,72.77,0.070,2.00,5.64,-8.14,4.22,10.00,0.00,1.00,99.00,0,0,0,0,0,0.00,999.00
17:03:12.683,399770.5568,4091873.4167,global,59.69,72.77,0.070,2.00,5.64,-8.01,4.22,10.00,0.00,1.00,99.00,0,0,0,0,0,0.00,999.00
17:03:12.733,399770.5568,4091873.4167,global,60.12,72.77,0.070,2.00,5.24,-7.20,-5.80,10.00,0.00,1.00,99.00,0,0,0,0,0,0.00,999.00
17:03:12.783,399770.5568,4091873.4167,global,61.06,72.77,0.070,2.00,5.24,-6.26,-5.80,10.00,0.00,1.00,99.00,0,0,0,0,0,0.00,999.00
17:03:12.833,399770.7120,4091873.7366,global,61.90,74.92,0.018,2.00,5.24,-11.63,-5.80,10.00,0.00,1.00,99.00,0,0,0,0,0,0.00,999.00
17:03:12.883,399770.7120,4091873.7366,global,63.69,74.92,0.018,2.00,5.19,-9.83,-15.87,10.00,0.00,1.00,99.00,0,0,0,0,0,0.00,999.00
17:03:12.933,399770.7120,4091873.7366,global,65.18,74.92,0.018,2.00,5.19,-8.34,-15.87,10.00,0.00,1.00,99.00,0,0,0,0,0,0.00,999.00
17:03:12.983,399770.7120,4091873.7366,global,67.63,74.92,0.018,2.00,4.84,-5.80,-21.05,10.00,0.00,1.00,99.00,0,0,0,0,0,0.00,999.00
17:03:13.032,399770.7120,4091873.7366,global,69.29,74.92,0.018,2.00,4.84,-4.13,-21.05,10.00,0.00,1.00,99.00,0,0,0,0,0,0.00,999.00
17:03:13.083,399770.7120,4091873.7366,global,71.98,74.92,0.018,2.00,4.84,-1.44,-21.05,10.00,0.00,1.00,99.00,0,0,0,0,0,0.00,999.00
17:03:13.133,399770.8050,4091874.0795,global,72.83,74.35,0.017,2.00,4.84,-0.05,-10.57,10.00,0.00,1.00,99.00,0,0,0,0,0,0.00,999.00
17:03:13.186,399770.8050,4091874.0795,global,74.97,74.35,0.017,2.00,6.01,1.81,-10.57,10.00,0.00,1.00,99.00,0,0,0,0,0,0.00,999.00
17:03:13.233,399770.8050,4091874.0795,global,75.29,74.35,0.017,2.00,5.39,2.26,1.71,10.00,0.00,1.00,99.00,0,0,0,0,0,0.00,999.00
17:03:13.283,399770.8050,4091874.0795,global,75.24,74.35,0.017,2.00,5.39,2.21,1.71,10.00,0.00,1.00,99.00,0,0,0,0,0,0.00,999.00
17:03:13.333,399770.8714,4091874.4226,global,74.98,78.99,0.037,2.00,5.39,-1.14,1.71,10.00,0.00,1.00,99.00,0,0,0,0,0,0.00,999.00
17:03:13.383,399770.8714,4091874.4226,global,74.60,78.99,0.037,2.00,5.16,-1.40,2.19,10.00,0.00,1.00,99.00,0,0,0,0,0,0.00,999.00
17:03:13.433,399770.8714,4091874.4226,global,74.64,78.99,0.037,2.00,5.16,-1.36,2.19,10.00,0.00,1.00,99.00,0,0,0,0,0,0.00,999.00
17:03:13.483,399770.8714,4091874.4226,global,75.41,78.99,0.037,2.00,5.16,-0.59,2.19,10.00,0.00,1.00,99.00,0,0,0,0,0,0.00,999.00
17:03:13.533,399770.8714,4091874.4226,global,76.18,78.99,0.037,2.00,5.12,0.20,-9.28,10.00,0.00,1.00,99.00,0,0,0,0,0,0.00,999.00
17:03:13.583,399770.9468,4091874.7768,global,77.59,87.03,0.025,2.00,5.12,-7.43,-9.28,10.00,0.00,1.00,99.00,0,0,0,0,0,0.00,999.00
17:03:13.633,399770.9468,4091874.7768,global,78.12,87.03,0.025,2.00,5.12,-6.90,-11.70,10.00,0.00,1.00,99.00,0,0,0,0,0,0.00,999.00
17:03:13.683,399770.9468,4091874.7768,global,80.30,87.03,0.025,2.00,5.39,-4.82,-11.70,10.00,0.00,1.00,99.00,0,0,0,0,0,0.00,999.00
17:03:13.733,399770.9468,4091874.7768,global,81.19,87.03,0.025,2.00,5.44,-3.95,-2.83,10.00,0.00,1.00,99.00,0,0,0,0,0,0.00,999.00
17:03:13.783,399770.9468,4091874.7768,global,81.73,87.03,0.025,2.00,5.44,-3.41,-2.83,10.00,0.00,1.00,99.00,0,0,0,0,0,0.00,999.00
17:03:13.833,399770.9468,4091874.7768,global,81.81,87.03,0.025,2.00,5.44,-3.33,-2.83,10.00,0.00,1.00,99.00,0,0,0,0,0,0.00,999.00
17:03:13.884,399770.9688,4091875.1316,global,81.36,98.91,0.003,2.00,5.23,-17.34,5.66,10.00,0.00,1.00,99.00,0,0,0,0,0,0.00,999.00
17:03:13.932,399770.9688,4091875.1316,global,81.02,98.91,0.003,2.00,5.23,-17.67,5.66,10.00,0.00,1.00,99.00,0,0,0,0,0,0.00,999.00
17:03:13.983,399770.9688,4091875.1316,global,81.19,98.91,0.003,2.00,5.23,-17.50,5.66,10.00,0.00,1.00,99.00,0,0,0,0,0,0.00,999.00
17:03:14.033,399770.9688,4091875.1316,global,81.62,98.91,0.003,2.00,5.06,-17.07,-6.26,10.00,0.00,1.00,99.00,0,0,0,0,0,0.00,999.00
17:03:14.083,399770.9688,4091875.1316,global,82.71,98.91,0.003,2.00,5.06,-15.97,-6.26,10.00,0.00,1.00,99.00,0,0,0,0,0,0.00,999.00
17:03:14.133,399771.0266,4091875.4971,global,83.80,108.95,-0.136,2.00,5.44,-22.00,-17.37,10.00,0.00,1.00,99.00,0,0,0,0,0,0.00,999.00
17:03:14.182,399771.0266,4091875.4971,global,86.11,108.95,-0.136,2.00,5.44,-22.00,-17.37,10.00,0.00,1.00,99.00,0,0,0,0,0,0.00,999.00
17:03:14.232,399771.0266,4091875.4971,global,88.09,108.95,-0.136,2.00,5.24,-22.00,-18.42,10.00,0.00,1.00,99.00,0,0,0,0,0,0.00,999.00
17:03:14.283,399771.0266,4091875.4971,global,90.92,108.95,-0.136,2.00,5.24,-22.00,-18.42,10.00,0.00,1.00,99.00,0,0,0,0,0,0.00,999.00
17:03:14.334,399770.9594,4091875.8418,global,92.37,124.40,-0.189,2.00,5.24,-22.00,-18.42,10.00,0.00,1.00,99.00,0,0,0,0,0,0.00,999.00
17:03:14.383,399770.9594,4091875.8418,global,93.86,124.40,-0.189,2.00,5.43,-22.00,-11.74,10.00,0.00,1.00,99.00,0,0,0,0,0,0.00,999.00
17:03:14.432,399770.9594,4091875.8418,global,94.82,124.40,-0.189,2.00,5.43,-22.00,-11.74,10.00,0.00,1.00,99.00,0,0,0,0,0,0.00,999.00
17:03:14.482,399770.9594,4091875.8418,global,96.31,124.40,-0.189,2.00,5.43,-22.00,-11.74,10.00,0.00,1.00,99.00,0,0,0,0,0,0.00,999.00
17:03:14.533,399770.9594,4091875.8418,global,97.28,124.40,-0.189,2.00,5.23,-22.00,-14.81,10.00,0.00,1.00,99.00,0,0,0,0,0,0.00,999.00
17:03:14.583,399770.8924,4091876.1977,global,99.12,131.84,-0.330,2.00,5.23,-22.00,-14.81,10.00,0.00,1.00,99.00,0,0,0,0,0,0.00,999.00
17:03:14.633,399770.8924,4091876.1977,global,100.78,131.84,-0.330,2.00,5.44,-22.00,-21.97,10.00,0.00,1.00,99.00,0,0,0,0,0,0.00,999.00
17:03:14.684,399770.8924,4091876.1977,global,103.71,131.84,-0.330,2.00,5.44,-22.00,-21.97,10.00,0.00,1.00,99.00,0,0,0,0,0,0.00,999.00
17:03:14.761,399770.8924,4091876.1977,global,104.71,131.84,-0.330,2.00,5.44,-22.00,-21.39,10.00,0.00,1.00,99.00,0,0,0,0,0,0.00,999.00
17:03:14.782,399770.8924,4091876.1977,global,108.55,131.84,-0.330,2.00,5.39,-22.00,-21.39,10.00,0.00,1.00,99.00,0,0,0,0,0,0.00,999.00
17:03:14.833,399770.7357,4091876.4991,global,110.07,148.64,-0.413,2.00,5.39,-22.00,-21.39,10.00,0.00,1.00,99.00,0,0,0,0,0,0.00,999.00
17:03:14.883,399770.7357,4091876.4991,global,111.82,148.64,-0.413,2.00,4.99,-22.00,-12.73,10.00,0.00,1.00,99.00,0,0,0,0,0,0.00,999.00
17:03:14.932,399770.7357,4091876.4991,global,112.80,148.64,-0.413,2.00,4.99,-22.00,-12.73,10.00,0.00,1.00,99.00,0,0,0,0,0,0.00,999.00
17:03:14.983,399770.7357,4091876.4991,global,114.40,148.64,-0.413,2.00,5.59,-22.00,-11.09,10.00,0.00,1.00,99.00,0,0,0,0,0,0.00,999.00
17:03:15.032,399770.7357,4091876.4991,global,115.42,148.64,-0.413,2.00,5.59,-22.00,-11.09,10.00,0.00,1.00,99.00,0,0,0,0,0,0.00,999.00
17:03:15.083,399770.7357,4091876.4991,global,116.89,148.64,-0.413,2.00,5.59,-22.00,-11.09,10.00,0.00,1.00,99.00,0,0,0,0,0,0.00,999.00
17:03:15.132,399770.5612,4091876.8007,global,118.11,149.79,-0.543,2.00,4.78,-22.00,-18.20,10.00,0.00,1.00,99.00,0,0,0,0,0,0.00,999.00
17:03:15.183,399770.5612,4091876.8007,global,120.49,149.79,-0.543,2.00,4.78,-22.00,-18.20,10.00,0.00,1.00,99.00,0,0,0,0,0,0.00,999.00
17:03:15.233,399770.5612,4091876.8007,global,122.36,149.79,-0.543,2.00,5.24,-22.00,-21.89,10.00,0.00,1.00,99.00,0,0,0,0,0,0.00,999.00
17:03:15.283,399770.5612,4091876.8007,global,125.34,149.79,-0.543,2.00,5.24,-22.00,-21.89,10.00,0.00,1.00,99.00,0,0,0,0,0,0.00,999.00
17:03:15.333,399770.3326,4091877.0475,global,127.24,151.22,-0.639,2.00,5.24,-22.00,-21.89,10.00,0.00,1.00,99.00,0,0,0,0,0,0.00,999.00
17:03:15.382,399770.3326,4091877.0475,global,129.58,151.22,-0.639,2.00,6.01,-22.00,-14.57,10.00,0.00,1.00,99.00,0,0,0,0,0,0.00,999.00
17:03:15.432,399770.3326,4091877.0475,global,130.75,151.22,-0.639,2.00,6.01,-22.00,-14.57,10.00,0.00,1.00,99.00,0,0,0,0,0,0.00,999.00
17:03:15.483,399770.3326,4091877.0475,global,132.13,151.22,-0.639,2.00,6.01,-22.00,-14.57,10.00,0.00,1.00,99.00,0,0,0,0,0,0.00,999.00
17:03:15.533,399770.3326,4091877.0475,global,132.92,151.22,-0.639,2.00,5.06,-22.00,-11.33,10.00,0.00,1.00,99.00,0,0,0,0,0,0.00,999.00
17:03:15.583,399770.0594,4091877.2838,global,134.27,152.31,-0.715,2.00,5.06,-22.00,-11.33,10.00,0.00,1.00,99.00,0,0,0,0,0,0.00,999.00
17:03:15.633,399770.0594,4091877.2838,global,135.62,152.31,-0.715,2.00,5.29,-22.00,-19.59,10.00,0.00,1.00,99.00,0,0,0,0,0,0.00,999.00
17:03:15.682,399770.0594,4091877.2838,global,138.18,152.31,-0.715,2.00,5.29,-22.00,-19.59,10.00,0.00,1.00,99.00,0,0,0,0,0,0.00,999.00
17:03:15.733,399770.0594,4091877.2838,global,140.10,152.31,-0.715,2.00,5.19,-22.00,-21.99,10.00,0.00,1.00,99.00,0,0,0,0,0,0.00,999.00
17:03:15.783,399770.0594,4091877.2838,global,143.16,152.31,-0.715,2.00,5.19,-22.00,-21.99,10.00,0.00,1.00,99.00,0,0,0,0,0,0.00,999.00
17:03:15.833,399769.7675,4091877.4425,global,145.05,148.44,-0.695,2.00,5.19,-22.00,-21.99,10.00,0.00,1.00,99.00,0,0,0,0,0,0.00,999.00
17:03:15.883,399769.7675,4091877.4425,global,147.16,148.44,-0.695,2.00,4.95,-22.00,-15.90,10.00,0.00,1.00,99.00,0,0,0,0,0,0.00,999.00
17:03:15.932,399769.7675,4091877.4425,global,148.41,148.44,-0.695,2.00,4.95,-22.00,-15.90,10.00,0.00,1.00,99.00,0,0,0,0,0,0.00,999.00
17:03:15.983,399769.7675,4091877.4425,global,150.42,148.44,-0.695,2.00,5.79,-22.00,-15.80,10.00,0.00,1.00,99.00,0,0,0,0,0,0.00,999.00
17:03:16.033,399769.7675,4091877.4425,global,151.75,148.44,-0.695,2.00,5.79,-22.00,-15.80,10.00,0.00,1.00,99.00,0,0,0,0,0,0.00,999.00
17:03:16.083,399769.7675,4091877.4425,global,153.90,148.44,-0.695,2.00,5.79,-22.00,-15.80,10.00,0.00,1.00,99.00,0,0,0,0,0,0.00,999.00
17:03:16.133,399769.4396,4091877.5685,global,155.57,153.24,-0.629,2.00,4.54,-22.00,-22.00,10.00,0.00,1.00,99.00,0,0,0,0,0,0.00,999.00
17:03:16.183,399769.4396,4091877.5685,global,158.32,153.24,-0.629,2.00,4.54,-22.00,-22.00,10.00,0.00,1.00,99.00,0,0,0,0,0,0.00,999.00
17:03:16.233,399769.4396,4091877.5685,global,160.17,153.24,-0.629,2.00,5.19,-22.00,-21.94,10.00,0.00,1.00,99.00,0,0,0,0,0,0.00,999.00
17:03:16.283,399769.4396,4091877.5685,global,162.86,153.24,-0.629,2.00,5.19,-22.00,-21.94,10.00,0.00,1.00,99.00,0,0,0,0,0,0.00,999.00
17:03:16.337,399769.4396,4091877.5685,global,164.64,153.24,-0.629,2.00,6.05,-22.00,-21.86,10.00,0.00,1.00,99.00,0,0,0,0,0,0.00,999.00
17:03:16.382,399769.1107,4091877.6167,global,167.21,154.55,-0.524,2.00,6.05,-19.29,-21.86,10.00,0.00,1.00,99.00,0,0,0,0,0,0.00,999.00
17:03:16.433,399769.1107,4091877.6167,global,168.95,154.55,-0.524,2.00,6.05,-17.55,-21.86,10.00,0.00,1.00,99.00,0,0,0,0,0,0.00,999.00
17:03:16.482,399769.1107,4091877.6167,global,171.43,154.55,-0.524,2.00,4.85,-21.01,-19.87,10.00,0.00,1.00,99.00,0,0,0,0,0,0.00,999.00
17:03:16.533,399769.1107,4091877.6167,global,172.98,154.55,-0.524,2.00,4.85,-19.45,-19.87,10.00,0.00,1.00,99.00,0,0,0,0,0,0.00,999.00
17:03:16.583,399768.7723,4091877.6096,global,175.37,156.07,-0.372,2.00,5.59,-6.32,-17.02,10.00,0.00,1.00,99.00,0,0,0,0,0,0.00,999.00
17:03:16.633,399768.7723,4091877.6096,global,176.81,156.07,-0.372,2.00,5.59,-4.88,-17.02,10.00,0.00,1.00,99.00,0,0,0,0,0,0.00,999.00
17:03:16.683,399768.7723,4091877.6096,global,178.91,156.07,-0.372,2.00,5.85,-1.79,-14.29,10.00,0.00,1.00,99.00,0,0,0,0,0,0.00,999.00
17:03:16.733,399768.7723,4091877.6096,global,-179.68,156.07,-0.372,2.00,5.85,-0.37,-14.29,10.00,0.00,1.00,99.00,0,0,0,0,0,0.00,999.00
17:03:16.783,399768.7723,4091877.6096,global,-178.57,156.07,-0.372,2.00,5.19,-1.95,-3.32,10.00,0.00,1.00,99.00,0,0,0,0,0,0.00,999.00
17:03:16.833,399768.4337,4091877.5804,global,-178.25,160.35,-0.209,2.00,5.19,5.22,-3.32,10.00,0.00,1.00,99.00,0,0,0,0,0,0.00,999.00
17:03:16.883,399768.4337,4091877.5804,global,-178.14,160.35,-0.209,2.00,5.19,5.33,-3.32,10.00,0.00,1.00,99.00,0,0,0,0,0,0.00,999.00
17:03:16.933,399768.4337,4091877.5804,global,-178.08,160.35,-0.209,2.00,5.05,4.99,-5.71,10.00,0.00,1.00,99.00,0,0,0,0,0,0.00,999.00
17:03:16.983,399768.4337,4091877.5804,global,-177.09,160.35,-0.209,2.00,5.05,5.97,-5.71,10.00,0.00,1.00,99.00,0,0,0,0,0,0.00,999.00
17:03:17.033,399768.4337,4091877.5804,global,-176.03,160.35,-0.209,2.00,5.79,9.04,-4.09,10.00,0.00,1.00,99.00,0,0,0,0,0,0.00,999.00
17:03:17.083,399768.4337,4091877.5804,global,-174.98,160.35,-0.209,2.00,5.79,10.09,-4.09,10.00,0.00,1.00,99.00,0,0,0,0,0,0.00,999.00
17:03:17.133,399768.0769,4091877.5291,global,-174.90,157.49,-0.038,2.00,5.24,22.00,7.25,10.00,0.00,1.00,99.00,0,0,0,0,0,0.00,999.00
17:03:17.183,399768.0769,4091877.5291,global,-175.45,157.49,-0.038,2.00,5.24,22.00,7.25,10.00,0.00,1.00,99.00,0,0,0,0,0,0.00,999.00
17:03:17.233,399768.0769,4091877.5291,global,-176.17,157.49,-0.038,2.00,5.24,22.00,7.25,10.00,0.00,1.00,99.00,0,0,0,0,0,0.00,999.00
17:03:17.283,399768.0769,4091877.5291,global,-177.61,157.49,-0.038,2.00,5.40,21.98,21.99,10.00,0.00,1.00,99.00,0,0,0,0,0,0.00,999.00
17:03:17.333,399767.7207,4091877.5222,global,-178.88,165.33,0.088,2.00,5.40,22.00,21.99,10.00,0.00,1.00,99.00,0,0,0,0,0,0.00,999.00
17:03:17.383,399767.7207,4091877.5222,global,178.82,165.33,0.088,2.00,5.87,19.67,21.99,10.00,0.00,1.00,99.00,0,0,0,0,0,0.00,999.00
17:03:17.432,399767.7207,4091877.5222,global,176.92,165.33,0.088,2.00,5.87,17.77,21.99,10.00,0.00,1.00,99.00,0,0,0,0,0,0.00,999.00
17:03:17.483,399767.7207,4091877.5222,global,173.85,165.33,0.088,2.00,5.87,14.70,21.99,10.00,0.00,1.00,99.00,0,0,0,0,0,0.00,999.00
17:03:17.533,399767.7207,4091877.5222,global,171.98,165.33,0.088,2.00,5.44,13.32,21.99,10.00,0.00,1.00,99.00,0,0,0,0,0,0.00,999.00
17:03:17.583,399767.3746,4091877.6151,global,169.64,159.06,0.068,2.00,5.44,15.72,21.99,10.00,0.00,1.00,99.00,0,0,0,0,0,0.00,999.00
17:03:17.633,399767.3746,4091877.6151,global,168.30,159.06,0.068,2.00,4.64,15.26,21.99,10.00,0.00,1.00,99.00,0,0,0,0,0,0.00,999.00
17:03:17.683,399767.3746,4091877.6151,global,166.66,159.06,0.068,2.00,4.64,13.61,21.99,10.00,0.00,1.00,99.00,0,0,0,0,0,0.00,999.00
17:03:17.733,399767.3746,4091877.6151,global,165.71,159.06,0.068,2.00,5.44,11.79,15.98,10.00,0.00,1.00,99.00,0,0,0,0,0,0.00,999.00
17:03:17.783,399767.3746,4091877.6151,global,164.62,159.06,0.068,2.00,5.44,10.69,15.98,10.00,0.00,1.00,99.00,0,0,0,0,0,0.00,999.00
17:03:17.834,399767.0377,4091877.7300,global,164.21,167.96,0.076,2.00,5.44,1.98,15.98,10.00,0.00,1.00,99.00,0,0,0,0,0,0.00,999.00
17:03:17.883,399767.0377,4091877.7300,global,163.76,167.96,0.076,2.00,5.33,1.65,10.23,10.00,0.00,1.00,99.00,0,0,0,0,0,0.00,999.00
17:03:17.933,399767.0377,4091877.7300,global,163.37,167.96,0.076,2.00,5.33,1.26,10.23,10.00,0.00,1.00,99.00,0,0,0,0,0,0.00,999.00
17:03:17.983,399767.0377,4091877.7300,global,162.79,167.96,0.076,2.00,5.04,1.01,9.00,10.00,0.00,1.00,99.00,0,0,0,0,0,0.00,999.00
17:03:18.032,399767.0377,4091877.7300,global,162.45,167.96,0.076,2.00,5.04,0.68,9.00,10.00,0.00,1.00,99.00,0,0,0,0,0,0.00,999.00
17:03:18.108,399767.0377,4091877.7300,global,162.13,167.96,0.076,2.00,5.04,0.35,9.00,10.00,0.00,1.00,99.00,0,0,0,0,0,0.00,999.00
17:03:18.133,399766.6829,4091877.8452,global,161.81,162.51,0.049,2.00,5.30,3.12,5.13,10.00,0.00,1.00,99.00,0,0,0,0,0,0.00,999.00
17:03:18.182,399766.6829,4091877.8452,global,161.49,162.51,0.049,2.00,5.30,2.81,5.13,10.00,0.00,1.00,99.00,0,0,0,0,0,0.00,999.00
17:03:18.233,399766.6829,4091877.8452,global,161.56,162.51,0.049,2.00,5.30,2.87,5.13,10.00,0.00,1.00,99.00,0,0,0,0,0,0.00,999.00
17:03:18.283,399766.6829,4091877.8452,global,161.86,162.51,0.049,2.00,5.21,3.24,2.22,10.00,0.00,1.00,99.00,0,0,0,0,0,0.00,999.00
17:03:18.333,399766.3280,4091877.9492,global,162.00,154.02,0.118,2.00,5.21,17.21,2.22,10.00,0.00,1.00,99.00,0,0,0,0,0,0.00,999.00
17:03:18.383,399766.3280,4091877.9492,global,161.83,154.02,0.118,2.00,5.39,16.74,5.73,10.00,0.00,1.00,99.00,0,0,0,0,0,0.00,999.00
17:03:18.433,399766.3280,4091877.9492,global,161.64,154.02,0.118,2.00,5.39,16.55,5.73,10.00,0.00,1.00,99.00,0,0,0,0,0,0.00,999.00
17:03:18.483,399766.3280,4091877.9492,global,161.47,154.02,0.118,2.00,5.39,16.38,5.73,10.00,0.00,1.00,99.00,0,0,0,0,0,0.00,999.00
17:03:18.533,399766.3280,4091877.9492,global,161.35,154.02,0.118,2.00,5.23,16.53,9.08,10.00,0.00,1.00,99.00,0,0,0,0,0,0.00,999.00
17:03:18.584,399765.9734,4091878.0754,global,160.92,164.07,0.162,2.00,5.23,9.39,9.08,10.00,0.00,1.00,99.00,0,0,0,0,0,0.00,999.00
17:03:18.633,399765.9734,4091878.0754,global,160.52,164.07,0.162,2.00,5.24,8.97,12.88,10.00,0.00,1.00,99.00,0,0,0,0,0,0.00,999.00
17:03:18.683,399765.9734,4091878.0754,global,159.67,164.07,0.162,2.00,5.24,8.11,12.88,10.00,0.00,1.00,99.00,0,0,0,0,0,0.00,999.00
17:03:18.733,399765.9734,4091878.0754,global,158.81,164.07,0.162,2.00,5.64,6.38,17.85,10.00,0.00,1.00,99.00,0,0,0,0,0,0.00,999.00
17:03:18.782,399765.9734,4091878.0754,global,157.47,164.07,0.162,2.00,5.64,5.05,17.85,10.00,0.00,1.00,99.00,0,0,0,0,0,0.00,999.00
17:03:18.833,399765.6457,4091878.2236,global,156.55,172.45,0.099,2.00,5.64,-8.72,17.85,10.00,0.00,1.00,99.00,0,0,0,0,0,0.00,999.00
17:03:18.883,399765.6457,4091878.2236,global,155.88,172.45,0.099,2.00,5.09,-8.61,5.40,10.00,0.00,1.00,99.00,0,0,0,0,0,0.00,999.00
17:03:18.933,399765.6457,4091878.2236,global,155.89,172.45,0.099,2.00,5.09,-8.60,5.40,10.00,0.00,1.00,99.00,0,0,0,0,0,0.00,999.00
17:03:18.983,399765.6457,4091878.2236,global,156.48,172.45,0.099,2.00,5.44,-8.52,-6.28,10.00,0.00,1.00,99.00,0,0,0,0,0,0.00,999.00
17:03:19.033,399765.6457,4091878.2236,global,157.31,172.45,0.099,2.00,5.44,-7.69,-6.28,10.00,0.00,1.00,99.00,0,0,0,0,0,0.00,999.00
17:03:19.083,399765.6457,4091878.2236,global,159.02,172.45,0.099,2.00,5.24,-5.70,-9.15,10.00,0.00,1.00,99.00,0,0,0,0,0,0.00,999.00
17:03:19.133,399765.3090,4091878.3607,global,160.06,179.32,0.011,2.00,5.24,-18.39,-9.15,10.00,0.00,1.00,99.00,0,0,0,0,0,0.00,999.00
17:03:19.183,399765.3090,4091878.3607,global,161.40,179.32,0.011,2.00,5.24,-17.05,-9.15,10.00,0.00,1.00,99.00,0,0,0,0,0,0.00,999.00
17:03:19.233,399765.3090,4091878.3607,global,162.31,179.32,0.011,2.00,5.64,-16.20,-6.11,10.00,0.00,1.00,99.00,0,0,0,0,0,0.00,999.00
17:03:19.283,399765.3090,4091878.3607,global,163.33,179.32,0.011,2.00,5.64,-15.19,-6.11,10.00,0.00,1.00,99.00,0,0,0,0,0,0.00,999.00
17:03:19.333,399764.9450,4091878.4427,global,163.71,-175.93,-0.063,2.00,5.39,-22.00,-1.70,10.00,0.00,1.00,99.00,0,0,0,0,0,0.00,999.00
17:03:19.382,399764.9450,4091878.4427,global,164.07,-175.93,-0.063,2.00,5.39,-22.00,-1.70,10.00,0.00,1.00,99.00,0,0,0,0,0,0.00,999.00
17:03:19.432,399764.9450,4091878.4427,global,164.44,-175.93,-0.063,2.00,5.39,-22.00,-1.70,10.00,0.00,1.00,99.00,0,0,0,0,0,0.00,999.00
17:03:19.483,399764.9450,4091878.4427,global,165.44,-175.93,-0.063,2.00,5.26,-22.00,-12.51,10.00,0.00,1.00,99.00,0,0,0,0,0,0.00,999.00
17:03:19.533,399764.9450,4091878.4427,global,166.58,-175.93,-0.063,2.00,5.26,-22.00,-12.51,10.00,0.00,1.00,99.00,0,0,0,0,0,0.00,999.00
17:03:19.584,399764.5808,4091878.5135,global,168.90,179.32,-0.155,2.00,5.44,-22.00,-21.89,10.00,0.00,1.00,99.00,0,0,0,0,0,0.00,999.00
17:03:19.633,399764.5808,4091878.5135,global,171.02,179.32,-0.155,2.00,5.44,-19.92,-21.89,10.00,0.00,1.00,99.00,0,0,0,0,0,0.00,999.00
17:03:19.683,399764.5808,4091878.5135,global,174.25,179.32,-0.155,2.00,5.39,-16.80,-18.28,10.00,0.00,1.00,99.00,0,0,0,0,0,0.00,999.00
17:03:19.733,399764.5808,4091878.5135,global,176.10,179.32,-0.155,2.00,5.39,-14.95,-18.28,10.00,0.00,1.00,99.00,0,0,0,0,0,0.00,999.00
17:03:19.784,399764.5808,4091878.5135,global,177.95,179.32,-0.155,2.00,6.32,-11.40,-9.65,10.00,0.00,1.00,99.00,0,0,0,0,0,0.00,999.00
17:03:19.833,399764.2509,4091878.4731,global,178.72,174.73,-0.101,2.00,6.32,-2.54,-9.65,10.00,0.00,1.00,99.00,0,0,0,0,0,0.00,999.00
17:03:19.883,399764.2509,4091878.4731,global,179.55,174.73,-0.101,2.00,6.32,-1.71,-9.65,10.00,0.00,1.00,99.00,0,0,0,0,0,0.00,999.00
17:03:19.933,399764.2509,4091878.4731,global,-179.99,174.73,-0.101,2.00,6.79,-0.81,1.14,10.00,0.00,1.00,99.00,0,0,0,0,0,0.00,999.00
17:03:19.983,399764.2509,4091878.4731,global,-179.76,174.73,-0.101,2.00,6.79,-0.57,1.14,10.00,0.00,1.00,99.00,0,0,0,0,0,0.00,999.00
17:03:20.033,399764.2509,4091878.4731,global,-179.99,174.73,-0.101,2.00,5.53,-2.18,14.08,10.00,0.00,1.00,99.00,0,0,0,0,0,0.00,999.00
17:03:20.083,399764.2509,4091878.4731,global,178.93,174.73,-0.101,2.00,5.53,-3.25,14.08,10.00,0.00,1.00,99.00,0,0,0,0,0,0.00,999.00
17:03:20.134,399763.8770,4091878.4775,global,177.74,172.22,-0.092,2.00,5.53,-1.34,14.08,10.00,0.00,1.00,99.00,0,0,0,0,0,0.00,999.00
17:03:20.183,399763.8770,4091878.4775,global,175.90,172.22,-0.092,2.00,5.16,-3.68,11.50,10.00,0.00,1.00,99.00,0,0,0,0,0,0.00,999.00
17:03:20.233,399763.8770,4091878.4775,global,175.43,172.22,-0.092,2.00,5.16,-4.15,11.50,10.00,0.00,1.00,99.00,0,0,0,0,0,0.00,999.00
17:03:20.284,399763.8770,4091878.4775,global,175.68,172.22,-0.092,2.00,5.16,-3.90,11.50,10.00,0.00,1.00,99.00,0,0,0,0,0,0.00,999.00
17:03:20.333,399763.4947,4091878.5264,global,176.10,167.59,-0.081,2.00,5.50,2.43,-4.37,10.00,0.00,1.00,99.00,0,0,0,0,0,0.00,999.00
17:03:20.383,399763.4947,4091878.5264,global,176.99,167.59,-0.081,2.00,5.50,3.32,-4.37,10.00,0.00,1.00,99.00,0,0,0,0,0,0.00,999.00
17:03:20.433,399763.4947,4091878.5264,global,177.41,167.59,-0.081,2.00,4.99,3.11,-14.23,10.00,0.00,1.00,99.00,0,0,0,0,0,0.00,999.00
17:03:20.483,399763.4947,4091878.5264,global,179.91,167.59,-0.081,2.00,4.99,5.61,-14.23,10.00,0.00,1.00,99.00,0,0,0,0,0,0.00,999.00
17:03:20.533,399763.4947,4091878.5264,global,-178.78,167.59,-0.081,2.00,4.99,6.92,-14.23,10.00,0.00,1.00,99.00,0,0,0,0,0,0.00,999.00
17:03:20.583,399763.1469,4091878.4750,global,-177.85,166.33,0.060,2.00,5.64,20.23,0.43,10.00,0.00,1.00,99.00,0,0,0,0,0,0.00,999.00
17:03:20.635,399763.1469,4091878.4750,global,-177.74,166.33,0.060,2.00,5.64,20.35,0.43,10.00,0.00,1.00,99.00,0,0,0,0,0,0.00,999.00
17:03:20.683,399763.1469,4091878.4750,global,-178.31,166.33,0.060,2.00,4.99,20.35,13.73,10.00,0.00,1.00,99.00,0,0,0,0,0,0.00,999.00
17:03:20.732,399763.1469,4091878.4750,global,-179.05,166.33,0.060,2.00,4.99,19.61,13.73,10.00,0.00,1.00,99.00,0,0,0,0,0,0.00,999.00
17:03:20.783,399763.1469,4091878.4750,global,179.16,166.33,0.060,2.00,6.13,16.90,21.99,10.00,0.00,1.00,99.00,0,0,0,0,0,0.00,999.00
17:03:20.833,399762.7822,4091878.5015,global,177.65,166.78,0.121,2.00,6.13,18.97,21.99,10.00,0.00,1.00,99.00,0,0,0,0,0,0.00,999.00
17:03:20.882,399762.7822,4091878.5015,global,175.35,166.78,0.121,2.00,6.13,16.68,21.99,10.00,0.00,1.00,99.00,0,0,0,0,0,0.00,999.00
17:03:20.933,399762.7822,4091878.5015,global,174.43,166.78,0.121,2.00,5.37,16.87,12.69,10.00,0.00,1.00,99.00,0,0,0,0,0,0.00,999.00
17:03:20.983,399762.7822,4091878.5015,global,174.01,166.78,0.121,2.00,5.37,16.45,12.69,10.00,0.00,1.00,99.00,0,0,0,0,0,0.00,999.00
17:03:21.033,399762.7822,4091878.5015,global,173.88,166.78,0.121,2.00,5.24,16.55,7.92,10.00,0.00,1.00,99.00,0,0,0,0,0,0.00,999.00
17:03:21.083,399762.7822,4091878.5015,global,173.61,166.78,0.121,2.00,5.24,16.28,7.92,10.00,0.00,1.00,99.00,0,0,0,0,0,0.00,999.00
17:03:21.134,399762.4177,4091878.5502,global,173.35,160.77,0.166,2.00,5.90,22.00,13.54,10.00,0.00,1.00,99.00,0,0,0,0,0,0.00,999.00
17:03:21.183,399762.4177,4091878.5502,global,172.47,160.77,0.166,2.00,5.90,22.00,13.54,10.00,0.00,1.00,99.00,0,0,0,0,0,0.00,999.00
17:03:21.233,399762.4177,4091878.5502,global,171.49,160.77,0.166,2.00,5.90,22.00,13.54,10.00,0.00,1.00,99.00,0,0,0,0,0,0.00,999.00
17:03:21.283,399762.4177,4091878.5502,global,169.24,160.77,0.166,2.00,5.47,20.79,21.99,10.00,0.00,1.00,99.00,0,0,0,0,0,0.00,999.00
17:03:21.333,399762.4177,4091878.5502,global,167.34,160.77,0.166,2.00,5.47,18.89,21.99,10.00,0.00,1.00,99.00,0,0,0,0,0,0.00,999.00
17:03:21.383,399762.0537,4091878.6322,global,164.20,168.05,0.205,2.00,4.64,13.78,21.99,10.00,0.00,1.00,99.00,0,0,0,0,0,0.00,999.00
17:03:21.433,399762.0537,4091878.6322,global,162.22,168.05,0.205,2.00,4.64,11.80,21.99,10.00,0.00,1.00,99.00,0,0,0,0,0,0.00,999.00
17:03:21.482,399762.0537,4091878.6322,global,159.52,168.05,0.205,2.00,5.44,6.62,21.99,10.00,0.00,1.00,99.00,0,0,0,0,0,0.00,999.00
17:03:21.533,399762.0537,4091878.6322,global,157.76,168.05,0.205,2.00,5.44,4.86,21.99,10.00,0.00,1.00,99.00,0,0,0,0,0,0.00,999.00
17:03:21.583,399761.7351,4091878.7913,global,155.65,174.05,0.113,2.00,5.44,-9.93,21.99,10.00,0.00,1.00,99.00,0,0,0,0,0,0.00,999.00
17:03:21.633,399761.7351,4091878.7913,global,154.73,174.05,0.113,2.00,5.74,-11.29,13.36,10.00,0.00,1.00,99.00,0,0,0,0,0,0.00,999.00
17:03:21.683,399761.7351,4091878.7913,global,154.09,174.05,0.113,2.00,5.74,-11.92,13.36,10.00,0.00,1.00,99.00,0,0,0,0,0,0.00,999.00
17:03:21.733,399761.7351,4091878.7913,global,154.07,174.05,0.113,2.00,5.24,-11.19,0.24,10.00,0.00,1.00,99.00,0,0,0,0,0,0.00,999.00
17:03:21.783,399761.7351,4091878.7913,global,154.56,174.05,0.113,2.00,5.24,-10.70,0.24,10.00,0.00,1.00,99.00,0,0,0,0,0,0.00,999.00
17:03:21.833,399761.3988,4091878.9617,global,155.27,169.23,-0.022,2.00,5.29,-15.66,-5.34,10.00,0.00,1.00,99.00,0,0,0,0,0,0.00,999.00
17:03:21.883,399761.3988,4091878.9617,global,156.42,169.23,-0.022,2.00,5.29,-14.51,-5.34,10.00,0.00,1.00,99.00,0,0,0,0,0,0.00,999.00
17:03:21.933,399761.3988,4091878.9617,global,156.77,169.23,-0.022,2.00,5.29,-14.16,-5.34,10.00,0.00,1.00,99.00,0,0,0,0,0,0.00,999.00
17:03:21.983,399761.3988,4091878.9617,global,157.19,169.23,-0.022,2.00,5.19,-13.77,-5.64,10.00,0.00,1.00,99.00,0,0,0,0,0,0.00,999.00
17:03:22.033,399761.3988,4091878.9617,global,157.71,169.23,-0.022,2.00,5.19,-13.25,-5.64,10.00,0.00,1.00,99.00,0,0,0,0,0,0.00,999.00
17:03:22.083,399761.3988,4091878.9617,global,159.03,169.23,-0.022,2.00,5.44,-11.85,-10.14,10.00,0.00,1.00,99.00,0,0,0,0,0,0.00,999.00
17:03:22.133,399761.0530,4091879.0878,global,160.09,171.44,-0.085,2.00,5.44,-17.80,-10.14,10.00,0.00,1.00,99.00,0,0,0,0,0,0.00,999.00
17:03:22.183,399761.0530,4091879.0878,global,162.08,171.44,-0.085,2.00,5.44,-15.81,-10.14,10.00,0.00,1.00,99.00,0,0,0,0,0,0.00,999.00
17:03:22.233,399761.0530,4091879.0878,global,163.39,171.44,-0.085,2.00,5.23,-14.76,-15.46,10.00,0.00,1.00,99.00,0,0,0,0,0,0.00,999.00
17:03:22.283,399761.0530,4091879.0878,global,165.28,171.44,-0.085,2.00,5.23,-12.88,-15.46,10.00,0.00,1.00,99.00,0,0,0,0,0,0.00,999.00
17:03:22.333,399760.6886,4091879.1365,global,166.82,172.66,-0.095,2.00,5.39,-13.10,-22.00,10.00,0.00,1.00,99.00,0,0,0,0,0,0.00,999.00
17:03:22.383,399760.6886,4091879.1365,global,169.76,172.66,-0.095,2.00,5.39,-10.16,-22.00,10.00,0.00,1.00,99.00,0,0,0,0,0,0.00,999.00
17:03:22.434,399760.6886,4091879.1365,global,171.88,172.66,-0.095,2.00,5.29,-8.18,-17.34,10.00,0.00,1.00,99.00,0,0,0,0,0,0.00,999.00
17:03:22.483,399760.6886,4091879.1365,global,174.26,172.66,-0.095,2.00,5.29,-5.79,-17.34,10.00,0.00,1.00,99.00,0,0,0,0,0,0.00,999.00
17:03:22.533,399760.6886,4091879.1365,global,175.33,172.66,-0.095,2.00,5.29,-4.72,-17.34,10.00,0.00,1.00,99.00,0,0,0,0,0,0.00,999.00
17:03:22.611,399760.6886,4091879.1365,global,176.12,172.66,-0.095,2.00,5.29,-3.93,-4.83,10.00,0.00,1.00,99.00,0,0,0,0,0,0.00,999.00
17:03:22.632,399760.3498,4091879.0961,global,176.94,168.30,-0.013,2.00,5.91,7.76,-4.83,10.00,0.00,1.00,99.00,0,0,0,0,0,0.00,999.00
17:03:22.682,399760.3498,4091879.0961,global,177.51,168.30,-0.013,2.00,4.59,8.07,4.37,10.00,0.00,1.00,99.00,0,0,0,0,0,0.00,999.00
17:03:22.733,399760.3498,4091879.0961,global,177.44,168.30,-0.013,2.00,4.59,8.01,4.37,10.00,0.00,1.00,99.00,0,0,0,0,0,0.00,999.00
17:03:22.783,399760.3498,4091879.0961,global,176.76,168.30,-0.013,2.00,5.87,7.57,16.26,10.00,0.00,1.00,99.00,0,0,0,0,0,0.00,999.00
17:03:22.833,399759.9760,4091879.1116,global,175.92,171.22,0.044,2.00,5.87,7.81,16.26,10.00,0.00,1.00,99.00,0,0,0,0,0,0.00,999.00
17:03:22.883,399759.9760,4091879.1116,global,174.14,171.22,0.044,2.00,5.87,6.03,16.26,10.00,0.00,1.00,99.00,0,0,0,0,0,0.00,999.00
17:03:22.934,399759.9760,4091879.1116,global,172.68,171.22,0.044,2.00,5.19,4.97,20.42,10.00,0.00,1.00,99.00,0,0,0,0,0,0.00,999.00
17:03:22.983,399759.9760,4091879.1116,global,170.79,171.22,0.044,2.00,5.19,3.08,20.42,10.00,0.00,1.00,99.00,0,0,0,0,0,0.00,999.00
17:03:23.033,399759.9760,4091879.1116,global,170.25,171.22,0.044,2.00,5.44,2.38,9.55,10.00,0.00,1.00,99.00,0,0,0,0,0,0.00,999.00
17:03:23.083,399759.9760,4091879.1116,global,170.01,171.22,0.044,2.00,5.44,2.14,9.55,10.00,0.00,1.00,99.00,0,0,0,0,0,0.00,999.00
17:03:23.133,399759.6032,4091879.2048,global,170.08,166.92,0.020,2.00,4.84,4.85,2.91,10.00,0.00,1.00,99.00,0,0,0,0,0,0.00,999.00
17:03:23.183,399759.6032,4091879.2048,global,170.38,166.92,0.020,2.00,4.84,5.14,2.91,10.00,0.00,1.00,99.00,0,0,0,0,0,0.00,999.00
17:03:23.233,399759.6032,4091879.2048,global,170.34,166.92,0.020,2.00,4.84,5.11,2.91,10.00,0.00,1.00,99.00,0,0,0,0,0,0.00,999.00
17:03:23.284,399759.6032,4091879.2048,global,170.11,166.92,0.020,2.00,5.54,4.67,7.44,10.00,0.00,1.00,99.00,0,0,0,0,0,0.00,999.00
17:03:23.333,399759.2478,4091879.2645,global,169.92,170.01,0.047,2.00,5.54,3.40,7.44,10.00,0.00,1.00,99.00,0,0,0,0,0,0.00,999.00
17:03:23.383,399759.2478,4091879.2645,global,169.05,170.01,0.047,2.00,5.04,2.88,16.34,10.00,0.00,1.00,99.00,0,0,0,0,0,0.00,999.00
17:03:23.433,399759.2478,4091879.2645,global,168.12,170.01,0.047,2.00,5.04,1.95,16.34,10.00,0.00,1.00,99.00,0,0,0,0,0,0.00,999.00
17:03:23.482,399759.2478,4091879.2645,global,166.57,170.01,0.047,2.00,5.39,0.15,15.26,10.00,0.00,1.00,99.00,0,0,0,0,0,0.00,999.00
17:03:23.533,399759.2478,4091879.2645,global,165.68,170.01,0.047,2.00,5.39,-0.74,15.26,10.00,0.00,1.00,99.00,0,0,0,0,0,0.00,999.00
17:03:23.583,399758.8841,4091879.3797,global,165.09,161.07,-0.017,2.00,5.39,2.70,15.26,10.00,0.00,1.00,99.00,0,0,0,0,0,0.00,999.00
17:03:23.633,399758.8841,4091879.3797,global,165.08,161.07,-0.017,2.00,5.36,2.68,0.55,10.00,0.00,1.00,99.00,0,0,0,0,0,0.00,999.00
17:03:23.683,399758.8841,4091879.3797,global,165.51,161.07,-0.017,2.00,5.36,3.11,0.55,10.00,0.00,1.00,99.00,0,0,0,0,0,0.00,999.00
17:03:23.733,399758.8841,4091879.3797,global,166.20,161.07,-0.017,2.00,5.44,3.82,-10.26,10.00,0.00,1.00,99.00,0,0,0,0,0,0.00,999.00
17:03:23.783,399758.8841,4091879.3797,global,167.89,161.07,-0.017,2.00,5.44,5.51,-10.26,10.00,0.00,1.00,99.00,0,0,0,0,0,0.00,999.00
17:03:23.833,399758.5020,4091879.4397,global,168.96,166.06,0.052,2.00,5.44,6.84,-10.26,10.00,0.00,1.00,99.00,0,0,0,0,0,0.00,999.00
17:03:23.883,399758.5020,4091879.4397,global,169.60,166.06,0.052,2.00,5.91,7.16,4.97,10.00,0.00,1.00,99.00,0,0,0,0,0,0.00,999.00
17:03:23.932,399758.5020,4091879.4397,global,169.43,166.06,0.052,2.00,5.91,6.99,4.97,10.00,0.00,1.00,99.00,0,0,0,0,0,0.00,999.00
17:03:23.983,399758.5020,4091879.4397,global,168.36,166.06,0.052,2.00,5.39,6.28,17.35,10.00,0.00,1.00,99.00,0,0,0,0,0,0.00,999.00
17:03:24.033,399758.5020,4091879.4397,global,167.37,166.06,0.052,2.00,5.39,5.28,17.35,10.00,0.00,1.00,99.00,0,0,0,0,0,0.00,999.00
17:03:24.083,399758.5020,4091879.4397,global,165.22,166.06,0.052,2.00,5.39,3.13,17.35,10.00,0.00,1.00,99.00,0,0,0,0,0,0.00,999.00
17:03:24.133,399758.1379,4091879.5217,global,163.83,161.07,0.061,2.00,5.74,7.15,14.57,10.00,0.00,1.00,99.00,0,0,0,0,0,0.00,999.00
17:03:24.183,399758.1379,4091879.5217,global,162.69,161.07,0.061,2.00,5.74,6.01,14.57,10.00,0.00,1.00,99.00,0,0,0,0,0,0.00,999.00
17:03:24.233,399758.1379,4091879.5217,global,162.68,161.07,0.061,2.00,5.64,6.07,2.23,10.00,0.00,1.00,99.00,0,0,0,0,0,0.00,999.00
17:03:24.283,399758.1379,4091879.5217,global,163.17,161.07,0.061,2.00,5.64,6.56,2.23,10.00,0.00,1.00,99.00,0,0,0,0,0,0.00,999.00
17:03:24.333,399757.7654,4091879.6371,global,163.67,166.17,0.065,2.00,5.64,2.28,2.23,10.00,0.00,1.00,99.00,0,0,0,0,0,0.00,999.00
17:03:24.383,399757.7654,4091879.6371,global,163.97,166.17,0.065,2.00,5.09,3.09,9.96,10.00,0.00,1.00,99.00,0,0,0,0,0,0.00,999.00
17:03:24.432,399757.7654,4091879.6371,global,163.56,166.17,0.065,2.00,5.09,2.69,9.96,10.00,0.00,1.00,99.00,0,0,0,0,0,0.00,999.00
17:03:24.483,399757.7654,4091879.6371,global,162.21,166.17,0.065,2.00,5.59,0.86,15.24,10.00,0.00,1.00,99.00,0,0,0,0,0,0.00,999.00
17:03:24.533,399757.7654,4091879.6371,global,161.15,166.17,0.065,2.00,5.59,-0.20,15.24,10.00,0.00,1.00,99.00,0,0,0,0,0,0.00,999.00
17:03:24.583,399757.4110,4091879.7855,global,160.28,-174.21,-0.029,2.00,5.59,-22.00,15.24,10.00,0.00,1.00,99.00,0,0,0,0,0,0.00,999.00
17:03:24.633,399757.4110,4091879.7855,global,160.39,-174.21,-0.029,2.00,5.33,-22.00,-1.49,10.00,0.00,1.00,99.00,0,0,0,0,0,0.00,999.00
17:03:24.683,399757.4110,4091879.7855,global,161.23,-174.21,-0.029,2.00,5.33,-22.00,-1.49,10.00,0.00,1.00,99.00,0,0,0,0,0,0.00,999.00
17:03:24.733,399757.4110,4091879.7855,global,162.15,-174.21,-0.029,2.00,5.64,-22.00,-13.12,10.00,0.00,1.00,99.00,0,0,0,0,0,0.00,999.00
17:03:24.783,399757.4110,4091879.7855,global,164.02,-174.21,-0.029,2.00,5.64,-22.00,-13.12,10.00,0.00,1.00,99.00,0,0,0,0,0,0.00,999.00
17:03:24.833,399757.0467,4091879.8453,global,165.75,-178.45,-0.131,2.00,5.64,-22.00,-13.12,10.00,0.00,1.00,99.00,0,0,0,0,0,0.00,999.00
17:03:24.883,399757.0467,4091879.8453,global,168.70,-178.45,-0.131,2.00,5.36,-22.00,-15.54,10.00,0.00,1.00,99.00,0,0,0,0,0,0.00,999.00
17:03:24.934,399757.0467,4091879.8453,global,169.57,-178.45,-0.131,2.00,5.36,-21.93,-15.54,10.00,0.00,1.00,99.00,0,0,0,0,0,0.00,999.00
17:03:24.982,399757.0467,4091879.8453,global,171.81,-178.45,-0.131,2.00,5.85,-18.89,-13.14,10.00,0.00,1.00,99.00,0,0,0,0,0,0.00,999.00
17:03:25.033,399757.0467,4091879.8453,global,172.82,-178.45,-0.131,2.00,5.85,-17.88,-13.14,10.00,0.00,1.00,99.00,0,0,0,0,0,0.00,999.00
17:03:25.083,399757.0467,4091879.8453,global,174.74,-178.45,-0.131,2.00,5.85,-15.95,-13.14,10.00,0.00,1.00,99.00,0,0,0,0,0,0.00,999.00
17:03:25.133,399756.6907,4091879.8606,global,176.21,172.45,-0.153,2.00,5.16,-8.30,-15.67,10.00,0.00,1.00,99.00,0,0,0,0,0,0.00,999.00
17:03:25.183,399756.6907,4091879.8606,global,178.40,172.45,-0.153,2.00,5.16,-6.12,-15.67,10.00,0.00,1.00,99.00,0,0,0,0,0,0.00,999.00
17:03:25.232,399756.6907,4091879.8606,global,179.79,172.45,-0.153,2.00,5.44,-4.11,-15.79,10.00,0.00,1.00,99.00,0,0,0,0,0,0.00,999.00
17:03:25.283,399756.6907,4091879.8606,global,-178.08,172.45,-0.153,2.00,5.44,-1.98,-15.79,10.00,0.00,1.00,99.00,0,0,0,0,0,0.00,999.00
17:03:25.332,399756.3429,4091879.8092,global,-176.97,170.98,-0.054,2.00,6.45,8.58,-6.36,10.00,0.00,1.00,99.00,0,0,0,0,0,0.00,999.00
17:03:25.382,399756.3429,4091879.8092,global,-176.06,170.98,-0.054,2.00,6.45,9.49,-6.36,10.00,0.00,1.00,99.00,0,0,0,0,0,0.00,999.00
17:03:25.433,399756.3429,4091879.8092,global,-175.77,170.98,-0.054,2.00,6.45,9.78,-6.36,10.00,0.00,1.00,99.00,0,0,0,0,0,0.00,999.00
17:03:25.483,399756.3429,4091879.8092,global,-175.87,170.98,-0.054,2.00,5.09,8.76,10.68,10.00,0.00,1.00,99.00,0,0,0,0,0,0.00,999.00
17:03:25.533,399756.3429,4091879.8092,global,-176.40,170.98,-0.054,2.00,5.09,8.24,10.68,10.00,0.00,1.00,99.00,0,0,0,0,0,0.00,999.00
17:03:25.583,399755.9597,4091879.7805,global,-177.75,179.32,0.022,2.00,5.24,4.67,21.48,10.00,0.00,1.00,99.00,0,0,0,0,0,0.00,999.00
17:03:25.633,399755.9597,4091879.7805,global,-179.05,179.32,0.022,2.00,5.24,3.37,21.48,10.00,0.00,1.00,99.00,0,0,0,0,0,0.00,999.00
17:03:25.683,399755.9597,4091879.7805,global,179.11,179.32,0.022,2.00,5.24,1.54,21.48,10.00,0.00,1.00,99.00,0,0,0,0,0,0.00,999.00
17:03:25.733,399755.9597,4091879.7805,global,178.59,179.32,0.022,2.00,5.36,0.97,6.07,10.00,0.00,1.00,99.00,0,0,0,0,0,0.00,999.00
17:03:25.783,399755.9597,4091879.7805,global,178.79,179.32,0.022,2.00,5.36,1.18,6.07,10.00,0.00,1.00,99.00,0,0,0,0,0,0.00,999.00
17:03:25.833,399755.5682,4091879.7962,global,179.27,-178.30,0.010,2.00,5.59,-1.67,-6.39,10.00,0.00,1.00,99.00,0,0,0,0,0,0.00,999.00
17:03:25.882,399755.5682,4091879.7962,global,-179.49,-178.30,0.010,2.00,5.59,-0.43,-6.39,10.00,0.00,1.00,99.00,0,0,0,0,0,0.00,999.00
17:03:25.959,399755.5682,4091879.7962,global,-179.04,-178.30,0.010,2.00,5.59,0.02,-6.39,10.00,0.00,1.00,99.00,0,0,0,0,0,0.00,999.00
17:03:25.982,399755.5682,4091879.7962,global,-178.41,-178.30,0.010,2.00,5.59,0.66,11.68,10.00,0.00,1.00,99.00,0,0,0,0,0,0.00,999.00
17:03:26.032,399755.5682,4091879.7962,global,-178.83,-178.30,0.010,2.00,5.82,0.21,11.68,10.00,0.00,1.00,99.00,0,0,0,0,0,0.00,999.00
17:03:26.083,399755.5682,4091879.7962,global,179.78,-178.30,0.010,2.00,5.82,-1.19,11.68,10.00,0.00,1.00,99.00,0,0,0,0,0,0.00,999.00
17:03:26.133,399755.2028,4091879.7672,global,178.53,172.66,0.046,2.00,5.42,9.41,21.99,10.00,0.00,1.00,99.00,0,0,0,0,0,0.00,999.00
17:03:26.183,399755.2028,4091879.7672,global,176.26,172.66,0.046,2.00,5.42,7.14,21.99,10.00,0.00,1.00,99.00,0,0,0,0,0,0.00,999.00
17:03:26.233,399755.2028,4091879.7672,global,174.57,172.66,0.046,2.00,5.24,5.56,21.99,10.00,0.00,1.00,99.00,0,0,0,0,0,0.00,999.00
17:03:26.283,399755.2028,4091879.7672,global,172.33,172.66,0.046,2.00,5.24,3.32,21.99,10.00,0.00,1.00,99.00,0,0,0,0,0,0.00,999.00
17:03:26.333,399754.8299,4091879.8493,global,171.34,162.02,0.013,2.00,5.24,10.37,21.99,10.00,0.00,1.00,99.00,0,0,0,0,0,0.00,999.00
17:03:26.383,399754.8299,4091879.8493,global,170.41,162.02,0.013,2.00,6.01,9.30,10.05,10.00,0.00,1.00,99.00,0,0,0,0,0,0.00,999.00
17:03:26.433,399754.8299,4091879.8493,global,170.15,162.02,0.013,2.00,6.01,9.04,10.05,10.00,0.00,1.00,99.00,0,0,0,0,0,0.00,999.00
17:03:26.483,399754.8299,4091879.8493,global,170.26,162.02,0.013,2.00,5.04,9.33,1.25,10.00,0.00,1.00,99.00,0,0,0,0,0,0.00,999.00
17:03:26.533,399754.8299,4091879.8493,global,170.52,162.02,0.013,2.00,5.04,9.59,1.25,10.00,0.00,1.00,99.00,0,0,0,0,0,0.00,999.00
17:03:26.583,399754.4655,4091879.9091,global,170.69,172.22,0.062,2.00,5.04,3.50,1.25,10.00,0.00,1.00,99.00,0,0,0,0,0,0.00,999.00
17:03:26.633,399754.4655,4091879.9091,global,170.32,172.22,0.062,2.00,5.23,2.95,16.25,10.00,0.00,1.00,99.00,0,0,0,0,0,0.00,999.00
17:03:26.684,399754.4655,4091879.9091,global,169.10,172.22,0.062,2.00,5.23,1.74,16.25,10.00,0.00,1.00,99.00,0,0,0,0,0,0.00,999.00
17:03:26.733,399754.4655,4091879.9091,global,167.71,172.22,0.062,2.00,5.04,0.53,21.99,10.00,0.00,1.00,99.00,0,0,0,0,0,0.00,999.00
17:03:26.783,399754.4655,4091879.9091,global,164.99,172.22,0.062,2.00,5.04,-2.20,21.99,10.00,0.00,1.00,99.00,0,0,0,0,0,0.00,999.00
17:03:26.834,399754.4655,4091879.9091,global,164.07,172.22,0.062,2.00,5.04,-3.11,21.99,10.00,0.00,1.00,99.00,0,0,0,0,0,0.00,999.00
17:03:26.883,399754.0930,4091880.0244,global,160.83,171.98,0.020,2.00,5.39,-9.58,21.99,10.00,0.00,1.00,99.00,0,0,0,0,0,0.00,999.00
17:03:26.934,399754.0930,4091880.0244,global,160.00,171.98,0.020,2.00,5.39,-10.41,21.99,10.00,0.00,1.00,99.00,0,0,0,0,0,0.00,999.00
17:03:26.983,399754.0930,4091880.0244,global,159.53,171.98,0.020,2.00,5.78,-10.99,6.23,10.00,0.00,1.00,99.00,0,0,0,0,0,0.00,999.00
17:03:27.033,399754.0930,4091880.0244,global,159.52,171.98,0.020,2.00,5.78,-11.00,6.23,10.00,0.00,1.00,99.00,0,0,0,0,0,0.00,999.00
17:03:27.083,399754.0930,4091880.0244,global,160.02,171.98,0.020,2.00,5.04,-10.28,-6.57,10.00,0.00,1.00,99.00,0,0,0,0,0,0.00,999.00
17:03:27.133,399753.7563,4091880.1616,global,160.84,171.98,-0.068,2.00,5.04,-16.71,-6.57,10.00,0.00,1.00,99.00,0,0,0,0,0,0.00,999.00
17:03:27.183,399753.7563,4091880.1616,global,162.37,171.98,-0.068,2.00,5.04,-15.18,-6.57,10.00,0.00,1.00,99.00,0,0,0,0,0,0.00,999.00
17:03:27.233,399753.7563,4091880.1616,global,163.00,171.98,-0.068,2.00,5.50,-14.08,2.75,10.00,0.00,1.00,99.00,0,0,0,0,0,0.00,999.00
17:03:27.283,399753.7563,4091880.1616,global,162.95,171.98,-0.068,2.00,5.50,-14.13,2.75,10.00,0.00,1.00,99.00,0,0,0,0,0,0.00,999.00
17:03:27.334,399753.7563,4091880.1616,global,162.48,171.98,-0.068,2.00,5.59,-14.52,1.28,10.00,0.00,1.00,99.00,0,0,0,0,0,0.00,999.00
17:03:27.383,399753.4099,4091880.2322,global,162.23,174.87,-0.094,2.00,5.59,-19.55,1.28,10.00,0.00,1.00,99.00,0,0,0,0,0,0.00,999.00
17:03:27.434,399753.4099,4091880.2322,global,162.84,174.87,-0.094,2.00,5.59,-18.93,1.28,10.00,0.00,1.00,99.00,0,0,0,0,0,0.00,999.00
17:03:27.483,399753.4099,4091880.2322,global,164.61,174.87,-0.094,2.00,5.16,-17.74,-15.62,10.00,0.00,1.00,99.00,0,0,0,0,0,0.00,999.00
17:03:27.533,399753.4099,4091880.2322,global,166.01,174.87,-0.094,2.00,5.16,-16.33,-15.62,10.00,0.00,1.00,99.00,0,0,0,0,0,0.00,999.00
17:03:27.583,399753.0546,4091880.3030,global,168.87,172.22,-0.138,2.00,5.16,-14.22,-15.62,10.00,0.00,1.00,99.00,0,0,0,0,0,0.00,999.00
17:03:27.633,399753.0546,4091880.3030,global,170.99,172.22,-0.138,2.00,5.36,-11.69,-21.72,10.00,0.00,1.00,99.00,0,0,0,0,0,0.00,999.00
17:03:27.683,399753.0546,4091880.3030,global,173.82,172.22,-0.138,2.00,5.36,-8.86,-21.72,10.00,0.00,1.00,99.00,0,0,0,0,0,0.00,999.00
17:03:27.733,399753.0546,4091880.3030,global,175.00,172.22,-0.138,2.00,5.39,-7.64,-13.49,10.00,0.00,1.00,99.00,0,0,0,0,0,0.00,999.00
17:03:27.783,399753.0546,4091880.3030,global,176.14,172.22,-0.138,2.00,5.39,-6.50,-13.49,10.00,0.00,1.00,99.00,0,0,0,0,0,0.00,999.00
17:03:27.837,399752.7162,4091880.2959,global,176.56,174.41,-0.083,2.00,5.39,-4.15,-13.49,10.00,0.00,1.00,99.00,0,0,0,0,0,0.00,999.00
17:03:27.883,399752.7162,4091880.2959,global,176.78,174.41,-0.083,2.00,5.39,-3.94,-13.49,10.00,0.00,1.00,99.00,0,0,0,0,0,0.00,999.00
17:03:27.933,399752.7162,4091880.2959,global,176.62,174.41,-0.083,2.00,5.39,-4.10,-13.49,10.00,0.00,1.00,99.00,0,0,0,0,0,0.00,999.00
17:03:27.983,399752.7162,4091880.2959,global,176.41,174.41,-0.083,2.00,5.39,-4.31,-13.49,10.00,0.00,1.00,99.00,0,0,0,0,0,0.00,999.00
17:03:28.033,399752.7162,4091880.2959,global,176.12,174.41,-0.083,2.00,5.39,-4.60,-13.49,10.00,0.00,1.00,99.00,0,0,0,0,0,0.00,999.00
17:03:28.083,399752.7162,4091880.2959,global,175.68,174.41,-0.083,2.00,5.39,-5.03,-13.49,10.00,0.00,1.00,99.00,0,0,0,0,0,0.00,999.00
17:03:28.133,399752.3604,4091880.3223,global,175.49,170.47,-0.071,2.00,5.39,-0.41,-13.49,10.00,0.00,1.00,99.00,0,0,0,0,0,0.00,999.00
17:03:28.182,399752.3604,4091880.3223,global,175.22,170.47,-0.071,2.00,5.39,-0.69,-13.49,10.00,0.00,1.00,99.00,0,0,0,0,0,0.00,999.00
17:03:28.233,399752.3604,4091880.3223,global,175.00,170.47,-0.071,2.00,5.39,-0.90,-13.49,10.00,0.00,1.00,99.00,0,0,0,0,0,0.00,999.00
17:03:28.282,399752.3604,4091880.3223,global,174.71,170.47,-0.071,2.00,5.39,-1.20,-13.49,10.00,0.00,1.00,99.00,0,0,0,0,0,0.00,999.00
17:03:28.333,399752.0580,4091880.3481,global,174.42,175.00,-0.051,2.00,5.39,-4.50,-13.49,10.00,0.00,1.00,99.00,0,0,0,0,0,0.00,999.00
17:03:28.383,399752.0580,4091880.3481,global,174.12,175.00,-0.051,2.00,5.39,-4.81,-13.49,10.00,0.00,1.00,99.00,0,0,0,0,0,0.00,999.00
17:03:28.433,399752.0580,4091880.3481,global,173.91,175.00,-0.051,2.00,5.39,-5.01,-13.49,10.00,0.00,1.00,99.00,0,0,0,0,0,0.00,999.00
17:03:28.482,399752.0580,4091880.3481,global,173.64,175.00,-0.051,2.00,5.39,-5.29,-13.49,10.00,0.00,1.00,99.00,0,0,0,0,0,0.00,999.00
17:03:28.532,399752.0580,4091880.3481,global,173.40,175.00,-0.051,2.00,5.39,-5.53,-13.49,10.00,0.00,1.00,99.00,0,0,0,0,0,0.00,999.00
17:03:28.582,399751.7735,4091880.3847,global,173.02,173.55,-0.062,2.00,5.39,-5.25,-13.49,10.00,0.00,1.00,99.00,0,0,0,0,0,0.00,999.00
17:03:28.633,399751.7735,4091880.3847,global,172.85,173.55,-0.062,2.00,5.39,-5.42,-13.49,10.00,0.00,1.00,99.00,0,0,0,0,0,0.00,999.00
17:03:28.682,399751.7735,4091880.3847,global,172.61,173.55,-0.062,2.00,5.39,-5.66,-13.49,10.00,0.00,1.00,99.00,0,0,0,0,0,0.00,999.00
17:03:28.733,399751.7735,4091880.3847,global,172.40,173.55,-0.062,2.00,5.39,-5.87,-13.49,10.00,0.00,1.00,99.00,0,0,0,0,0,0.00,999.00
17:03:28.782,399751.7735,4091880.3847,global,172.10,173.55,-0.062,2.00,5.39,-6.17,-13.49,10.00,0.00,1.00,99.00,0,0,0,0,0,0.00,999.00
17:03:28.833,399751.5069,4091880.4212,global,171.96,173.55,-0.068,2.00,5.39,-6.79,-13.49,10.00,0.00,1.00,99.00,0,0,0,0,0,0.00,999.00
17:03:28.882,399751.5069,4091880.4212,global,171.73,173.55,-0.068,2.00,5.39,-7.02,-13.49,10.00,0.00,1.00,99.00,0,0,0,0,0,0.00,999.00
17:03:28.933,399751.5069,4091880.4212,global,171.58,173.55,-0.068,2.00,5.39,-7.17,-13.49,10.00,0.00,1.00,99.00,0,0,0,0,0,0.00,999.00
17:03:28.983,399751.5069,4091880.4212,global,170.31,173.55,-0.068,2.00,5.39,-8.43,-13.49,10.00,0.00,1.00,99.00,0,0,0,0,0,0.00,999.00
17:03:29.033,399751.5069,4091880.4212,global,169.34,173.55,-0.068,2.00,5.39,-9.40,-13.49,10.00,0.00,1.00,99.00,0,0,0,0,0,0.00,999.00
17:03:29.083,399751.5069,4091880.4212,global,167.64,173.55,-0.068,2.00,5.39,-11.10,-13.49,10.00,0.00,1.00,99.00,0,0,0,0,0,0.00,999.00
17:03:29.133,399751.2672,4091880.4795,global,166.22,175.13,-0.096,2.00,3.81,-19.22,21.99,10.00,0.00,1.00,99.00,0,0,0,0,0,0.00,999.00
17:03:29.182,399751.2672,4091880.4795,global,163.97,175.13,-0.096,2.00,3.81,-21.46,21.99,10.00,0.00,1.00,99.00,0,0,0,0,0,0.00,999.00
17:03:29.233,399751.2672,4091880.4795,global,162.59,175.13,-0.096,2.00,4.00,-22.00,21.99,10.00,0.00,1.00,99.00,0,0,0,0,0,0.00,999.00
17:03:29.283,399751.2672,4091880.4795,global,160.62,175.13,-0.096,2.00,4.00,-22.00,21.99,10.00,0.00,1.00,99.00,0,0,0,0,0,0.00,999.00
17:03:29.333,399751.0370,4091880.5931,global,159.23,175.13,-0.190,2.00,3.22,-22.00,21.99,10.00,0.00,1.00,99.00,0,0,0,0,0,0.00,999.00
17:03:29.383,399751.0370,4091880.5931,global,157.53,175.13,-0.190,2.00,3.22,-22.00,21.99,10.00,0.00,1.00,99.00,0,0,0,0,0,0.00,999.00
17:03:29.433,399751.0370,4091880.5931,global,156.95,175.13,-0.190,2.00,4.03,-22.00,20.17,10.00,0.00,1.00,99.00,0,0,0,0,0,0.00,999.00
17:03:29.482,399751.0370,4091880.5931,global,156.56,175.13,-0.190,2.00,4.03,-22.00,20.17,10.00,0.00,1.00,99.00,0,0,0,0,0,0.00,999.00
17:03:29.533,399751.0370,4091880.5931,global,156.45,175.13,-0.190,2.00,4.03,-22.00,20.17,10.00,0.00,1.00,99.00,0,0,0,0,0,0.00,999.00
17:03:29.584,399750.7891,4091880.7070,global,156.80,175.47,-0.283,2.00,4.24,-22.00,1.12,10.00,0.00,1.00,99.00,0,0,0,0,0,0.00,999.00
17:03:29.633,399750.7891,4091880.7070,global,157.38,175.47,-0.283,2.00,4.24,-22.00,1.12,10.00,0.00,1.00,99.00,0,0,0,0,0,0.00,999.00
17:03:29.683,399750.7891,4091880.7070,global,158.65,175.47,-0.283,2.00,3.99,-22.00,-10.88,10.00,0.00,1.00,99.00,0,0,0,0,0,0.00,999.00
17:03:29.733,399750.7891,4091880.7070,global,159.72,175.47,-0.283,2.00,3.99,-22.00,-10.88,10.00,0.00,1.00,99.00,0,0,0,0,0,0.00,999.00
17:03:29.783,399750.7891,4091880.7070,global,162.06,175.47,-0.283,2.00,3.91,-22.00,-15.47,10.00,0.00,1.00,99.00,0,0,0,0,0,0.00,999.00
17:03:29.833,399750.7891,4091880.7070,global,163.68,175.47,-0.283,2.00,3.91,-22.00,-15.47,10.00,0.00,1.00,99.00,0,0,0,0,0,0.00,999.00
17:03:29.883,399750.5227,4091880.7657,global,165.62,175.13,-0.320,2.00,3.91,-22.00,-15.47,10.00,0.00,1.00,99.00,0,0,0,0,0,0.00,999.00
17:03:29.934,399750.5227,4091880.7657,global,166.70,175.13,-0.320,2.00,4.24,-22.00,-13.80,10.00,0.00,1.00,99.00,0,0,0,0,0,0.00,999.00
17:03:29.983,399750.5227,4091880.7657,global,168.62,175.13,-0.320,2.00,4.24,-22.00,-13.80,10.00,0.00,1.00,99.00,0,0,0,0,0,0.00,999.00
17:03:30.032,399750.5227,4091880.7657,global,170.02,175.13,-0.320,2.00,3.99,-22.00,-13.72,10.00,0.00,1.00,99.00,0,0,0,0,0,0.00,999.00
17:03:30.083,399750.5227,4091880.7657,global,171.93,175.13,-0.320,2.00,3.99,-22.00,-13.72,10.00,0.00,1.00,99.00,0,0,0,0,0,0.00,999.00
17:03:30.133,399750.2559,4091880.7910,global,173.29,173.55,-0.323,2.00,3.99,-22.00,-13.72,10.00,0.00,1.00,99.00,0,0,0,0,0,0.00,999.00
17:03:30.183,399750.2559,4091880.7910,global,175.59,173.55,-0.323,2.00,4.37,-22.00,-16.07,10.00,0.00,1.00,99.00,0,0,0,0,0,0.00,999.00
17:03:30.234,399750.2559,4091880.7910,global,177.17,173.55,-0.323,2.00,4.37,-22.00,-16.07,10.00,0.00,1.00,99.00,0,0,0,0,0,0.00,999.00
17:03:30.283,399750.2559,4091880.7910,global,179.42,173.55,-0.323,2.00,3.79,-22.00,-15.90,10.00,0.00,1.00,99.00,0,0,0,0,0,0.00,999.00
17:03:30.333,399750.2559,4091880.7910,global,-179.05,173.55,-0.323,2.00,3.79,-22.00,-15.90,10.00,0.00,1.00,99.00,0,0,0,0,0,0.00,999.00
17:03:30.383,399749.9792,4091880.7277,global,-176.81,173.23,-0.229,2.00,3.79,-13.55,-15.90,10.00,0.00,1.00,99.00,0,0,0,0,0,0.00,999.00
17:03:30.468,399749.9792,4091880.7277,global,-176.04,173.23,-0.229,2.00,3.79,-12.78,-14.79,10.00,0.00,1.00,99.00,0,0,0,0,0,0.00,999.00
17:03:30.485,399749.9792,4091880.7277,global,-175.40,173.23,-0.229,2.00,4.68,-8.06,-14.79,10.00,0.00,1.00,99.00,0,0,0,0,0,0.00,999.00
17:03:30.533,399749.9792,4091880.7277,global,-171.70,173.23,-0.229,2.00,4.19,-6.41,-14.63,10.00,0.00,1.00,99.00,0,0,0,0,0,0.00,999.00
17:03:30.583,399749.7289,4091880.6419,global,-169.41,168.94,-0.124,2.00,4.19,9.64,-14.63,10.00,0.00,1.00,99.00,0,0,0,0,0,0.00,999.00
17:03:30.633,399749.7289,4091880.6419,global,-168.11,168.94,-0.124,2.00,4.19,10.94,-14.63,10.00,0.00,1.00,99.00,0,0,0,0,0,0.00,999.00
17:03:30.683,399749.7289,4091880.6419,global,-166.81,168.94,-0.124,2.00,4.15,12.14,-1.40,10.00,0.00,1.00,99.00,0,0,0,0,0,0.00,999.00
17:03:30.733,399749.7289,4091880.6419,global,-166.21,168.94,-0.124,2.00,4.15,12.73,-1.40,10.00,0.00,1.00,99.00,0,0,0,0,0,0.00,999.00
17:03:30.782,399749.7289,4091880.6419,global,-165.77,168.94,-0.124,2.00,4.39,13.81,10.51,10.00,0.00,1.00,99.00,0,0,0,0,0,0.00,999.00
17:03:30.833,399749.4429,4091880.5565,global,-165.89,168.94,0.015,2.00,4.39,22.00,10.51,10.00,0.00,1.00,99.00,0,0,0,0,0,0.00,999.00
17:03:30.882,399749.4429,4091880.5565,global,-166.24,168.94,0.015,2.00,4.39,22.00,10.51,10.00,0.00,1.00,99.00,0,0,0,0,0,0.00,999.00
17:03:30.933,399749.4429,4091880.5565,global,-166.18,168.94,0.015,2.00,4.85,22.00,11.41,10.00,0.00,1.00,99.00,0,0,0,0,0,0.00,999.00
17:03:30.983,399749.4429,4091880.5565,global,-165.96,168.94,0.015,2.00,4.85,22.00,11.41,10.00,0.00,1.00,99.00,0,0,0,0,0,0.00,999.00
17:03:31.033,399749.4429,4091880.5565,global,-166.34,168.94,0.015,2.00,4.59,22.00,21.99,10.00,0.00,1.00,99.00,0,0,0,0,0,0.00,999.00
17:03:31.083,399749.4429,4091880.5565,global,-167.67,168.94,0.015,2.00,4.59,22.00,21.99,10.00,0.00,1.00,99.00,0,0,0,0,0,0.00,999.00
17:03:31.133,399749.1570,4091880.4711,global,-168.90,171.65,0.149,2.00,4.59,22.00,21.99,10.00,0.00,1.00,99.00,0,0,0,0,0,0.00,999.00
17:03:31.183,399749.1570,4091880.4711,global,-170.56,171.65,0.149,2.00,4.37,22.00,21.99,10.00,0.00,1.00,99.00,0,0,0,0,0,0.00,999.00
17:03:31.233,399749.1570,4091880.4711,global,-171.22,171.65,0.149,2.00,4.37,22.00,21.99,10.00,0.00,1.00,99.00,0,0,0,0,0,0.00,999.00
17:03:31.283,399749.1570,4091880.4711,global,-171.41,171.65,0.149,2.00,4.43,22.00,13.87,10.00,0.00,1.00,99.00,0,0,0,0,0,0.00,999.00
17:03:31.333,399749.1570,4091880.4711,global,-171.41,171.65,0.149,2.00,4.43,22.00,13.87,10.00,0.00,1.00,99.00,0,0,0,0,0,0.00,999.00
17:03:31.383,399748.8451,4091880.4415,global,-171.47,170.24,0.225,2.00,3.83,22.00,14.56,10.00,0.00,1.00,99.00,0,0,0,0,0,0.00,999.00
17:03:31.436,399748.8451,4091880.4415,global,-171.52,170.24,0.225,2.00,3.83,22.00,14.56,10.00,0.00,1.00,99.00,0,0,0,0,0,0.00,999.00
17:03:31.482,399748.8451,4091880.4415,global,-172.39,170.24,0.225,2.00,4.43,22.00,21.99,10.00,0.00,1.00,99.00,0,0,0,0,0,0.00,999.00
17:03:31.533,399748.8451,4091880.4415,global,-173.38,170.24,0.225,2.00,4.43,22.00,21.99,10.00,0.00,1.00,99.00,0,0,0,0,0,0.00,999.00
17:03:31.583,399748.5332,4091880.4230,global,-175.17,164.24,0.297,2.00,4.43,22.00,21.99,10.00,0.00,1.00,99.00,0,0,0,0,0,0.00,999.00
17:03:31.633,399748.5332,4091880.4230,global,-176.40,164.24,0.297,2.00,4.57,22.00,21.99,10.00,0.00,1.00,99.00,0,0,0,0,0,0.00,999.00
17:03:31.683,399748.5332,4091880.4230,global,-178.22,164.24,0.297,2.00,4.57,22.00,21.99,10.00,0.00,1.00,99.00,0,0,0,0,0,0.00,999.00
17:03:31.733,399748.5332,4091880.4230,global,-179.05,164.24,0.297,2.00,4.59,22.00,21.99,10.00,0.00,1.00,99.00,0,0,0,0,0,0.00,999.00
17:03:31.783,399748.5332,4091880.4230,global,179.90,164.24,0.297,2.00,4.59,22.00,21.99,10.00,0.00,1.00,99.00,0,0,0,0,0,0.00,999.00
17:03:31.833,399748.5332,4091880.4230,global,179.24,164.24,0.297,2.00,4.59,22.00,21.99,10.00,0.00,1.00,99.00,0,0,0,0,0,0.00,999.00
17:03:31.883,399748.2130,4091880.4490,global,178.18,166.39,0.360,2.00,4.43,22.00,21.80,10.00,0.00,1.00,99.00,0,0,0,0,0,0.00,999.00
17:03:31.933,399748.2130,4091880.4490,global,177.56,166.39,0.360,2.00,4.43,22.00,21.80,10.00,0.00,1.00,99.00,0,0,0,0,0,0.00,999.00
17:03:31.982,399748.2130,4091880.4490,global,176.62,166.39,0.360,2.00,4.79,22.00,21.79,10.00,0.00,1.00,99.00,0,0,0,0,0,0.00,999.00
17:03:32.033,399748.2130,4091880.4490,global,176.00,166.39,0.360,2.00,4.79,22.00,21.79,10.00,0.00,1.00,99.00,0,0,0,0,0,0.00,999.00
17:03:32.083,399748.2130,4091880.4490,global,175.09,166.39,0.360,2.00,4.79,22.00,21.79,10.00,0.00,1.00,99.00,0,0,0,0,0,0.00,999.00
17:03:32.133,399747.9019,4091880.4860,global,174.39,167.90,0.399,2.00,4.54,22.00,21.77,10.00,0.00,1.00,99.00,0,0,0,0,0,0.00,999.00
17:03:32.183,399747.9019,4091880.4860,global,173.40,167.90,0.399,2.00,4.54,22.00,21.77,10.00,0.00,1.00,99.00,0,0,0,0,0,0.00,999.00
17:03:32.233,399747.9019,4091880.4860,global,172.69,167.90,0.399,2.00,4.68,22.00,21.81,10.00,0.00,1.00,99.00,0,0,0,0,0,0.00,999.00
17:03:32.283,399747.9019,4091880.4860,global,172.06,167.90,0.399,2.00,4.68,22.00,21.81,10.00,0.00,1.00,99.00,0,0,0,0,0,0.00,999.00
17:03:32.333,399747.9019,4091880.4860,global,171.06,167.90,0.399,2.00,4.94,22.00,21.86,10.00,0.00,1.00,99.00,0,0,0,0,0,0.00,999.00
17:03:32.383,399747.5552,4091880.5344,global,170.07,165.70,0.422,2.00,4.94,22.00,21.86,10.00,0.00,1.00,99.00,0,0,0,0,0,0.00,999.00
17:03:32.433,399747.5552,4091880.5344,global,169.40,165.70,0.422,2.00,4.94,22.00,21.86,10.00,0.00,1.00,99.00,0,0,0,0,0,0.00,999.00
17:03:32.483,399747.5552,4091880.5344,global,168.40,165.70,0.422,2.00,4.68,22.00,21.74,10.00,0.00,1.00,99.00,0,0,0,0,0,0.00,999.00
17:03:32.533,399747.5552,4091880.5344,global,167.67,165.70,0.422,2.00,4.68,22.00,21.74,10.00,0.00,1.00,99.00,0,0,0,0,0,0.00,999.00
17:03:32.583,399747.2177,4091880.6050,global,166.67,166.06,0.437,2.00,4.68,22.00,21.74,10.00,0.00,1.00,99.00,0,0,0,0,0,0.00,999.00
17:03:32.633,399747.2177,4091880.6050,global,166.05,166.06,0.437,2.00,4.92,22.00,21.79,10.00,0.00,1.00,99.00,0,0,0,0,0,0.00,999.00
17:03:32.683,399747.2177,4091880.6050,global,165.07,166.06,0.437,2.00,4.92,22.00,21.79,10.00,0.00,1.00,99.00,0,0,0,0,0,0.00,999.00
17:03:32.733,399747.2177,4091880.6050,global,164.38,166.06,0.437,2.00,4.99,22.00,21.69,10.00,0.00,1.00,99.00,0,0,0,0,0,0.00,999.00
17:03:32.783,399747.2177,4091880.6050,global,163.41,166.06,0.437,2.00,4.99,22.00,21.69,10.00,0.00,1.00,99.00,0,0,0,0,0,0.00,999.00
17:03:32.833,399747.2177,4091880.6050,global,162.74,166.06,0.437,2.00,4.99,22.00,21.69,10.00,0.00,1.00,99.00,0,0,0,0,0,0.00,999.00
17:03:32.883,399746.8897,4091880.7198,global,161.79,169.23,0.406,2.00,4.96,22.00,21.77,10.00,0.00,1.00,99.00,0,0,0,0,0,0.00,999.00
17:03:32.935,399746.8897,4091880.7198,global,161.12,169.23,0.406,2.00,4.96,22.00,21.77,10.00,0.00,1.00,99.00,0,0,0,0,0,0.00,999.00
17:03:32.983,399746.8897,4091880.7198,global,159.98,169.23,0.406,2.00,5.04,20.85,21.66,10.00,0.00,1.00,99.00,0,0,0,0,0,0.00,999.00
17:03:33.033,399746.8897,4091880.7198,global,159.27,169.23,0.406,2.00,5.04,20.14,21.66,10.00,0.00,1.00,99.00,0,0,0,0,0,0.00,999.00
17:03:33.084,399746.8897,4091880.7198,global,158.18,169.23,0.406,2.00,5.04,19.05,21.66,10.00,0.00,1.00,99.00,0,0,0,0,0,0.00,999.00
17:03:33.133,399746.5619,4091880.8569,global,157.43,165.33,0.334,2.00,5.16,17.07,21.85,10.00,0.00,1.00,99.00,0,0,0,0,0,0.00,999.00
17:03:33.183,399746.5619,4091880.8569,global,156.26,165.33,0.334,2.00,5.16,15.91,21.85,10.00,0.00,1.00,99.00,0,0,0,0,0,0.00,999.00
17:03:33.233,399746.5619,4091880.8569,global,155.48,165.33,0.334,2.00,5.24,14.78,21.74,10.00,0.00,1.00,99.00,0,0,0,0,0,0.00,999.00
17:03:33.283,399746.5619,4091880.8569,global,154.37,165.33,0.334,2.00,5.24,13.68,21.74,10.00,0.00,1.00,99.00,0,0,0,0,0,0.00,999.00
17:03:33.334,399746.2342,4091881.0050,global,153.73,163.42,0.275,2.00,5.24,10.98,21.74,10.00,0.00,1.00,99.00,0,0,0,0,0,0.00,999.00
17:03:33.383,399746.2342,4091881.0050,global,153.12,163.42,0.275,2.00,5.29,10.19,15.12,10.00,0.00,1.00,99.00,0,0,0,0,0,0.00,999.00
17:03:33.436,399746.2342,4091881.0050,global,153.00,163.42,0.275,2.00,5.29,10.07,15.12,10.00,0.00,1.00,99.00,0,0,0,0,0,0.00,999.00
17:03:33.482,399746.2342,4091881.0050,global,152.97,163.42,0.275,2.00,5.14,10.59,6.14,10.00,0.00,1.00,99.00,0,0,0,0,0,0.00,999.00
17:03:33.533,399746.2342,4091881.0050,global,153.34,163.42,0.275,2.00,5.14,10.97,6.14,10.00,0.00,1.00,99.00,0,0,0,0,0,0.00,999.00
17:03:33.583,399745.9068,4091881.1753,global,154.24,166.56,0.201,2.00,5.14,3.39,6.14,10.00,0.00,1.00,99.00,0,0,0,0,0,0.00,999.00
17:03:33.633,399745.9068,4091881.1753,global,154.84,166.56,0.201,2.00,5.58,2.81,6.22,10.00,0.00,1.00,99.00,0,0,0,0,0,0.00,999.00
17:03:33.683,399745.9068,4091881.1753,global,155.28,166.56,0.201,2.00,5.58,3.24,6.22,10.00,0.00,1.00,99.00,0,0,0,0,0,0.00,999.00
17:03:33.733,399745.9068,4091881.1753,global,155.04,166.56,0.201,2.00,5.19,4.04,17.04,10.00,0.00,1.00,99.00,0,0,0,0,0,0.00,999.00
17:03:33.803,399745.9068,4091881.1753,global,154.80,166.56,0.201,2.00,5.19,3.80,17.04,10.00,0.00,1.00,99.00,0,0,0,0,0,0.00,999.00
17:03:33.833,399745.5794,4091881.3456,global,153.47,165.76,0.113,2.00,5.22,-3.43,12.61,10.00,0.00,1.00,99.00,0,0,0,0,0,0.00,999.00
17:03:33.882,399745.5794,4091881.3456,global,152.98,165.76,0.113,2.00,5.22,-3.91,12.61,10.00,0.00,1.00,99.00,0,0,0,0,0,0.00,999.00
17:03:33.934,399745.5794,4091881.3456,global,153.27,165.76,0.113,2.00,5.22,-3.63,12.61,10.00,0.00,1.00,99.00,0,0,0,0,0,0.00,999.00
17:03:33.982,399745.5794,4091881.3456,global,154.31,165.76,0.113,2.00,5.40,-2.87,-3.80,10.00,0.00,1.00,99.00,0,0,0,0,0,0.00,999.00
17:03:34.033,399745.5794,4091881.3456,global,155.40,165.76,0.113,2.00,5.40,-1.78,-3.80,10.00,0.00,1.00,99.00,0,0,0,0,0,0.00,999.00
17:03:34.084,399745.5794,4091881.3456,global,157.55,165.76,0.113,2.00,5.40,0.37,-3.80,10.00,0.00,1.00,99.00,0,0,0,0,0,0.00,999.00
17:03:34.132,399745.2426,4091881.4716,global,159.34,165.33,0.054,2.00,5.19,-1.72,-10.36,10.00,0.00,1.00,99.00,0,0,0,0,0,0.00,999.00
17:03:34.183,399745.2426,4091881.4716,global,161.86,165.33,0.054,2.00,5.19,0.80,-10.36,10.00,0.00,1.00,99.00,0,0,0,0,0,0.00,999.00
17:03:34.233,399745.2426,4091881.4716,global,162.80,165.33,0.054,2.00,5.85,1.26,-0.14,10.00,0.00,1.00,99.00,0,0,0,0,0,0.00,999.00
17:03:34.283,399745.2426,4091881.4716,global,163.51,165.33,0.054,2.00,5.85,1.97,-0.14,10.00,0.00,1.00,99.00,0,0,0,0,0,0.00,999.00
17:03:34.333,399744.8872,4091881.5313,global,163.60,166.78,0.085,2.00,4.43,4.72,4.64,10.00,0.00,1.00,99.00,0,0,0,0,0,0.00,999.00
17:03:34.383,399744.8872,4091881.5313,global,163.94,166.78,0.085,2.00,4.43,5.06,4.64,10.00,0.00,1.00,99.00,0,0,0,0,0,0.00,999.00
17:03:34.434,399744.8872,4091881.5313,global,164.62,166.78,0.085,2.00,4.43,5.75,4.64,10.00,0.00,1.00,99.00,0,0,0,0,0,0.00,999.00
17:03:34.482,399744.8872,4091881.5313,global,166.06,166.78,0.085,2.00,5.29,5.91,-1.47,10.00,0.00,1.00,99.00,0,0,0,0,0,0.00,999.00
17:03:34.533,399744.8872,4091881.5313,global,167.01,166.78,0.085,2.00,5.29,6.86,-1.47,10.00,0.00,1.00,99.00,0,0,0,0,0,0.00,999.00
17:03:34.584,399744.5319,4091881.6021,global,168.31,164.77,0.087,2.00,5.29,10.31,-1.47,10.00,0.00,1.00,99.00,0,0,0,0,0,0.00,999.00
17:03:34.633,399744.5319,4091881.6021,global,169.15,164.77,0.087,2.00,5.64,10.74,1.44,10.00,0.00,1.00,99.00,0,0,0,0,0,0.00,999.00
17:03:34.683,399744.5319,4091881.6021,global,170.00,164.77,0.087,2.00,5.64,11.59,1.44,10.00,0.00,1.00,99.00,0,0,0,0,0,0.00,999.00
17:03:34.733,399744.5319,4091881.6021,global,170.09,164.77,0.087,2.00,4.84,12.72,12.16,10.00,0.00,1.00,99.00,0,0,0,0,0,0.00,999.00
17:03:34.782,399744.5319,4091881.6021,global,169.89,164.77,0.087,2.00,4.84,12.52,12.16,10.00,0.00,1.00,99.00,0,0,0,0,0,0.00,999.00
17:03:34.834,399744.1496,4091881.6510,global,169.44,173.85,0.130,2.00,4.84,6.54,12.16,10.00,0.00,1.00,99.00,0,0,0,0,0,0.00,999.00
17:03:34.883,399744.1496,4091881.6510,global,168.95,173.85,0.130,2.00,5.47,4.83,11.30,10.00,0.00,1.00,99.00,0,0,0,0,0,0.00,999.00
17:03:34.933,399744.1496,4091881.6510,global,168.92,173.85,0.130,2.00,5.47,4.79,11.30,10.00,0.00,1.00,99.00,0,0,0,0,0,0.00,999.00
17:03:34.982,399744.1496,4091881.6510,global,169.23,173.85,0.130,2.00,5.44,5.14,7.30,10.00,0.00,1.00,99.00,0,0,0,0,0,0.00,999.00
17:03:35.032,399744.1496,4091881.6510,global,169.45,173.85,0.130,2.00,5.44,5.36,7.30,10.00,0.00,1.00,99.00,0,0,0,0,0,0.00,999.00
17:03:35.084,399744.1496,4091881.6510,global,169.68,173.85,0.130,2.00,5.44,5.59,7.30,10.00,0.00,1.00,99.00,0,0,0,0,0,0.00,999.00
17:03:35.133,399743.7853,4091881.7107,global,170.17,173.85,0.087,2.00,5.60,2.68,5.17,10.00,0.00,1.00,99.00,0,0,0,0,0,0.00,999.00
17:03:35.183,399743.7853,4091881.7107,global,170.78,173.85,0.087,2.00,5.60,3.28,5.17,10.00,0.00,1.00,99.00,0,0,0,0,0,0.00,999.00
17:03:35.233,399743.7853,4091881.7107,global,170.95,173.85,0.087,2.00,5.19,3.96,6.64,10.00,0.00,1.00,99.00,0,0,0,0,0,0.00,999.00
17:03:35.283,399743.7853,4091881.7107,global,171.14,173.85,0.087,2.00,5.19,4.15,6.64,10.00,0.00,1.00,99.00,0,0,0,0,0,0.00,999.00
17:03:35.333,399743.3942,4091881.7598,global,171.57,-178.03,0.048,2.00,5.19,-6.62,6.64,10.00,0.00,1.00,99.00,0,0,0,0,0,0.00,999.00
17:03:35.383,399743.3942,4091881.7598,global,171.87,-178.03,0.048,2.00,5.64,-6.62,6.23,10.00,0.00,1.00,99.00,0,0,0,0,0,0.00,999.00
17:03:35.433,399743.3942,4091881.7598,global,172.14,-178.03,0.048,2.00,5.64,-6.34,6.23,10.00,0.00,1.00,99.00,0,0,0,0,0,0.00,999.00
17:03:35.483,399743.3942,4091881.7598,global,172.67,-178.03,0.048,2.00,5.39,-5.65,5.36,10.00,0.00,1.00,99.00,0,0,0,0,0,0.00,999.00
17:03:35.533,399743.3942,4091881.7598,global,173.12,-178.03,0.048,2.00,5.39,-5.20,5.36,10.00,0.00,1.00,99.00,0,0,0,0,0,0.00,999.00
17:03:35.583,399743.0029,4091881.7977,global,173.82,173.14,0.009,2.00,5.39,1.34,5.36,10.00,0.00,1.00,99.00,0,0,0,0,0,0.00,999.00
17:03:35.633,399743.0029,4091881.7977,global,174.44,173.14,0.009,2.00,5.54,1.95,-1.56,10.00,0.00,1.00,99.00,0,0,0,0,0,0.00,999.00
17:03:35.683,399743.0029,4091881.7977,global,175.86,173.14,0.009,2.00,5.54,3.37,-1.56,10.00,0.00,1.00,99.00,0,0,0,0,0,0.00,999.00
17:03:35.733,399743.0029,4091881.7977,global,177.05,173.14,0.009,2.00,5.79,4.52,-2.52,10.00,0.00,1.00,99.00,0,0,0,0,0,0.00,999.00
17:03:35.783,399743.0029,4091881.7977,global,178.51,173.14,0.009,2.00,5.79,5.99,-2.52,10.00,0.00,1.00,99.00,0,0,0,0,0,0.00,999.00
17:03:35.834,399742.6198,4091881.7800,global,179.17,170.09,0.084,2.00,5.24,15.64,3.51,10.00,0.00,1.00,99.00,0,0,0,0,0,0.00,999.00
17:03:35.883,399742.6198,4091881.7800,global,179.78,170.09,0.084,2.00,5.24,16.26,3.51,10.00,0.00,1.00,99.00,0,0,0,0,0,0.00,999.00
17:03:35.933,399742.6198,4091881.7800,global,179.91,170.09,0.084,2.00,5.24,16.39,3.51,10.00,0.00,1.00,99.00,0,0,0,0,0,0.00,999.00
17:03:35.982,399742.6198,4091881.7800,global,179.70,170.09,0.084,2.00,5.68,15.68,17.04,10.00,0.00,1.00,99.00,0,0,0,0,0,0.00,999.00
17:03:36.032,399742.6198,4091881.7800,global,179.18,170.09,0.084,2.00,5.68,15.16,17.04,10.00,0.00,1.00,99.00,0,0,0,0,0,0.00,999.00
17:03:36.083,399742.6198,4091881.7800,global,177.90,170.09,0.084,2.00,5.19,14.45,21.99,10.00,0.00,1.00,99.00,0,0,0,0,0,0.00,999.00
17:03:36.133,399742.2369,4091881.7734,global,176.65,170.82,0.170,2.00,5.19,19.10,21.99,10.00,0.00,1.00,99.00,0,0,0,0,0,0.00,999.00
17:03:36.183,399742.2369,4091881.7734,global,174.89,170.82,0.170,2.00,5.19,17.33,21.99,10.00,0.00,1.00,99.00,0,0,0,0,0,0.00,999.00
17:03:36.233,399742.2369,4091881.7734,global,174.41,170.82,0.170,2.00,5.64,15.83,12.77,10.00,0.00,1.00,99.00,0,0,0,0,0,0.00,999.00
17:03:36.283,399742.2369,4091881.7734,global,174.55,170.82,0.170,2.00,5.64,15.97,12.77,10.00,0.00,1.00,99.00,0,0,0,0,0,0.00,999.00
17:03:36.333,399742.2369,4091881.7734,global,175.03,170.82,0.170,2.00,5.99,15.75,6.33,10.00,0.00,1.00,99.00,0,0,0,0,0,0.00,999.00
17:03:36.383,399741.8367,4091881.8115,global,175.65,167.59,0.197,2.00,5.99,21.41,6.33,10.00,0.00,1.00,99.00,0,0,0,0,0,0.00,999.00
17:03:36.435,399741.8367,4091881.8115,global,175.75,167.59,0.197,2.00,5.99,21.51,6.33,10.00,0.00,1.00,99.00,0,0,0,0,0,0.00,999.00
17:03:36.483,399741.8367,4091881.8115,global,175.13,167.59,0.197,2.00,6.20,20.45,21.13,10.00,0.00,1.00,99.00,0,0,0,0,0,0.00,999.00
17:03:36.533,399741.8367,4091881.8115,global,174.25,167.59,0.197,2.00,6.20,19.56,21.13,10.00,0.00,1.00,99.00,0,0,0,0,0,0.00,999.00
17:03:36.584,399741.4456,4091881.8605,global,172.31,173.39,0.206,2.00,6.20,12.36,21.13,10.00,0.00,1.00,99.00,0,0,0,0,0,0.00,999.00
17:03:36.633,399741.4456,4091881.8605,global,170.60,173.39,0.206,2.00,5.78,11.61,21.99,10.00,0.00,1.00,99.00,0,0,0,0,0,0.00,999.00
17:03:36.683,399741.4456,4091881.8605,global,168.29,173.39,0.206,2.00,5.78,9.29,21.99,10.00,0.00,1.00,99.00,0,0,0,0,0,0.00,999.00
17:03:36.733,399741.4456,4091881.8605,global,167.41,173.39,0.206,2.00,5.64,8.74,17.54,10.00,0.00,1.00,99.00,0,0,0,0,0,0.00,999.00
17:03:36.783,399741.4456,4091881.8605,global,167.32,173.39,0.206,2.00,5.64,8.65,17.54,10.00,0.00,1.00,99.00,0,0,0,0,0,0.00,999.00
17:03:36.834,399741.0640,4091881.9648,global,167.53,167.53,0.167,2.00,5.64,12.01,17.54,10.00,0.00,1.00,99.00,0,0,0,0,0,0.00,999.00
17:03:36.883,399741.0640,4091881.9648,global,168.21,168.21,0.164,2.00,5.74,11.65,3.31,10.00,0.00,1.00,99.00,0,0,0,0,0,0.00,999.00
17:03:36.933,399741.0640,4091881.9648,global,168.78,168.78,0.162,2.00,5.74,11.51,3.31,10.00,0.00,1.00,99.00,0,0,0,0,0,0.00,999.00
17:03:36.983,399741.0640,4091881.9648,global,169.80,169.80,0.159,2.00,5.39,11.97,-1.36,10.00,0.00,1.00,99.00,0,0,0,0,0,0.00,999.00
17:03:37.033,399741.0640,4091881.9648,global,170.68,170.68,0.155,2.00,5.39,11.73,-1.36,10.00,0.00,1.00,99.00,0,0,0,0,0,0.00,999.00
17:03:37.083,399741.0640,4091881.9648,global,172.15,172.15,0.150,2.00,5.39,11.33,-1.36,10.00,0.00,1.00,99.00,0,0,0,0,0,0.00,999.00
17:03:37.133,399740.6727,4091882.0027,global,172.86,172.86,0.158,2.00,5.40,11.92,7.63,10.00,0.00,1.00,99.00,0,0,0,0,0,0.00,999.00
