time,utm_x,utm_y,path_type,vehicle_yaw_deg,path_yaw_deg,cte_meter,k_gain,v_kmh,target_steer_deg,current_steer_deg,kp,ki,kd,closest_cluster_dist,r_state,y_state,g_state,f_state,l_state,light_area,stopline_dist
17:12:13.928,399740.1493,4091874.6305,global,-15.64,-15.63,0.207,2.00,0.00,22.00,7.90,9.70,0.10,0.50,99.00,0,0,0,0,0,0.00,999.00
17:12:13.977,399740.1493,4091874.6305,global,-15.64,-15.63,0.207,2.00,0.00,22.00,7.90,9.70,0.10,0.50,99.00,0,0,0,0,0,0.00,999.00
17:12:14.026,399740.1493,4091874.6305,global,-15.64,-15.63,0.207,2.00,0.00,22.00,7.87,9.70,0.10,0.50,99.00,0,0,0,0,0,0.00,999.00
17:12:14.079,399740.1404,4091874.6306,global,-15.63,-15.63,0.204,2.00,0.00,22.00,7.87,9.70,0.10,0.50,99.00,0,0,0,0,0,0.00,999.00
17:12:14.126,399740.1404,4091874.6306,global,-15.59,-15.63,0.204,2.00,-2.59,22.00,15.72,9.70,0.10,0.50,99.00,0,0,0,0,0,0.00,999.00
17:12:14.175,399740.1404,4091874.6306,global,-15.60,-15.63,0.204,2.00,-2.59,22.00,15.72,9.70,0.10,0.50,99.00,0,0,0,0,0,0.00,999.00
17:12:14.228,399740.1404,4091874.6306,global,-15.61,-15.63,0.204,2.00,-2.59,22.00,15.72,9.70,0.10,0.50,99.00,0,0,0,0,0,0.00,999.00
17:12:14.279,399740.1404,4091874.6306,global,-15.66,-15.63,0.204,2.00,0.27,22.00,21.99,9.70,0.10,0.50,99.00,0,0,0,0,0,0.00,999.00
17:12:14.325,399740.1671,4091874.6303,global,-15.71,-15.63,0.211,2.00,0.27,22.00,21.99,9.70,0.10,0.50,99.00,0,0,0,0,0,0.00,999.00
17:12:14.379,399740.1671,4091874.6303,global,-15.83,-15.63,0.211,2.00,0.27,22.00,21.99,9.70,0.10,0.50,99.00,0,0,0,0,0,0.00,999.00
17:12:14.431,399740.1671,4091874.6303,global,-16.03,-15.63,0.211,2.00,0.54,22.00,21.99,9.70,0.10,0.50,99.00,0,0,0,0,0,0.00,999.00
17:12:14.477,399740.1671,4091874.6303,global,-16.38,-15.63,0.211,2.00,0.54,22.00,21.99,9.70,0.10,0.50,99.00,0,0,0,0,0,0.00,999.00
17:12:14.529,399740.1671,4091874.6303,global,-16.59,-15.63,0.211,2.00,0.54,21.95,21.99,9.70,0.10,0.50,99.00,0,0,0,0,0,0.00,999.00
17:12:14.578,399740.2024,4091874.6077,global,-16.80,-15.63,0.199,2.00,0.54,20.54,21.99,9.70,0.10,0.50,99.00,0,0,0,0,0,0.00,999.00
17:12:14.632,399740.2024,4091874.6077,global,-17.17,-15.63,0.199,2.00,0.81,20.17,21.99,9.70,0.10,0.50,99.00,0,0,0,0,0,0.00,999.00
17:12:14.674,399740.2024,4091874.6077,global,-17.55,-15.63,0.199,2.00,0.98,19.79,21.99,9.70,0.10,0.50,99.00,0,0,0,0,0,0.00,999.00
17:12:14.726,399740.2024,4091874.6077,global,-17.81,-15.63,0.199,2.00,0.98,19.53,21.99,9.70,0.10,0.50,99.00,0,0,0,0,0,0.00,999.00
17:12:14.776,399740.2024,4091874.6077,global,-18.18,-15.63,0.199,2.00,0.98,19.16,21.99,9.70,0.10,0.50,99.00,0,0,0,0,0,0.00,999.00
17:12:14.830,399740.2823,4091874.5845,global,-18.39,-6.61,0.194,2.00,1.28,9.43,21.99,9.70,0.10,0.50,99.00,0,0,0,0,0,0.00,999.00
17:12:14.881,399740.2823,4091874.5845,global,-18.79,-6.61,0.194,2.00,1.28,9.03,21.99,9.70,0.10,0.50,99.00,0,0,0,0,0,0.00,999.00
17:12:14.924,399740.2823,4091874.5845,global,-19.30,-6.61,0.194,2.00,1.54,8.52,21.99,9.70,0.10,0.50,99.00,0,0,0,0,0,0.00,999.00
17:12:14.976,399740.2823,4091874.5845,global,-19.57,-6.61,0.194,2.00,1.54,8.24,21.99,9.70,0.10,0.50,99.00,0,0,0,0,0,0.00,999.00
17:12:15.026,399740.2823,4091874.5845,global,-19.89,-6.61,0.194,2.00,1.54,7.93,21.99,9.70,0.10,0.50,99.00,0,0,0,0,0,0.00,999.00
17:12:15.074,399740.3797,4091874.5390,global,-20.21,-13.44,0.163,2.00,1.56,11.32,21.99,9.70,0.10,0.50,99.00,0,0,0,0,0,0.00,999.00
17:12:15.125,399740.3797,4091874.5390,global,-20.74,-13.44,0.163,2.00,1.56,10.79,21.99,9.70,0.10,0.50,99.00,0,0,0,0,0,0.00,999.00
17:12:15.174,399740.3797,4091874.5390,global,-21.16,-13.44,0.163,2.00,1.61,10.37,17.95,9.70,0.10,0.50,99.00,0,0,0,0,0,0.00,999.00
17:12:15.225,399740.3797,4091874.5390,global,-21.30,-13.44,0.163,2.00,1.61,10.23,17.95,9.70,0.10,0.50,99.00,0,0,0,0,0,0.00,999.00
17:12:15.277,399740.3797,4091874.5390,global,-21.42,-13.44,0.163,2.00,1.61,10.11,17.95,9.70,0.10,0.50,99.00,0,0,0,0,0,0.00,999.00
17:12:15.327,399740.5039,4091874.5042,global,-21.46,-14.67,0.159,2.00,1.90,10.89,10.97,9.70,0.10,0.50,99.00,0,0,0,0,0,0.00,999.00
17:12:15.376,399740.5039,4091874.5042,global,-21.48,-14.67,0.159,2.00,1.90,10.87,10.97,9.70,0.10,0.50,99.00,0,0,0,0,0,0.00,999.00
17:12:15.430,399740.5039,4091874.5042,global,-21.42,-14.67,0.159,2.00,2.02,10.93,8.23,9.70,0.10,0.50,99.00,0,0,0,0,0,0.00,999.00
17:12:15.479,399740.5039,4091874.5042,global,-21.39,-14.67,0.159,2.00,2.02,10.96,8.23,9.70,0.10,0.50,99.00,0,0,0,0,0,0.00,999.00
17:12:15.527,399740.5039,4091874.5042,global,-21.34,-14.67,0.159,2.00,2.02,11.01,9.03,9.70,0.10,0.50,99.00,0,0,0,0,0,0.00,999.00
17:12:15.576,399740.6459,4091874.4693,global,-21.24,-24.67,0.168,2.00,2.02,22.00,9.03,9.70,0.10,0.50,99.00,0,0,0,0,0,0.00,999.00
17:12:15.629,399740.6459,4091874.4693,global,-21.23,-24.67,0.168,2.00,2.02,22.00,9.03,9.70,0.10,0.50,99.00,0,0,0,0,0,0.00,999.00
17:12:15.674,399740.6459,4091874.4693,global,-21.16,-24.67,0.168,2.00,2.17,22.00,10.67,9.70,0.10,0.50,99.00,0,0,0,0,0,0.00,999.00
17:12:15.724,399740.6459,4091874.4693,global,-21.13,-24.67,0.168,2.00,2.17,22.00,10.67,9.70,0.10,0.50,99.00,0,0,0,0,0,0.00,999.00
17:12:15.774,399740.6459,4091874.4693,global,-21.08,-24.67,0.168,2.00,2.17,22.00,10.67,9.70,0.10,0.50,99.00,0,0,0,0,0,0.00,999.00
17:12:15.824,399740.7969,4091874.4342,global,-21.28,-5.43,0.175,2.00,1.83,3.40,21.16,9.70,0.10,0.50,99.00,0,0,0,0,0,0.00,999.00
17:12:15.874,399740.7969,4091874.4342,global,-21.62,-5.43,0.175,2.00,1.83,3.06,21.16,9.70,0.10,0.50,99.00,0,0,0,0,0,0.00,999.00
17:12:15.924,399740.7969,4091874.4342,global,-22.33,-5.43,0.175,2.00,2.20,2.36,21.99,9.70,0.10,0.50,99.00,0,0,0,0,0,0.00,999.00
17:12:15.980,399740.7969,4091874.4342,global,-22.89,-5.43,0.175,2.00,2.20,1.79,21.99,9.70,0.10,0.50,99.00,0,0,0,0,0,0.00,999.00
17:12:16.027,399740.7969,4091874.4342,global,-23.46,-5.43,0.175,2.00,2.54,1.22,19.55,9.70,0.10,0.50,99.00,0,0,0,0,0,0.00,999.00
17:12:16.074,399740.9652,4091874.3656,global,-23.94,-0.68,0.122,2.00,2.54,-9.54,19.55,9.70,0.10,0.50,99.00,0,0,0,0,0,0.00,999.00
17:12:16.127,399740.9652,4091874.3656,global,-23.98,-0.68,0.122,2.00,2.54,-9.59,19.55,9.70,0.10,0.50,99.00,0,0,0,0,0,0.00,999.00
17:12:16.174,399740.9652,4091874.3656,global,-23.90,-0.68,0.122,2.00,2.63,-9.50,3.29,9.70,0.10,0.50,99.00,0,0,0,0,0,0.00,999.00
17:12:16.225,399740.9652,4091874.3656,global,-23.70,-0.68,0.122,2.00,2.63,-9.31,3.29,9.70,0.10,0.50,99.00,0,0,0,0,0,0.00,999.00
17:12:16.278,399740.9652,4091874.3656,global,-23.17,-0.68,0.122,2.00,2.63,-8.78,3.29,9.70,0.10,0.50,99.00,0,0,0,0,0,0.00,999.00
17:12:16.325,399741.1338,4091874.3193,global,-22.57,-10.32,0.081,2.00,2.56,-3.04,-10.33,9.70,0.10,0.50,99.00,0,0,0,0,0,0.00,999.00
17:12:16.411,399741.1338,4091874.3193,global,-21.38,-10.32,0.081,2.00,2.56,-1.86,-10.33,9.70,0.10,0.50,99.00,0,0,0,0,0,0.00,999.00
17:12:16.428,399741.1338,4091874.3193,global,-20.99,-10.32,0.081,2.00,2.56,-1.46,-10.33,9.70,0.10,0.50,99.00,0,0,0,0,0,0.00,999.00
17:12:16.474,399741.1338,4091874.3193,global,-19.43,-10.32,0.081,2.00,2.73,0.09,-13.16,9.70,0.10,0.50,99.00,0,0,0,0,0,0.00,999.00
17:12:16.526,399741.1338,4091874.3193,global,-18.59,-10.32,0.081,2.00,2.73,0.94,-13.16,9.70,0.10,0.50,99.00,0,0,0,0,0,0.00,999.00
17:12:16.578,399741.3116,4091874.2950,global,-17.18,-6.15,0.089,2.00,2.68,-0.91,-11.52,9.70,0.10,0.50,99.00,0,0,0,0,0,0.00,999.00
17:12:16.627,399741.3116,4091874.2950,global,-16.30,-6.15,0.089,2.00,2.68,-0.03,-11.52,9.70,0.10,0.50,99.00,0,0,0,0,0,0.00,999.00
17:12:16.674,399741.3116,4091874.2950,global,-15.18,-6.15,0.089,2.00,3.39,1.09,-4.29,9.70,0.10,0.50,99.00,0,0,0,0,0,0.00,999.00
17:12:16.724,399741.3116,4091874.2950,global,-14.57,-6.15,0.089,2.00,3.39,1.69,-4.29,9.70,0.10,0.50,99.00,0,0,0,0,0,0.00,999.00
17:12:16.778,399741.3116,4091874.2950,global,-14.02,-6.15,0.089,2.00,3.39,2.25,-4.29,9.70,0.10,0.50,99.00,0,0,0,0,0,0.00,999.00
17:12:16.825,399741.4898,4091874.3040,global,-13.84,-9.53,0.101,2.00,2.85,7.16,8.20,9.70,0.10,0.50,99.00,0,0,0,0,0,0.00,999.00
17:12:16.878,399741.4898,4091874.3040,global,-13.63,-9.53,0.101,2.00,2.85,7.37,8.20,9.70,0.10,0.50,99.00,0,0,0,0,0,0.00,999.00
17:12:16.926,399741.4898,4091874.3040,global,-13.54,-9.53,0.101,2.00,2.79,7.45,11.44,9.70,0.10,0.50,99.00,0,0,0,0,0,0.00,999.00
17:12:16.978,399741.4898,4091874.3040,global,-13.51,-9.53,0.101,2.00,2.79,7.48,11.44,9.70,0.10,0.50,99.00,0,0,0,0,0,0.00,999.00
17:12:17.026,399741.4898,4091874.3040,global,-13.56,-9.53,0.101,2.00,2.79,7.44,11.44,9.70,0.10,0.50,99.00,0,0,0,0,0,0.00,999.00
17:12:17.079,399741.7030,4091874.2682,global,-13.51,-5.76,0.101,2.00,3.07,3.67,6.77,9.70,0.10,0.50,99.00,0,0,0,0,0,0.00,999.00
17:12:17.129,399741.7030,4091874.2682,global,-13.35,-5.76,0.101,2.00,3.07,3.84,6.77,9.70,0.10,0.50,99.00,0,0,0,0,0,0.00,999.00
17:12:17.174,399741.7030,4091874.2682,global,-12.98,-5.76,0.101,2.00,2.96,4.21,4.14,9.70,0.10,0.50,99.00,0,0,0,0,0,0.00,999.00
17:12:17.224,399741.7030,4091874.2682,global,-12.62,-5.76,0.101,2.00,2.96,4.57,4.14,9.70,0.10,0.50,99.00,0,0,0,0,0,0.00,999.00
17:12:17.275,399741.7030,4091874.2682,global,-12.33,-5.76,0.101,2.00,2.96,4.86,4.14,9.70,0.10,0.50,99.00,0,0,0,0,0,0.00,999.00
17:12:17.324,399741.9075,4091874.2435,global,-12.05,-17.02,0.105,2.00,3.21,16.78,3.54,9.70,0.10,0.50,99.00,0,0,0,0,0,0.00,999.00
17:12:17.377,399741.9075,4091874.2435,global,-11.66,-17.02,0.105,2.00,3.21,17.18,3.54,9.70,0.10,0.50,99.00,0,0,0,0,0,0.00,999.00
17:12:17.424,399741.9075,4091874.2435,global,-11.28,-17.02,0.105,2.00,2.99,17.56,3.49,9.70,0.10,0.50,99.00,0,0,0,0,0,0.00,999.00
17:12:17.478,399741.9075,4091874.2435,global,-10.99,-17.02,0.105,2.00,2.99,17.84,3.49,9.70,0.10,0.50,99.00,0,0,0,0,0,0.00,999.00
17:12:17.527,399741.9075,4091874.2435,global,-10.74,-17.02,0.105,2.00,2.77,18.09,7.50,9.70,0.10,0.50,99.00,0,0,0,0,0,0.00,999.00
17:12:17.578,399742.1210,4091874.2299,global,-10.46,-10.77,0.156,2.00,2.77,17.65,7.50,9.70,0.10,0.50,99.00,0,0,0,0,0,0.00,999.00
17:12:17.629,399742.1210,4091874.2299,global,-10.44,-10.77,0.156,2.00,2.77,17.66,7.50,9.70,0.10,0.50,99.00,0,0,0,0,0,0.00,999.00
17:12:17.674,399742.1210,4091874.2299,global,-10.70,-10.77,0.156,2.00,3.14,17.40,19.15,9.70,0.10,0.50,99.00,0,0,0,0,0,0.00,999.00
17:12:17.724,399742.1210,4091874.2299,global,-11.22,-10.77,0.156,2.00,3.14,16.89,19.15,9.70,0.10,0.50,99.00,0,0,0,0,0,0.00,999.00
17:12:17.777,399742.1210,4091874.2299,global,-11.72,-10.77,0.156,2.00,3.14,16.38,19.15,9.70,0.10,0.50,99.00,0,0,0,0,0,0.00,999.00
17:12:17.829,399742.3522,4091874.2050,global,-12.32,-16.16,0.175,2.00,3.71,22.00,21.99,9.70,0.10,0.50,99.00,0,0,0,0,0,0.00,999.00
17:12:17.879,399742.3522,4091874.2050,global,-13.21,-16.16,0.175,2.00,3.71,21.65,21.99,9.70,0.10,0.50,99.00,0,0,0,0,0,0.00,999.00
17:12:17.930,399742.3522,4091874.2050,global,-13.52,-16.16,0.175,2.00,3.39,21.89,17.26,9.70,0.10,0.50,99.00,0,0,0,0,0,0.00,999.00
17:12:17.977,399742.3522,4091874.2050,global,-13.82,-16.16,0.175,2.00,3.39,21.59,17.26,9.70,0.10,0.50,99.00,0,0,0,0,0,0.00,999.00
17:12:18.024,399742.3522,4091874.2050,global,-14.17,-16.16,0.175,2.00,3.39,21.24,17.26,9.70,0.10,0.50,99.00,0,0,0,0,0,0.00,999.00
17:12:18.074,399742.5924,4091874.1911,global,-14.37,-17.02,0.228,2.00,3.37,22.00,16.97,9.70,0.10,0.50,99.00,0,0,0,0,0,0.00,999.00
17:12:18.127,399742.5924,4091874.1911,global,-14.54,-17.02,0.228,2.00,3.37,22.00,16.97,9.70,0.10,0.50,99.00,0,0,0,0,0,0.00,999.00
17:12:18.179,399742.5924,4091874.1911,global,-14.76,-17.02,0.228,2.00,3.36,22.00,20.70,9.70,0.10,0.50,99.00,0,0,0,0,0,0.00,999.00
17:12:18.224,399742.5924,4091874.1911,global,-15.19,-17.02,0.228,2.00,3.36,22.00,20.70,9.70,0.10,0.50,99.00,0,0,0,0,0,0.00,999.00
17:12:18.278,399742.5924,4091874.1911,global,-15.67,-17.02,0.228,2.00,3.36,22.00,20.70,9.70,0.10,0.50,99.00,0,0,0,0,0,0.00,999.00
17:12:18.329,399742.8228,4091874.0996,global,-16.38,-17.02,0.195,2.00,3.37,21.92,21.63,9.70,0.10,0.50,99.00,0,0,0,0,0,0.00,999.00
17:12:18.378,399742.8228,4091874.0996,global,-16.98,-17.02,0.195,2.00,3.37,21.33,21.63,9.70,0.10,0.50,99.00,0,0,0,0,0,0.00,999.00
17:12:18.428,399742.8228,4091874.0996,global,-17.40,-17.02,0.195,2.00,3.59,20.90,21.24,9.70,0.10,0.50,99.00,0,0,0,0,0,0.00,999.00
17:12:18.481,399742.8228,4091874.0996,global,-18.06,-17.02,0.195,2.00,3.59,20.24,21.24,9.70,0.10,0.50,99.00,0,0,0,0,0,0.00,999.00
17:12:18.529,399742.8228,4091874.0996,global,-18.53,-17.02,0.195,2.00,3.22,19.77,21.48,9.70,0.10,0.50,99.00,0,0,0,0,0,0.00,999.00
17:12:18.580,399743.0625,4091874.0413,global,-19.19,-4.43,0.203,2.00,3.22,7.38,21.48,9.70,0.10,0.50,99.00,0,0,0,0,0,0.00,999.00
17:12:18.625,399743.0625,4091874.0413,global,-19.65,-4.43,0.203,2.00,3.22,6.91,21.51,9.70,0.10,0.50,99.00,0,0,0,0,0,0.00,999.00
17:12:18.677,399743.0625,4091874.0413,global,-20.34,-4.43,0.203,2.00,3.63,6.07,21.51,9.70,0.10,0.50,99.00,0,0,0,0,0,0.00,999.00
17:12:18.724,399743.0625,4091874.0413,global,-20.80,-4.43,0.203,2.00,3.63,5.61,21.51,9.70,0.10,0.50,99.00,0,0,0,0,0,0.00,999.00
17:12:18.774,399743.0625,4091874.0413,global,-21.51,-4.43,0.203,2.00,3.53,5.05,21.23,9.70,0.10,0.50,99.00,0,0,0,0,0,0.00,999.00
17:12:18.828,399743.3109,4091873.9607,global,-22.01,-10.77,0.148,2.00,3.53,5.28,21.23,9.70,0.10,0.50,99.00,0,0,0,0,0,0.00,999.00
17:12:18.878,399743.3109,4091873.9607,global,-22.42,-10.77,0.148,2.00,3.42,4.86,11.48,9.70,0.10,0.50,99.00,0,0,0,0,0,0.00,999.00
17:12:18.925,399743.3109,4091873.9607,global,-22.40,-10.77,0.148,2.00,3.42,4.88,11.48,9.70,0.10,0.50,99.00,0,0,0,0,0,0.00,999.00
17:12:18.976,399743.3109,4091873.9607,global,-22.36,-10.77,0.148,2.00,3.42,4.93,11.48,9.70,0.10,0.50,99.00,0,0,0,0,0,0.00,999.00
17:12:19.028,399743.3109,4091873.9607,global,-21.96,-10.77,0.148,2.00,3.71,4.84,-1.58,9.70,0.10,0.50,99.00,0,0,0,0,0,0.00,999.00
17:12:19.079,399743.5597,4091873.9244,global,-21.03,-17.20,0.159,2.00,3.71,13.31,-1.58,9.70,0.10,0.50,99.00,0,0,0,0,0,0.00,999.00
17:12:19.129,399743.5597,4091873.9244,global,-20.39,-17.20,0.159,2.00,3.56,14.46,-3.50,9.70,0.10,0.50,99.00,0,0,0,0,0,0.00,999.00
17:12:19.174,399743.5597,4091873.9244,global,-19.56,-17.20,0.159,2.00,3.56,15.29,-3.50,9.70,0.10,0.50,99.00,0,0,0,0,0,0.00,999.00
17:12:19.225,399743.5597,4091873.9244,global,-18.82,-17.20,0.159,2.00,3.56,16.03,-3.50,9.70,0.10,0.50,99.00,0,0,0,0,0,0.00,999.00
17:12:19.279,399743.5597,4091873.9244,global,-17.92,-17.20,0.159,2.00,3.90,15.63,4.83,9.70,0.10,0.50,99.00,0,0,0,0,0,0.00,999.00
17:12:19.328,399743.7905,4091873.8662,global,-17.68,-16.16,0.171,2.00,3.90,15.99,4.83,9.70,0.10,0.50,99.00,0,0,0,0,0,0.00,999.00
17:12:19.378,399743.7905,4091873.8662,global,-17.73,-16.16,0.171,2.00,3.16,17.31,17.00,9.70,0.10,0.50,99.00,0,0,0,0,0,0.00,999.00
17:12:19.429,399743.7905,4091873.8662,global,-17.97,-16.16,0.171,2.00,3.16,17.08,17.00,9.70,0.10,0.50,99.00,0,0,0,0,0,0.00,999.00
17:12:19.475,399743.7905,4091873.8662,global,-18.69,-16.16,0.171,2.00,3.83,15.29,21.99,9.70,0.10,0.50,99.00,0,0,0,0,0,0.00,999.00
17:12:19.524,399743.7905,4091873.8662,global,-19.78,-16.16,0.171,2.00,3.83,14.21,21.99,9.70,0.10,0.50,99.00,0,0,0,0,0,0.00,999.00
17:12:19.575,399744.0480,4091873.8077,global,-20.54,-12.41,0.188,2.00,3.83,11.36,21.99,9.70,0.10,0.50,99.00,0,0,0,0,0,0.00,999.00
17:12:19.626,399744.0480,4091873.8077,global,-21.27,-12.41,0.188,2.00,3.76,10.95,21.99,9.70,0.10,0.50,99.00,0,0,0,0,0,0.00,999.00
17:12:19.676,399744.0480,4091873.8077,global,-22.25,-12.41,0.188,2.00,3.76,9.96,21.99,9.70,0.10,0.50,99.00,0,0,0,0,0,0.00,999.00
17:12:19.724,399744.0480,4091873.8077,global,-22.99,-12.41,0.188,2.00,3.83,8.91,18.70,9.70,0.10,0.50,99.00,0,0,0,0,0,0.00,999.00
17:12:19.778,399744.0480,4091873.8077,global,-23.31,-12.41,0.188,2.00,3.83,8.59,18.70,9.70,0.10,0.50,99.00,0,0,0,0,0,0.00,999.00
17:12:19.830,399744.2870,4091873.6939,global,-23.49,-15.38,0.132,2.00,3.63,6.59,12.14,9.70,0.10,0.50,99.00,0,0,0,0,0,0.00,999.00
17:12:19.882,399744.2870,4091873.6939,global,-23.57,-15.38,0.132,2.00,3.63,6.50,12.14,9.70,0.10,0.50,99.00,0,0,0,0,0,0.00,999.00
17:12:19.925,399744.2870,4091873.6939,global,-23.34,-15.38,0.132,2.00,3.88,5.83,4.42,9.70,0.10,0.50,99.00,0,0,0,0,0,0.00,999.00
17:12:19.978,399744.2870,4091873.6939,global,-23.08,-15.38,0.132,2.00,3.88,6.09,4.42,9.70,0.10,0.50,99.00,0,0,0,0,0,0.00,999.00
17:12:20.028,399744.2870,4091873.6939,global,-22.66,-15.38,0.132,2.00,3.88,6.50,4.42,9.70,0.10,0.50,99.00,0,0,0,0,0,0.00,999.00
17:12:20.082,399744.5356,4091873.6355,global,-22.18,-8.15,0.102,2.00,3.65,-2.60,1.14,9.70,0.10,0.50,99.00,0,0,0,0,0,0.00,999.00
17:12:20.129,399744.5356,4091873.6355,global,-21.48,-8.15,0.102,2.00,3.65,-1.91,1.14,9.70,0.10,0.50,99.00,0,0,0,0,0,0.00,999.00
17:12:20.174,399744.5356,4091873.6355,global,-20.94,-8.15,0.102,2.00,3.59,-1.21,6.16,9.70,0.10,0.50,99.00,0,0,0,0,0,0.00,999.00
17:12:20.225,399744.5356,4091873.6355,global,-20.63,-8.15,0.102,2.00,3.59,-0.90,6.16,9.70,0.10,0.50,99.00,0,0,0,0,0,0.00,999.00
17:12:20.277,399744.5356,4091873.6355,global,-20.22,-8.15,0.102,2.00,3.59,-0.49,6.16,9.70,0.10,0.50,99.00,0,0,0,0,0,0.00,999.00
17:12:20.331,399744.7841,4091873.5660,global,-19.98,-4.24,0.062,2.00,3.99,-9.35,1.06,9.70,0.10,0.50,99.00,0,0,0,0,0,0.00,999.00
17:12:20.381,399744.7841,4091873.5660,global,-19.39,-4.24,0.062,2.00,3.99,-8.76,1.06,9.70,0.10,0.50,99.00,0,0,0,0,0,0.00,999.00
17:12:20.432,399744.7841,4091873.5660,global,-18.79,-4.24,0.062,2.00,3.52,-7.48,-4.91,9.70,0.10,0.50,99.00,0,0,0,0,0,0.00,999.00
17:12:20.477,399744.7841,4091873.5660,global,-17.64,-4.24,0.062,2.00,3.52,-6.33,-4.91,9.70,0.10,0.50,99.00,0,0,0,0,0,0.00,999.00
17:12:20.528,399744.7841,4091873.5660,global,-16.82,-4.24,0.062,2.00,3.52,-5.51,-4.91,9.70,0.10,0.50,99.00,0,0,0,0,0,0.00,999.00
17:12:20.578,399745.0509,4091873.5407,global,-15.87,-13.44,0.058,2.00,3.74,3.95,-13.05,9.70,0.10,0.50,99.00,0,0,0,0,0,0.00,999.00
17:12:20.628,399745.0509,4091873.5407,global,-14.15,-13.44,0.058,2.00,3.74,5.67,-13.05,9.70,0.10,0.50,99.00,0,0,0,0,0,0.00,999.00
17:12:20.678,399745.0509,4091873.5407,global,-12.18,-13.44,0.058,2.00,3.74,7.64,-14.54,9.70,0.10,0.50,99.00,0,0,0,0,0,0.00,999.00
17:12:20.724,399745.0509,4091873.5407,global,-10.88,-13.44,0.058,2.00,4.19,8.26,-14.54,9.70,0.10,0.50,99.00,0,0,0,0,0,0.00,999.00
17:12:20.774,399745.0509,4091873.5407,global,-9.06,-13.44,0.058,2.00,4.19,10.08,-14.54,9.70,0.10,0.50,99.00,0,0,0,0,0,0.00,999.00
17:12:20.824,399745.2823,4091873.5379,global,-7.95,2.42,0.097,2.00,5.94,-3.68,0.64,9.70,0.10,0.50,99.00,0,0,0,0,0,0.00,999.00
17:12:20.908,399745.2823,4091873.5379,global,-7.60,2.42,0.097,2.00,5.94,-3.33,0.64,9.70,0.10,0.50,99.00,0,0,0,0,0,0.00,999.00
17:12:20.925,399745.2823,4091873.5379,global,-7.50,2.42,0.097,2.00,5.94,-3.23,0.64,9.70,0.10,0.50,99.00,0,0,0,0,0,0.00,999.00
17:12:20.974,399745.2823,4091873.5379,global,-7.52,2.42,0.097,2.00,4.25,-0.64,17.14,9.70,0.10,0.50,99.00,0,0,0,0,0,0.00,999.00
17:12:21.024,399745.2823,4091873.5379,global,-8.17,2.42,0.097,2.00,4.25,-1.28,17.14,9.70,0.10,0.50,99.00,0,0,0,0,0,0.00,999.00
17:12:21.075,399745.5495,4091873.5459,global,-8.77,-3.42,0.118,2.00,4.04,6.51,11.87,9.70,0.10,0.50,99.00,0,0,0,0,0,0.00,999.00
17:12:21.124,399745.5495,4091873.5459,global,-9.03,-3.42,0.118,2.00,4.04,6.25,11.87,9.70,0.10,0.50,99.00,0,0,0,0,0,0.00,999.00
17:12:21.174,399745.5495,4091873.5459,global,-8.71,-3.42,0.118,2.00,3.99,6.69,0.44,9.70,0.10,0.50,99.00,0,0,0,0,0,0.00,999.00
17:12:21.224,399745.5495,4091873.5459,global,-7.82,-3.42,0.118,2.00,3.99,7.58,0.44,9.70,0.10,0.50,99.00,0,0,0,0,0,0.00,999.00
17:12:21.279,399745.5495,4091873.5459,global,-7.08,-3.42,0.118,2.00,3.99,8.32,0.44,9.70,0.10,0.50,99.00,0,0,0,0,0,0.00,999.00
17:12:21.327,399745.8077,4091873.5428,global,-6.43,-6.15,0.127,2.00,4.12,12.18,5.58,9.70,0.10,0.50,99.00,0,0,0,0,0,0.00,999.00
17:12:21.378,399745.8077,4091873.5428,global,-6.04,-6.15,0.127,2.00,4.12,12.57,5.58,9.70,0.10,0.50,99.00,0,0,0,0,0,0.00,999.00
17:12:21.424,399745.8077,4091873.5428,global,-6.10,-6.15,0.127,2.00,4.19,12.33,15.23,9.70,0.10,0.50,99.00,0,0,0,0,0,0.00,999.00
17:12:21.475,399745.8077,4091873.5428,global,-6.17,-6.15,0.127,2.00,4.19,12.25,15.23,9.70,0.10,0.50,99.00,0,0,0,0,0,0.00,999.00
17:12:21.527,399745.8077,4091873.5428,global,-6.63,-6.15,0.127,2.00,4.19,11.79,15.23,9.70,0.10,0.50,99.00,0,0,0,0,0,0.00,999.00
17:12:21.576,399746.0746,4091873.5286,global,-7.33,-6.15,0.141,2.00,3.63,14.47,19.97,9.70,0.10,0.50,99.00,0,0,0,0,0,0.00,999.00
17:12:21.627,399746.0746,4091873.5286,global,-7.76,-6.15,0.141,2.00,3.63,14.04,19.97,9.70,0.10,0.50,99.00,0,0,0,0,0,0.00,999.00
17:12:21.675,399746.0746,4091873.5286,global,-8.24,-6.15,0.141,2.00,3.99,12.18,14.51,9.70,0.10,0.50,99.00,0,0,0,0,0,0.00,999.00
17:12:21.726,399746.0746,4091873.5286,global,-8.41,-6.15,0.141,2.00,3.99,12.02,14.51,9.70,0.10,0.50,99.00,0,0,0,0,0,0.00,999.00
17:12:21.778,399746.0746,4091873.5286,global,-8.50,-6.15,0.141,2.00,3.99,11.93,14.51,9.70,0.10,0.50,99.00,0,0,0,0,0,0.00,999.00
17:12:21.824,399746.3415,4091873.5143,global,-8.45,-8.28,0.155,2.00,3.83,16.11,10.34,9.70,0.10,0.50,99.00,0,0,0,0,0,0.00,999.00
17:12:21.878,399746.3415,4091873.5143,global,-8.43,-8.28,0.155,2.00,3.83,16.13,10.34,9.70,0.10,0.50,99.00,0,0,0,0,0,0.00,999.00
17:12:21.928,399746.3415,4091873.5143,global,-8.41,-8.28,0.155,2.00,3.79,16.29,10.28,9.70,0.10,0.50,99.00,0,0,0,0,0,0.00,999.00
17:12:21.976,399746.3415,4091873.5143,global,-8.37,-8.28,0.155,2.00,3.79,16.32,10.28,9.70,0.10,0.50,99.00,0,0,0,0,0,0.00,999.00
17:12:22.027,399746.3415,4091873.5143,global,-8.29,-8.28,0.155,2.00,3.79,16.41,10.28,9.70,0.10,0.50,99.00,0,0,0,0,0,0.00,999.00
17:12:22.078,399746.6083,4091873.4890,global,-8.39,-5.59,0.168,2.00,4.15,13.44,17.34,9.70,0.10,0.50,99.00,0,0,0,0,0,0.00,999.00
17:12:22.126,399746.6083,4091873.4890,global,-8.80,-5.59,0.168,2.00,4.15,13.03,17.34,9.70,0.10,0.50,99.00,0,0,0,0,0,0.00,999.00
17:12:22.181,399746.6083,4091873.4890,global,-9.14,-5.59,0.168,2.00,3.83,13.99,20.74,9.70,0.10,0.50,99.00,0,0,0,0,0,0.00,999.00
17:12:22.225,399746.6083,4091873.4890,global,-10.07,-5.59,0.168,2.00,3.83,13.06,20.74,9.70,0.10,0.50,99.00,0,0,0,0,0,0.00,999.00
17:12:22.276,399746.6083,4091873.4890,global,-10.53,-5.59,0.168,2.00,3.83,12.60,20.74,9.70,0.10,0.50,99.00,0,0,0,0,0,0.00,999.00
17:12:22.326,399746.8842,4091873.4746,global,-10.85,-8.28,0.182,2.00,3.85,16.20,15.57,9.70,0.10,0.50,99.00,0,0,0,0,0,0.00,999.00
17:12:22.377,399746.8842,4091873.4746,global,-11.10,-8.28,0.182,2.00,3.85,15.96,15.57,9.70,0.10,0.50,99.00,0,0,0,0,0,0.00,999.00
17:12:22.429,399746.8842,4091873.4746,global,-11.26,-8.28,0.182,2.00,4.07,14.85,11.52,9.70,0.10,0.50,99.00,0,0,0,0,0,0.00,999.00
17:12:22.477,399746.8842,4091873.4746,global,-11.35,-8.28,0.182,2.00,4.07,14.76,11.52,9.70,0.10,0.50,99.00,0,0,0,0,0,0.00,999.00
17:12:22.528,399746.8842,4091873.4746,global,-11.25,-8.28,0.182,2.00,3.76,16.26,10.68,9.70,0.10,0.50,99.00,0,0,0,0,0,0.00,999.00
17:12:22.580,399747.1686,4091873.4380,global,-11.11,-7.78,0.186,2.00,3.76,16.31,10.68,9.70,0.10,0.50,99.00,0,0,0,0,0,0.00,999.00
17:12:22.628,399747.1686,4091873.4380,global,-11.18,-7.78,0.186,2.00,4.03,14.98,14.97,9.70,0.10,0.50,99.00,0,0,0,0,0,0.00,999.00
17:12:22.680,399747.1686,4091873.4380,global,-11.52,-7.78,0.186,2.00,4.03,14.65,14.97,9.70,0.10,0.50,99.00,0,0,0,0,0,0.00,999.00
17:12:22.725,399747.1686,4091873.4380,global,-11.77,-7.78,0.186,2.00,4.03,14.39,17.47,9.70,0.10,0.50,99.00,0,0,0,0,0,0.00,999.00
17:12:22.779,399747.1686,4091873.4380,global,-12.18,-7.78,0.186,2.00,4.03,13.98,17.47,9.70,0.10,0.50,99.00,0,0,0,0,0,0.00,999.00
17:12:22.829,399747.4442,4091873.4014,global,-12.60,-5.27,0.184,2.00,4.03,10.88,17.47,9.70,0.10,0.50,99.00,0,0,0,0,0,0.00,999.00
17:12:22.881,399747.4442,4091873.4014,global,-13.00,-5.27,0.184,2.00,4.13,10.08,15.32,9.70,0.10,0.50,99.00,0,0,0,0,0,0.00,999.00
17:12:22.928,399747.4442,4091873.4014,global,-13.44,-5.27,0.184,2.00,4.13,9.64,15.32,9.70,0.10,0.50,99.00,0,0,0,0,0,0.00,999.00
17:12:22.977,399747.4442,4091873.4014,global,-13.47,-5.27,0.184,2.00,3.83,10.89,13.23,9.70,0.10,0.50,99.00,0,0,0,0,0,0.00,999.00
17:12:23.024,399747.4442,4091873.4014,global,-13.56,-5.27,0.184,2.00,3.83,10.80,13.23,9.70,0.10,0.50,99.00,0,0,0,0,0,0.00,999.00
17:12:23.074,399747.7287,4091873.3648,global,-13.56,-8.02,0.178,2.00,3.83,12.93,13.23,9.70,0.10,0.50,99.00,0,0,0,0,0,0.00,999.00
17:12:23.124,399747.7287,4091873.3648,global,-13.60,-8.02,0.178,2.00,4.10,11.75,12.57,9.70,0.10,0.50,99.00,0,0,0,0,0,0.00,999.00
17:12:23.178,399747.7287,4091873.3648,global,-13.67,-8.02,0.178,2.00,4.10,11.67,12.57,9.70,0.10,0.50,99.00,0,0,0,0,0,0.00,999.00
17:12:23.228,399747.7287,4091873.3648,global,-13.78,-8.02,0.178,2.00,4.15,11.37,12.43,9.70,0.10,0.50,99.00,0,0,0,0,0,0.00,999.00
17:12:23.276,399747.7287,4091873.3648,global,-13.88,-8.02,0.178,2.00,4.15,11.26,12.43,9.70,0.10,0.50,99.00,0,0,0,0,0,0.00,999.00
17:12:23.328,399748.0041,4091873.3171,global,-13.91,-12.80,0.176,2.00,4.15,15.88,12.43,9.70,0.10,0.50,99.00,0,0,0,0,0,0.00,999.00
17:12:23.382,399748.0041,4091873.3171,global,-13.97,-12.80,0.176,2.00,4.04,16.25,12.63,9.70,0.10,0.50,99.00,0,0,0,0,0,0.00,999.00
17:12:23.426,399748.0041,4091873.3171,global,-14.00,-12.80,0.176,2.00,4.04,16.22,12.63,9.70,0.10,0.50,99.00,0,0,0,0,0,0.00,999.00
17:12:23.478,399748.0041,4091873.3171,global,-13.97,-12.80,0.176,2.00,4.04,16.25,12.63,9.70,0.10,0.50,99.00,0,0,0,0,0,0.00,999.00
17:12:23.528,399748.0041,4091873.3171,global,-13.97,-12.80,0.176,2.00,4.21,15.61,12.60,9.70,0.10,0.50,99.00,0,0,0,0,0,0.00,999.00
17:12:23.581,399748.2973,4091873.2693,global,-14.22,-8.02,0.184,2.00,4.21,11.32,12.60,9.70,0.10,0.50,99.00,0,0,0,0,0,0.00,999.00
17:12:23.630,399748.2973,4091873.2693,global,-14.37,-8.02,0.184,2.00,3.99,12.05,12.48,9.70,0.10,0.50,99.00,0,0,0,0,0,0.00,999.00
17:12:23.678,399748.2973,4091873.2693,global,-14.45,-8.02,0.184,2.00,3.99,11.98,12.48,9.70,0.10,0.50,99.00,0,0,0,0,0,0.00,999.00
17:12:23.724,399748.2973,4091873.2693,global,-14.60,-8.02,0.184,2.00,3.99,11.82,12.45,9.70,0.10,0.50,99.00,0,0,0,0,0,0.00,999.00
17:12:23.774,399748.2973,4091873.2693,global,-14.76,-8.02,0.184,2.00,4.30,10.41,12.45,9.70,0.10,0.50,99.00,0,0,0,0,0,0.00,999.00
17:12:23.824,399748.5908,4091873.2436,global,-14.74,-10.43,0.211,2.00,4.30,15.15,12.45,9.70,0.10,0.50,99.00,0,0,0,0,0,0.00,999.00
17:12:23.879,399748.5908,4091873.2436,global,-14.70,-10.43,0.211,2.00,4.04,16.36,12.51,9.70,0.10,0.50,99.00,0,0,0,0,0,0.00,999.00
17:12:23.933,399748.5908,4091873.2436,global,-14.74,-10.43,0.211,2.00,4.04,16.32,12.51,9.70,0.10,0.50,99.00,0,0,0,0,0,0.00,999.00
17:12:23.974,399748.5908,4091873.2436,global,-14.88,-10.43,0.211,2.00,4.15,15.68,12.27,9.70,0.10,0.50,99.00,0,0,0,0,0,0.00,999.00
17:12:24.025,399748.5908,4091873.2436,global,-14.90,-10.43,0.211,2.00,4.15,15.67,12.27,9.70,0.10,0.50,99.00,0,0,0,0,0,0.00,999.00
17:12:24.082,399748.8842,4091873.2069,global,-14.95,-6.15,0.231,2.00,4.15,13.06,12.27,9.70,0.10,0.50,99.00,0,0,0,0,0,0.00,999.00
17:12:24.124,399748.8842,4091873.2069,global,-14.99,-6.15,0.231,2.00,4.15,13.03,12.34,9.70,0.10,0.50,99.00,0,0,0,0,0,0.00,999.00
17:12:24.178,399748.8842,4091873.2069,global,-15.02,-6.15,0.231,2.00,4.21,12.71,12.34,9.70,0.10,0.50,99.00,0,0,0,0,0,0.00,999.00
17:12:24.256,399748.8842,4091873.2069,global,-15.12,-6.15,0.231,2.00,4.21,12.61,12.34,9.70,0.10,0.50,99.00,0,0,0,0,0,0.00,999.00
17:12:24.275,399748.8842,4091873.2069,global,-15.20,-6.15,0.231,2.00,4.21,12.53,12.91,9.70,0.10,0.50,99.00,0,0,0,0,0,0.00,999.00
17:12:24.324,399749.1684,4091873.1480,global,-15.32,-16.16,0.204,2.00,4.21,20.10,12.91,9.70,0.10,0.50,99.00,0,0,0,0,0,0.00,999.00
17:12:24.375,399749.1684,4091873.1480,global,-15.37,-16.16,0.204,2.00,4.21,20.04,12.91,9.70,0.10,0.50,99.00,0,0,0,0,0,0.00,999.00
17:12:24.429,399749.1684,4091873.1480,global,-15.43,-16.16,0.204,2.00,4.14,20.29,12.84,9.70,0.10,0.50,99.00,0,0,0,0,0,0.00,999.00
17:12:24.476,399749.1684,4091873.1480,global,-15.54,-16.16,0.204,2.00,4.14,20.18,12.84,9.70,0.10,0.50,99.00,0,0,0,0,0,0.00,999.00
17:12:24.526,399749.1684,4091873.1480,global,-15.58,-16.16,0.204,2.00,4.19,19.92,17.16,9.70,0.10,0.50,99.00,0,0,0,0,0,0.00,999.00
17:12:24.577,399749.4703,4091873.0779,global,-15.82,-15.14,0.220,2.00,4.19,20.02,17.16,9.70,0.10,0.50,99.00,0,0,0,0,0,0.00,999.00
17:12:24.624,399749.4703,4091873.0779,global,-16.60,-15.14,0.220,2.00,4.03,19.99,21.99,9.70,0.10,0.50,99.00,0,0,0,0,0,0.00,999.00
17:12:24.676,399749.4703,4091873.0779,global,-17.33,-15.14,0.220,2.00,4.03,19.27,21.99,9.70,0.10,0.50,99.00,0,0,0,0,0,0.00,999.00
17:12:24.724,399749.4703,4091873.0779,global,-18.48,-15.14,0.220,2.00,4.43,16.31,21.99,9.70,0.10,0.50,99.00,0,0,0,0,0,0.00,999.00
17:12:24.774,399749.4703,4091873.0779,global,-19.28,-15.14,0.220,2.00,4.43,15.52,21.99,9.70,0.10,0.50,99.00,0,0,0,0,0,0.00,999.00
17:12:24.826,399749.7721,4091873.0077,global,-20.06,-13.67,0.209,2.00,4.43,12.36,21.99,9.70,0.10,0.50,99.00,0,0,0,0,0,0.00,999.00
17:12:24.877,399749.7721,4091873.0077,global,-21.15,-13.67,0.209,2.00,4.13,12.56,21.54,9.70,0.10,0.50,99.00,0,0,0,0,0,0.00,999.00
17:12:24.925,399749.7721,4091873.0077,global,-22.01,-13.67,0.209,2.00,4.13,11.70,21.54,9.70,0.10,0.50,99.00,0,0,0,0,0,0.00,999.00
17:12:24.975,399749.7721,4091873.0077,global,-22.44,-13.67,0.209,2.00,4.43,9.98,16.98,9.70,0.10,0.50,99.00,0,0,0,0,0,0.00,999.00
17:12:25.025,399749.7721,4091873.0077,global,-22.73,-13.67,0.209,2.00,4.43,9.69,16.98,9.70,0.10,0.50,99.00,0,0,0,0,0,0.00,999.00
17:12:25.079,399750.0649,4091872.9155,global,-22.98,-15.63,0.186,2.00,4.43,9.45,16.98,9.70,0.10,0.50,99.00,0,0,0,0,0,0.00,999.00
17:12:25.130,399750.0649,4091872.9155,global,-23.03,-15.63,0.186,2.00,4.29,9.96,10.23,9.70,0.10,0.50,99.00,0,0,0,0,0,0.00,999.00
17:12:25.177,399750.0649,4091872.9155,global,-23.03,-15.63,0.186,2.00,4.29,9.95,10.23,9.70,0.10,0.50,99.00,0,0,0,0,0,0.00,999.00
17:12:25.225,399750.0649,4091872.9155,global,-22.89,-15.63,0.186,2.00,4.29,10.10,10.23,9.70,0.10,0.50,99.00,0,0,0,0,0,0.00,999.00
17:12:25.277,399750.0649,4091872.9155,global,-22.41,-15.63,0.186,2.00,4.46,9.93,4.67,9.70,0.10,0.50,99.00,0,0,0,0,0,0.00,999.00
17:12:25.329,399750.3398,4091872.8235,global,-22.06,-18.58,0.169,2.00,4.46,11.77,4.67,9.70,0.10,0.50,99.00,0,0,0,0,0,0.00,999.00
17:12:25.381,399750.3398,4091872.8235,global,-21.66,-18.58,0.169,2.00,4.31,12.69,6.63,9.70,0.10,0.50,99.00,0,0,0,0,0,0.00,999.00
17:12:25.434,399750.3398,4091872.8235,global,-21.42,-18.58,0.169,2.00,4.31,12.93,6.63,9.70,0.10,0.50,99.00,0,0,0,0,0,0.00,999.00
17:12:25.480,399750.3398,4091872.8235,global,-21.09,-18.58,0.169,2.00,4.31,13.26,9.41,9.70,0.10,0.50,99.00,0,0,0,0,0,0.00,999.00
17:12:25.529,399750.3398,4091872.8235,global,-20.89,-18.58,0.169,2.00,4.27,13.61,9.41,9.70,0.10,0.50,99.00,0,0,0,0,0,0.00,999.00
17:12:25.583,399750.6415,4091872.7423,global,-20.93,-13.67,0.187,2.00,4.27,10.26,9.41,9.70,0.10,0.50,99.00,0,0,0,0,0,0.00,999.00
17:12:25.631,399750.6415,4091872.7423,global,-21.13,-13.67,0.187,2.00,4.27,10.06,16.02,9.70,0.10,0.50,99.00,0,0,0,0,0,0.00,999.00
17:12:25.685,399750.6415,4091872.7423,global,-21.54,-13.67,0.187,2.00,4.78,7.86,16.02,9.70,0.10,0.50,99.00,0,0,0,0,0,0.00,999.00
17:12:25.725,399750.6415,4091872.7423,global,-21.79,-13.67,0.187,2.00,4.78,7.60,16.19,9.70,0.10,0.50,99.00,0,0,0,0,0,0.00,999.00
17:12:25.774,399750.6415,4091872.7423,global,-22.11,-13.67,0.187,2.00,4.39,8.61,16.19,9.70,0.10,0.50,99.00,0,0,0,0,0,0.00,999.00
17:12:25.824,399750.9523,4091872.6720,global,-22.49,-19.23,0.200,2.00,4.39,14.91,16.19,9.70,0.10,0.50,99.00,0,0,0,0,0,0.00,999.00
17:12:25.874,399750.9523,4091872.6720,global,-22.69,-19.23,0.200,2.00,4.39,14.71,10.41,9.70,0.10,0.50,99.00,0,0,0,0,0,0.00,999.00
17:12:25.925,399750.9523,4091872.6720,global,-22.64,-19.23,0.200,2.00,4.39,14.75,10.41,9.70,0.10,0.50,99.00,0,0,0,0,0,0.00,999.00
17:12:25.974,399750.9523,4091872.6720,global,-22.27,-19.23,0.200,2.00,4.64,14.24,4.15,9.70,0.10,0.50,99.00,0,0,0,0,0,0.00,999.00
17:12:26.024,399750.9523,4091872.6720,global,-21.88,-19.23,0.200,2.00,4.64,14.62,4.15,9.70,0.10,0.50,99.00,0,0,0,0,0,0.00,999.00
17:12:26.078,399751.2450,4091872.5798,global,-21.43,-17.33,0.181,2.00,4.43,12.29,4.15,9.70,0.10,0.50,99.00,0,0,0,0,0,0.00,999.00
17:12:26.125,399751.2450,4091872.5798,global,-20.72,-17.33,0.181,2.00,4.43,12.99,4.15,9.70,0.10,0.50,99.00,0,0,0,0,0,0.00,999.00
17:12:26.184,399751.2450,4091872.5798,global,-20.33,-17.33,0.181,2.00,4.03,14.93,11.70,9.70,0.10,0.50,99.00,0,0,0,0,0,0.00,999.00
17:12:26.226,399751.2450,4091872.5798,global,-20.31,-17.33,0.181,2.00,4.03,14.95,11.70,9.70,0.10,0.50,99.00,0,0,0,0,0,0.00,999.00
17:12:26.279,399751.2450,4091872.5798,global,-20.70,-17.33,0.181,2.00,4.43,13.02,19.54,9.70,0.10,0.50,99.00,0,0,0,0,0,0.00,999.00
17:12:26.328,399751.5558,4091872.5095,global,-21.17,-9.91,0.206,2.00,4.43,7.21,19.54,9.70,0.10,0.50,99.00,0,0,0,0,0,0.00,999.00
17:12:26.383,399751.5558,4091872.5095,global,-22.10,-9.91,0.206,2.00,4.39,6.45,21.63,9.70,0.10,0.50,99.00,0,0,0,0,0,0.00,999.00
17:12:26.428,399751.5558,4091872.5095,global,-22.70,-9.91,0.206,2.00,4.39,5.85,21.63,9.70,0.10,0.50,99.00,0,0,0,0,0,0.00,999.00
17:12:26.478,399751.5558,4091872.5095,global,-23.57,-9.91,0.206,2.00,4.39,4.98,21.63,9.70,0.10,0.50,99.00,0,0,0,0,0,0.00,999.00
17:12:26.531,399751.5558,4091872.5095,global,-24.09,-9.91,0.206,2.00,4.71,3.28,13.54,9.70,0.10,0.50,99.00,0,0,0,0,0,0.00,999.00
17:12:26.577,399751.8573,4091872.4061,global,-24.34,-3.92,0.140,2.00,4.71,-8.29,13.54,9.70,0.10,0.50,99.00,0,0,0,0,0,0.00,999.00
17:12:26.629,399751.8573,4091872.4061,global,-24.18,-3.92,0.140,2.00,4.71,-8.14,13.54,9.70,0.10,0.50,99.00,0,0,0,0,0,0.00,999.00
17:12:26.678,399751.8573,4091872.4061,global,-23.50,-3.92,0.140,2.00,4.55,-7.06,-1.51,9.70,0.10,0.50,99.00,0,0,0,0,0,0.00,999.00
17:12:26.726,399751.8573,4091872.4061,global,-22.80,-3.92,0.140,2.00,4.55,-6.36,-1.51,9.70,0.10,0.50,99.00,0,0,0,0,0,0.00,999.00
17:12:26.775,399751.8573,4091872.4061,global,-21.54,-3.92,0.140,2.00,4.55,-5.10,-1.51,9.70,0.10,0.50,99.00,0,0,0,0,0,0.00,999.00
17:12:26.824,399752.1590,4091872.3249,global,-19.90,-3.78,0.080,2.00,4.32,-8.53,-13.43,9.70,0.10,0.50,99.00,0,0,0,0,0,0.00,999.00
17:12:26.879,399752.1590,4091872.3249,global,-18.45,-3.78,0.080,2.00,4.32,-7.08,-13.43,9.70,0.10,0.50,99.00,0,0,0,0,0,0.00,999.00
17:12:26.928,399752.1590,4091872.3249,global,-16.78,-3.78,0.080,2.00,4.70,-6.01,-15.24,9.70,0.10,0.50,99.00,0,0,0,0,0,0.00,999.00
17:12:26.980,399752.1590,4091872.3249,global,-14.33,-3.78,0.080,2.00,4.70,-3.56,-15.24,9.70,0.10,0.50,99.00,0,0,0,0,0,0.00,999.00
17:12:27.026,399752.1590,4091872.3249,global,-12.80,-3.78,0.080,2.00,5.04,-2.50,-11.45,9.70,0.10,0.50,99.00,0,0,0,0,0,0.00,999.00
17:12:27.080,399752.4351,4091872.3327,global,-10.68,-6.61,0.111,2.00,5.04,4.96,-11.45,9.70,0.10,0.50,99.00,0,0,0,0,0,0.00,999.00
17:12:27.126,399752.4351,4091872.3327,global,-9.56,-6.61,0.111,2.00,5.04,6.08,-11.45,9.70,0.10,0.50,99.00,0,0,0,0,0,0.00,999.00
17:12:27.180,399752.4351,4091872.3327,global,-8.69,-6.61,0.111,2.00,4.46,8.10,-0.23,9.70,0.10,0.50,99.00,0,0,0,0,0,0.00,999.00
17:12:27.224,399752.4351,4091872.3327,global,-7.42,-6.61,0.111,2.00,4.46,9.37,-0.23,9.70,0.10,0.50,99.00,0,0,0,0,0,0.00,999.00
17:12:27.277,399752.4351,4091872.3327,global,-7.00,-6.61,0.111,2.00,4.46,9.79,-0.23,9.70,0.10,0.50,99.00,0,0,0,0,0,0.00,999.00
17:12:27.329,399752.7379,4091872.3402,global,-6.75,-12.41,0.176,2.00,4.72,20.66,13.57,9.70,0.10,0.50,99.00,0,0,0,0,0,0.00,999.00
17:12:27.379,399752.7379,4091872.3402,global,-6.95,-12.41,0.176,2.00,4.72,20.46,13.57,9.70,0.10,0.50,99.00,0,0,0,0,0,0.00,999.00
17:12:27.428,399752.7379,4091872.3402,global,-7.26,-12.41,0.176,2.00,4.99,19.37,19.34,9.70,0.10,0.50,99.00,0,0,0,0,0,0.00,999.00
17:12:27.476,399752.7379,4091872.3402,global,-7.86,-12.41,0.176,2.00,4.99,18.77,19.34,9.70,0.10,0.50,99.00,0,0,0,0,0,0.00,999.00
17:12:27.528,399752.7379,4091872.3402,global,-8.41,-12.41,0.176,2.00,4.99,18.22,19.34,9.70,0.10,0.50,99.00,0,0,0,0,0,0.00,999.00
17:12:27.580,399753.0402,4091872.3034,global,-9.58,-11.53,0.204,2.00,4.37,20.50,21.99,9.70,0.10,0.50,99.00,0,0,0,0,0,0.00,999.00
17:12:27.626,399753.0402,4091872.3034,global,-10.42,-11.53,0.204,2.00,4.37,19.65,21.99,9.70,0.10,0.50,99.00,0,0,0,0,0,0.00,999.00
17:12:27.685,399753.0402,4091872.3034,global,-11.52,-11.53,0.204,2.00,4.37,18.55,21.99,9.70,0.10,0.50,99.00,0,0,0,0,0,0.00,999.00
17:12:27.725,399753.0402,4091872.3034,global,-12.54,-11.53,0.204,2.00,4.41,17.39,21.99,9.70,0.10,0.50,99.00,0,0,0,0,0,0.00,999.00
17:12:27.777,399753.0402,4091872.3034,global,-13.22,-11.53,0.204,2.00,4.41,16.71,21.99,9.70,0.10,0.50,99.00,0,0,0,0,0,0.00,999.00
17:12:27.829,399753.3604,4091872.2774,global,-13.94,-8.28,0.225,2.00,4.41,14.53,21.99,9.70,0.10,0.50,99.00,0,0,0,0,0,0.00,999.00
17:12:27.879,399753.3604,4091872.2774,global,-15.00,-8.28,0.225,2.00,4.38,13.57,21.99,9.70,0.10,0.50,99.00,0,0,0,0,0,0.00,999.00
17:12:27.925,399753.3604,4091872.2774,global,-15.72,-8.28,0.225,2.00,4.38,12.85,21.99,9.70,0.10,0.50,99.00,0,0,0,0,0,0.00,999.00
17:12:27.976,399753.3604,4091872.2774,global,-16.41,-8.28,0.225,2.00,4.38,12.16,21.99,9.70,0.10,0.50,99.00,0,0,0,0,0,0.00,999.00
17:12:28.027,399753.3604,4091872.2774,global,-17.23,-8.28,0.225,2.00,4.43,11.14,19.93,9.70,0.10,0.50,99.00,0,0,0,0,0,0.00,999.00
17:12:28.078,399753.6709,4091872.1850,global,-17.99,-8.28,0.178,2.00,4.43,6.45,19.93,9.70,0.10,0.50,99.00,0,0,0,0,0,0.00,999.00
17:12:28.132,399753.6709,4091872.1850,global,-18.37,-8.28,0.178,2.00,4.59,5.54,14.16,9.70,0.10,0.50,99.00,0,0,0,0,0,0.00,999.00
17:12:28.181,399753.6709,4091872.1850,global,-18.63,-8.28,0.178,2.00,4.59,5.28,14.16,9.70,0.10,0.50,99.00,0,0,0,0,0,0.00,999.00
17:12:28.224,399753.6709,4091872.1850,global,-18.60,-8.28,0.178,2.00,4.39,5.98,7.54,9.70,0.10,0.50,99.00,0,0,0,0,0,0.00,999.00
17:12:28.275,399753.6709,4091872.1850,global,-18.39,-8.28,0.178,2.00,4.39,6.19,7.54,9.70,0.10,0.50,99.00,0,0,0,0,0,0.00,999.00
17:12:28.325,399753.9729,4091872.1259,global,-18.06,-5.43,0.161,2.00,4.39,2.13,7.54,9.70,0.10,0.50,99.00,0,0,0,0,0,0.00,999.00
17:12:28.383,399753.9729,4091872.1259,global,-17.49,-5.43,0.161,2.00,4.49,2.37,3.46,9.70,0.10,0.50,99.00,0,0,0,0,0,0.00,999.00
17:12:28.426,399753.9729,4091872.1259,global,-17.06,-5.43,0.161,2.00,4.49,2.80,3.46,9.70,0.10,0.50,99.00,0,0,0,0,0,0.00,999.00
17:12:28.475,399753.9729,4091872.1259,global,-16.45,-5.43,0.161,2.00,4.43,3.60,4.51,9.70,0.10,0.50,99.00,0,0,0,0,0,0.00,999.00
17:12:28.526,399753.9729,4091872.1259,global,-16.08,-5.43,0.161,2.00,4.43,3.97,4.51,9.70,0.10,0.50,99.00,0,0,0,0,0,0.00,999.00
17:12:28.578,399754.2838,4091872.0668,global,-15.56,-10.11,0.139,2.00,4.59,6.89,4.18,9.70,0.10,0.50,99.00,0,0,0,0,0,0.00,999.00
17:12:28.627,399754.2838,4091872.0668,global,-15.19,-10.11,0.139,2.00,4.59,7.25,4.18,9.70,0.10,0.50,99.00,0,0,0,0,0,0.00,999.00
17:12:28.677,399754.2838,4091872.0668,global,-14.66,-10.11,0.139,2.00,4.64,7.66,4.32,9.70,0.10,0.50,99.00,0,0,0,0,0,0.00,999.00
17:12:28.757,399754.2838,4091872.0668,global,-14.27,-10.11,0.139,2.00,4.64,8.05,4.32,9.70,0.10,0.50,99.00,0,0,0,0,0,0.00,999.00
17:12:28.775,399754.2838,4091872.0668,global,-13.91,-10.11,0.139,2.00,4.64,8.41,4.32,9.70,0.10,0.50,99.00,0,0,0,0,0,0.00,999.00
17:12:28.824,399754.5952,4091872.0520,global,-13.25,-12.80,0.186,2.00,4.29,16.83,4.51,9.70,0.10,0.50,99.00,0,0,0,0,0,0.00,999.00
17:12:28.877,399754.5952,4091872.0520,global,-12.94,-12.80,0.186,2.00,4.29,17.14,4.51,9.70,0.10,0.50,99.00,0,0,0,0,0,0.00,999.00
17:12:28.930,399754.5952,4091872.0520,global,-12.59,-12.80,0.186,2.00,4.58,16.47,4.35,9.70,0.10,0.50,99.00,0,0,0,0,0,0.00,999.00
17:12:28.978,399754.5952,4091872.0520,global,-12.09,-12.80,0.186,2.00,4.58,16.97,4.35,9.70,0.10,0.50,99.00,0,0,0,0,0,0.00,999.00
17:12:29.030,399754.5952,4091872.0520,global,-11.74,-12.80,0.186,2.00,4.64,17.14,9.80,9.70,0.10,0.50,99.00,0,0,0,0,0,0.00,999.00
17:12:29.083,399754.9065,4091872.0261,global,-11.49,-8.28,0.235,2.00,4.64,16.83,9.80,9.70,0.10,0.50,99.00,0,0,0,0,0,0.00,999.00
17:12:29.131,399754.9065,4091872.0261,global,-11.67,-8.28,0.235,2.00,4.64,16.66,20.23,9.70,0.10,0.50,99.00,0,0,0,0,0,0.00,999.00
17:12:29.176,399754.9065,4091872.0261,global,-12.44,-8.28,0.235,2.00,4.07,18.40,20.23,9.70,0.10,0.50,99.00,0,0,0,0,0,0.00,999.00
17:12:29.225,399754.9065,4091872.0261,global,-13.14,-8.28,0.235,2.00,4.07,17.70,20.23,9.70,0.10,0.50,99.00,0,0,0,0,0,0.00,999.00
17:12:29.278,399754.9065,4091872.0261,global,-14.47,-8.28,0.235,2.00,4.59,14.05,21.99,9.70,0.10,0.50,99.00,0,0,0,0,0,0.00,999.00
17:12:29.327,399755.2265,4091871.9780,global,-15.39,-12.80,0.232,2.00,4.59,17.38,21.99,9.70,0.10,0.50,99.00,0,0,0,0,0,0.00,999.00
17:12:29.380,399755.2265,4091871.9780,global,-16.37,-12.80,0.232,2.00,4.39,17.23,19.78,9.70,0.10,0.50,99.00,0,0,0,0,0,0.00,999.00
17:12:29.427,399755.2265,4091871.9780,global,-16.71,-12.80,0.232,2.00,4.39,16.88,19.78,9.70,0.10,0.50,99.00,0,0,0,0,0,0.00,999.00
17:12:29.481,399755.2265,4091871.9780,global,-17.29,-12.80,0.232,2.00,4.79,14.70,15.04,9.70,0.10,0.50,99.00,0,0,0,0,0,0.00,999.00
17:12:29.526,399755.2265,4091871.9780,global,-17.68,-12.80,0.232,2.00,4.79,14.32,15.04,9.70,0.10,0.50,99.00,0,0,0,0,0,0.00,999.00
17:12:29.580,399755.5371,4091871.8966,global,-17.74,-12.80,0.221,2.00,4.79,13.44,15.04,9.70,0.10,0.50,99.00,0,0,0,0,0,0.00,999.00
17:12:29.631,399755.5371,4091871.8966,global,-17.65,-12.80,0.221,2.00,4.45,14.84,9.76,9.70,0.10,0.50,99.00,0,0,0,0,0,0.00,999.00
17:12:29.679,399755.5371,4091871.8966,global,-17.59,-12.80,0.221,2.00,4.45,14.90,9.76,9.70,0.10,0.50,99.00,0,0,0,0,0,0.00,999.00
17:12:29.724,399755.5371,4091871.8966,global,-17.50,-12.80,0.221,2.00,4.43,15.05,9.50,9.70,0.10,0.50,99.00,0,0,0,0,0,0.00,999.00
17:12:29.776,399755.5371,4091871.8966,global,-17.37,-12.80,0.221,2.00,4.43,15.18,9.50,9.70,0.10,0.50,99.00,0,0,0,0,0,0.00,999.00
17:12:29.828,399755.8479,4091871.8264,global,-17.25,-13.22,0.222,2.00,4.43,15.80,9.50,9.70,0.10,0.50,99.00,0,0,0,0,0,0.00,999.00
17:12:29.879,399755.8479,4091871.8264,global,-17.10,-13.22,0.222,2.00,4.57,15.40,10.74,9.70,0.10,0.50,99.00,0,0,0,0,0,0.00,999.00
17:12:29.927,399755.8479,4091871.8264,global,-17.08,-13.22,0.222,2.00,4.57,15.43,10.74,9.70,0.10,0.50,99.00,0,0,0,0,0,0.00,999.00
17:12:29.977,399755.8479,4091871.8264,global,-17.17,-13.22,0.222,2.00,4.57,15.33,10.74,9.70,0.10,0.50,99.00,0,0,0,0,0,0.00,999.00
17:12:30.029,399755.8479,4091871.8264,global,-17.31,-13.22,0.222,2.00,4.51,15.44,15.26,9.70,0.10,0.50,99.00,0,0,0,0,0,0.00,999.00
17:12:30.081,399756.1498,4091871.7562,global,-17.65,-16.16,0.176,2.00,4.51,14.19,15.26,9.70,0.10,0.50,99.00,0,0,0,0,0,0.00,999.00
17:12:30.128,399756.1498,4091871.7562,global,-17.85,-16.16,0.176,2.00,4.35,14.54,15.50,9.70,0.10,0.50,99.00,0,0,0,0,0,0.00,999.00
17:12:30.182,399756.1498,4091871.7562,global,-18.18,-16.16,0.176,2.00,4.35,14.21,15.50,9.70,0.10,0.50,99.00,0,0,0,0,0,0.00,999.00
17:12:30.224,399756.1498,4091871.7562,global,-18.42,-16.16,0.176,2.00,4.35,13.97,15.49,9.70,0.10,0.50,99.00,0,0,0,0,0,0.00,999.00
17:12:30.277,399756.1498,4091871.7562,global,-18.75,-16.16,0.176,2.00,4.59,12.82,15.49,9.70,0.10,0.50,99.00,0,0,0,0,0,0.00,999.00
17:12:30.328,399756.4606,4091871.6860,global,-18.97,-3.32,0.200,2.00,4.59,1.76,15.49,9.70,0.10,0.50,99.00,0,0,0,0,0,0.00,999.00
17:12:30.379,399756.4606,4091871.6860,global,-19.28,-3.32,0.200,2.00,4.49,1.80,14.35,9.70,0.10,0.50,99.00,0,0,0,0,0,0.00,999.00
17:12:30.429,399756.4606,4091871.6860,global,-19.47,-3.32,0.200,2.00,4.49,1.62,14.35,9.70,0.10,0.50,99.00,0,0,0,0,0,0.00,999.00
17:12:30.474,399756.4606,4091871.6860,global,-19.75,-3.32,0.200,2.00,4.39,1.72,14.46,9.70,0.10,0.50,99.00,0,0,0,0,0,0.00,999.00
17:12:30.526,399756.4606,4091871.6860,global,-19.93,-3.32,0.200,2.00,4.39,1.54,14.46,9.70,0.10,0.50,99.00,0,0,0,0,0,0.00,999.00
17:12:30.578,399756.7711,4091871.5935,global,-20.20,-13.83,0.137,2.00,4.39,6.30,14.46,9.70,0.10,0.50,99.00,0,0,0,0,0,0.00,999.00
17:12:30.630,399756.7711,4091871.5935,global,-20.30,-13.83,0.137,2.00,4.65,5.52,8.91,9.70,0.10,0.50,99.00,0,0,0,0,0,0.00,999.00
17:12:30.682,399756.7711,4091871.5935,global,-20.13,-13.83,0.137,2.00,4.65,5.70,8.91,9.70,0.10,0.50,99.00,0,0,0,0,0,0.00,999.00
17:12:30.724,399756.7711,4091871.5935,global,-19.60,-13.83,0.137,2.00,4.70,6.09,0.06,9.70,0.10,0.50,99.00,0,0,0,0,0,0.00,999.00
17:12:30.774,399756.7711,4091871.5935,global,-18.99,-13.83,0.137,2.00,4.70,6.70,0.06,9.70,0.10,0.50,99.00,0,0,0,0,0,0.00,999.00
17:12:30.824,399757.0821,4091871.5455,global,-17.66,-7.34,0.156,2.00,4.70,3.10,0.06,9.70,0.10,0.50,99.00,0,0,0,0,0,0.00,999.00
17:12:30.878,399757.0821,4091871.5455,global,-16.73,-7.34,0.156,2.00,4.30,5.21,-4.00,9.70,0.10,0.50,99.00,0,0,0,0,0,0.00,999.00
17:12:30.927,399757.0821,4091871.5455,global,-15.80,-7.34,0.156,2.00,4.30,6.14,-4.00,9.70,0.10,0.50,99.00,0,0,0,0,0,0.00,999.00
17:12:30.975,399757.0821,4091871.5455,global,-14.87,-7.34,0.156,2.00,4.50,6.45,3.60,9.70,0.10,0.50,99.00,0,0,0,0,0,0.00,999.00
17:12:31.028,399757.0821,4091871.5455,global,-14.51,-7.34,0.156,2.00,4.50,6.81,3.60,9.70,0.10,0.50,99.00,0,0,0,0,0,0.00,999.00
17:12:31.079,399757.3756,4091871.5198,global,-14.15,-9.53,0.171,2.00,4.84,9.69,11.42,9.70,0.10,0.50,99.00,0,0,0,0,0,0.00,999.00
17:12:31.128,399757.3756,4091871.5198,global,-14.12,-9.53,0.171,2.00,4.84,9.71,11.42,9.70,0.10,0.50,99.00,0,0,0,0,0,0.00,999.00
17:12:31.184,399757.3756,4091871.5198,global,-14.32,-9.53,0.171,2.00,4.84,9.51,11.42,9.70,0.10,0.50,99.00,0,0,0,0,0,0.00,999.00
17:12:31.227,399757.3756,4091871.5198,global,-14.55,-9.53,0.171,2.00,4.84,9.29,14.52,9.70,0.10,0.50,99.00,0,0,0,0,0,0.00,999.00
17:12:31.277,399757.3756,4091871.5198,global,-14.74,-9.53,0.171,2.00,4.36,10.57,14.52,9.70,0.10,0.50,99.00,0,0,0,0,0,0.00,999.00
17:12:31.330,399757.6772,4091871.4275,global,-14.95,-5.13,0.121,2.00,4.36,1.47,14.52,9.70,0.10,0.50,99.00,0,0,0,0,0,0.00,999.00
17:12:31.379,399757.6772,4091871.4275,global,-15.24,-5.13,0.121,2.00,4.43,1.02,14.28,9.70,0.10,0.50,99.00,0,0,0,0,0,0.00,999.00
17:12:31.428,399757.6772,4091871.4275,global,-15.42,-5.13,0.121,2.00,4.43,0.83,14.28,9.70,0.10,0.50,99.00,0,0,0,0,0,0.00,999.00
17:12:31.482,399757.6772,4091871.4275,global,-15.51,-5.13,0.121,2.00,4.43,0.74,14.28,9.70,0.10,0.50,99.00,0,0,0,0,0,0.00,999.00
17:12:31.526,399757.6772,4091871.4275,global,-15.44,-5.13,0.121,2.00,4.45,0.77,7.80,9.70,0.10,0.50,99.00,0,0,0,0,0,0.00,999.00
17:12:31.578,399757.9791,4091871.3574,global,-15.37,-8.78,0.087,2.00,4.45,1.44,7.80,9.70,0.10,0.50,99.00,0,0,0,0,0,0.00,999.00
17:12:31.629,399757.9791,4091871.3574,global,-15.04,-8.78,0.087,2.00,4.45,1.78,0.02,9.70,0.10,0.50,99.00,0,0,0,0,0,0.00,999.00
17:12:31.678,399757.9791,4091871.3574,global,-14.23,-8.78,0.087,2.00,4.43,2.62,0.02,9.70,0.10,0.50,99.00,0,0,0,0,0,0.00,999.00
17:12:31.725,399757.9791,4091871.3574,global,-13.43,-8.78,0.087,2.00,4.43,3.41,0.02,9.70,0.10,0.50,99.00,0,0,0,0,0,0.00,999.00
17:12:31.779,399757.9791,4091871.3574,global,-12.13,-8.78,0.087,2.00,4.54,4.53,-5.21,9.70,0.10,0.50,99.00,0,0,0,0,0,0.00,999.00
17:12:31.828,399758.2725,4091871.3206,global,-11.22,-7.14,0.092,2.00,4.54,4.24,-5.21,9.70,0.10,0.50,99.00,0,0,0,0,0,0.00,999.00
17:12:31.880,399758.2725,4091871.3206,global,-9.99,-7.14,0.092,2.00,4.76,5.09,0.06,9.70,0.10,0.50,99.00,0,0,0,0,0,0.00,999.00
17:12:31.928,399758.2725,4091871.3206,global,-9.34,-7.14,0.092,2.00,4.76,5.74,0.06,9.70,0.10,0.50,99.00,0,0,0,0,0,0.00,999.00
17:12:31.975,399758.2725,4091871.3206,global,-8.85,-7.14,0.092,2.00,4.64,6.44,9.51,9.70,0.10,0.50,99.00,0,0,0,0,0,0.00,999.00
17:12:32.027,399758.2725,4091871.3206,global,-8.75,-7.14,0.092,2.00,4.64,6.54,9.51,9.70,0.10,0.50,99.00,0,0,0,0,0,0.00,999.00
17:12:32.110,399758.5664,4091871.3282,global,-8.95,-12.41,0.147,2.00,4.43,16.85,17.45,9.70,0.10,0.50,99.00,0,0,0,0,0,0.00,999.00
17:12:32.126,399758.5664,4091871.3282,global,-9.14,-12.41,0.147,2.00,4.43,16.67,17.45,9.70,0.10,0.50,99.00,0,0,0,0,0,0.00,999.00
17:12:32.177,399758.5664,4091871.3282,global,-9.93,-12.41,0.147,2.00,4.43,15.88,17.45,9.70,0.10,0.50,99.00,0,0,0,0,0,0.00,999.00
17:12:32.224,399758.5664,4091871.3282,global,-10.15,-12.41,0.147,2.00,4.54,15.36,12.35,9.70,0.10,0.50,99.00,0,0,0,0,0,0.00,999.00
17:12:32.277,399758.5664,4091871.3282,global,-10.18,-12.41,0.147,2.00,4.54,15.33,12.35,9.70,0.10,0.50,99.00,0,0,0,0,0,0.00,999.00
17:12:32.326,399758.8955,4091871.3021,global,-10.18,-7.14,0.181,2.00,4.19,14.26,11.00,9.70,0.10,0.50,99.00,0,0,0,0,0,0.00,999.00
17:12:32.380,399758.8955,4091871.3021,global,-10.21,-7.14,0.181,2.00,4.19,14.24,11.00,9.70,0.10,0.50,99.00,0,0,0,0,0,0.00,999.00
17:12:32.424,399758.8955,4091871.3021,global,-10.18,-7.14,0.181,2.00,4.43,13.37,12.74,9.70,0.10,0.50,99.00,0,0,0,0,0,0.00,999.00
17:12:32.477,399758.8955,4091871.3021,global,-10.24,-7.14,0.181,2.00,4.43,13.31,12.74,9.70,0.10,0.50,99.00,0,0,0,0,0,0.00,999.00
17:12:32.529,399758.8955,4091871.3021,global,-10.32,-7.14,0.181,2.00,4.43,13.23,12.74,9.70,0.10,0.50,99.00,0,0,0,0,0,0.00,999.00
17:12:32.575,399759.1979,4091871.2764,global,-10.48,-14.67,0.209,2.00,4.40,22.00,13.58,9.70,0.10,0.50,99.00,0,0,0,0,0,0.00,999.00
17:12:32.625,399759.1979,4091871.2764,global,-10.60,-14.67,0.209,2.00,4.40,22.00,13.58,9.70,0.10,0.50,99.00,0,0,0,0,0,0.00,999.00
17:12:32.682,399759.1979,4091871.2764,global,-10.71,-14.67,0.209,2.00,4.40,22.00,13.58,9.70,0.10,0.50,99.00,0,0,0,0,0,0.00,999.00
17:12:32.724,399759.1979,4091871.2764,global,-10.86,-14.67,0.209,2.00,4.49,22.00,16.73,9.70,0.10,0.50,99.00,0,0,0,0,0,0.00,999.00
17:12:32.775,399759.1979,4091871.2764,global,-11.08,-14.67,0.209,2.00,4.49,22.00,16.73,9.70,0.10,0.50,99.00,0,0,0,0,0,0.00,999.00
17:12:32.826,399759.5182,4091871.2615,global,-11.52,-5.59,0.244,2.00,4.49,15.45,16.73,9.70,0.10,0.50,99.00,0,0,0,0,0,0.00,999.00
17:12:32.880,399759.5182,4091871.2615,global,-12.52,-5.59,0.244,2.00,4.38,14.94,21.99,9.70,0.10,0.50,99.00,0,0,0,0,0,0.00,999.00
17:12:32.928,399759.5182,4091871.2615,global,-13.37,-5.59,0.244,2.00,4.38,14.10,21.99,9.70,0.10,0.50,99.00,0,0,0,0,0,0.00,999.00
17:12:32.974,399759.5182,4091871.2615,global,-14.70,-5.59,0.244,2.00,4.59,11.86,21.99,9.70,0.10,0.50,99.00,0,0,0,0,0,0.00,999.00
17:12:33.024,399759.5182,4091871.2615,global,-15.55,-5.59,0.244,2.00,4.59,11.01,21.99,9.70,0.10,0.50,99.00,0,0,0,0,0,0.00,999.00
17:12:33.074,399759.8292,4091871.2134,global,-16.87,-7.14,0.224,2.00,4.59,9.66,21.99,9.70,0.10,0.50,99.00,0,0,0,0,0,0.00,999.00
17:12:33.124,399759.8292,4091871.2134,global,-18.10,-7.14,0.224,2.00,4.18,10.16,21.16,9.70,0.10,0.50,99.00,0,0,0,0,0,0.00,999.00
17:12:33.179,399759.8292,4091871.2134,global,-18.56,-7.14,0.224,2.00,4.18,9.71,21.16,9.70,0.10,0.50,99.00,0,0,0,0,0,0.00,999.00
17:12:33.224,399759.8292,4091871.2134,global,-18.92,-7.14,0.224,2.00,4.70,7.21,12.85,9.70,0.10,0.50,99.00,0,0,0,0,0,0.00,999.00
17:12:33.275,399759.8292,4091871.2134,global,-18.95,-7.14,0.224,2.00,4.70,7.18,12.85,9.70,0.10,0.50,99.00,0,0,0,0,0,0.00,999.00
17:12:33.325,399760.1399,4091871.1321,global,-18.81,-7.55,0.182,2.00,4.70,4.33,12.85,9.70,0.10,0.50,99.00,0,0,0,0,0,0.00,999.00
17:12:33.377,399760.1399,4091871.1321,global,-18.23,-7.55,0.182,2.00,4.29,6.29,1.58,9.70,0.10,0.50,99.00,0,0,0,0,0,0.00,999.00
17:12:33.427,399760.1399,4091871.1321,global,-17.71,-7.55,0.182,2.00,4.29,6.82,1.58,9.70,0.10,0.50,99.00,0,0,0,0,0,0.00,999.00
17:12:33.474,399760.1399,4091871.1321,global,-16.83,-7.55,0.182,2.00,4.74,6.16,-1.54,9.70,0.10,0.50,99.00,0,0,0,0,0,0.00,999.00
17:12:33.524,399760.1399,4091871.1321,global,-15.81,-7.55,0.182,2.00,4.74,7.18,-1.54,9.70,0.10,0.50,99.00,0,0,0,0,0,0.00,999.00
17:12:33.577,399760.4422,4091871.0952,global,-15.08,-12.41,0.181,2.00,4.74,12.70,-1.54,9.70,0.10,0.50,99.00,0,0,0,0,0,0.00,999.00
17:12:33.624,399760.4422,4091871.0952,global,-14.21,-12.41,0.181,2.00,4.13,15.73,-5.33,9.70,0.10,0.50,99.00,0,0,0,0,0,0.00,999.00
17:12:33.681,399760.4422,4091871.0952,global,-12.88,-12.41,0.181,2.00,4.13,17.07,-5.33,9.70,0.10,0.50,99.00,0,0,0,0,0,0.00,999.00
17:12:33.725,399760.4422,4091871.0952,global,-11.65,-12.41,0.181,2.00,4.61,16.55,0.05,9.70,0.10,0.50,99.00,0,0,0,0,0,0.00,999.00
17:12:33.774,399760.4422,4091871.0952,global,-11.10,-12.41,0.181,2.00,4.61,17.10,0.05,9.70,0.10,0.50,99.00,0,0,0,0,0,0.00,999.00
17:12:33.824,399760.7269,4091871.0808,global,-10.55,-2.98,0.233,2.00,4.61,12.41,0.05,9.70,0.10,0.50,99.00,0,0,0,0,0,0.00,999.00
17:12:33.876,399760.7269,4091871.0808,global,-10.53,-2.98,0.233,2.00,5.02,10.92,14.75,9.70,0.10,0.50,99.00,0,0,0,0,0,0.00,999.00
17:12:33.927,399760.7269,4091871.0808,global,-10.73,-2.98,0.233,2.00,5.02,10.72,14.75,9.70,0.10,0.50,99.00,0,0,0,0,0,0.00,999.00
17:12:33.981,399760.7269,4091871.0808,global,-11.40,-2.98,0.233,2.00,4.15,13.57,21.99,9.70,0.10,0.50,99.00,0,0,0,0,0,0.00,999.00
17:12:34.033,399760.7269,4091871.0808,global,-12.10,-2.98,0.233,2.00,4.15,12.87,21.99,9.70,0.10,0.50,99.00,0,0,0,0,0,0.00,999.00
17:12:34.078,399761.0470,4091871.0437,global,-13.57,-15.14,0.215,2.00,4.15,22.00,21.99,9.70,0.10,0.50,99.00,0,0,0,0,0,0.00,999.00
17:12:34.127,399761.0470,4091871.0437,global,-14.52,-15.14,0.215,2.00,4.42,19.95,21.99,9.70,0.10,0.50,99.00,0,0,0,0,0,0.00,999.00
17:12:34.186,399761.0470,4091871.0437,global,-15.12,-15.14,0.215,2.00,4.42,19.34,21.99,9.70,0.10,0.50,99.00,0,0,0,0,0,0.00,999.00
17:12:34.225,399761.0470,4091871.0437,global,-15.14,-15.14,0.215,2.00,4.39,19.44,13.09,9.70,0.10,0.50,99.00,0,0,0,0,0,0.00,999.00
17:12:34.277,399761.0470,4091871.0437,global,-15.13,-15.14,0.215,2.00,4.39,19.44,13.09,9.70,0.10,0.50,99.00,0,0,0,0,0,0.00,999.00
17:12:34.327,399761.3491,4091870.9958,global,-15.25,-5.59,0.240,2.00,4.39,11.80,13.09,9.70,0.10,0.50,99.00,0,0,0,0,0,0.00,999.00
17:12:34.381,399761.3491,4091870.9958,global,-15.59,-5.59,0.240,2.00,4.33,11.73,16.62,9.70,0.10,0.50,99.00,0,0,0,0,0,0.00,999.00
17:12:34.426,399761.3491,4091870.9958,global,-15.75,-5.59,0.240,2.00,4.33,11.57,16.62,9.70,0.10,0.50,99.00,0,0,0,0,0,0.00,999.00
17:12:34.474,399761.3491,4091870.9958,global,-16.35,-5.59,0.240,2.00,4.43,10.51,21.99,9.70,0.10,0.50,99.00,0,0,0,0,0,0.00,999.00
17:12:34.526,399761.3491,4091870.9958,global,-17.07,-5.59,0.240,2.00,4.43,9.79,21.99,9.70,0.10,0.50,99.00,0,0,0,0,0,0.00,999.00
17:12:34.580,399761.6507,4091870.9034,global,-18.18,-9.81,0.186,2.00,4.43,8.39,21.99,9.70,0.10,0.50,99.00,0,0,0,0,0,0.00,999.00
17:12:34.627,399761.6507,4091870.9034,global,-18.79,-9.81,0.186,2.00,4.43,7.78,17.93,9.70,0.10,0.50,99.00,0,0,0,0,0,0.00,999.00
17:12:34.681,399761.6507,4091870.9034,global,-19.39,-9.81,0.186,2.00,4.29,7.73,17.93,9.70,0.10,0.50,99.00,0,0,0,0,0,0.00,999.00
17:12:34.728,399761.6507,4091870.9034,global,-19.53,-9.81,0.186,2.00,4.39,7.20,8.12,9.70,0.10,0.50,99.00,0,0,0,0,0,0.00,999.00
17:12:34.776,399761.6507,4091870.9034,global,-19.32,-9.81,0.186,2.00,4.39,7.41,8.12,9.70,0.10,0.50,99.00,0,0,0,0,0,0.00,999.00
17:12:34.826,399761.9527,4091870.8444,global,-19.01,-13.22,0.186,2.00,4.39,11.21,8.12,9.70,0.10,0.50,99.00,0,0,0,0,0,0.00,999.00
17:12:34.881,399761.9527,4091870.8444,global,-18.18,-13.22,0.186,2.00,4.67,11.09,-0.73,9.70,0.10,0.50,99.00,0,0,0,0,0,0.00,999.00
17:12:34.928,399761.9527,4091870.8444,global,-17.53,-13.22,0.186,2.00,4.67,11.75,-0.73,9.70,0.10,0.50,99.00,0,0,0,0,0,0.00,999.00
17:12:34.984,399761.9527,4091870.8444,global,-16.58,-13.22,0.186,2.00,4.03,15.06,1.25,9.70,0.10,0.50,99.00,0,0,0,0,0,0.00,999.00
17:12:35.025,399761.9527,4091870.8444,global,-16.09,-13.22,0.186,2.00,4.03,15.55,1.25,9.70,0.10,0.50,99.00,0,0,0,0,0,0.00,999.00
17:12:35.076,399762.2460,4091870.7965,global,-15.40,-17.98,0.177,2.00,4.03,20.17,1.25,9.70,0.10,0.50,99.00,0,0,0,0,0,0.00,999.00
17:12:35.128,399762.2460,4091870.7965,global,-15.09,-17.98,0.177,2.00,5.06,17.07,12.51,9.70,0.10,0.50,99.00,0,0,0,0,0,0.00,999.00
17:12:35.180,399762.2460,4091870.7965,global,-15.07,-17.98,0.177,2.00,5.06,17.09,12.51,9.70,0.10,0.50,99.00,0,0,0,0,0,0.00,999.00
17:12:35.224,399762.2460,4091870.7965,global,-15.62,-17.98,0.177,2.00,4.31,18.89,21.61,9.70,0.10,0.50,99.00,0,0,0,0,0,0.00,999.00
17:12:35.276,399762.2460,4091870.7965,global,-16.19,-17.98,0.177,2.00,4.31,18.31,21.61,9.70,0.10,0.50,99.00,0,0,0,0,0,0.00,999.00
17:12:35.328,399762.5480,4091870.7375,global,-16.96,-23.24,0.208,2.00,4.31,22.00,21.61,9.70,0.10,0.50,99.00,0,0,0,0,0,0.00,999.00
17:12:35.381,399762.5480,4091870.7375,global,-18.21,-23.24,0.208,2.00,4.40,22.00,21.32,9.70,0.10,0.50,99.00,0,0,0,0,0,0.00,999.00
17:12:35.429,399762.5480,4091870.7375,global,-18.85,-23.24,0.208,2.00,4.40,22.00,21.32,9.70,0.10,0.50,99.00,0,0,0,0,0,0.00,999.00
17:12:35.477,399762.5480,4091870.7375,global,-19.42,-23.24,0.208,2.00,4.28,22.00,17.17,9.70,0.10,0.50,99.00,0,0,0,0,0,0.00,999.00
17:12:35.528,399762.5480,4091870.7375,global,-19.72,-23.24,0.208,2.00,4.28,22.00,17.17,9.70,0.10,0.50,99.00,0,0,0,0,0,0.00,999.00
17:12:35.581,399762.8584,4091870.6340,global,-20.18,-12.41,0.234,2.00,4.59,12.35,15.83,9.70,0.10,0.50,99.00,0,0,0,0,0,0.00,999.00
17:12:35.627,399762.8584,4091870.6340,global,-20.42,-12.41,0.234,2.00,4.59,12.11,15.83,9.70,0.10,0.50,99.00,0,0,0,0,0,0.00,999.00
17:12:35.686,399762.8584,4091870.6340,global,-20.66,-12.41,0.234,2.00,4.59,11.87,15.83,9.70,0.10,0.50,99.00,0,0,0,0,0,0.00,999.00
17:12:35.726,399762.8584,4091870.6340,global,-21.19,-12.41,0.234,2.00,4.59,11.34,19.11,9.70,0.10,0.50,99.00,0,0,0,0,0,0.00,999.00
17:12:35.774,399762.8584,4091870.6340,global,-21.90,-12.41,0.234,2.00,4.44,11.26,19.11,9.70,0.10,0.50,99.00,0,0,0,0,0,0.00,999.00
17:12:35.826,399763.1511,4091870.5417,global,-22.41,-24.84,0.228,2.00,4.44,22.00,19.11,9.70,0.10,0.50,99.00,0,0,0,0,0,0.00,999.00
17:12:35.875,399763.1511,4091870.5417,global,-22.84,-24.84,0.228,2.00,4.51,21.97,18.14,9.70,0.10,0.50,99.00,0,0,0,0,0,0.00,999.00
17:12:35.927,399763.1511,4091870.5417,global,-23.50,-24.84,0.228,2.00,4.51,21.31,18.14,9.70,0.10,0.50,99.00,0,0,0,0,0,0.00,999.00
17:12:35.974,399763.1511,4091870.5417,global,-23.82,-24.84,0.228,2.00,4.39,21.49,12.15,9.70,0.10,0.50,99.00,0,0,0,0,0,0.00,999.00
17:12:36.024,399763.1511,4091870.5417,global,-23.91,-24.84,0.228,2.00,4.39,21.39,12.15,9.70,0.10,0.50,99.00,0,0,0,0,0,0.00,999.00
17:12:36.075,399763.4438,4091870.4495,global,-23.79,-15.23,0.249,2.00,4.39,13.67,12.15,9.70,0.10,0.50,99.00,0,0,0,0,0,0.00,999.00
17:12:36.124,399763.4438,4091870.4495,global,-23.90,-15.23,0.249,2.00,4.29,14.02,20.16,9.70,0.10,0.50,99.00,0,0,0,0,0,0.00,999.00
17:12:36.181,399763.4438,4091870.4495,global,-24.30,-15.23,0.249,2.00,4.29,13.62,20.16,9.70,0.10,0.50,99.00,0,0,0,0,0,0.00,999.00
17:12:36.224,399763.4438,4091870.4495,global,-25.90,-15.23,0.249,2.00,4.61,10.60,21.99,9.70,0.10,0.50,99.00,0,0,0,0,0,0.00,999.00
17:12:36.275,399763.4438,4091870.4495,global,-26.70,-15.23,0.249,2.00,4.61,9.80,21.99,9.70,0.10,0.50,99.00,0,0,0,0,0,0.00,999.00
17:12:36.327,399763.7453,4091870.3461,global,-27.29,-26.29,0.232,2.00,4.61,18.95,21.99,9.70,0.10,0.50,99.00,0,0,0,0,0,0.00,999.00
17:12:36.381,399763.7453,4091870.3461,global,-27.96,-26.29,0.232,2.00,4.46,18.89,15.23,9.70,0.10,0.50,99.00,0,0,0,0,0,0.00,999.00
17:12:36.427,399763.7453,4091870.3461,global,-28.26,-26.29,0.232,2.00,4.46,18.58,15.23,9.70,0.10,0.50,99.00,0,0,0,0,0,0.00,999.00
17:12:36.480,399763.7453,4091870.3461,global,-28.23,-26.29,0.232,2.00,4.23,19.63,5.99,9.70,0.10,0.50,99.00,0,0,0,0,0,0.00,999.00
17:12:36.524,399763.7453,4091870.3461,global,-27.80,-26.29,0.232,2.00,4.23,20.06,5.99,9.70,0.10,0.50,99.00,0,0,0,0,0,0.00,999.00
17:12:36.613,399764.0376,4091870.2206,global,-27.42,-28.78,0.252,2.00,4.23,22.00,5.99,9.70,0.10,0.50,99.00,0,0,0,0,0,0.00,999.00
17:12:36.629,399764.0376,4091870.2206,global,-27.27,-28.78,0.252,2.00,4.23,22.00,5.99,9.70,0.10,0.50,99.00,0,0,0,0,0,0.00,999.00
17:12:36.677,399764.0376,4091870.2206,global,-26.76,-28.78,0.252,2.00,4.54,22.00,7.00,9.70,0.10,0.50,99.00,0,0,0,0,0,0.00,999.00
17:12:36.724,399764.0376,4091870.2206,global,-26.40,-28.78,0.252,2.00,4.54,22.00,7.00,9.70,0.10,0.50,99.00,0,0,0,0,0,0.00,999.00
17:12:36.774,399764.0376,4091870.2206,global,-26.21,-28.78,0.252,2.00,4.73,22.00,13.26,9.70,0.10,0.50,99.00,0,0,0,0,0,0.00,999.00
17:12:36.824,399764.3303,4091870.1284,global,-26.30,-24.67,0.258,2.00,4.73,19.86,13.26,9.70,0.10,0.50,99.00,0,0,0,0,0,0.00,999.00
17:12:36.874,399764.3303,4091870.1284,global,-26.46,-24.67,0.258,2.00,5.19,17.94,20.76,9.70,0.10,0.50,99.00,0,0,0,0,0,0.00,999.00
17:12:36.924,399764.3303,4091870.1284,global,-27.35,-24.67,0.258,2.00,5.19,17.05,20.76,9.70,0.10,0.50,99.00,0,0,0,0,0,0.00,999.00
17:12:36.976,399764.3303,4091870.1284,global,-28.46,-24.67,0.258,2.00,5.19,15.94,20.76,9.70,0.10,0.50,99.00,0,0,0,0,0,0.00,999.00
17:12:37.029,399764.3303,4091870.1284,global,-29.32,-24.67,0.258,2.00,4.92,16.07,21.99,9.70,0.10,0.50,99.00,0,0,0,0,0,0.00,999.00
17:12:37.079,399764.6133,4091869.9697,global,-30.76,-23.93,0.234,2.00,4.92,12.09,21.99,9.70,0.10,0.50,99.00,0,0,0,0,0,0.00,999.00
17:12:37.127,399764.6133,4091869.9697,global,-31.56,-23.93,0.234,2.00,4.70,12.11,21.65,9.70,0.10,0.50,99.00,0,0,0,0,0,0.00,999.00
17:12:37.181,399764.6133,4091869.9697,global,-32.30,-23.93,0.234,2.00,4.70,11.36,21.65,9.70,0.10,0.50,99.00,0,0,0,0,0,0.00,999.00
17:12:37.224,399764.6133,4091869.9697,global,-33.05,-23.93,0.234,2.00,4.35,12.07,18.54,9.70,0.10,0.50,99.00,0,0,0,0,0,0.00,999.00
17:12:37.277,399764.6133,4091869.9697,global,-33.51,-23.93,0.234,2.00,4.35,11.61,18.54,9.70,0.10,0.50,99.00,0,0,0,0,0,0.00,999.00
17:12:37.329,399764.8873,4091869.8000,global,-33.84,-19.06,0.197,2.00,4.35,3.31,18.54,9.70,0.10,0.50,99.00,0,0,0,0,0,0.00,999.00
17:12:37.383,399764.8873,4091869.8000,global,-34.05,-19.06,0.197,2.00,4.43,2.77,12.35,9.70,0.10,0.50,99.00,0,0,0,0,0,0.00,999.00
17:12:37.430,399764.8873,4091869.8000,global,-34.08,-19.06,0.197,2.00,4.43,2.74,12.35,9.70,0.10,0.50,99.00,0,0,0,0,0,0.00,999.00
17:12:37.477,399764.8873,4091869.8000,global,-34.07,-19.06,0.197,2.00,4.68,1.86,9.17,9.70,0.10,0.50,99.00,0,0,0,0,0,0.00,999.00
17:12:37.528,399764.8873,4091869.8000,global,-33.99,-19.06,0.197,2.00,4.68,1.94,9.17,9.70,0.10,0.50,99.00,0,0,0,0,0,0.00,999.00
17:12:37.581,399765.1616,4091869.6525,global,-33.75,-23.93,0.143,2.00,4.68,2.56,9.17,9.70,0.10,0.50,99.00,0,0,0,0,0,0.00,999.00
17:12:37.628,399765.1616,4091869.6525,global,-33.50,-23.93,0.143,2.00,4.55,3.14,5.33,9.70,0.10,0.50,99.00,0,0,0,0,0,0.00,999.00
17:12:37.685,399765.1616,4091869.6525,global,-33.05,-23.93,0.143,2.00,4.55,3.59,5.33,9.70,0.10,0.50,99.00,0,0,0,0,0,0.00,999.00
17:12:37.724,399765.1616,4091869.6525,global,-32.61,-23.93,0.143,2.00,4.50,4.18,3.62,9.70,0.10,0.50,99.00,0,0,0,0,0,0.00,999.00
17:12:37.777,399765.1616,4091869.6525,global,-32.23,-23.93,0.143,2.00,4.50,4.56,3.62,9.70,0.10,0.50,99.00,0,0,0,0,0,0.00,999.00
17:12:37.828,399765.4538,4091869.5159,global,-31.78,-29.13,0.134,2.00,4.50,9.44,3.62,9.70,0.10,0.50,99.00,0,0,0,0,0,0.00,999.00
17:12:37.882,399765.4538,4091869.5159,global,-31.04,-29.13,0.134,2.00,4.59,9.97,2.42,9.70,0.10,0.50,99.00,0,0,0,0,0,0.00,999.00
17:12:37.928,399765.4538,4091869.5159,global,-30.63,-29.13,0.134,2.00,4.59,10.38,2.42,9.70,0.10,0.50,99.00,0,0,0,0,0,0.00,999.00
17:12:37.975,399765.4538,4091869.5159,global,-29.98,-29.13,0.134,2.00,4.43,11.42,2.27,9.70,0.10,0.50,99.00,0,0,0,0,0,0.00,999.00
17:12:38.024,399765.4538,4091869.5159,global,-29.30,-29.13,0.134,2.00,4.43,12.10,2.27,9.70,0.10,0.50,99.00,0,0,0,0,0,0.00,999.00
17:12:38.076,399765.7463,4091869.4126,global,-28.83,-17.98,0.175,2.00,4.43,5.00,2.27,9.70,0.10,0.50,99.00,0,0,0,0,0,0.00,999.00
17:12:38.124,399765.7463,4091869.4126,global,-28.26,-17.98,0.175,2.00,4.54,5.22,6.98,9.70,0.10,0.50,99.00,0,0,0,0,0,0.00,999.00
17:12:38.179,399765.7463,4091869.4126,global,-28.18,-17.98,0.175,2.00,4.54,5.30,6.98,9.70,0.10,0.50,99.00,0,0,0,0,0,0.00,999.00
17:12:38.224,399765.7463,4091869.4126,global,-28.12,-17.98,0.175,2.00,4.74,4.72,10.73,9.70,0.10,0.50,99.00,0,0,0,0,0,0.00,999.00
17:12:38.277,399765.7463,4091869.4126,global,-28.11,-17.98,0.175,2.00,4.74,4.73,10.73,9.70,0.10,0.50,99.00,0,0,0,0,0,0.00,999.00
17:12:38.326,399766.0476,4091869.2870,global,-28.05,-18.58,0.149,2.00,4.74,3.30,10.73,9.70,0.10,0.50,99.00,0,0,0,0,0,0.00,999.00
17:12:38.379,399766.0476,4091869.2870,global,-27.93,-18.58,0.149,2.00,4.43,4.29,6.75,9.70,0.10,0.50,99.00,0,0,0,0,0,0.00,999.00
17:12:38.427,399766.0476,4091869.2870,global,-27.75,-18.58,0.149,2.00,4.43,4.47,6.75,9.70,0.10,0.50,99.00,0,0,0,0,0,0.00,999.00
17:12:38.474,399766.0476,4091869.2870,global,-27.18,-18.58,0.149,2.00,4.64,4.46,1.62,9.70,0.10,0.50,99.00,0,0,0,0,0,0.00,999.00
17:12:38.524,399766.0476,4091869.2870,global,-26.66,-18.58,0.149,2.00,4.64,4.98,1.62,9.70,0.10,0.50,99.00,0,0,0,0,0,0.00,999.00
17:12:38.578,399766.3488,4091869.1614,global,-25.81,-14.24,0.153,2.00,4.64,1.83,1.62,9.70,0.10,0.50,99.00,0,0,0,0,0,0.00,999.00
17:12:38.625,399766.3488,4091869.1614,global,-25.21,-14.24,0.153,2.00,4.72,2.20,1.07,9.70,0.10,0.50,99.00,0,0,0,0,0,0.00,999.00
17:12:38.677,399766.3488,4091869.1614,global,-24.61,-14.24,0.153,2.00,4.72,2.81,1.07,9.70,0.10,0.50,99.00,0,0,0,0,0,0.00,999.00
17:12:38.724,399766.3488,4091869.1614,global,-23.62,-14.24,0.153,2.00,4.35,4.87,4.37,9.70,0.10,0.50,99.00,0,0,0,0,0,0.00,999.00
17:12:38.774,399766.3488,4091869.1614,global,-23.29,-14.24,0.153,2.00,4.35,5.20,4.37,9.70,0.10,0.50,99.00,0,0,0,0,0,0.00,999.00
17:12:38.824,399766.6507,4091869.0913,global,-22.84,-8.28,0.164,2.00,4.35,0.62,4.37,9.70,0.10,0.50,99.00,0,0,0,0,0,0.00,999.00
17:12:38.876,399766.6507,4091869.0913,global,-22.56,-8.28,0.164,2.00,4.73,-0.28,6.40,9.70,0.10,0.50,99.00,0,0,0,0,0,0.00,999.00
17:12:38.927,399766.6507,4091869.0913,global,-22.28,-8.28,0.164,2.00,4.73,-0.01,6.40,9.70,0.10,0.50,99.00,0,0,0,0,0,0.00,999.00
17:12:38.979,399766.6507,4091869.0913,global,-21.83,-8.28,0.164,2.00,4.55,0.99,6.41,9.70,0.10,0.50,99.00,0,0,0,0,0,0.00,999.00
17:12:39.026,399766.6507,4091869.0913,global,-21.51,-8.28,0.164,2.00,4.55,1.32,6.41,9.70,0.10,0.50,99.00,0,0,0,0,0,0.00,999.00
17:12:39.079,399766.9616,4091869.0321,global,-21.12,1.63,0.142,2.00,4.64,-10.31,4.05,9.70,0.10,0.50,99.00,0,0,0,0,0,0.00,999.00
17:12:39.126,399766.9616,4091869.0321,global,-20.82,1.63,0.142,2.00,4.64,-10.01,4.05,9.70,0.10,0.50,99.00,0,0,0,0,0,0.00,999.00
17:12:39.182,399766.9616,4091869.0321,global,-20.06,1.63,0.142,2.00,4.64,-9.25,4.05,9.70,0.10,0.50,99.00,0,0,0,0,0,0.00,999.00
17:12:39.227,399766.9616,4091869.0321,global,-19.51,1.63,0.142,2.00,4.60,-8.60,0.02,9.70,0.10,0.50,99.00,0,0,0,0,0,0.00,999.00
17:12:39.278,399766.9616,4091869.0321,global,-18.65,1.63,0.142,2.00,4.60,-7.74,0.02,9.70,0.10,0.50,99.00,0,0,0,0,0,0.00,999.00
17:12:39.327,399767.2723,4091868.9619,global,-18.04,6.93,0.054,2.00,4.60,-20.12,0.02,9.70,0.10,0.50,99.00,0,0,0,0,0,0.00,999.00
17:12:39.378,399767.2723,4091868.9619,global,-17.31,6.93,0.054,2.00,4.63,-19.42,-5.63,9.70,0.10,0.50,99.00,0,0,0,0,0,0.00,999.00
17:12:39.429,399767.2723,4091868.9619,global,-15.91,6.93,0.054,2.00,4.63,-18.02,-5.63,9.70,0.10,0.50,99.00,0,0,0,0,0,0.00,999.00
17:12:39.477,399767.2723,4091868.9619,global,-14.30,6.93,0.054,2.00,4.39,-16.15,-8.65,9.70,0.10,0.50,99.00,0,0,0,0,0,0.00,999.00
17:12:39.526,399767.2723,4091868.9619,global,-13.16,6.93,0.054,2.00,4.39,-15.01,-8.65,9.70,0.10,0.50,99.00,0,0,0,0,0,0.00,999.00
17:12:39.578,399767.5838,4091868.9471,global,-11.36,28.61,-0.004,2.00,4.39,-22.00,-8.65,9.70,0.10,0.50,99.00,0,0,0,0,0,0.00,999.00
17:12:39.629,399767.5838,4091868.9471,global,-10.08,28.61,-0.004,2.00,5.06,-22.00,-11.28,9.70,0.10,0.50,99.00,0,0,0,0,0,0.00,999.00
17:12:39.680,399767.5838,4091868.9471,global,-8.09,28.61,-0.004,2.00,5.06,-22.00,-11.28,9.70,0.10,0.50,99.00,0,0,0,0,0,0.00,999.00
17:12:39.728,399767.5838,4091868.9471,global,-6.77,28.61,-0.004,2.00,5.06,-22.00,-11.32,9.70,0.10,0.50,99.00,0,0,0,0,0,0.00,999.00
17:12:39.777,399767.5838,4091868.9471,global,-4.82,28.61,-0.004,2.00,3.99,-22.00,-11.32,9.70,0.10,0.50,99.00,0,0,0,0,0,0.00,999.00
17:12:39.830,399767.8779,4091868.9769,global,-3.57,25.32,-0.119,2.00,3.99,-22.00,-11.32,9.70,0.10,0.50,99.00,0,0,0,0,0,0.00,999.00
17:12:39.878,399767.8779,4091868.9769,global,-1.67,25.32,-0.119,2.00,4.89,-22.00,-13.01,9.70,0.10,0.50,99.00,0,0,0,0,0,0.00,999.00
17:12:39.966,399767.8779,4091868.9769,global,-0.30,25.32,-0.119,2.00,4.89,-22.00,-13.01,9.70,0.10,0.50,99.00,0,0,0,0,0,0.00,999.00
17:12:39.983,399767.8779,4091868.9769,global,0.43,25.32,-0.119,2.00,4.89,-22.00,-13.01,9.70,0.10,0.50,99.00,0,0,0,0,0,0.00,999.00
17:12:40.024,399767.8779,4091868.9769,global,4.34,25.32,-0.119,2.00,4.64,-22.00,-15.89,9.70,0.10,0.50,99.00,0,0,0,0,0,0.00,999.00
17:12:40.074,399768.1636,4091869.0401,global,5.98,30.21,-0.188,2.00,4.64,-22.00,-15.89,9.70,0.10,0.50,99.00,0,0,0,0,0,0.00,999.00
17:12:40.126,399768.1636,4091869.0401,global,7.66,30.21,-0.188,2.00,4.34,-22.00,-15.95,9.70,0.10,0.50,99.00,0,0,0,0,0,0.00,999.00
17:12:40.186,399768.1636,4091869.0401,global,10.02,30.21,-0.188,2.00,4.34,-22.00,-15.95,9.70,0.10,0.50,99.00,0,0,0,0,0,0.00,999.00
17:12:40.224,399768.1636,4091869.0401,global,12.38,30.21,-0.188,2.00,5.27,-22.00,-15.66,9.70,0.10,0.50,99.00,0,0,0,0,0,0.00,999.00
17:12:40.278,399768.1636,4091869.0401,global,13.96,30.21,-0.188,2.00,5.27,-22.00,-15.66,9.70,0.10,0.50,99.00,0,0,0,0,0,0.00,999.00
17:12:40.329,399768.4233,4091869.1702,global,15.53,37.74,-0.213,2.00,5.27,-22.00,-15.66,9.70,0.10,0.50,99.00,0,0,0,0,0,0.00,999.00
17:12:40.380,399768.4233,4091869.1702,global,17.92,37.74,-0.213,2.00,4.59,-22.00,-15.62,9.70,0.10,0.50,99.00,0,0,0,0,0,0.00,999.00
17:12:40.425,399768.4233,4091869.1702,global,20.23,37.74,-0.213,2.00,4.59,-22.00,-15.62,9.70,0.10,0.50,99.00,0,0,0,0,0,0.00,999.00
17:12:40.477,399768.4233,4091869.1702,global,21.78,37.74,-0.213,2.00,4.59,-22.00,-15.62,9.70,0.10,0.50,99.00,0,0,0,0,0,0.00,999.00
17:12:40.528,399768.4233,4091869.1702,global,23.39,37.74,-0.213,2.00,4.65,-22.00,-15.54,9.70,0.10,0.50,99.00,0,0,0,0,0,0.00,999.00
17:12:40.579,399768.6392,4091869.3562,global,25.81,42.84,-0.203,2.00,4.65,-22.00,-15.54,9.70,0.10,0.50,99.00,0,0,0,0,0,0.00,999.00
17:12:40.626,399768.6392,4091869.3562,global,27.39,42.84,-0.203,2.00,4.39,-22.00,-15.59,9.70,0.10,0.50,99.00,0,0,0,0,0,0.00,999.00
17:12:40.689,399768.6392,4091869.3562,global,29.78,42.84,-0.203,2.00,4.39,-22.00,-15.59,9.70,0.10,0.50,99.00,0,0,0,0,0,0.00,999.00
17:12:40.724,399768.6392,4091869.3562,global,32.11,42.84,-0.203,2.00,5.18,-22.00,-15.45,9.70,0.10,0.50,99.00,0,0,0,0,0,0.00,999.00
17:12:40.775,399768.6392,4091869.3562,global,32.88,42.84,-0.203,2.00,5.18,-22.00,-15.45,9.70,0.10,0.50,99.00,0,0,0,0,0,0.00,999.00
17:12:40.825,399768.8552,4091869.5534,global,36.06,38.33,-0.198,2.00,5.18,-17.64,-15.45,9.70,0.10,0.50,99.00,0,0,0,0,0,0.00,999.00
17:12:40.881,399768.8552,4091869.5534,global,37.67,38.33,-0.198,2.00,4.22,-19.30,-15.61,9.70,0.10,0.50,99.00,0,0,0,0,0,0.00,999.00
17:12:40.928,399768.8552,4091869.5534,global,39.24,38.33,-0.198,2.00,4.22,-17.73,-15.61,9.70,0.10,0.50,99.00,0,0,0,0,0,0.00,999.00
17:12:40.986,399768.8552,4091869.5534,global,41.61,38.33,-0.198,2.00,4.35,-14.86,-15.21,9.70,0.10,0.50,99.00,0,0,0,0,0,0.00,999.00
17:12:41.026,399768.8552,4091869.5534,global,43.17,38.33,-0.198,2.00,4.35,-13.30,-15.21,9.70,0.10,0.50,99.00,0,0,0,0,0,0.00,999.00
17:12:41.079,399769.0273,4091869.8066,global,45.50,52.08,-0.150,2.00,5.09,-18.59,-15.64,9.70,0.10,0.50,99.00,0,0,0,0,0,0.00,999.00
17:12:41.127,399769.0273,4091869.8066,global,47.04,52.08,-0.150,2.00,5.09,-17.04,-15.64,9.70,0.10,0.50,99.00,0,0,0,0,0,0.00,999.00
17:12:41.181,399769.0273,4091869.8066,global,49.37,52.08,-0.150,2.00,5.09,-14.71,-15.64,9.70,0.10,0.50,99.00,0,0,0,0,0,0.00,999.00
17:12:41.225,399769.0273,4091869.8066,global,51.70,52.08,-0.150,2.00,4.99,-12.62,-13.63,9.70,0.10,0.50,99.00,0,0,0,0,0,0.00,999.00
17:12:41.278,399769.0273,4091869.8066,global,53.10,52.08,-0.150,2.00,4.99,-11.22,-13.63,9.70,0.10,0.50,99.00,0,0,0,0,0,0.00,999.00
17:12:41.328,399769.1463,4091870.0825,global,54.51,58.73,-0.066,2.00,4.99,-9.67,-13.63,9.70,0.10,0.50,99.00,0,0,0,0,0,0.00,999.00
17:12:41.378,399769.1463,4091870.0825,global,56.56,58.73,-0.066,2.00,4.60,-8.07,-12.06,9.70,0.10,0.50,99.00,0,0,0,0,0,0.00,999.00
17:12:41.426,399769.1463,4091870.0825,global,57.87,58.73,-0.066,2.00,4.60,-6.77,-12.06,9.70,0.10,0.50,99.00,0,0,0,0,0,0.00,999.00
17:12:41.478,399769.1463,4091870.0825,global,59.87,58.73,-0.066,2.00,4.60,-4.76,-12.06,9.70,0.10,0.50,99.00,0,0,0,0,0,0.00,999.00
17:12:41.531,399769.1463,4091870.0825,global,61.24,58.73,-0.066,2.00,4.89,-3.06,-11.73,9.70,0.10,0.50,99.00,0,0,0,0,0,0.00,999.00
17:12:41.576,399769.2388,4091870.3699,global,63.26,52.37,0.001,2.00,4.89,10.96,-11.73,9.70,0.10,0.50,99.00,0,0,0,0,0,0.00,999.00
17:12:41.627,399769.2388,4091870.3699,global,64.56,52.37,0.001,2.00,4.89,12.26,-11.73,9.70,0.10,0.50,99.00,0,0,0,0,0,0.00,999.00
17:12:41.685,399769.2388,4091870.3699,global,66.57,52.37,0.001,2.00,4.51,14.28,-6.31,9.70,0.10,0.50,99.00,0,0,0,0,0,0.00,999.00
17:12:41.728,399769.2388,4091870.3699,global,67.70,52.37,0.001,2.00,4.51,15.41,-6.31,9.70,0.10,0.50,99.00,0,0,0,0,0,0.00,999.00
17:12:41.780,399769.2388,4091870.3699,global,68.60,52.37,0.001,2.00,4.84,16.30,5.15,9.70,0.10,0.50,99.00,0,0,0,0,0,0.00,999.00
17:12:41.824,399769.2957,4091870.6688,global,68.78,59.50,0.135,2.00,4.84,20.61,5.15,9.70,0.10,0.50,99.00,0,0,0,0,0,0.00,999.00
17:12:41.877,399769.2957,4091870.6688,global,68.63,59.50,0.135,2.00,4.84,20.46,5.15,9.70,0.10,0.50,99.00,0,0,0,0,0,0.00,999.00
17:12:41.924,399769.2957,4091870.6688,global,68.03,59.50,0.135,2.00,4.95,19.60,21.73,9.70,0.10,0.50,99.00,0,0,0,0,0,0.00,999.00
17:12:41.978,399769.2957,4091870.6688,global,67.23,59.50,0.135,2.00,4.95,18.80,21.73,9.70,0.10,0.50,99.00,0,0,0,0,0,0.00,999.00
17:12:42.024,399769.2957,4091870.6688,global,66.11,59.50,0.135,2.00,5.79,16.11,21.99,9.70,0.10,0.50,99.00,0,0,0,0,0,0.00,999.00
17:12:42.075,399769.4155,4091871.0114,global,64.10,65.13,0.192,2.00,5.79,12.40,21.99,9.70,0.10,0.50,99.00,0,0,0,0,0,0.00,999.00
17:12:42.127,399769.4155,4091871.0114,global,62.44,65.13,0.192,2.00,5.79,10.74,21.99,9.70,0.10,0.50,99.00,0,0,0,0,0,0.00,999.00
17:12:42.182,399769.4155,4091871.0114,global,59.94,65.13,0.192,2.00,5.33,9.35,21.99,9.70,0.10,0.50,99.00,0,0,0,0,0,0.00,999.00
17:12:42.224,399769.4155,4091871.0114,global,58.35,65.13,0.192,2.00,5.33,7.77,21.99,9.70,0.10,0.50,99.00,0,0,0,0,0,0.00,999.00
17:12:42.274,399769.4155,4091871.0114,global,57.67,65.13,0.192,2.00,5.33,7.09,21.99,9.70,0.10,0.50,99.00,0,0,0,0,0,0.00,999.00
17:12:42.327,399769.5882,4091871.3089,global,57.31,62.91,0.153,2.00,5.12,6.51,13.85,9.70,0.10,0.50,99.00,0,0,0,0,0,0.00,999.00
17:12:42.377,399769.5882,4091871.3089,global,57.14,62.91,0.153,2.00,5.12,6.34,13.85,9.70,0.10,0.50,99.00,0,0,0,0,0,0.00,999.00
17:12:42.427,399769.5882,4091871.3089,global,57.19,62.91,0.153,2.00,4.99,6.70,4.07,9.70,0.10,0.50,99.00,0,0,0,0,0,0.00,999.00
17:12:42.478,399769.5882,4091871.3089,global,57.53,62.91,0.153,2.00,4.99,7.04,4.07,9.70,0.10,0.50,99.00,0,0,0,0,0,0.00,999.00
17:12:42.535,399769.5882,4091871.3089,global,58.26,62.91,0.153,2.00,4.94,7.89,-3.21,9.70,0.10,0.50,99.00,0,0,0,0,0,0.00,999.00
17:12:42.574,399769.7339,4091871.5846,global,59.85,61.18,0.147,2.00,4.94,10.73,-3.21,9.70,0.10,0.50,99.00,0,0,0,0,0,0.00,999.00
17:12:42.624,399769.7339,4091871.5846,global,61.50,61.18,0.147,2.00,4.94,12.38,-3.21,9.70,0.10,0.50,99.00,0,0,0,0,0,0.00,999.00
17:12:42.678,399769.7339,4091871.5846,global,62.10,61.18,0.147,2.00,5.19,12.41,5.96,9.70,0.10,0.50,99.00,0,0,0,0,0,0.00,999.00
17:12:42.724,399769.7339,4091871.5846,global,62.46,61.18,0.147,2.00,5.19,12.76,5.96,9.70,0.10,0.50,99.00,0,0,0,0,0,0.00,999.00
17:12:42.775,399769.7339,4091871.5846,global,62.42,61.18,0.147,2.00,4.79,13.67,16.64,9.70,0.10,0.50,99.00,0,0,0,0,0,0.00,999.00
17:12:42.826,399769.8353,4091871.8829,global,62.15,69.88,0.202,2.00,4.79,9.17,16.64,9.70,0.10,0.50,99.00,0,0,0,0,0,0.00,999.00
17:12:42.881,399769.8353,4091871.8829,global,61.56,69.88,0.202,2.00,4.84,8.43,19.78,9.70,0.10,0.50,99.00,0,0,0,0,0,0.00,999.00
17:12:42.928,399769.8353,4091871.8829,global,61.07,69.88,0.202,2.00,4.84,7.94,19.78,9.70,0.10,0.50,99.00,0,0,0,0,0,0.00,999.00
17:12:42.977,399769.8353,4091871.8829,global,60.53,69.88,0.202,2.00,4.99,6.92,15.80,9.70,0.10,0.50,99.00,0,0,0,0,0,0.00,999.00
17:12:43.024,399769.8353,4091871.8829,global,60.19,69.88,0.202,2.00,4.99,6.57,15.80,9.70,0.10,0.50,99.00,0,0,0,0,0,0.00,999.00
17:12:43.075,399769.9996,4091872.2250,global,60.20,67.46,0.169,2.00,4.99,6.47,15.80,9.70,0.10,0.50,99.00,0,0,0,0,0,0.00,999.00
17:12:43.124,399769.9996,4091872.2250,global,60.38,67.46,0.169,2.00,4.77,7.25,4.47,9.70,0.10,0.50,99.00,0,0,0,0,0,0.00,999.00
17:12:43.184,399769.9996,4091872.2250,global,60.97,67.46,0.169,2.00,4.77,7.84,4.47,9.70,0.10,0.50,99.00,0,0,0,0,0,0.00,999.00
17:12:43.225,399769.9996,4091872.2250,global,61.56,67.46,0.169,2.00,4.77,8.42,-1.92,9.70,0.10,0.50,99.00,0,0,0,0,0,0.00,999.00
17:12:43.278,399769.9996,4091872.2250,global,62.60,67.46,0.169,2.00,4.86,9.24,-1.92,9.70,0.10,0.50,99.00,0,0,0,0,0,0.00,999.00
17:12:43.328,399770.1012,4091872.5344,global,63.43,67.46,0.194,2.00,4.86,12.03,-1.92,9.70,0.10,0.50,99.00,0,0,0,0,0,0.00,999.00
17:12:43.379,399770.1012,4091872.5344,global,64.93,67.46,0.194,2.00,4.77,13.80,-3.50,9.70,0.10,0.50,99.00,0,0,0,0,0,0.00,999.00
17:12:43.429,399770.1012,4091872.5344,global,65.87,67.46,0.194,2.00,4.77,14.73,-3.50,9.70,0.10,0.50,99.00,0,0,0,0,0,0.00,999.00
17:12:43.475,399770.1012,4091872.5344,global,66.69,67.46,0.194,2.00,5.24,14.17,4.74,9.70,0.10,0.50,99.00,0,0,0,0,0,0.00,999.00
17:12:43.526,399770.1012,4091872.5344,global,67.33,67.46,0.194,2.00,5.24,14.80,4.74,9.70,0.10,0.50,99.00,0,0,0,0,0,0.00,999.00
17:12:43.579,399770.1763,4091872.8553,global,67.35,67.46,0.248,2.00,5.24,18.69,4.74,9.70,0.10,0.50,99.00,0,0,0,0,0,0.00,999.00
17:12:43.631,399770.1763,4091872.8553,global,67.19,67.46,0.248,2.00,4.78,20.19,18.91,9.70,0.10,0.50,99.00,0,0,0,0,0,0.00,999.00
17:12:43.687,399770.1763,4091872.8553,global,66.60,67.46,0.248,2.00,4.78,19.60,18.91,9.70,0.10,0.50,99.00,0,0,0,0,0,0.00,999.00
17:12:43.725,399770.1763,4091872.8553,global,65.70,67.46,0.248,2.00,4.71,18.98,21.99,9.70,0.10,0.50,99.00,0,0,0,0,0,0.00,999.00
17:12:43.774,399770.1763,4091872.8553,global,64.93,67.46,0.248,2.00,4.71,18.21,21.99,9.70,0.10,0.50,99.00,0,0,0,0,0,0.00,999.00
17:12:43.825,399770.2869,4091873.1758,global,64.06,72.17,0.252,2.00,4.71,12.94,21.99,9.70,0.10,0.50,99.00,0,0,0,0,0,0.00,999.00
17:12:43.880,399770.2869,4091873.1758,global,62.58,72.17,0.252,2.00,4.87,10.85,21.99,9.70,0.10,0.50,99.00,0,0,0,0,0,0.00,999.00
17:12:43.931,399770.2869,4091873.1758,global,61.84,72.17,0.252,2.00,4.87,10.11,21.99,9.70,0.10,0.50,99.00,0,0,0,0,0,0.00,999.00
17:12:43.974,399770.2869,4091873.1758,global,61.12,72.17,0.252,2.00,4.95,9.09,18.62,9.70,0.10,0.50,99.00,0,0,0,0,0,0.00,999.00
17:12:44.025,399770.2869,4091873.1758,global,60.74,72.17,0.252,2.00,4.95,8.70,18.62,9.70,0.10,0.50,99.00,0,0,0,0,0,0.00,999.00
17:12:44.077,399770.4330,4091873.4847,global,60.07,72.77,0.208,2.00,4.95,4.14,18.62,9.70,0.10,0.50,99.00,0,0,0,0,0,0.00,999.00
17:12:44.125,399770.4330,4091873.4847,global,59.87,72.77,0.208,2.00,4.74,4.63,10.46,9.70,0.10,0.50,99.00,0,0,0,0,0,0.00,999.00
17:12:44.178,399770.4330,4091873.4847,global,59.91,72.77,0.208,2.00,4.74,4.67,10.46,9.70,0.10,0.50,99.00,0,0,0,0,0,0.00,999.00
17:12:44.224,399770.4330,4091873.4847,global,60.19,72.77,0.208,2.00,5.04,3.97,4.06,9.70,0.10,0.50,99.00,0,0,0,0,0,0.00,999.00
17:12:44.277,399770.4330,4091873.4847,global,60.70,72.77,0.208,2.00,5.04,4.48,4.06,9.70,0.10,0.50,99.00,0,0,0,0,0,0.00,999.00
17:12:44.326,399770.5524,4091873.7940,global,61.40,74.92,0.187,2.00,4.68,2.48,-0.08,9.70,0.10,0.50,99.00,0,0,0,0,0,0.00,999.00
17:12:44.379,399770.5524,4091873.7940,global,62.43,74.92,0.187,2.00,4.68,3.52,-0.08,9.70,0.10,0.50,99.00,0,0,0,0,0,0.00,999.00
17:12:44.455,399770.5524,4091873.7940,global,63.04,74.92,0.187,2.00,5.14,2.77,1.55,9.70,0.10,0.50,99.00,0,0,0,0,0,0.00,999.00
17:12:44.475,399770.5524,4091873.7940,global,63.88,74.92,0.187,2.00,5.14,3.61,1.55,9.70,0.10,0.50,99.00,0,0,0,0,0,0.00,999.00
17:12:44.524,399770.5524,4091873.7940,global,64.63,74.92,0.187,2.00,5.14,4.36,1.55,9.70,0.10,0.50,99.00,0,0,0,0,0,0.00,999.00
17:12:44.575,399770.6629,4091874.1033,global,64.98,74.35,0.161,2.00,4.56,4.87,4.19,9.70,0.10,0.50,99.00,0,0,0,0,0,0.00,999.00
17:12:44.624,399770.6629,4091874.1033,global,65.47,74.35,0.161,2.00,4.56,5.36,4.19,9.70,0.10,0.50,99.00,0,0,0,0,0,0.00,999.00
17:12:44.679,399770.6629,4091874.1033,global,65.80,74.35,0.161,2.00,5.19,4.01,5.69,9.70,0.10,0.50,99.00,0,0,0,0,0,0.00,999.00
17:12:44.724,399770.6629,4091874.1033,global,66.35,74.35,0.161,2.00,5.19,4.56,5.69,9.70,0.10,0.50,99.00,0,0,0,0,0,0.00,999.00
17:12:44.775,399770.6629,4091874.1033,global,66.69,74.35,0.161,2.00,5.19,4.90,5.69,9.70,0.10,0.50,99.00,0,0,0,0,0,0.00,999.00
17:12:44.824,399770.7558,4091874.4351,global,67.16,78.99,0.153,2.00,4.81,1.08,5.76,9.70,0.10,0.50,99.00,0,0,0,0,0,0.00,999.00
17:12:44.877,399770.7558,4091874.4351,global,67.51,78.99,0.153,2.00,4.81,1.43,5.76,9.70,0.10,0.50,99.00,0,0,0,0,0,0.00,999.00
17:12:44.929,399770.7558,4091874.4351,global,67.88,78.99,0.153,2.00,4.99,1.36,5.77,9.70,0.10,0.50,99.00,0,0,0,0,0,0.00,999.00
17:12:44.975,399770.7558,4091874.4351,global,68.37,78.99,0.153,2.00,4.99,1.85,5.77,9.70,0.10,0.50,99.00,0,0,0,0,0,0.00,999.00
17:12:45.025,399770.7558,4091874.4351,global,68.73,78.99,0.153,2.00,4.84,2.60,4.17,9.70,0.10,0.50,99.00,0,0,0,0,0,0.00,999.00
17:12:45.077,399770.8307,4091874.7449,global,69.33,87.03,0.139,2.00,4.84,-5.99,4.17,9.70,0.10,0.50,99.00,0,0,0,0,0,0.00,999.00
17:12:45.128,399770.8307,4091874.7449,global,69.90,87.03,0.139,2.00,4.99,-5.77,1.41,9.70,0.10,0.50,99.00,0,0,0,0,0,0.00,999.00
17:12:45.181,399770.8307,4091874.7449,global,70.74,87.03,0.139,2.00,4.99,-4.93,1.41,9.70,0.10,0.50,99.00,0,0,0,0,0,0.00,999.00
17:12:45.224,399770.8307,4091874.7449,global,71.53,87.03,0.139,2.00,4.84,-3.79,-2.96,9.70,0.10,0.50,99.00,0,0,0,0,0,0.00,999.00
17:12:45.276,399770.8307,4091874.7449,global,72.27,87.03,0.139,2.00,4.84,-3.05,-2.96,9.70,0.10,0.50,99.00,0,0,0,0,0,0.00,999.00
17:12:45.325,399770.8971,4091875.0881,global,73.33,98.91,0.080,2.00,4.84,-18.76,-2.96,9.70,0.10,0.50,99.00,0,0,0,0,0,0.00,999.00
17:12:45.378,399770.8971,4091875.0881,global,75.46,98.91,0.080,2.00,5.23,-17.13,-10.94,9.70,0.10,0.50,99.00,0,0,0,0,0,0.00,999.00
17:12:45.426,399770.8971,4091875.0881,global,76.98,98.91,0.080,2.00,5.23,-15.62,-10.94,9.70,0.10,0.50,99.00,0,0,0,0,0,0.00,999.00
17:12:45.480,399770.8971,4091875.0881,global,79.14,98.91,0.080,2.00,4.39,-12.26,-10.40,9.70,0.10,0.50,99.00,0,0,0,0,0,0.00,999.00
17:12:45.525,399770.8971,4091875.0881,global,81.08,98.91,0.080,2.00,4.39,-10.32,-10.40,9.70,0.10,0.50,99.00,0,0,0,0,0,0.00,999.00
17:12:45.576,399770.8831,4091875.4100,global,81.75,108.95,0.028,2.00,4.39,-22.00,-10.40,9.70,0.10,0.50,99.00,0,0,0,0,0,0.00,999.00
17:12:45.627,399770.8831,4091875.4100,global,83.75,108.95,0.028,2.00,5.29,-22.00,-10.36,9.70,0.10,0.50,99.00,0,0,0,0,0,0.00,999.00
17:12:45.680,399770.8831,4091875.4100,global,85.68,108.95,0.028,2.00,5.29,-21.09,-10.36,9.70,0.10,0.50,99.00,0,0,0,0,0,0.00,999.00
17:12:45.724,399770.8831,4091875.4100,global,87.77,108.95,0.028,2.00,5.09,-18.92,-10.32,9.70,0.10,0.50,99.00,0,0,0,0,0,0.00,999.00
17:12:45.775,399770.8831,4091875.4100,global,88.48,108.95,0.028,2.00,5.09,-18.21,-10.32,9.70,0.10,0.50,99.00,0,0,0,0,0,0.00,999.00
17:12:45.825,399770.8158,4091875.7437,global,91.16,117.47,-0.031,2.00,5.09,-22.00,-10.32,9.70,0.10,0.50,99.00,0,0,0,0,0,0.00,999.00
17:12:45.880,399770.8158,4091875.7437,global,92.70,117.47,-0.031,2.00,5.05,-22.00,-12.94,9.70,0.10,0.50,99.00,0,0,0,0,0,0.00,999.00
17:12:45.931,399770.8158,4091875.7437,global,94.21,117.47,-0.031,2.00,5.05,-22.00,-12.94,9.70,0.10,0.50,99.00,0,0,0,0,0,0.00,999.00
17:12:45.976,399770.8158,4091875.7437,global,95.75,117.47,-0.031,2.00,5.05,-22.00,-12.87,9.70,0.10,0.50,99.00,0,0,0,0,0,0.00,999.00
17:12:46.028,399770.8158,4091875.7437,global,98.02,117.47,-0.031,2.00,4.85,-22.00,-12.87,9.70,0.10,0.50,99.00,0,0,0,0,0,0.00,999.00
17:12:46.080,399770.7125,4091876.0444,global,100.34,131.84,-0.094,2.00,4.85,-22.00,-12.87,9.70,0.10,0.50,99.00,0,0,0,0,0,0.00,999.00
17:12:46.125,399770.7125,4091876.0444,global,101.88,131.84,-0.094,2.00,5.33,-22.00,-14.05,9.70,0.10,0.50,99.00,0,0,0,0,0,0.00,999.00
17:12:46.177,399770.7125,4091876.0444,global,104.16,131.84,-0.094,2.00,5.33,-22.00,-14.05,9.70,0.10,0.50,99.00,0,0,0,0,0,0.00,999.00
17:12:46.224,399770.7125,4091876.0444,global,106.44,131.84,-0.094,2.00,5.33,-22.00,-14.05,9.70,0.10,0.50,99.00,0,0,0,0,0,0.00,999.00
17:12:46.275,399770.7125,4091876.0444,global,107.93,131.84,-0.094,2.00,4.35,-22.00,-14.76,9.70,0.10,0.50,99.00,0,0,0,0,0,0.00,999.00
17:12:46.324,399770.5643,4091876.3125,global,110.34,148.64,-0.164,2.00,4.35,-22.00,-14.76,9.70,0.10,0.50,99.00,0,0,0,0,0,0.00,999.00
17:12:46.376,399770.5643,4091876.3125,global,111.14,148.64,-0.164,2.00,5.24,-22.00,-14.95,9.70,0.10,0.50,99.00,0,0,0,0,0,0.00,999.00
17:12:46.426,399770.5643,4091876.3125,global,113.67,148.64,-0.164,2.00,5.24,-22.00,-14.95,9.70,0.10,0.50,99.00,0,0,0,0,0,0.00,999.00
17:12:46.477,399770.5643,4091876.3125,global,115.28,148.64,-0.164,2.00,5.59,-22.00,-14.81,9.70,0.10,0.50,99.00,0,0,0,0,0,0.00,999.00
17:12:46.524,399770.5643,4091876.3125,global,117.62,148.64,-0.164,2.00,5.59,-22.00,-14.81,9.70,0.10,0.50,99.00,0,0,0,0,0,0.00,999.00
17:12:46.577,399770.3534,4091876.5480,global,120.04,149.79,-0.220,2.00,5.59,-22.00,-14.81,9.70,0.10,0.50,99.00,0,0,0,0,0,0.00,999.00
17:12:46.629,399770.3534,4091876.5480,global,121.67,149.79,-0.220,2.00,4.65,-22.00,-14.94,9.70,0.10,0.50,99.00,0,0,0,0,0,0.00,999.00
17:12:46.679,399770.3534,4091876.5480,global,124.19,149.79,-0.220,2.00,4.65,-22.00,-14.94,9.70,0.10,0.50,99.00,0,0,0,0,0,0.00,999.00
17:12:46.727,399770.3534,4091876.5480,global,125.82,149.79,-0.220,2.00,5.19,-22.00,-14.92,9.70,0.10,0.50,99.00,0,0,0,0,0,0.00,999.00
17:12:46.779,399770.3534,4091876.5480,global,128.21,149.79,-0.220,2.00,5.19,-22.00,-14.92,9.70,0.10,0.50,99.00,0,0,0,0,0,0.00,999.00
17:12:46.829,399770.1153,4091876.7394,global,129.83,151.22,-0.264,2.00,5.39,-22.00,-14.64,9.70,0.10,0.50,99.00,0,0,0,0,0,0.00,999.00
17:12:46.877,399770.1153,4091876.7394,global,132.34,151.22,-0.264,2.00,5.39,-22.00,-14.64,9.70,0.10,0.50,99.00,0,0,0,0,0,0.00,999.00
17:12:46.931,399770.1153,4091876.7394,global,133.94,151.22,-0.264,2.00,5.39,-22.00,-14.64,9.70,0.10,0.50,99.00,0,0,0,0,0,0.00,999.00
17:12:46.976,399770.1153,4091876.7394,global,136.39,151.22,-0.264,2.00,4.72,-22.00,-14.68,9.70,0.10,0.50,99.00,0,0,0,0,0,0.00,999.00
17:12:47.028,399770.1153,4091876.7394,global,137.99,151.22,-0.264,2.00,4.72,-22.00,-14.68,9.70,0.10,0.50,99.00,0,0,0,0,0,0.00,999.00
17:12:47.081,399769.8411,4091876.8869,global,140.39,152.31,-0.262,2.00,4.72,-22.00,-14.68,9.70,0.10,0.50,99.00,0,0,0,0,0,0.00,999.00
17:12:47.129,399769.8411,4091876.8869,global,142.00,152.31,-0.262,2.00,5.33,-22.00,-14.65,9.70,0.10,0.50,99.00,0,0,0,0,0,0.00,999.00
17:12:47.180,399769.8411,4091876.8869,global,144.48,152.31,-0.262,2.00,5.33,-22.00,-14.65,9.70,0.10,0.50,99.00,0,0,0,0,0,0.00,999.00
17:12:47.224,399769.8411,4091876.8869,global,146.93,152.31,-0.262,2.00,4.39,-22.00,-15.06,9.70,0.10,0.50,99.00,0,0,0,0,0,0.00,999.00
17:12:47.279,399769.8411,4091876.8869,global,148.51,152.31,-0.262,2.00,4.39,-22.00,-15.06,9.70,0.10,0.50,99.00,0,0,0,0,0,0.00,999.00
17:12:47.328,399769.5575,4091877.0012,global,150.14,148.44,-0.209,2.00,4.39,-17.25,-15.06,9.70,0.10,0.50,99.00,0,0,0,0,0,0.00,999.00
17:12:47.380,399769.5575,4091877.0012,global,152.53,148.44,-0.209,2.00,4.63,-13.94,-14.29,9.70,0.10,0.50,99.00,0,0,0,0,0,0.00,999.00
17:12:47.431,399769.5575,4091877.0012,global,154.12,148.44,-0.209,2.00,4.63,-12.35,-14.29,9.70,0.10,0.50,99.00,0,0,0,0,0,0.00,999.00
17:12:47.480,399769.5575,4091877.0012,global,155.70,148.44,-0.209,2.00,4.63,-10.77,-14.53,9.70,0.10,0.50,99.00,0,0,0,0,0,0.00,999.00
17:12:47.524,399769.5575,4091877.0012,global,158.92,148.44,-0.209,2.00,5.34,-5.30,-14.53,9.70,0.10,0.50,99.00,0,0,0,0,0,0.00,999.00
17:12:47.576,399769.2553,4091877.0381,global,160.58,153.24,-0.073,2.00,5.34,1.75,-14.53,9.70,0.10,0.50,99.00,0,0,0,0,0,0.00,999.00
17:12:47.628,399769.2553,4091877.0381,global,162.17,153.24,-0.073,2.00,4.74,2.64,-13.55,9.70,0.10,0.50,99.00,0,0,0,0,0,0.00,999.00
17:12:47.682,399769.2553,4091877.0381,global,164.49,153.24,-0.073,2.00,4.74,4.96,-13.55,9.70,0.10,0.50,99.00,0,0,0,0,0,0.00,999.00
17:12:47.724,399769.2553,4091877.0381,global,166.66,153.24,-0.073,2.00,4.80,7.21,-7.72,9.70,0.10,0.50,99.00,0,0,0,0,0,0.00,999.00
17:12:47.810,399769.2553,4091877.0381,global,167.83,153.24,-0.073,2.00,4.80,8.38,-7.72,9.70,0.10,0.50,99.00,0,0,0,0,0,0.00,999.00
17:12:47.828,399768.9525,4091877.0306,global,168.29,154.55,0.073,2.00,4.80,20.04,-7.72,9.70,0.10,0.50,99.00,0,0,0,0,0,0.00,999.00
17:12:47.874,399768.9525,4091877.0306,global,169.81,154.55,0.073,2.00,5.29,20.98,3.78,9.70,0.10,0.50,99.00,0,0,0,0,0,0.00,999.00
17:12:47.926,399768.9525,4091877.0306,global,170.14,154.55,0.073,2.00,5.29,21.31,3.78,9.70,0.10,0.50,99.00,0,0,0,0,0,0.00,999.00
17:12:47.974,399768.9525,4091877.0306,global,170.14,154.55,0.073,2.00,4.74,21.97,14.12,9.70,0.10,0.50,99.00,0,0,0,0,0,0.00,999.00
17:12:48.024,399768.9525,4091877.0306,global,169.84,154.55,0.073,2.00,4.74,21.67,14.12,9.70,0.10,0.50,99.00,0,0,0,0,0,0.00,999.00
17:12:48.075,399768.6143,4091877.0456,global,169.46,156.07,0.207,2.00,5.04,22.00,21.99,9.70,0.10,0.50,99.00,0,0,0,0,0,0.00,999.00
17:12:48.125,399768.6143,4091877.0456,global,168.41,156.07,0.207,2.00,5.04,22.00,21.99,9.70,0.10,0.50,99.00,0,0,0,0,0,0.00,999.00
17:12:48.179,399768.6143,4091877.0456,global,167.46,156.07,0.207,2.00,5.04,22.00,21.99,9.70,0.10,0.50,99.00,0,0,0,0,0,0.00,999.00
17:12:48.224,399768.6143,4091877.0456,global,165.81,156.07,0.207,2.00,4.66,22.00,21.99,9.70,0.10,0.50,99.00,0,0,0,0,0,0.00,999.00
17:12:48.277,399768.6143,4091877.0456,global,164.78,156.07,0.207,2.00,4.66,22.00,21.99,9.70,0.10,0.50,99.00,0,0,0,0,0,0.00,999.00
17:12:48.326,399768.2767,4091877.1051,global,163.81,160.35,0.291,2.00,4.66,22.00,21.99,9.70,0.10,0.50,99.00,0,0,0,0,0,0.00,999.00
17:12:48.378,399768.2767,4091877.1051,global,162.28,160.35,0.291,2.00,4.88,22.00,21.99,9.70,0.10,0.50,99.00,0,0,0,0,0,0.00,999.00
17:12:48.427,399768.2767,4091877.1051,global,161.25,160.35,0.291,2.00,4.88,22.00,21.99,9.70,0.10,0.50,99.00,0,0,0,0,0,0.00,999.00
17:12:48.482,399768.2767,4091877.1051,global,159.69,160.35,0.291,2.00,4.84,22.00,21.99,9.70,0.10,0.50,99.00,0,0,0,0,0,0.00,999.00
17:12:48.524,399768.2767,4091877.1051,global,158.02,160.35,0.291,2.00,4.84,21.10,21.99,9.70,0.10,0.50,99.00,0,0,0,0,0,0.00,999.00
17:12:48.575,399767.9576,4091877.2198,global,156.95,157.49,0.293,2.00,4.84,22.00,21.99,9.70,0.10,0.50,99.00,0,0,0,0,0,0.00,999.00
17:12:48.625,399767.9576,4091877.2198,global,155.40,157.49,0.293,2.00,4.95,20.99,21.99,9.70,0.10,0.50,99.00,0,0,0,0,0,0.00,999.00
17:12:48.678,399767.9576,4091877.2198,global,154.34,157.49,0.293,2.00,4.95,19.94,21.99,9.70,0.10,0.50,99.00,0,0,0,0,0,0.00,999.00
17:12:48.724,399767.9576,4091877.2198,global,152.77,157.49,0.293,2.00,4.74,19.27,21.99,9.70,0.10,0.50,99.00,0,0,0,0,0,0.00,999.00
17:12:48.775,399767.9576,4091877.2198,global,152.26,157.49,0.293,2.00,4.74,18.75,21.99,9.70,0.10,0.50,99.00,0,0,0,0,0,0.00,999.00
17:12:48.826,399767.6298,4091877.3569,global,150.67,167.59,0.275,2.00,4.74,5.75,21.99,9.70,0.10,0.50,99.00,0,0,0,0,0,0.00,999.00
17:12:48.875,399767.6298,4091877.3569,global,149.10,167.59,0.275,2.00,5.06,2.92,21.99,9.70,0.10,0.50,99.00,0,0,0,0,0,0.00,999.00
17:12:48.926,399767.6298,4091877.3569,global,148.04,167.59,0.275,2.00,5.06,1.86,21.99,9.70,0.10,0.50,99.00,0,0,0,0,0,0.00,999.00
17:12:48.977,399767.6298,4091877.3569,global,146.42,167.59,0.275,2.00,4.64,1.97,21.99,9.70,0.10,0.50,99.00,0,0,0,0,0,0.00,999.00
17:12:49.026,399767.6298,4091877.3569,global,145.37,167.59,0.275,2.00,4.64,0.92,21.99,9.70,0.10,0.50,99.00,0,0,0,0,0,0.00,999.00
17:12:49.081,399767.3382,4091877.5489,global,143.90,159.06,0.143,2.00,4.64,-2.66,21.99,9.70,0.10,0.50,99.00,0,0,0,0,0,0.00,999.00
17:12:49.130,399767.3382,4091877.5489,global,143.26,159.06,0.143,2.00,4.64,-3.30,15.08,9.70,0.10,0.50,99.00,0,0,0,0,0,0.00,999.00
17:12:49.183,399767.3382,4091877.5489,global,142.93,159.06,0.143,2.00,5.06,-4.65,15.08,9.70,0.10,0.50,99.00,0,0,0,0,0,0.00,999.00
17:12:49.225,399767.3382,4091877.5489,global,143.06,159.06,0.143,2.00,4.79,-3.89,3.62,9.70,0.10,0.50,99.00,0,0,0,0,0,0.00,999.00
17:12:49.274,399767.3382,4091877.5489,global,143.25,159.06,0.143,2.00,4.79,-3.70,3.62,9.70,0.10,0.50,99.00,0,0,0,0,0,0.00,999.00
17:12:49.327,399767.0468,4091877.7521,global,144.16,167.96,0.052,2.00,4.79,-19.31,3.62,9.70,0.10,0.50,99.00,0,0,0,0,0,0.00,999.00
17:12:49.382,399767.0468,4091877.7521,global,145.68,167.96,0.052,2.00,4.95,-17.93,-9.11,9.70,0.10,0.50,99.00,0,0,0,0,0,0.00,999.00
17:12:49.427,399767.0468,4091877.7521,global,147.01,167.96,0.052,2.00,4.95,-16.59,-9.11,9.70,0.10,0.50,99.00,0,0,0,0,0,0.00,999.00
17:12:49.477,399767.0468,4091877.7521,global,148.40,167.96,0.052,2.00,4.79,-15.07,-9.97,9.70,0.10,0.50,99.00,0,0,0,0,0,0.00,999.00
17:12:49.526,399767.0468,4091877.7521,global,150.43,167.96,0.052,2.00,4.79,-13.03,-9.97,9.70,0.10,0.50,99.00,0,0,0,0,0,0.00,999.00
17:12:49.577,399766.7452,4091877.8444,global,152.52,162.51,0.031,2.00,4.79,-7.30,-9.97,9.70,0.10,0.50,99.00,0,0,0,0,0,0.00,999.00
17:12:49.629,399766.7452,4091877.8444,global,154.25,162.51,0.031,2.00,4.81,-5.59,-16.59,9.70,0.10,0.50,99.00,0,0,0,0,0,0.00,999.00
17:12:49.682,399766.7452,4091877.8444,global,157.03,162.51,0.031,2.00,4.81,-2.81,-16.59,9.70,0.10,0.50,99.00,0,0,0,0,0,0.00,999.00
17:12:49.724,399766.7452,4091877.8444,global,159.59,162.51,0.031,2.00,5.62,-0.64,-14.71,9.70,0.10,0.50,99.00,0,0,0,0,0,0.00,999.00
17:12:49.775,399766.7452,4091877.8444,global,161.33,162.51,0.031,2.00,5.62,1.11,-14.71,9.70,0.10,0.50,99.00,0,0,0,0,0,0.00,999.00
17:12:49.827,399766.4425,4091877.8480,global,162.88,147.39,0.127,2.00,5.62,22.00,-14.71,9.70,0.10,0.50,99.00,0,0,0,0,0,0.00,999.00
17:12:49.879,399766.4425,4091877.8480,global,165.08,147.39,0.127,2.00,4.21,22.00,-5.68,9.70,0.10,0.50,99.00,0,0,0,0,0,0.00,999.00
17:12:49.929,399766.4425,4091877.8480,global,166.07,147.39,0.127,2.00,4.21,22.00,-5.68,9.70,0.10,0.50,99.00,0,0,0,0,0,0.00,999.00
17:12:49.981,399766.4425,4091877.8480,global,167.17,147.39,0.127,2.00,5.59,22.00,4.49,9.70,0.10,0.50,99.00,0,0,0,0,0,0.00,999.00
17:12:50.035,399766.4425,4091877.8480,global,167.63,147.39,0.127,2.00,5.59,22.00,4.49,9.70,0.10,0.50,99.00,0,0,0,0,0,0.00,999.00
17:12:50.074,399766.1225,4091877.8851,global,167.81,154.02,0.265,2.00,5.33,22.00,15.92,9.70,0.10,0.50,99.00,0,0,0,0,0,0.00,999.00
17:12:50.127,399766.1225,4091877.8851,global,167.66,154.02,0.265,2.00,5.33,22.00,15.92,9.70,0.10,0.50,99.00,0,0,0,0,0,0.00,999.00
17:12:50.182,399766.1225,4091877.8851,global,166.99,154.02,0.265,2.00,5.33,22.00,15.92,9.70,0.10,0.50,99.00,0,0,0,0,0,0.00,999.00
17:12:50.224,399766.1225,4091877.8851,global,165.63,154.02,0.265,2.00,5.02,22.00,21.99,9.70,0.10,0.50,99.00,0,0,0,0,0,0.00,999.00
17:12:50.274,399766.1225,4091877.8851,global,164.67,154.02,0.265,2.00,5.02,22.00,21.99,9.70,0.10,0.50,99.00,0,0,0,0,0,0.00,999.00
17:12:50.324,399765.7758,4091877.9335,global,163.55,172.45,0.369,2.00,5.02,19.01,21.99,9.70,0.10,0.50,99.00,0,0,0,0,0,0.00,999.00
17:12:50.376,399765.7758,4091877.9335,global,163.08,172.45,0.369,2.00,4.87,19.24,21.99,9.70,0.10,0.50,99.00,0,0,0,0,0,0.00,999.00
17:12:50.428,399765.7758,4091877.9335,global,161.82,172.45,0.369,2.00,4.87,17.98,21.99,9.70,0.10,0.50,99.00,0,0,0,0,0,0.00,999.00
17:12:50.481,399765.7758,4091877.9335,global,160.55,172.45,0.369,2.00,4.89,16.61,21.99,9.70,0.10,0.50,99.00,0,0,0,0,0,0.00,999.00
17:12:50.524,399765.7758,4091877.9335,global,159.45,172.45,0.369,2.00,4.89,15.51,21.99,9.70,0.10,0.50,99.00,0,0,0,0,0,0.00,999.00
17:12:50.575,399765.4475,4091878.0262,global,158.74,174.41,0.321,2.00,4.89,9.63,21.99,9.70,0.10,0.50,99.00,0,0,0,0,0,0.00,999.00
17:12:50.627,399765.4475,4091878.0262,global,157.97,174.41,0.321,2.00,4.95,8.60,21.99,9.70,0.10,0.50,99.00,0,0,0,0,0,0.00,999.00
17:12:50.679,399765.4475,4091878.0262,global,156.84,174.41,0.321,2.00,4.95,7.47,21.99,9.70,0.10,0.50,99.00,0,0,0,0,0,0.00,999.00
17:12:50.724,399765.4475,4091878.0262,global,155.88,174.41,0.321,2.00,5.09,5.91,19.42,9.70,0.10,0.50,99.00,0,0,0,0,0,0.00,999.00
17:12:50.774,399765.4475,4091878.0262,global,155.40,174.41,0.321,2.00,5.09,5.44,19.42,9.70,0.10,0.50,99.00,0,0,0,0,0,0.00,999.00
17:12:50.824,399765.1018,4091878.1523,global,154.89,179.32,0.222,2.00,5.09,-7.01,19.42,9.70,0.10,0.50,99.00,0,0,0,0,0,0.00,999.00
17:12:50.874,399765.1018,4091878.1523,global,154.79,179.32,0.222,2.00,4.81,-6.15,9.29,9.70,0.10,0.50,99.00,0,0,0,0,0,0.00,999.00
17:12:50.929,399765.1018,4091878.1523,global,154.90,179.32,0.222,2.00,4.81,-6.04,9.29,9.70,0.10,0.50,99.00,0,0,0,0,0,0.00,999.00
17:12:50.974,399765.1018,4091878.1523,global,155.45,179.32,0.222,2.00,5.19,-6.74,0.08,9.70,0.10,0.50,99.00,0,0,0,0,0,0.00,999.00
17:12:51.026,399765.1018,4091878.1523,global,156.08,179.32,0.222,2.00,5.19,-6.12,0.08,9.70,0.10,0.50,99.00,0,0,0,0,0,0.00,999.00
17:12:51.076,399764.7826,4091878.2670,global,157.26,-175.93,0.101,2.00,5.19,-18.83,0.08,9.70,0.10,0.50,99.00,0,0,0,0,0,0.00,999.00
17:12:51.128,399764.7826,4091878.2670,global,158.33,-175.93,0.101,2.00,4.71,-16.96,-11.21,9.70,0.10,0.50,99.00,0,0,0,0,0,0.00,999.00
17:12:51.183,399764.7826,4091878.2670,global,160.49,-175.93,0.101,2.00,4.71,-14.80,-11.21,9.70,0.10,0.50,99.00,0,0,0,0,0,0.00,999.00
17:12:51.224,399764.7826,4091878.2670,global,162.94,-175.93,0.101,2.00,5.18,-13.15,-12.10,9.70,0.10,0.50,99.00,0,0,0,0,0,0.00,999.00
17:12:51.277,399764.7826,4091878.2670,global,164.44,-175.93,0.101,2.00,5.18,-11.65,-12.10,9.70,0.10,0.50,99.00,0,0,0,0,0,0.00,999.00
17:12:51.328,399764.4623,4091878.2819,global,165.86,174.73,0.070,2.00,5.18,-3.29,-12.10,9.70,0.10,0.50,99.00,0,0,0,0,0,0.00,999.00
17:12:51.381,399764.4623,4091878.2819,global,167.98,174.73,0.070,2.00,5.05,-1.03,-9.75,9.70,0.10,0.50,99.00,0,0,0,0,0,0.00,999.00
17:12:51.428,399764.4623,4091878.2819,global,169.36,174.73,0.070,2.00,5.05,0.35,-9.75,9.70,0.10,0.50,99.00,0,0,0,0,0,0.00,999.00
17:12:51.474,399764.4623,4091878.2819,global,171.22,174.73,0.070,2.00,4.79,2.52,-8.26,9.70,0.10,0.50,99.00,0,0,0,0,0,0.00,999.00
17:12:51.525,399764.4623,4091878.2819,global,172.41,174.73,0.070,2.00,4.79,3.72,-8.26,9.70,0.10,0.50,99.00,0,0,0,0,0,0.00,999.00
17:12:51.575,399764.1325,4091878.2525,global,174.21,179.32,0.133,2.00,4.79,6.21,-8.26,9.70,0.10,0.50,99.00,0,0,0,0,0,0.00,999.00
17:12:51.625,399764.1325,4091878.2525,global,175.29,179.32,0.133,2.00,5.05,6.71,-2.81,9.70,0.10,0.50,99.00,0,0,0,0,0,0.00,999.00
17:12:51.680,399764.1325,4091878.2525,global,176.59,179.32,0.133,2.00,5.05,8.01,-2.81,9.70,0.10,0.50,99.00,0,0,0,0,0,0.00,999.00
17:12:51.724,399764.1325,4091878.2525,global,177.53,179.32,0.133,2.00,4.99,9.07,5.08,9.70,0.10,0.50,99.00,0,0,0,0,0,0.00,999.00
17:12:51.775,399764.1325,4091878.2525,global,177.96,179.32,0.133,2.00,4.99,9.51,5.08,9.70,0.10,0.50,99.00,0,0,0,0,0,0.00,999.00
17:12:51.824,399763.8025,4091878.2010,global,178.06,172.22,0.192,2.00,4.99,21.28,5.08,9.70,0.10,0.50,99.00,0,0,0,0,0,0.00,999.00
17:12:51.876,399763.8025,4091878.2010,global,177.85,172.22,0.192,2.00,4.99,21.07,5.08,9.70,0.10,0.50,99.00,0,0,0,0,0,0.00,999.00
17:12:51.925,399763.8025,4091878.2010,global,177.43,172.22,0.192,2.00,4.99,20.65,5.08,9.70,0.10,0.50,99.00,0,0,0,0,0,0.00,999.00
17:12:51.974,399763.8025,4091878.2010,global,177.16,172.22,0.192,2.00,4.99,20.38,5.08,9.70,0.10,0.50,99.00,0,0,0,0,0,0.00,999.00
17:12:52.029,399763.8025,4091878.2010,global,176.93,172.22,0.192,2.00,4.99,20.15,5.08,9.70,0.10,0.50,99.00,0,0,0,0,0,0.00,999.00
17:12:52.074,399763.4641,4091878.1939,global,176.52,167.59,0.250,2.00,4.99,22.00,5.08,9.70,0.10,0.50,99.00,0,0,0,0,0,0.00,999.00
17:12:52.124,399763.4641,4091878.1939,global,176.19,167.59,0.250,2.00,4.99,22.00,5.08,9.70,0.10,0.50,99.00,0,0,0,0,0,0.00,999.00
17:12:52.174,399763.4641,4091878.1939,global,175.99,167.59,0.250,2.00,4.99,22.00,5.08,9.70,0.10,0.50,99.00,0,0,0,0,0,0.00,999.00
17:12:52.224,399763.4641,4091878.1939,global,175.58,167.59,0.250,2.00,4.99,22.00,5.08,9.70,0.10,0.50,99.00,0,0,0,0,0,0.00,999.00
17:12:52.311,399763.4641,4091878.1939,global,175.35,167.59,0.250,2.00,4.99,22.00,5.08,9.70,0.10,0.50,99.00,0,0,0,0,0,0.00,999.00
17:12:52.327,399763.1523,4091878.1754,global,175.21,163.61,0.340,2.00,4.99,22.00,5.08,9.70,0.10,0.50,99.00,0,0,0,0,0,0.00,999.00
17:12:52.374,399763.1523,4091878.1754,global,174.75,163.61,0.340,2.00,4.99,22.00,5.08,9.70,0.10,0.50,99.00,0,0,0,0,0,0.00,999.00
17:12:52.426,399763.1523,4091878.1754,global,174.48,163.61,0.340,2.00,4.99,22.00,5.08,9.70,0.10,0.50,99.00,0,0,0,0,0,0.00,999.00
17:12:52.478,399763.1523,4091878.1754,global,174.12,163.61,0.340,2.00,4.99,22.00,5.08,9.70,0.10,0.50,99.00,0,0,0,0,0,0.00,999.00
17:12:52.524,399763.1523,4091878.1754,global,173.79,163.61,0.340,2.00,4.99,22.00,5.08,9.70,0.10,0.50,99.00,0,0,0,0,0,0.00,999.00
17:12:52.574,399762.8762,4091878.1675,global,173.55,166.33,0.423,2.00,4.99,22.00,5.08,9.70,0.10,0.50,99.00,0,0,0,0,0,0.00,999.00
17:12:52.629,399762.8762,4091878.1675,global,173.34,166.33,0.423,2.00,4.99,22.00,5.08,9.70,0.10,0.50,99.00,0,0,0,0,0,0.00,999.00
17:12:52.679,399762.8762,4091878.1675,global,172.99,166.33,0.423,2.00,4.99,22.00,5.08,9.70,0.10,0.50,99.00,0,0,0,0,0,0.00,999.00
17:12:52.724,399762.8762,4091878.1675,global,172.73,166.33,0.423,2.00,4.99,22.00,5.08,9.70,0.10,0.50,99.00,0,0,0,0,0,0.00,999.00
17:12:52.775,399762.8762,4091878.1675,global,172.57,166.33,0.423,2.00,4.99,22.00,5.08,9.70,0.10,0.50,99.00,0,0,0,0,0,0.00,999.00
17:12:52.824,399762.6271,4091878.1816,global,172.22,166.78,0.468,2.00,4.99,22.00,5.08,9.70,0.10,0.50,99.00,0,0,0,0,0,0.00,999.00
17:12:52.877,399762.6271,4091878.1816,global,172.03,166.78,0.468,2.00,4.99,22.00,5.08,9.70,0.10,0.50,99.00,0,0,0,0,0,0.00,999.00
17:12:52.926,399762.6271,4091878.1816,global,171.84,166.78,0.468,2.00,4.99,22.00,5.08,9.70,0.10,0.50,99.00,0,0,0,0,0,0.00,999.00
17:12:52.975,399762.6271,4091878.1816,global,171.55,166.78,0.468,2.00,4.99,22.00,5.08,9.70,0.10,0.50,99.00,0,0,0,0,0,0.00,999.00
17:12:53.028,399762.6271,4091878.1816,global,171.28,166.78,0.468,2.00,4.99,22.00,5.08,9.70,0.10,0.50,99.00,0,0,0,0,0,0.00,999.00
17:12:53.074,399762.3779,4091878.1956,global,170.89,160.77,0.514,2.00,4.99,22.00,5.08,9.70,0.10,0.50,99.00,0,0,0,0,0,0.00,999.00
17:12:53.124,399762.3779,4091878.1956,global,170.45,160.77,0.514,2.00,4.99,22.00,5.08,9.70,0.10,0.50,99.00,0,0,0,0,0,0.00,999.00
17:12:53.175,399762.3779,4091878.1956,global,170.12,160.77,0.514,2.00,4.99,22.00,5.08,9.70,0.10,0.50,99.00,0,0,0,0,0,0.00,999.00
17:12:53.224,399762.3779,4091878.1956,global,169.68,160.77,0.514,2.00,4.99,22.00,5.08,9.70,0.10,0.50,99.00,0,0,0,0,0,0.00,999.00
17:12:53.277,399762.3779,4091878.1956,global,169.42,160.77,0.514,2.00,4.99,22.00,5.08,9.70,0.10,0.50,99.00,0,0,0,0,0,0.00,999.00
17:12:53.324,399762.1200,4091878.2209,global,168.93,162.02,0.575,2.00,4.99,22.00,5.08,9.70,0.10,0.50,99.00,0,0,0,0,0,0.00,999.00
17:12:53.708,399762.1200,4091878.2209,global,168.62,162.02,0.575,2.00,4.99,22.00,5.08,9.70,0.10,0.50,99.00,0,0,0,0,0,0.00,999.00
17:12:53.730,399761.8355,4091878.2464,global,167.11,171.44,0.631,2.00,4.99,22.00,5.08,9.70,0.10,0.50,99.00,0,0,0,0,0,0.00,999.00
17:12:53.779,399761.8355,4091878.2464,global,166.68,171.44,0.631,2.00,3.83,22.00,18.19,9.70,0.10,0.50,99.00,0,0,0,0,0,0.00,999.00
17:12:53.826,399761.5691,4091878.3050,global,166.16,174.05,0.613,2.00,3.83,22.00,18.19,9.70,0.10,0.50,99.00,0,0,0,0,0,0.00,999.00
17:12:53.874,399761.5691,4091878.3050,global,165.34,174.05,0.613,2.00,4.17,22.00,18.20,9.70,0.10,0.50,99.00,0,0,0,0,0,0.00,999.00
17:12:53.924,399761.5691,4091878.3050,global,163.88,174.05,0.613,2.00,4.17,22.00,18.20,9.70,0.10,0.50,99.00,0,0,0,0,0,0.00,999.00
17:12:53.976,399761.5691,4091878.3050,global,163.47,174.05,0.613,2.00,4.17,22.00,18.20,9.70,0.10,0.50,99.00,0,0,0,0,0,0.00,999.00
17:12:54.024,399761.5691,4091878.3050,global,162.95,174.05,0.613,2.00,4.04,22.00,18.20,9.70,0.10,0.50,99.00,0,0,0,0,0,0.00,999.00
17:12:54.076,399761.2758,4091878.3529,global,162.61,169.23,0.599,2.00,4.04,22.00,18.20,9.70,0.10,0.50,99.00,0,0,0,0,0,0.00,999.00
17:12:54.126,399761.2758,4091878.3529,global,162.26,169.23,0.599,2.00,4.23,22.00,18.28,9.70,0.10,0.50,99.00,0,0,0,0,0,0.00,999.00
17:12:54.177,399761.2758,4091878.3529,global,161.75,169.23,0.599,2.00,4.23,22.00,18.28,9.70,0.10,0.50,99.00,0,0,0,0,0,0.00,999.00
17:12:54.224,399761.2758,4091878.3529,global,161.21,169.23,0.599,2.00,4.23,22.00,18.26,9.70,0.10,0.50,99.00,0,0,0,0,0,0.00,999.00
17:12:54.276,399761.2758,4091878.3529,global,160.88,169.23,0.599,2.00,4.23,22.00,18.26,9.70,0.10,0.50,99.00,0,0,0,0,0,0.00,999.00
17:12:54.326,399760.9917,4091878.4228,global,160.53,171.44,0.581,2.00,4.23,22.00,18.26,9.70,0.10,0.50,99.00,0,0,0,0,0,0.00,999.00
17:12:54.374,399760.9917,4091878.4228,global,160.21,171.44,0.581,2.00,4.13,22.00,18.19,9.70,0.10,0.50,99.00,0,0,0,0,0,0.00,999.00
17:12:54.426,399760.9917,4091878.4228,global,159.73,171.44,0.581,2.00,4.13,22.00,18.19,9.70,0.10,0.50,99.00,0,0,0,0,0,0.00,999.00
17:12:54.480,399760.9917,4091878.4228,global,159.16,171.44,0.581,2.00,4.43,22.00,18.20,9.70,0.10,0.50,99.00,0,0,0,0,0,0.00,999.00
17:12:54.533,399760.9917,4091878.4228,global,158.81,171.44,0.581,2.00,4.43,22.00,18.20,9.70,0.10,0.50,99.00,0,0,0,0,0,0.00,999.00
17:12:54.574,399760.6989,4091878.5039,global,158.28,172.66,0.531,2.00,4.42,22.00,18.13,9.70,0.10,0.50,99.00,0,0,0,0,0,0.00,999.00
17:12:54.624,399760.6989,4091878.5039,global,157.69,172.66,0.531,2.00,4.42,22.00,18.13,9.70,0.10,0.50,99.00,0,0,0,0,0,0.00,999.00
17:12:54.677,399760.6989,4091878.5039,global,157.30,172.66,0.531,2.00,4.42,22.00,18.13,9.70,0.10,0.50,99.00,0,0,0,0,0,0.00,999.00
17:12:54.724,399760.6989,4091878.5039,global,156.76,172.66,0.531,2.00,4.27,22.00,18.22,9.70,0.10,0.50,99.00,0,0,0,0,0,0.00,999.00
17:12:54.774,399760.6989,4091878.5039,global,156.35,172.66,0.531,2.00,4.27,22.00,18.22,9.70,0.10,0.50,99.00,0,0,0,0,0,0.00,999.00
17:12:54.824,399760.3974,4091878.6074,global,155.80,168.30,0.456,2.00,4.27,22.00,18.22,9.70,0.10,0.50,99.00,0,0,0,0,0,0.00,999.00
17:12:54.878,399760.3974,4091878.6074,global,155.43,168.30,0.456,2.00,4.43,22.00,17.81,9.70,0.10,0.50,99.00,0,0,0,0,0,0.00,999.00
17:12:54.927,399760.3974,4091878.6074,global,155.03,168.30,0.456,2.00,4.43,22.00,17.81,9.70,0.10,0.50,99.00,0,0,0,0,0,0.00,999.00
17:12:54.984,399760.3974,4091878.6074,global,154.43,168.30,0.456,2.00,4.55,21.98,18.37,9.70,0.10,0.50,99.00,0,0,0,0,0,0.00,999.00
17:12:55.027,399760.3974,4091878.6074,global,154.04,168.30,0.456,2.00,4.55,21.59,18.37,9.70,0.10,0.50,99.00,0,0,0,0,0,0.00,999.00
17:12:55.079,399760.0872,4091878.7220,global,153.63,171.22,0.412,2.00,4.59,15.31,18.22,9.70,0.10,0.50,99.00,0,0,0,0,0,0.00,999.00
17:12:55.129,399760.0872,4091878.7220,global,153.09,171.22,0.412,2.00,4.59,14.76,18.22,9.70,0.10,0.50,99.00,0,0,0,0,0,0.00,999.00
17:12:55.183,399760.0872,4091878.7220,global,152.57,171.22,0.412,2.00,4.59,14.24,18.32,9.70,0.10,0.50,99.00,0,0,0,0,0,0.00,999.00
17:12:55.224,399760.0872,4091878.7220,global,151.94,171.22,0.412,2.00,4.39,14.79,18.32,9.70,0.10,0.50,99.00,0,0,0,0,0,0.00,999.00
17:12:55.276,399760.0872,4091878.7220,global,151.50,171.22,0.412,2.00,4.39,14.35,18.32,9.70,0.10,0.50,99.00,0,0,0,0,0,0.00,999.00
17:12:55.328,399759.7859,4091878.8476,global,151.08,166.92,0.326,2.00,4.74,10.53,17.70,9.70,0.10,0.50,99.00,0,0,0,0,0,0.00,999.00
17:12:55.378,399759.7859,4091878.8476,global,150.48,166.92,0.326,2.00,4.74,9.92,17.70,9.70,0.10,0.50,99.00,0,0,0,0,0,0.00,999.00
17:12:55.425,399759.7859,4091878.8476,global,149.96,166.92,0.326,2.00,4.43,10.96,16.66,9.70,0.10,0.50,99.00,0,0,0,0,0,0.00,999.00
17:12:55.479,399759.7859,4091878.8476,global,149.63,166.92,0.326,2.00,4.43,10.63,16.66,9.70,0.10,0.50,99.00,0,0,0,0,0,0.00,999.00
17:12:55.525,399759.7859,4091878.8476,global,149.13,166.92,0.326,2.00,4.79,8.34,14.43,9.70,0.10,0.50,99.00,0,0,0,0,0,0.00,999.00
17:12:55.576,399759.4850,4091878.9954,global,148.91,167.26,0.251,2.00,4.79,2.33,14.43,9.70,0.10,0.50,99.00,0,0,0,0,0,0.00,999.00
17:12:55.657,399759.4850,4091878.9954,global,148.85,167.26,0.251,2.00,4.79,2.27,14.43,9.70,0.10,0.50,99.00,0,0,0,0,0,0.00,999.00
17:12:55.675,399759.4850,4091878.9954,global,149.00,167.26,0.251,2.00,4.79,2.41,14.43,9.70,0.10,0.50,99.00,0,0,0,0,0,0.00,999.00
17:12:55.724,399759.4850,4091878.9954,global,149.45,167.26,0.251,2.00,4.72,3.16,4.93,9.70,0.10,0.50,99.00,0,0,0,0,0,0.00,999.00
17:12:55.774,399759.4850,4091878.9954,global,149.88,167.26,0.251,2.00,4.72,3.60,4.93,9.70,0.10,0.50,99.00,0,0,0,0,0,0.00,999.00
17:12:55.824,399759.1749,4091879.1211,global,150.73,170.01,0.201,2.00,4.87,-2.75,-3.30,9.70,0.10,0.50,99.00,0,0,0,0,0,0.00,999.00
17:12:55.877,399759.1749,4091879.1211,global,151.53,170.01,0.201,2.00,4.87,-1.95,-3.30,9.70,0.10,0.50,99.00,0,0,0,0,0,0.00,999.00
17:12:55.925,399759.1749,4091879.1211,global,152.59,170.01,0.201,2.00,4.74,-0.47,-6.85,9.70,0.10,0.50,99.00,0,0,0,0,0,0.00,999.00
17:12:55.978,399759.1749,4091879.1211,global,154.42,170.01,0.201,2.00,4.74,1.37,-6.85,9.70,0.10,0.50,99.00,0,0,0,0,0,0.00,999.00
17:12:56.032,399759.1749,4091879.1211,global,155.49,170.01,0.201,2.00,4.64,2.80,-3.58,9.70,0.10,0.50,99.00,0,0,0,0,0,0.00,999.00
17:12:56.074,399758.8731,4091879.2023,global,156.70,161.07,0.154,2.00,4.64,9.09,-3.58,9.70,0.10,0.50,99.00,0,0,0,0,0,0.00,999.00
17:12:56.125,399758.8731,4091879.2023,global,157.57,161.07,0.154,2.00,4.64,9.96,-3.58,9.70,0.10,0.50,99.00,0,0,0,0,0,0.00,999.00
17:12:56.176,399758.8731,4091879.2023,global,158.76,161.07,0.154,2.00,5.12,9.91,1.92,9.70,0.10,0.50,99.00,0,0,0,0,0,0.00,999.00
17:12:56.225,399758.8731,4091879.2023,global,159.27,161.07,0.154,2.00,5.12,10.42,1.92,9.70,0.10,0.50,99.00,0,0,0,0,0,0.00,999.00
17:12:56.279,399758.8731,4091879.2023,global,159.84,161.07,0.154,2.00,5.90,9.41,9.39,9.70,0.10,0.50,99.00,0,0,0,0,0,0.00,999.00
17:12:56.327,399758.5445,4091879.2728,global,159.99,166.06,0.204,2.00,5.90,7.89,9.39,9.70,0.10,0.50,99.00,0,0,0,0,0,0.00,999.00
17:12:56.378,399758.5445,4091879.2728,global,159.74,166.06,0.204,2.00,5.39,8.91,18.06,9.70,0.10,0.50,99.00,0,0,0,0,0,0.00,999.00
17:12:56.428,399758.5445,4091879.2728,global,159.34,166.06,0.204,2.00,5.39,8.51,18.06,9.70,0.10,0.50,99.00,0,0,0,0,0,0.00,999.00
17:12:56.479,399758.5445,4091879.2728,global,158.44,166.06,0.204,2.00,4.79,9.41,18.83,9.70,0.10,0.50,99.00,0,0,0,0,0,0.00,999.00
17:12:56.526,399758.5445,4091879.2728,global,157.90,166.06,0.204,2.00,4.79,8.87,18.83,9.70,0.10,0.50,99.00,0,0,0,0,0,0.00,999.00
17:12:56.577,399758.2163,4091879.3765,global,157.34,161.07,0.173,2.00,4.79,10.84,18.83,9.70,0.10,0.50,99.00,0,0,0,0,0,0.00,999.00
17:12:56.627,399758.2163,4091879.3765,global,157.26,161.07,0.173,2.00,5.09,9.94,7.66,9.70,0.10,0.50,99.00,0,0,0,0,0,0.00,999.00
17:12:56.679,399758.2163,4091879.3765,global,157.56,161.07,0.173,2.00,5.09,10.24,7.66,9.70,0.10,0.50,99.00,0,0,0,0,0,0.00,999.00
17:12:56.725,399758.2163,4091879.3765,global,158.03,161.07,0.173,2.00,4.74,11.68,-0.21,9.70,0.10,0.50,99.00,0,0,0,0,0,0.00,999.00
17:12:56.775,399758.2163,4091879.3765,global,159.02,161.07,0.173,2.00,4.74,12.66,-0.21,9.70,0.10,0.50,99.00,0,0,0,0,0,0.00,999.00
17:12:56.824,399757.8790,4091879.4582,global,159.86,166.17,0.212,2.00,4.74,11.53,-0.21,9.70,0.10,0.50,99.00,0,0,0,0,0,0.00,999.00
17:12:56.878,399757.8790,4091879.4582,global,161.43,166.17,0.212,2.00,5.05,12.07,-4.06,9.70,0.10,0.50,99.00,0,0,0,0,0,0.00,999.00
17:12:56.924,399757.8790,4091879.4582,global,162.55,166.17,0.212,2.00,5.05,13.19,-4.06,9.70,0.10,0.50,99.00,0,0,0,0,0,0.00,999.00
17:12:56.974,399757.8790,4091879.4582,global,163.64,166.17,0.212,2.00,4.64,15.70,5.80,9.70,0.10,0.50,99.00,0,0,0,0,0,0.00,999.00
17:12:57.024,399757.8790,4091879.4582,global,164.01,166.17,0.212,2.00,4.64,16.07,5.80,9.70,0.10,0.50,99.00,0,0,0,0,0,0.00,999.00
17:12:57.077,399757.5589,4091879.4953,global,164.01,-178.58,0.254,2.00,4.64,4.14,5.80,9.70,0.10,0.50,99.00,0,0,0,0,0,0.00,999.00
17:12:57.128,399757.5589,4091879.4953,global,163.65,-178.58,0.254,2.00,4.99,2.39,19.52,9.70,0.10,0.50,99.00,0,0,0,0,0,0.00,999.00
17:12:57.176,399757.5589,4091879.4953,global,162.81,-178.58,0.254,2.00,4.99,1.55,19.52,9.70,0.10,0.50,99.00,0,0,0,0,0,0.00,999.00
17:12:57.224,399757.5589,4091879.4953,global,161.63,-178.58,0.254,2.00,5.19,-0.35,21.99,9.70,0.10,0.50,99.00,0,0,0,0,0,0.00,999.00
17:12:57.275,399757.5589,4091879.4953,global,160.59,-178.58,0.254,2.00,5.19,-1.39,21.99,9.70,0.10,0.50,99.00,0,0,0,0,0,0.00,999.00
17:12:57.327,399757.2127,4091879.5770,global,159.57,-174.21,0.158,2.00,5.19,-13.83,21.99,9.70,0.10,0.50,99.00,0,0,0,0,0,0.00,999.00
17:12:57.379,399757.2127,4091879.5770,global,158.82,-174.21,0.158,2.00,5.09,-14.34,12.46,9.70,0.10,0.50,99.00,0,0,0,0,0,0.00,999.00
17:12:57.428,399757.2127,4091879.5770,global,158.92,-174.21,0.158,2.00,5.09,-14.24,12.46,9.70,0.10,0.50,99.00,0,0,0,0,0,0.00,999.00
17:12:57.486,399757.2127,4091879.5770,global,159.37,-174.21,0.158,2.00,4.84,-13.15,-0.26,9.70,0.10,0.50,99.00,0,0,0,0,0,0.00,999.00
17:12:57.524,399757.2127,4091879.5770,global,160.40,-174.21,0.158,2.00,4.84,-12.12,-0.26,9.70,0.10,0.50,99.00,0,0,0,0,0,0.00,999.00
17:12:57.575,399756.8574,4091879.6478,global,161.51,-178.45,0.062,2.00,4.84,-14.80,-0.26,9.70,0.10,0.50,99.00,0,0,0,0,0,0.00,999.00
17:12:57.628,399756.8574,4091879.6478,global,162.92,-178.45,0.062,2.00,5.09,-13.65,-13.12,9.70,0.10,0.50,99.00,0,0,0,0,0,0.00,999.00
17:12:57.681,399756.8574,4091879.6478,global,165.43,-178.45,0.062,2.00,5.09,-11.14,-13.12,9.70,0.10,0.50,99.00,0,0,0,0,0,0.00,999.00
17:12:57.725,399756.8574,4091879.6478,global,167.91,-178.45,0.062,2.00,5.04,-8.61,-16.36,9.70,0.10,0.50,99.00,0,0,0,0,0,0.00,999.00
17:12:57.775,399756.8574,4091879.6478,global,169.55,-178.45,0.062,2.00,5.04,-6.97,-16.36,9.70,0.10,0.50,99.00,0,0,0,0,0,0.00,999.00
17:12:57.828,399756.5368,4091879.6405,global,171.24,170.98,0.082,2.00,5.04,6.94,-16.36,9.70,0.10,0.50,99.00,0,0,0,0,0,0.00,999.00
17:12:57.880,399756.5368,4091879.6405,global,173.75,170.98,0.082,2.00,4.99,9.52,-8.33,9.70,0.10,0.50,99.00,0,0,0,0,0,0.00,999.00
17:12:57.932,399756.5368,4091879.6405,global,174.97,170.98,0.082,2.00,4.99,10.75,-8.33,9.70,0.10,0.50,99.00,0,0,0,0,0,0.00,999.00
17:12:57.976,399756.5368,4091879.6405,global,176.37,170.98,0.082,2.00,5.48,11.54,0.09,9.70,0.10,0.50,99.00,0,0,0,0,0,0.00,999.00
17:12:58.024,399756.5368,4091879.6405,global,177.33,170.98,0.082,2.00,5.48,12.50,0.09,9.70,0.10,0.50,99.00,0,0,0,0,0,0.00,999.00
17:12:58.074,399756.2158,4091879.5999,global,177.75,176.94,0.184,2.00,5.48,14.42,0.09,9.70,0.10,0.50,99.00,0,0,0,0,0,0.00,999.00
17:12:58.127,399756.2158,4091879.5999,global,177.93,176.94,0.184,2.00,5.30,15.04,12.46,9.70,0.10,0.50,99.00,0,0,0,0,0,0.00,999.00
17:12:58.174,399756.2158,4091879.5999,global,177.84,176.94,0.184,2.00,5.30,14.95,12.46,9.70,0.10,0.50,99.00,0,0,0,0,0,0.00,999.00
17:12:58.224,399756.2158,4091879.5999,global,177.30,176.94,0.184,2.00,4.79,15.84,20.82,9.70,0.10,0.50,99.00,0,0,0,0,0,0.00,999.00
17:12:58.275,399756.2158,4091879.5999,global,176.65,176.94,0.184,2.00,4.79,15.20,20.82,9.70,0.10,0.50,99.00,0,0,0,0,0,0.00,999.00
17:12:58.324,399755.8773,4091879.5817,global,175.89,179.32,0.222,2.00,5.24,13.52,21.52,9.70,0.10,0.50,99.00,0,0,0,0,0,0.00,999.00
17:12:58.377,399755.8773,4091879.5817,global,174.88,179.32,0.222,2.00,5.24,12.51,21.52,9.70,0.10,0.50,99.00,0,0,0,0,0,0.00,999.00
17:12:58.428,399755.8773,4091879.5817,global,174.29,179.32,0.222,2.00,4.89,13.07,20.83,9.70,0.10,0.50,99.00,0,0,0,0,0,0.00,999.00
17:12:58.481,399755.8773,4091879.5817,global,173.34,179.32,0.222,2.00,4.89,12.12,20.83,9.70,0.10,0.50,99.00,0,0,0,0,0,0.00,999.00
17:12:58.528,399755.8773,4091879.5817,global,172.79,179.32,0.222,2.00,4.89,11.57,16.87,9.70,0.10,0.50,99.00,0,0,0,0,0,0.00,999.00
17:12:58.576,399755.5213,4091879.5970,global,172.25,-178.30,0.208,2.00,5.04,7.09,16.87,9.70,0.10,0.50,99.00,0,0,0,0,0,0.00,999.00
17:12:58.627,399755.5213,4091879.5970,global,172.10,-178.30,0.208,2.00,5.04,6.95,16.87,9.70,0.10,0.50,99.00,0,0,0,0,0,0.00,999.00
17:12:58.677,399755.5213,4091879.5970,global,172.10,-178.30,0.208,2.00,4.88,7.46,9.47,9.70,0.10,0.50,99.00,0,0,0,0,0,0.00,999.00
17:12:58.732,399755.5213,4091879.5970,global,172.23,-178.30,0.208,2.00,4.88,7.59,9.47,9.70,0.10,0.50,99.00,0,0,0,0,0,0.00,999.00
17:12:58.774,399755.5213,4091879.5970,global,172.43,-178.30,0.208,2.00,5.23,6.70,5.13,9.70,0.10,0.50,99.00,0,0,0,0,0,0.00,999.00
17:12:58.824,399755.1740,4091879.5900,global,172.97,172.66,0.226,2.00,5.23,17.57,5.13,9.70,0.10,0.50,99.00,0,0,0,0,0,0.00,999.00
17:12:58.874,399755.1740,4091879.5900,global,173.36,172.66,0.226,2.00,5.23,17.96,5.13,9.70,0.10,0.50,99.00,0,0,0,0,0,0.00,999.00
17:12:58.929,399755.1740,4091879.5900,global,173.65,172.66,0.226,2.00,4.91,19.32,6.66,9.70,0.10,0.50,99.00,0,0,0,0,0,0.00,999.00
17:12:58.979,399755.1740,4091879.5900,global,174.02,172.66,0.226,2.00,4.91,19.69,6.66,9.70,0.10,0.50,99.00,0,0,0,0,0,0.00,999.00
17:12:59.035,399755.1740,4091879.5900,global,174.26,172.66,0.226,2.00,5.43,18.28,13.67,9.70,0.10,0.50,99.00,0,0,0,0,0,0.00,999.00
17:12:59.074,399754.8356,4091879.5829,global,174.22,162.02,0.265,2.00,5.43,22.00,13.67,9.70,0.10,0.50,99.00,0,0,0,0,0,0.00,999.00
17:12:59.127,399754.8356,4091879.5829,global,173.76,162.02,0.265,2.00,5.43,22.00,13.67,9.70,0.10,0.50,99.00,0,0,0,0,0,0.00,999.00
17:12:59.180,399754.8356,4091879.5829,global,172.50,162.02,0.265,2.00,4.95,22.00,21.99,9.70,0.10,0.50,99.00,0,0,0,0,0,0.00,999.00
17:12:59.224,399754.8356,4091879.5829,global,171.52,162.02,0.265,2.00,4.95,22.00,21.99,9.70,0.10,0.50,99.00,0,0,0,0,0,0.00,999.00
17:12:59.274,399754.8356,4091879.5829,global,170.63,162.02,0.265,2.00,4.95,22.00,21.99,9.70,0.10,0.50,99.00,0,0,0,0,0,0.00,999.00
17:12:59.326,399754.4710,4091879.6205,global,169.24,172.22,0.347,2.00,4.81,22.00,21.99,9.70,0.10,0.50,99.00,0,0,0,0,0,0.00,999.00
17:12:59.376,399754.4710,4091879.6205,global,167.59,172.22,0.347,2.00,4.81,22.00,21.99,9.70,0.10,0.50,99.00,0,0,0,0,0,0.00,999.00
17:12:59.428,399754.4710,4091879.6205,global,166.49,172.22,0.347,2.00,4.99,20.85,21.99,9.70,0.10,0.50,99.00,0,0,0,0,0,0.00,999.00
17:12:59.478,399754.4710,4091879.6205,global,165.18,172.22,0.347,2.00,4.99,19.55,21.99,9.70,0.10,0.50,99.00,0,0,0,0,0,0.00,999.00
17:12:59.524,399754.4710,4091879.6205,global,163.77,172.22,0.347,2.00,5.44,16.20,21.99,9.70,0.10,0.50,99.00,0,0,0,0,0,0.00,999.00
17:12:59.574,399754.1246,4091879.6912,global,162.74,167.20,0.330,2.00,5.44,19.12,21.99,9.70,0.10,0.50,99.00,0,0,0,0,0,0.00,999.00
17:12:59.629,399754.1246,4091879.6912,global,161.76,167.20,0.330,2.00,5.44,18.15,21.99,9.70,0.10,0.50,99.00,0,0,0,0,0,0.00,999.00
17:12:59.678,399754.1246,4091879.6912,global,160.36,167.20,0.330,2.00,4.72,19.89,21.99,9.70,0.10,0.50,99.00,0,0,0,0,0,0.00,999.00
17:12:59.728,399754.1246,4091879.6912,global,159.43,167.20,0.330,2.00,4.72,18.96,21.99,9.70,0.10,0.50,99.00,0,0,0,0,0,0.00,999.00
17:12:59.775,399754.1246,4091879.6912,global,158.26,167.20,0.330,2.00,5.44,14.64,21.63,9.70,0.10,0.50,99.00,0,0,0,0,0,0.00,999.00
17:12:59.825,399753.7877,4091879.8061,global,157.69,171.98,0.279,2.00,5.44,5.99,21.63,9.70,0.10,0.50,99.00,0,0,0,0,0,0.00,999.00
17:12:59.877,399753.7877,4091879.8061,global,156.75,171.98,0.279,2.00,5.44,5.06,21.63,9.70,0.10,0.50,99.00,0,0,0,0,0,0.00,999.00
17:12:59.925,399753.7877,4091879.8061,global,156.04,171.98,0.279,2.00,4.85,6.59,20.33,9.70,0.10,0.50,99.00,0,0,0,0,0,0.00,999.00
17:12:59.976,399753.7877,4091879.8061,global,155.08,171.98,0.279,2.00,4.85,5.63,20.33,9.70,0.10,0.50,99.00,0,0,0,0,0,0.00,999.00
17:13:00.027,399753.7877,4091879.8061,global,154.69,171.98,0.279,2.00,5.19,3.89,11.41,9.70,0.10,0.50,99.00,0,0,0,0,0,0.00,999.00
17:13:00.074,399753.4507,4091879.9211,global,154.63,174.87,0.212,2.00,5.19,-3.83,11.41,9.70,0.10,0.50,99.00,0,0,0,0,0,0.00,999.00
17:13:00.157,399753.4507,4091879.9211,global,154.95,174.87,0.212,2.00,5.19,-3.51,11.41,9.70,0.10,0.50,99.00,0,0,0,0,0,0.00,999.00
17:13:00.174,399753.4507,4091879.9211,global,155.40,174.87,0.212,2.00,5.19,-3.06,11.41,9.70,0.10,0.50,99.00,0,0,0,0,0,0.00,999.00
17:13:00.227,399753.4507,4091879.9211,global,156.36,174.87,0.212,2.00,5.00,-1.52,-0.57,9.70,0.10,0.50,99.00,0,0,0,0,0,0.00,999.00
17:13:00.278,399753.4507,4091879.9211,global,157.33,174.87,0.212,2.00,5.00,-0.56,-0.57,9.70,0.10,0.50,99.00,0,0,0,0,0,0.00,999.00
17:13:00.324,399753.1134,4091880.0027,global,158.50,174.73,0.161,2.00,4.75,-2.49,-8.15,9.70,0.10,0.50,99.00,0,0,0,0,0,0.00,999.00
17:13:00.375,399753.1134,4091880.0027,global,159.64,174.73,0.161,2.00,4.75,-1.35,-8.15,9.70,0.10,0.50,99.00,0,0,0,0,0,0.00,999.00
17:13:00.427,399753.1134,4091880.0027,global,161.06,174.73,0.161,2.00,4.75,0.07,-8.15,9.70,0.10,0.50,99.00,0,0,0,0,0,0.00,999.00
17:13:00.478,399753.1134,4091880.0027,global,163.50,174.73,0.161,2.00,5.60,0.49,-6.70,9.70,0.10,0.50,99.00,0,0,0,0,0,0.00,999.00
17:13:00.529,399753.1134,4091880.0027,global,164.80,174.73,0.161,2.00,5.60,1.79,-6.70,9.70,0.10,0.50,99.00,0,0,0,0,0,0.00,999.00
17:13:00.576,399752.7930,4091880.0176,global,165.97,172.22,0.181,2.00,4.99,8.36,-0.27,9.70,0.10,0.50,99.00,0,0,0,0,0,0.00,999.00
17:13:00.626,399752.7930,4091880.0176,global,166.57,172.22,0.181,2.00,4.99,8.96,-0.27,9.70,0.10,0.50,99.00,0,0,0,0,0,0.00,999.00
17:13:00.677,399752.7930,4091880.0176,global,167.36,172.22,0.181,2.00,4.99,9.75,-0.27,9.70,0.10,0.50,99.00,0,0,0,0,0,0.00,999.00
17:13:00.729,399752.7930,4091880.0176,global,167.72,172.22,0.181,2.00,4.81,10.61,8.14,9.70,0.10,0.50,99.00,0,0,0,0,0,0.00,999.00
17:13:00.774,399752.7930,4091880.0176,global,168.03,172.22,0.181,2.00,4.81,10.92,8.14,9.70,0.10,0.50,99.00,0,0,0,0,0,0.00,999.00
17:13:00.824,399752.4552,4091880.0549,global,168.02,170.47,0.177,2.00,4.81,12.36,8.14,9.70,0.10,0.50,99.00,0,0,0,0,0,0.00,999.00
17:13:00.875,399752.4552,4091880.0549,global,167.91,170.47,0.177,2.00,4.99,11.76,15.55,9.70,0.10,0.50,99.00,0,0,0,0,0,0.00,999.00
17:13:00.930,399752.4552,4091880.0549,global,167.46,170.47,0.177,2.00,4.99,11.31,15.55,9.70,0.10,0.50,99.00,0,0,0,0,0,0.00,999.00
17:13:00.976,399752.4552,4091880.0549,global,167.13,170.47,0.177,2.00,4.76,11.65,15.48,9.70,0.10,0.50,99.00,0,0,0,0,0,0.00,999.00
17:13:01.024,399752.4552,4091880.0549,global,166.86,170.47,0.177,2.00,4.76,11.37,15.48,9.70,0.10,0.50,99.00,0,0,0,0,0,0.00,999.00
17:13:01.077,399752.1084,4091880.0923,global,166.60,175.00,0.199,2.00,4.76,8.37,15.48,9.70,0.10,0.50,99.00,0,0,0,0,0,0.00,999.00
17:13:01.129,399752.1084,4091880.0923,global,166.45,175.00,0.199,2.00,4.88,7.82,10.85,9.70,0.10,0.50,99.00,0,0,0,0,0,0.00,999.00
17:13:01.179,399752.1084,4091880.0923,global,166.50,175.00,0.199,2.00,4.88,7.87,10.85,9.70,0.10,0.50,99.00,0,0,0,0,0,0.00,999.00
17:13:01.227,399752.1084,4091880.0923,global,166.63,175.00,0.199,2.00,4.88,8.00,7.76,9.70,0.10,0.50,99.00,0,0,0,0,0,0.00,999.00
17:13:01.276,399752.1084,4091880.0923,global,166.89,175.00,0.199,2.00,4.99,7.92,7.76,9.70,0.10,0.50,99.00,0,0,0,0,0,0.00,999.00
17:13:01.324,399751.7704,4091880.1185,global,167.10,173.55,0.203,2.00,4.99,9.89,7.76,9.70,0.10,0.50,99.00,0,0,0,0,0,0.00,999.00
17:13:01.379,399751.7704,4091880.1185,global,167.41,173.55,0.203,2.00,4.77,10.89,6.94,9.70,0.10,0.50,99.00,0,0,0,0,0,0.00,999.00
17:13:01.430,399751.7704,4091880.1185,global,167.60,173.55,0.203,2.00,4.77,11.09,6.94,9.70,0.10,0.50,99.00,0,0,0,0,0,0.00,999.00
17:13:01.481,399751.7704,4091880.1185,global,167.88,173.55,0.203,2.00,4.99,10.65,6.96,9.70,0.10,0.50,99.00,0,0,0,0,0,0.00,999.00
17:13:01.524,399751.7704,4091880.1185,global,168.22,173.55,0.203,2.00,4.99,10.99,6.96,9.70,0.10,0.50,99.00,0,0,0,0,0,0.00,999.00
17:13:01.578,399751.4324,4091880.1447,global,168.44,173.55,0.215,2.00,4.99,12.12,6.96,9.70,0.10,0.50,99.00,0,0,0,0,0,0.00,999.00
17:13:01.627,399751.4324,4091880.1447,global,168.65,173.55,0.215,2.00,4.81,12.93,8.73,9.70,0.10,0.50,99.00,0,0,0,0,0,0.00,999.00
17:13:01.678,399751.4324,4091880.1447,global,168.92,173.55,0.215,2.00,4.81,13.20,8.73,9.70,0.10,0.50,99.00,0,0,0,0,0,0.00,999.00
17:13:01.730,399751.4324,4091880.1447,global,169.08,173.55,0.215,2.00,4.99,12.77,10.05,9.70,0.10,0.50,99.00,0,0,0,0,0,0.00,999.00
17:13:01.776,399751.4324,4091880.1447,global,169.19,173.55,0.215,2.00,4.99,12.88,10.05,9.70,0.10,0.50,99.00,0,0,0,0,0,0.00,999.00
17:13:01.827,399751.0944,4091880.1708,global,169.23,175.13,0.226,2.00,4.99,12.15,10.05,9.70,0.10,0.50,99.00,0,0,0,0,0,0.00,999.00
17:13:01.878,399751.0944,4091880.1708,global,169.31,175.13,0.226,2.00,4.85,12.73,11.09,9.70,0.10,0.50,99.00,0,0,0,0,0,0.00,999.00
17:13:01.932,399751.0944,4091880.1708,global,169.37,175.13,0.226,2.00,4.85,12.78,11.09,9.70,0.10,0.50,99.00,0,0,0,0,0,0.00,999.00
17:13:01.982,399751.0944,4091880.1708,global,169.40,175.13,0.226,2.00,5.04,12.15,11.12,9.70,0.10,0.50,99.00,0,0,0,0,0,0.00,999.00
17:13:02.027,399751.0944,4091880.1708,global,169.42,175.13,0.226,2.00,5.04,12.16,11.12,9.70,0.10,0.50,99.00,0,0,0,0,0,0.00,999.00
17:13:02.078,399750.7385,4091880.1972,global,169.45,175.47,0.229,2.00,5.04,12.11,11.12,9.70,0.10,0.50,99.00,0,0,0,0,0,0.00,999.00
17:13:02.128,399750.7385,4091880.1972,global,169.43,175.47,0.229,2.00,4.88,12.64,11.43,9.70,0.10,0.50,99.00,0,0,0,0,0,0.00,999.00
17:13:02.179,399750.7385,4091880.1972,global,169.45,175.47,0.229,2.00,4.88,12.67,11.43,9.70,0.10,0.50,99.00,0,0,0,0,0,0.00,999.00
17:13:02.227,399750.7385,4091880.1972,global,169.51,175.47,0.229,2.00,4.84,12.88,11.30,9.70,0.10,0.50,99.00,0,0,0,0,0,0.00,999.00
17:13:02.276,399750.7385,4091880.1972,global,169.51,175.47,0.229,2.00,4.84,12.87,11.30,9.70,0.10,0.50,99.00,0,0,0,0,0,0.00,999.00
17:13:02.325,399750.4005,4091880.2234,global,169.54,175.13,0.230,2.00,4.84,13.33,11.30,9.70,0.10,0.50,99.00,0,0,0,0,0,0.00,999.00
17:13:02.382,399750.4005,4091880.2234,global,169.60,175.13,0.230,2.00,5.12,12.41,11.15,9.70,0.10,0.50,99.00,0,0,0,0,0,0.00,999.00
17:13:02.428,399750.4005,4091880.2234,global,169.61,175.13,0.230,2.00,5.12,12.42,11.15,9.70,0.10,0.50,99.00,0,0,0,0,0,0.00,999.00
17:13:02.483,399750.4005,4091880.2234,global,169.60,175.13,0.230,2.00,4.99,12.86,11.12,9.70,0.10,0.50,99.00,0,0,0,0,0,0.00,999.00
17:13:02.524,399750.4005,4091880.2234,global,169.63,175.13,0.230,2.00,4.99,12.89,11.12,9.70,0.10,0.50,99.00,0,0,0,0,0,0.00,999.00
17:13:02.575,399750.0446,4091880.2387,global,169.63,173.55,0.250,2.00,4.99,15.89,11.12,9.70,0.10,0.50,99.00,0,0,0,0,0,0.00,999.00
17:13:02.628,399750.0446,4091880.2387,global,169.66,173.55,0.250,2.00,4.99,15.94,11.18,9.70,0.10,0.50,99.00,0,0,0,0,0,0.00,999.00
17:13:02.676,399750.0446,4091880.2387,global,169.77,173.55,0.250,2.00,4.99,16.05,11.18,9.70,0.10,0.50,99.00,0,0,0,0,0,0.00,999.00
17:13:02.728,399750.0446,4091880.2387,global,169.68,173.55,0.250,2.00,5.04,15.77,11.12,9.70,0.10,0.50,99.00,0,0,0,0,0,0.00,999.00
17:13:02.777,399750.0446,4091880.2387,global,169.64,173.55,0.250,2.00,5.04,15.72,11.12,9.70,0.10,0.50,99.00,0,0,0,0,0,0.00,999.00
17:13:02.830,399749.6977,4091880.2650,global,169.66,168.94,0.252,2.00,5.14,20.17,11.58,9.70,0.10,0.50,99.00,0,0,0,0,0,0.00,999.00
17:13:02.879,399749.6977,4091880.2650,global,169.66,168.94,0.252,2.00,5.14,20.17,11.58,9.70,0.10,0.50,99.00,0,0,0,0,0,0.00,999.00
17:13:02.932,399749.6977,4091880.2650,global,169.67,168.94,0.252,2.00,4.99,20.71,13.09,9.70,0.10,0.50,99.00,0,0,0,0,0,0.00,999.00
17:13:02.976,399749.6977,4091880.2650,global,169.50,168.94,0.252,2.00,4.99,20.54,13.09,9.70,0.10,0.50,99.00,0,0,0,0,0,0.00,999.00
17:13:03.024,399749.6977,4091880.2650,global,169.36,168.94,0.252,2.00,4.99,20.41,13.09,9.70,0.10,0.50,99.00,0,0,0,0,0,0.00,999.00
17:13:03.075,399749.3417,4091880.2803,global,169.25,171.65,0.311,2.00,5.12,21.17,17.10,9.70,0.10,0.50,99.00,0,0,0,0,0,0.00,999.00
17:13:03.128,399749.3417,4091880.2803,global,168.61,171.65,0.311,2.00,5.12,20.54,17.10,9.70,0.10,0.50,99.00,0,0,0,0,0,0.00,999.00
17:13:03.181,399749.3417,4091880.2803,global,167.75,171.65,0.311,2.00,5.04,20.02,20.06,9.70,0.10,0.50,99.00,0,0,0,0,0,0.00,999.00
17:13:03.231,399749.3417,4091880.2803,global,167.33,171.65,0.311,2.00,5.04,19.60,20.06,9.70,0.10,0.50,99.00,0,0,0,0,0,0.00,999.00
17:13:03.274,399749.3417,4091880.2803,global,166.43,171.65,0.311,2.00,5.04,18.70,21.99,9.70,0.10,0.50,99.00,0,0,0,0,0,0.00,999.00
17:13:03.328,399748.9863,4091880.3400,global,165.65,170.24,0.301,2.00,5.19,18.08,21.99,9.70,0.10,0.50,99.00,0,0,0,0,0,0.00,999.00
17:13:03.380,399748.9863,4091880.3400,global,164.52,170.24,0.301,2.00,5.19,16.95,21.99,9.70,0.10,0.50,99.00,0,0,0,0,0,0.00,999.00
17:13:03.431,399748.9863,4091880.3400,global,163.87,170.24,0.301,2.00,5.06,16.84,21.99,9.70,0.10,0.50,99.00,0,0,0,0,0,0.00,999.00
17:13:03.511,399748.9863,4091880.3400,global,162.92,170.24,0.301,2.00,5.06,15.89,21.99,9.70,0.10,0.50,99.00,0,0,0,0,0,0.00,999.00
17:13:03.527,399748.9863,4091880.3400,global,162.59,170.24,0.301,2.00,5.06,15.56,21.99,9.70,0.10,0.50,99.00,0,0,0,0,0,0.00,999.00
17:13:03.574,399748.6312,4091880.4219,global,161.35,164.24,0.272,2.00,5.13,17.98,19.77,9.70,0.10,0.50,99.00,0,0,0,0,0,0.00,999.00
17:13:03.624,399748.6312,4091880.4219,global,160.64,164.24,0.272,2.00,5.13,17.27,19.77,9.70,0.10,0.50,99.00,0,0,0,0,0,0.00,999.00
17:13:03.677,399748.6312,4091880.4219,global,160.16,164.24,0.272,2.00,5.04,17.11,18.19,9.70,0.10,0.50,99.00,0,0,0,0,0,0.00,999.00
17:13:03.733,399748.6312,4091880.4219,global,159.71,164.24,0.272,2.00,5.04,16.66,18.19,9.70,0.10,0.50,99.00,0,0,0,0,0,0.00,999.00
17:13:03.774,399748.6312,4091880.4219,global,159.21,164.24,0.272,2.00,5.04,16.16,17.03,9.70,0.10,0.50,99.00,0,0,0,0,0,0.00,999.00
17:13:03.824,399748.2760,4091880.5037,global,158.68,166.39,0.292,2.00,5.04,14.91,17.03,9.70,0.10,0.50,99.00,0,0,0,0,0,0.00,999.00
17:13:03.877,399748.2760,4091880.5037,global,158.47,166.39,0.292,2.00,5.04,14.71,17.03,9.70,0.10,0.50,99.00,0,0,0,0,0,0.00,999.00
17:13:03.930,399748.2760,4091880.5037,global,157.88,166.39,0.292,2.00,5.23,13.38,17.16,9.70,0.10,0.50,99.00,0,0,0,0,0,0.00,999.00
17:13:03.976,399748.2760,4091880.5037,global,157.28,166.39,0.292,2.00,5.23,12.78,17.16,9.70,0.10,0.50,99.00,0,0,0,0,0,0.00,999.00
17:13:04.025,399748.2760,4091880.5037,global,156.93,166.39,0.292,2.00,5.23,12.44,17.16,9.70,0.10,0.50,99.00,0,0,0,0,0,0.00,999.00
17:13:04.075,399747.9303,4091880.6299,global,156.54,167.90,0.252,2.00,4.95,8.76,17.02,9.70,0.10,0.50,99.00,0,0,0,0,0,0.00,999.00
17:13:04.127,399747.9303,4091880.6299,global,155.97,167.90,0.252,2.00,4.95,8.19,17.02,9.70,0.10,0.50,99.00,0,0,0,0,0,0.00,999.00
17:13:04.178,399747.9303,4091880.6299,global,155.46,167.90,0.252,2.00,5.34,6.33,15.51,9.70,0.10,0.50,99.00,0,0,0,0,0,0.00,999.00
17:13:04.229,399747.9303,4091880.6299,global,155.17,167.90,0.252,2.00,5.34,6.04,15.51,9.70,0.10,0.50,99.00,0,0,0,0,0,0.00,999.00
17:13:04.276,399747.9303,4091880.6299,global,154.81,167.90,0.252,2.00,5.04,6.71,12.12,9.70,0.10,0.50,99.00,0,0,0,0,0,0.00,999.00
17:13:04.325,399747.5754,4091880.7339,global,154.71,165.70,0.224,2.00,5.04,6.76,12.12,9.70,0.10,0.50,99.00,0,0,0,0,0,0.00,999.00
17:13:04.379,399747.5754,4091880.7339,global,155.02,165.70,0.224,2.00,5.04,7.07,12.12,9.70,0.10,0.50,99.00,0,0,0,0,0,0.00,999.00
17:13:04.429,399747.5754,4091880.7339,global,155.40,165.70,0.224,2.00,5.26,6.75,2.62,9.70,0.10,0.50,99.00,0,0,0,0,0,0.00,999.00
17:13:04.479,399747.5754,4091880.7339,global,156.18,165.70,0.224,2.00,5.26,7.53,2.62,9.70,0.10,0.50,99.00,0,0,0,0,0,0.00,999.00
17:13:04.533,399747.5754,4091880.7339,global,156.79,165.70,0.224,2.00,5.26,8.14,0.54,9.70,0.10,0.50,99.00,0,0,0,0,0,0.00,999.00
17:13:04.577,399747.2383,4091880.8378,global,157.71,166.06,0.207,2.00,5.24,7.50,0.54,9.70,0.10,0.50,99.00,0,0,0,0,0,0.00,999.00
17:13:04.629,399747.2383,4091880.8378,global,158.39,166.06,0.207,2.00,5.24,8.18,0.54,9.70,0.10,0.50,99.00,0,0,0,0,0,0.00,999.00
17:13:04.674,399747.2383,4091880.8378,global,159.11,166.06,0.207,2.00,5.09,9.35,6.80,9.70,0.10,0.50,99.00,0,0,0,0,0,0.00,999.00
17:13:04.729,399747.2383,4091880.8378,global,159.37,166.06,0.207,2.00,5.09,9.61,6.80,9.70,0.10,0.50,99.00,0,0,0,0,0,0.00,999.00
17:13:04.776,399747.2383,4091880.8378,global,159.54,166.06,0.207,2.00,5.39,8.92,11.30,9.70,0.10,0.50,99.00,0,0,0,0,0,0.00,999.00
17:13:04.828,399746.8830,4091880.9085,global,159.56,169.23,0.222,2.00,5.39,6.82,11.30,9.70,0.10,0.50,99.00,0,0,0,0,0,0.00,999.00
17:13:04.878,399746.8830,4091880.9085,global,159.49,169.23,0.222,2.00,5.39,6.76,11.30,9.70,0.10,0.50,99.00,0,0,0,0,0,0.00,999.00
17:13:04.933,399746.8830,4091880.9085,global,159.53,169.23,0.222,2.00,5.12,7.60,11.41,9.70,0.10,0.50,99.00,0,0,0,0,0,0.00,999.00
17:13:04.979,399746.8830,4091880.9085,global,159.55,169.23,0.222,2.00,5.12,7.61,11.41,9.70,0.10,0.50,99.00,0,0,0,0,0,0.00,999.00
17:13:05.028,399746.8830,4091880.9085,global,159.60,169.23,0.222,2.00,5.44,6.72,7.09,9.70,0.10,0.50,99.00,0,0,0,0,0,0.00,999.00
17:13:05.080,399746.5190,4091880.9905,global,159.90,165.33,0.215,2.00,5.44,10.47,7.09,9.70,0.10,0.50,99.00,0,0,0,0,0,0.00,999.00
17:13:05.130,399746.5190,4091880.9905,global,160.26,165.33,0.215,2.00,5.44,10.83,4.31,9.70,0.10,0.50,99.00,0,0,0,0,0,0.00,999.00
17:13:05.179,399746.5190,4091880.9905,global,160.82,165.33,0.215,2.00,5.34,11.70,4.31,9.70,0.10,0.50,99.00,0,0,0,0,0,0.00,999.00
17:13:05.229,399746.5190,4091880.9905,global,161.22,165.33,0.215,2.00,5.34,12.09,4.31,9.70,0.10,0.50,99.00,0,0,0,0,0,0.00,999.00
17:13:05.278,399746.5190,4091880.9905,global,161.82,165.33,0.215,2.00,5.12,13.33,8.21,9.70,0.10,0.50,99.00,0,0,0,0,0,0.00,999.00
17:13:05.328,399746.1637,4091881.0613,global,162.09,163.42,0.241,2.00,5.12,17.36,8.21,9.70,0.10,0.50,99.00,0,0,0,0,0,0.00,999.00
17:13:05.374,399746.1637,4091881.0613,global,162.12,163.42,0.241,2.00,5.12,17.39,14.62,9.70,0.10,0.50,99.00,0,0,0,0,0,0.00,999.00
17:13:05.427,399746.1637,4091881.0613,global,161.93,163.42,0.241,2.00,5.64,15.59,14.62,9.70,0.10,0.50,99.00,0,0,0,0,0,0.00,999.00
17:13:05.479,399746.1637,4091881.0613,global,161.33,163.42,0.241,2.00,5.64,14.99,14.62,9.70,0.10,0.50,99.00,0,0,0,0,0,0.00,999.00
17:13:05.527,399746.1637,4091881.0613,global,160.89,163.42,0.241,2.00,5.19,15.94,17.79,9.70,0.10,0.50,99.00,0,0,0,0,0,0.00,999.00
17:13:05.578,399745.7996,4091881.1433,global,160.23,165.76,0.255,2.00,5.19,13.94,17.79,9.70,0.10,0.50,99.00,0,0,0,0,0,0.00,999.00
17:13:05.630,399745.7996,4091881.1433,global,159.84,165.76,0.255,2.00,5.24,13.39,17.68,9.70,0.10,0.50,99.00,0,0,0,0,0,0.00,999.00
17:13:05.674,399745.7996,4091881.1433,global,159.21,165.76,0.255,2.00,5.24,12.76,17.68,9.70,0.10,0.50,99.00,0,0,0,0,0,0.00,999.00
17:13:05.728,399745.7996,4091881.1433,global,158.79,165.76,0.255,2.00,5.24,12.33,17.68,9.70,0.10,0.50,99.00,0,0,0,0,0,0.00,999.00
17:13:05.774,399745.7996,4091881.1433,global,158.17,165.76,0.255,2.00,5.42,11.13,16.13,9.70,0.10,0.50,99.00,0,0,0,0,0,0.00,999.00
17:13:05.824,399745.4270,4091881.2586,global,157.74,169.89,0.236,2.00,5.42,5.25,16.13,9.70,0.10,0.50,99.00,0,0,0,0,0,0.00,999.00
17:13:05.874,399745.4270,4091881.2586,global,157.57,169.89,0.236,2.00,5.26,5.56,13.43,9.70,0.10,0.50,99.00,0,0,0,0,0,0.00,999.00
17:13:05.931,399745.4270,4091881.2586,global,157.44,169.89,0.236,2.00,5.26,5.43,13.43,9.70,0.10,0.50,99.00,0,0,0,0,0,0.00,999.00
17:13:05.976,399745.4270,4091881.2586,global,157.31,169.89,0.236,2.00,5.52,4.51,10.99,9.70,0.10,0.50,99.00,0,0,0,0,0,0.00,999.00
17:13:06.027,399745.4270,4091881.2586,global,157.27,169.89,0.236,2.00,5.52,4.47,10.99,9.70,0.10,0.50,99.00,0,0,0,0,0,0.00,999.00
17:13:06.077,399745.0631,4091881.3517,global,157.32,165.33,0.215,2.00,5.52,7.68,10.99,9.70,0.10,0.50,99.00,0,0,0,0,0,0.00,999.00
17:13:06.130,399745.0631,4091881.3517,global,157.59,165.33,0.215,2.00,5.30,8.57,7.70,9.70,0.10,0.50,99.00,0,0,0,0,0,0.00,999.00
17:13:06.180,399745.0631,4091881.3517,global,157.83,165.33,0.215,2.00,5.30,8.81,7.70,9.70,0.10,0.50,99.00,0,0,0,0,0,0.00,999.00
17:13:06.233,399745.0631,4091881.3517,global,158.13,165.33,0.215,2.00,5.53,8.45,4.17,9.70,0.10,0.50,99.00,0,0,0,0,0,0.00,999.00
17:13:06.274,399745.0631,4091881.3517,global,158.76,165.33,0.215,2.00,5.53,9.08,4.17,9.70,0.10,0.50,99.00,0,0,0,0,0,0.00,999.00
17:13:06.326,399744.6992,4091881.4447,global,159.25,168.47,0.215,2.00,5.53,6.38,4.17,9.70,0.10,0.50,99.00,0,0,0,0,0,0.00,999.00
17:13:06.379,399744.6992,4091881.4447,global,160.12,168.47,0.215,2.00,5.26,8.01,3.81,9.70,0.10,0.50,99.00,0,0,0,0,0,0.00,999.00
17:13:06.429,399744.6992,4091881.4447,global,160.70,168.47,0.215,2.00,5.26,8.59,3.81,9.70,0.10,0.50,99.00,0,0,0,0,0,0.00,999.00
17:13:06.481,399744.6992,4091881.4447,global,161.25,168.47,0.215,2.00,5.39,8.77,7.80,9.70,0.10,0.50,99.00,0,0,0,0,0,0.00,999.00
17:13:06.526,399744.6992,4091881.4447,global,161.44,168.47,0.215,2.00,5.39,8.97,7.80,9.70,0.10,0.50,99.00,0,0,0,0,0,0.00,999.00
17:13:06.574,399744.3350,4091881.5156,global,161.56,164.77,0.222,2.00,5.39,13.34,7.80,9.70,0.10,0.50,99.00,0,0,0,0,0,0.00,999.00
17:13:06.628,399744.3350,4091881.5156,global,161.57,164.77,0.222,2.00,5.34,13.51,12.36,9.70,0.10,0.50,99.00,0,0,0,0,0,0.00,999.00
17:13:06.676,399744.3350,4091881.5156,global,161.46,164.77,0.222,2.00,5.34,13.40,12.36,9.70,0.10,0.50,99.00,0,0,0,0,0,0.00,999.00
17:13:06.726,399744.3350,4091881.5156,global,161.46,164.77,0.222,2.00,5.39,13.24,12.49,9.70,0.10,0.50,99.00,0,0,0,0,0,0.00,999.00
17:13:06.774,399744.3350,4091881.5156,global,161.37,164.77,0.222,2.00,5.39,13.15,12.49,9.70,0.10,0.50,99.00,0,0,0,0,0,0.00,999.00
17:13:06.825,399743.9441,4091881.5868,global,161.19,179.32,0.211,2.00,5.39,-2.40,12.49,9.70,0.10,0.50,99.00,0,0,0,0,0,0.00,999.00
17:13:06.879,399743.9441,4091881.5868,global,161.03,179.32,0.211,2.00,5.47,-2.78,12.45,9.70,0.10,0.50,99.00,0,0,0,0,0,0.00,999.00
17:13:06.927,399743.9441,4091881.5868,global,160.89,179.32,0.211,2.00,5.47,-2.91,12.45,9.70,0.10,0.50,99.00,0,0,0,0,0,0.00,999.00
17:13:06.980,399743.9441,4091881.5868,global,160.98,179.32,0.211,2.00,5.53,-3.00,12.60,9.70,0.10,0.50,99.00,0,0,0,0,0,0.00,999.00
17:13:07.031,399743.9441,4091881.5868,global,160.79,179.32,0.211,2.00,5.53,-3.19,12.60,9.70,0.10,0.50,99.00,0,0,0,0,0,0.00,999.00
17:13:07.075,399743.5803,4091881.6910,global,160.66,-174.75,0.137,2.00,5.53,-14.49,8.74,9.70,0.10,0.50,99.00,0,0,0,0,0,0.00,999.00
17:13:07.124,399743.5803,4091881.6910,global,160.67,-174.75,0.137,2.00,5.53,-14.48,8.74,9.70,0.10,0.50,99.00,0,0,0,0,0,0.00,999.00
17:13:07.177,399743.5803,4091881.6910,global,161.17,-174.75,0.137,2.00,5.53,-13.97,8.74,9.70,0.10,0.50,99.00,0,0,0,0,0,0.00,999.00
17:13:07.229,399743.5803,4091881.6910,global,161.91,-174.75,0.137,2.00,5.16,-12.51,-5.47,9.70,0.10,0.50,99.00,0,0,0,0,0,0.00,999.00
17:13:07.275,399743.5803,4091881.6910,global,163.53,-174.75,0.137,2.00,5.16,-10.89,-5.47,9.70,0.10,0.50,99.00,0,0,0,0,0,0.00,999.00
17:13:07.324,399743.2159,4091881.7397,global,165.86,-178.03,0.062,2.00,5.16,-11.20,-5.47,9.70,0.10,0.50,99.00,0,0,0,0,0,0.00,999.00
17:13:07.377,399743.2159,4091881.7397,global,166.82,-178.03,0.062,2.00,5.82,-10.79,-15.91,9.70,0.10,0.50,99.00,0,0,0,0,0,0.00,999.00
17:13:07.427,399743.2159,4091881.7397,global,169.94,-178.03,0.062,2.00,5.82,-7.66,-15.91,9.70,0.10,0.50,99.00,0,0,0,0,0,0.00,999.00
17:13:07.480,399743.2159,4091881.7397,global,172.79,-178.03,0.062,2.00,5.34,-4.43,-12.69,9.70,0.10,0.50,99.00,0,0,0,0,0,0.00,999.00
17:13:07.525,399743.2159,4091881.7397,global,174.41,-178.03,0.062,2.00,5.34,-2.80,-12.69,9.70,0.10,0.50,99.00,0,0,0,0,0,0.00,999.00
17:13:07.579,399742.8768,4091881.6771,global,176.91,170.47,0.143,2.00,5.34,17.33,-12.69,9.70,0.10,0.50,99.00,0,0,0,0,0,0.00,999.00
17:13:07.630,399742.8768,4091881.6771,global,178.24,170.47,0.143,2.00,5.36,18.61,-4.61,9.70,0.10,0.50,99.00,0,0,0,0,0,0.00,999.00
17:13:07.678,399742.8768,4091881.6771,global,179.82,170.47,0.143,2.00,5.36,20.20,-4.61,9.70,0.10,0.50,99.00,0,0,0,0,0,0.00,999.00
17:13:07.727,399742.8768,4091881.6771,global,-179.32,170.47,0.143,2.00,6.45,19.25,2.98,9.70,0.10,0.50,99.00,0,0,0,0,0,0.00,999.00
17:13:07.774,399742.8768,4091881.6771,global,-178.39,170.47,0.143,2.00,6.45,20.18,2.98,9.70,0.10,0.50,99.00,0,0,0,0,0,0.00,999.00
17:13:07.824,399742.5201,4091881.6258,global,-178.07,170.09,0.253,2.00,6.45,22.00,2.98,9.70,0.10,0.50,99.00,0,0,0,0,0,0.00,999.00
17:13:07.877,399742.5201,4091881.6258,global,-178.17,170.09,0.253,2.00,5.09,22.00,15.32,9.70,0.10,0.50,99.00,0,0,0,0,0,0.00,999.00
17:13:07.927,399742.5201,4091881.6258,global,-178.47,170.09,0.253,2.00,5.09,22.00,15.32,9.70,0.10,0.50,99.00,0,0,0,0,0,0.00,999.00
17:13:08.016,399742.5201,4091881.6258,global,-179.18,170.09,0.253,2.00,6.32,22.00,21.99,9.70,0.10,0.50,99.00,0,0,0,0,0,0.00,999.00
17:13:08.034,399742.5201,4091881.6258,global,-179.50,170.09,0.253,2.00,6.32,22.00,21.99,9.70,0.10,0.50,99.00,0,0,0,0,0,0.00,999.00
17:13:08.074,399742.1368,4091881.5860,global,178.61,170.82,0.371,2.00,5.52,22.00,21.99,9.70,0.10,0.50,99.00,0,0,0,0,0,0.00,999.00
17:13:08.124,399742.1368,4091881.5860,global,176.69,170.82,0.371,2.00,5.52,22.00,21.99,9.70,0.10,0.50,99.00,0,0,0,0,0,0.00,999.00
17:13:08.174,399742.1368,4091881.5860,global,175.41,170.82,0.371,2.00,5.52,22.00,21.99,9.70,0.10,0.50,99.00,0,0,0,0,0,0.00,999.00
17:13:08.224,399742.1368,4091881.5860,global,174.38,170.82,0.371,2.00,5.09,22.00,21.99,9.70,0.10,0.50,99.00,0,0,0,0,0,0.00,999.00
17:13:08.277,399742.1368,4091881.5860,global,172.86,170.82,0.371,2.00,5.09,22.00,21.99,9.70,0.10,0.50,99.00,0,0,0,0,0,0.00,999.00
17:13:08.325,399741.7448,4091881.5684,global,171.73,167.59,0.454,2.00,5.53,22.00,21.99,9.70,0.10,0.50,99.00,0,0,0,0,0,0.00,999.00
17:13:08.378,399741.7448,4091881.5684,global,169.93,167.59,0.454,2.00,5.53,22.00,21.99,9.70,0.10,0.50,99.00,0,0,0,0,0,0.00,999.00
17:13:08.427,399741.7448,4091881.5684,global,168.73,167.59,0.454,2.00,5.85,22.00,21.99,9.70,0.10,0.50,99.00,0,0,0,0,0,0.00,999.00
17:13:08.478,399741.7448,4091881.5684,global,167.06,167.59,0.454,2.00,5.85,22.00,21.99,9.70,0.10,0.50,99.00,0,0,0,0,0,0.00,999.00
17:13:08.525,399741.7448,4091881.5684,global,165.93,167.59,0.454,2.00,4.99,22.00,21.99,9.70,0.10,0.50,99.00,0,0,0,0,0,0.00,999.00
17:13:08.578,399741.3719,4091881.6505,global,164.13,173.85,0.423,2.00,4.99,21.69,21.99,9.70,0.10,0.50,99.00,0,0,0,0,0,0.00,999.00
17:13:08.629,399741.3719,4091881.6505,global,162.99,173.85,0.423,2.00,4.99,20.55,21.99,9.70,0.10,0.50,99.00,0,0,0,0,0,0.00,999.00
17:13:08.678,399741.3719,4091881.6505,global,161.27,173.85,0.423,2.00,5.60,15.96,21.99,9.70,0.10,0.50,99.00,0,0,0,0,0,0.00,999.00
17:13:08.728,399741.3719,4091881.6505,global,160.06,173.85,0.423,2.00,5.60,14.75,21.99,9.70,0.10,0.50,99.00,0,0,0,0,0,0.00,999.00
17:13:08.774,399741.3719,4091881.6505,global,158.29,173.85,0.423,2.00,5.24,14.61,21.99,9.70,0.10,0.50,99.00,0,0,0,0,0,0.00,999.00
17:13:08.826,399741.0083,4091881.7769,global,157.07,157.07,0.395,2.00,5.24,22.00,21.99,9.70,0.10,0.50,99.00,0,0,0,0,0,0.00,999.00
17:13:08.875,399741.0083,4091881.7769,global,155.48,155.48,0.399,2.00,5.24,22.00,21.99,9.70,0.10,0.50,99.00,0,0,0,0,0,0.00,999.00
17:13:08.930,399741.0083,4091881.7769,global,154.64,154.64,0.401,2.00,5.34,22.00,20.65,9.70,0.10,0.50,99.00,0,0,0,0,0,0.00,999.00
17:13:08.977,399741.0083,4091881.7769,global,153.65,153.65,0.403,2.00,5.34,22.00,20.65,9.70,0.10,0.50,99.00,0,0,0,0,0,0.00,999.00
17:13:09.024,399741.0083,4091881.7769,global,152.77,152.77,0.405,2.00,5.99,22.00,19.73,9.70,0.10,0.50,99.00,0,0,0,0,0,0.00,999.00
17:13:09.075,399740.6451,4091881.9254,global,152.17,152.17,0.445,2.00,5.99,22.00,19.73,9.70,0.10,0.50,99.00,0,0,0,0,0,0.00,999.00
17:13:09.128,399740.6451,4091881.9254,global,151.57,151.57,0.450,2.00,5.99,22.00,19.73,9.70,0.10,0.50,99.00,0,0,0,0,0,0.00,999.00
17:13:09.177,399740.6451,4091881.9254,global,150.42,150.42,0.460,2.00,5.26,22.00,21.52,9.70,0.10,0.50,99.00,0,0,0,0,0,0.00,999.00
17:13:09.226,399740.6451,4091881.9254,global,149.68,149.68,0.466,2.00,5.26,22.00,21.52,9.70,0.10,0.50,99.00,0,0,0,0,0,0.00,999.00
17:13:09.280,399740.6451,4091881.9254,global,148.60,148.60,0.475,2.00,5.26,22.00,21.52,9.70,0.10,0.50,99.00,0,0,0,0,0,0.00,999.00
17:13:09.329,399740.2911,4091882.1071,global,147.92,147.92,0.515,2.00,5.26,22.00,21.45,9.70,0.10,0.50,99.00,0,0,0,0,0,0.00,999.00
