time,utm_x,utm_y,path_type,vehicle_yaw_deg,path_yaw_deg,cte_meter,k_gain,v_kmh,target_steer_deg,current_steer_deg,kp,ki,kd,closest_cluster_dist,r_state,y_state,g_state,f_state,l_state,light_area,stopline_dist
17:50:40.547,399739.8897,4091874.5115,global,-20.28,-20.28,-0.009,2.00,0.00,-1.03,-7.78,10.00,0.00,0.50,99.00,0,0,0,0,0,0.00,999.00
17:50:40.597,399739.8897,4091874.5115,global,-20.28,-20.28,-0.009,2.00,0.00,-1.03,-7.75,10.00,0.00,0.50,99.00,0,0,0,0,0,0.00,999.00
17:50:40.647,399739.8897,4091874.5115,global,-20.28,-20.28,-0.009,2.00,0.00,-1.03,-7.75,10.00,0.00,0.50,99.00,0,0,0,0,0,0.00,999.00
17:50:40.697,399739.8897,4091874.5115,global,-20.28,-20.28,-0.009,2.00,0.40,-1.03,-7.38,10.00,0.00,0.50,99.00,0,0,0,0,0,0.00,999.00
17:50:40.747,399739.8897,4091874.5115,global,-20.27,-20.28,-0.009,2.00,0.40,-1.02,-7.38,10.00,0.00,0.50,99.00,0,0,0,0,0,0.00,999.00
17:50:40.797,399739.8897,4091874.5115,global,-20.24,-20.28,-0.009,2.00,0.40,-0.99,-7.38,10.00,0.00,0.50,99.00,0,0,0,0,0,0.00,999.00
17:50:40.847,399739.8897,4091874.5115,global,-20.21,-20.28,-0.009,2.00,0.14,-0.96,-5.53,10.00,0.00,0.50,99.00,0,0,0,0,0,0.00,999.00
17:50:40.897,399739.8897,4091874.5115,global,-20.16,-20.28,-0.009,2.00,0.14,-0.91,-5.53,10.00,0.00,0.50,99.00,0,0,0,0,0,0.00,999.00
17:50:40.947,399739.8897,4091874.5115,global,-20.15,-20.28,-0.009,2.00,0.60,-0.90,-5.21,10.00,0.00,0.50,99.00,0,0,0,0,0,0.00,999.00
17:50:40.997,399739.8897,4091874.5115,global,-20.19,-20.28,-0.009,2.00,0.60,-0.94,-5.21,10.00,0.00,0.50,99.00,0,0,0,0,0,0.00,999.00
17:50:41.048,399739.9253,4091874.5111,global,-20.22,-26.29,-0.003,2.00,0.60,5.72,-5.21,10.00,0.00,0.50,99.00,0,0,0,0,0,0.00,999.00
17:50:41.097,399739.9253,4091874.5111,global,-20.22,-26.29,-0.003,2.00,0.82,5.71,-5.50,10.00,0.00,0.50,99.00,0,0,0,0,0,0.00,999.00
17:50:41.147,399739.9253,4091874.5111,global,-20.21,-26.29,-0.003,2.00,0.82,5.73,-5.50,10.00,0.00,0.50,99.00,0,0,0,0,0,0.00,999.00
17:50:41.197,399739.9253,4091874.5111,global,-20.19,-26.29,-0.003,2.00,0.81,5.74,-5.62,10.00,0.00,0.50,99.00,0,0,0,0,0,0.00,999.00
17:50:41.247,399739.9253,4091874.5111,global,-20.19,-26.29,-0.003,2.00,0.81,5.74,-5.62,10.00,0.00,0.50,99.00,0,0,0,0,0,0.00,999.00
17:50:41.297,399740.0051,4091874.4879,global,-20.25,-26.29,0.012,2.00,0.81,7.36,-5.62,10.00,0.00,0.50,99.00,0,0,0,0,0,0.00,999.00
17:50:41.347,399740.0051,4091874.4879,global,-20.27,-26.29,0.012,2.00,1.38,7.34,1.85,10.00,0.00,0.50,99.00,0,0,0,0,0,0.00,999.00
17:50:41.397,399740.0051,4091874.4879,global,-20.46,-26.29,0.012,2.00,1.38,7.15,1.85,10.00,0.00,0.50,99.00,0,0,0,0,0,0.00,999.00
17:50:41.447,399740.0051,4091874.4879,global,-20.68,-26.29,0.012,2.00,1.80,6.93,8.30,10.00,0.00,0.50,99.00,0,0,0,0,0,0.00,999.00
17:50:41.497,399740.0051,4091874.4879,global,-21.16,-26.29,0.012,2.00,1.80,6.45,8.30,10.00,0.00,0.50,99.00,0,0,0,0,0,0.00,999.00
17:50:41.548,399740.1029,4091874.4757,global,-21.50,-15.63,0.045,2.00,1.80,-0.71,8.30,10.00,0.00,0.50,99.00,0,0,0,0,0,0.00,999.00
17:50:41.597,399740.1029,4091874.4757,global,-22.00,-15.63,0.045,2.00,1.65,-1.21,6.79,10.00,0.00,0.50,99.00,0,0,0,0,0,0.00,999.00
17:50:41.648,399740.1029,4091874.4757,global,-22.31,-15.63,0.045,2.00,1.65,-1.52,6.79,10.00,0.00,0.50,99.00,0,0,0,0,0,0.00,999.00
17:50:41.697,399740.1029,4091874.4757,global,-22.71,-15.63,0.045,2.00,1.81,-1.91,3.31,10.00,0.00,0.50,99.00,0,0,0,0,0,0.00,999.00
17:50:41.747,399740.1029,4091874.4757,global,-22.92,-15.63,0.045,2.00,1.81,-2.13,3.31,10.00,0.00,0.50,99.00,0,0,0,0,0,0.00,999.00
17:50:41.797,399740.2270,4091874.4298,global,-23.28,-6.61,0.034,2.00,1.81,-12.78,2.41,10.00,0.00,0.50,99.00,0,0,0,0,0,0.00,999.00
17:50:41.847,399740.2270,4091874.4298,global,-23.47,-6.61,0.034,2.00,1.81,-12.98,2.41,10.00,0.00,0.50,99.00,0,0,0,0,0,0.00,999.00
17:50:41.897,399740.2270,4091874.4298,global,-23.80,-6.61,0.034,2.00,1.81,-13.30,2.41,10.00,0.00,0.50,99.00,0,0,0,0,0,0.00,999.00
17:50:41.947,399740.2270,4091874.4298,global,-23.91,-6.61,0.034,2.00,1.93,-13.41,-9.55,10.00,0.00,0.50,99.00,0,0,0,0,0,0.00,999.00
17:50:41.997,399740.2270,4091874.4298,global,-23.67,-6.61,0.034,2.00,1.93,-13.18,-9.55,10.00,0.00,0.50,99.00,0,0,0,0,0,0.00,999.00
17:50:42.047,399740.3602,4091874.3950,global,-23.33,-13.44,0.019,2.00,2.20,-7.74,-19.10,10.00,0.00,0.50,99.00,0,0,0,0,0,0.00,999.00
17:50:42.097,399740.3602,4091874.3950,global,-22.64,-13.44,0.019,2.00,2.20,-7.06,-19.10,10.00,0.00,0.50,99.00,0,0,0,0,0,0.00,999.00
17:50:42.147,399740.3602,4091874.3950,global,-22.13,-13.44,0.019,2.00,2.20,-6.55,-19.10,10.00,0.00,0.50,99.00,0,0,0,0,0,0.00,999.00
17:50:42.197,399740.3602,4091874.3950,global,-21.59,-13.44,0.019,2.00,3.03,-6.01,-11.27,10.00,0.00,0.50,99.00,0,0,0,0,0,0.00,999.00
17:50:42.247,399740.3602,4091874.3950,global,-21.53,-13.44,0.019,2.00,3.03,-5.94,-11.27,10.00,0.00,0.50,99.00,0,0,0,0,0,0.00,999.00
17:50:42.297,399740.5025,4091874.3822,global,-21.65,-24.67,0.029,2.00,2.99,6.34,-0.47,10.00,0.00,0.50,99.00,0,0,0,0,0,0.00,999.00
17:50:42.347,399740.5025,4091874.3822,global,-21.85,-24.67,0.029,2.00,2.99,6.13,-0.47,10.00,0.00,0.50,99.00,0,0,0,0,0,0.00,999.00
17:50:42.397,399740.5025,4091874.3822,global,-22.30,-24.67,0.029,2.00,2.99,5.68,-0.47,10.00,0.00,0.50,99.00,0,0,0,0,0,0.00,999.00
17:50:42.447,399740.5025,4091874.3822,global,-22.62,-24.67,0.029,2.00,2.61,5.36,6.71,10.00,0.00,0.50,99.00,0,0,0,0,0,0.00,999.00
17:50:42.497,399740.5025,4091874.3822,global,-23.23,-24.67,0.029,2.00,2.61,4.75,6.71,10.00,0.00,0.50,99.00,0,0,0,0,0,0.00,999.00
17:50:42.572,399740.6712,4091874.3469,global,-23.50,-5.13,0.077,2.00,2.61,-9.64,11.24,10.00,0.00,0.50,99.00,0,0,0,0,0,0.00,999.00
17:50:42.597,399740.6712,4091874.3469,global,-24.60,-5.13,0.077,2.00,2.40,-10.74,11.24,10.00,0.00,0.50,99.00,0,0,0,0,0,0.00,999.00
17:50:42.647,399740.6712,4091874.3469,global,-25.13,-5.13,0.077,2.00,2.40,-11.27,11.24,10.00,0.00,0.50,99.00,0,0,0,0,0,0.00,999.00
17:50:42.697,399740.6712,4091874.3469,global,-25.82,-5.13,0.077,2.00,2.48,-11.96,6.39,10.00,0.00,0.50,99.00,0,0,0,0,0,0.00,999.00
17:50:42.747,399740.6712,4091874.3469,global,-26.25,-5.13,0.077,2.00,2.48,-12.40,6.39,10.00,0.00,0.50,99.00,0,0,0,0,0,0.00,999.00
17:50:42.797,399740.8485,4091874.2783,global,-26.78,-5.43,0.024,2.00,2.79,-18.57,-2.57,10.00,0.00,0.50,99.00,0,0,0,0,0,0.00,999.00
17:50:42.847,399740.8485,4091874.2783,global,-26.92,-5.43,0.024,2.00,2.79,-18.71,-2.57,10.00,0.00,0.50,99.00,0,0,0,0,0,0.00,999.00
17:50:42.897,399740.8485,4091874.2783,global,-26.81,-5.43,0.024,2.00,2.79,-18.60,-2.57,10.00,0.00,0.50,99.00,0,0,0,0,0,0.00,999.00
17:50:42.947,399740.8485,4091874.2783,global,-26.60,-5.43,0.024,2.00,2.75,-18.39,-14.67,10.00,0.00,0.50,99.00,0,0,0,0,0,0.00,999.00
17:50:42.997,399740.8485,4091874.2783,global,-26.06,-5.43,0.024,2.00,2.75,-17.85,-14.67,10.00,0.00,0.50,99.00,0,0,0,0,0,0.00,999.00
17:50:43.047,399741.0438,4091874.2316,global,-25.54,-10.32,-0.021,2.00,2.79,-17.66,-21.59,10.00,0.00,0.50,99.00,0,0,0,0,0,0.00,999.00
17:50:43.097,399741.0438,4091874.2316,global,-24.44,-10.32,-0.021,2.00,2.79,-16.57,-21.59,10.00,0.00,0.50,99.00,0,0,0,0,0,0.00,999.00
17:50:43.147,399741.0438,4091874.2316,global,-23.64,-10.32,-0.021,2.00,2.79,-15.77,-21.59,10.00,0.00,0.50,99.00,0,0,0,0,0,0.00,999.00
17:50:43.197,399741.0438,4091874.2316,global,-22.71,-10.32,-0.021,2.00,3.03,-14.83,-20.28,10.00,0.00,0.50,99.00,0,0,0,0,0,0.00,999.00
17:50:43.247,399741.0438,4091874.2316,global,-22.22,-10.32,-0.021,2.00,3.03,-14.34,-20.28,10.00,0.00,0.50,99.00,0,0,0,0,0,0.00,999.00
17:50:43.297,399741.2308,4091874.2404,global,-21.67,-6.15,0.026,2.00,2.79,-12.50,-13.26,10.00,0.00,0.50,99.00,0,0,0,0,0,0.00,999.00
17:50:43.347,399741.2308,4091874.2404,global,-21.41,-6.15,0.026,2.00,2.79,-12.24,-13.26,10.00,0.00,0.50,99.00,0,0,0,0,0,0.00,999.00
17:50:43.397,399741.2308,4091874.2404,global,-21.05,-6.15,0.026,2.00,2.79,-11.89,-13.26,10.00,0.00,0.50,99.00,0,0,0,0,0,0.00,999.00
17:50:43.447,399741.2308,4091874.2404,global,-20.87,-6.15,0.026,2.00,3.03,-11.70,-10.82,10.00,0.00,0.50,99.00,0,0,0,0,0,0.00,999.00
17:50:43.497,399741.2308,4091874.2404,global,-20.57,-6.15,0.026,2.00,3.03,-11.40,-10.82,10.00,0.00,0.50,99.00,0,0,0,0,0,0.00,999.00
17:50:43.547,399741.4531,4091874.2156,global,-20.34,-0.68,0.022,2.00,3.19,-17.12,-11.59,10.00,0.00,0.50,99.00,0,0,0,0,0,0.00,999.00
17:50:43.597,399741.4531,4091874.2156,global,-19.98,-0.68,0.022,2.00,3.19,-16.76,-11.59,10.00,0.00,0.50,99.00,0,0,0,0,0,0.00,999.00
17:50:43.647,399741.4531,4091874.2156,global,-19.76,-0.68,0.022,2.00,3.19,-16.54,-11.59,10.00,0.00,0.50,99.00,0,0,0,0,0,0.00,999.00
17:50:43.697,399741.4531,4091874.2156,global,-19.37,-0.68,0.022,2.00,3.16,-16.15,-16.02,10.00,0.00,0.50,99.00,0,0,0,0,0,0.00,999.00
17:50:43.748,399741.4531,4091874.2156,global,-18.93,-0.68,0.022,2.00,3.16,-15.71,-16.02,10.00,0.00,0.50,99.00,0,0,0,0,0,0.00,999.00
17:50:43.797,399741.6666,4091874.2020,global,-18.13,-5.76,0.032,2.00,3.22,-8.75,-19.40,10.00,0.00,0.50,99.00,0,0,0,0,0,0.00,999.00
17:50:43.847,399741.6666,4091874.2020,global,-17.47,-5.76,0.032,2.00,3.22,-8.09,-19.40,10.00,0.00,0.50,99.00,0,0,0,0,0,0.00,999.00
17:50:43.897,399741.6666,4091874.2020,global,-16.51,-5.76,0.032,2.00,3.02,-7.13,-20.86,10.00,0.00,0.50,99.00,0,0,0,0,0,0.00,999.00
17:50:43.947,399741.6666,4091874.2020,global,-15.82,-5.76,0.032,2.00,3.02,-6.45,-20.86,10.00,0.00,0.50,99.00,0,0,0,0,0,0.00,999.00
17:50:43.998,399741.6666,4091874.2020,global,-15.09,-5.76,0.032,2.00,3.02,-5.71,-20.86,10.00,0.00,0.50,99.00,0,0,0,0,0,0.00,999.00
17:50:44.047,399741.8718,4091874.2329,global,-14.88,-13.83,0.090,2.00,3.69,8.90,-8.19,10.00,0.00,0.50,99.00,0,0,0,0,0,0.00,999.00
17:50:44.097,399741.8718,4091874.2329,global,-14.90,-13.83,0.090,2.00,3.69,8.87,-8.19,10.00,0.00,0.50,99.00,0,0,0,0,0,0.00,999.00
17:50:44.147,399741.8718,4091874.2329,global,-15.07,-13.83,0.090,2.00,3.43,8.94,2.15,10.00,0.00,0.50,99.00,0,0,0,0,0,0.00,999.00
17:50:44.197,399741.8718,4091874.2329,global,-15.60,-13.83,0.090,2.00,3.43,8.42,2.15,10.00,0.00,0.50,99.00,0,0,0,0,0,0.00,999.00
17:50:44.247,399741.8718,4091874.2329,global,-16.21,-13.83,0.090,2.00,3.43,7.80,2.15,10.00,0.00,0.50,99.00,0,0,0,0,0,0.00,999.00
17:50:44.297,399742.1030,4091874.2079,global,-17.42,-10.77,0.131,2.00,3.71,7.61,10.79,10.00,0.00,0.50,99.00,0,0,0,0,0,0.00,999.00
17:50:44.347,399742.1030,4091874.2079,global,-18.15,-10.77,0.131,2.00,3.71,6.88,10.79,10.00,0.00,0.50,99.00,0,0,0,0,0,0.00,999.00
17:50:44.397,399742.1030,4091874.2079,global,-19.15,-10.77,0.131,2.00,3.39,6.31,11.04,10.00,0.00,0.50,99.00,0,0,0,0,0,0.00,999.00
17:50:44.447,399742.1030,4091874.2079,global,-19.88,-10.77,0.131,2.00,3.39,5.58,11.04,10.00,0.00,0.50,99.00,0,0,0,0,0,0.00,999.00
17:50:44.497,399742.1030,4091874.2079,global,-20.95,-10.77,0.131,2.00,3.39,4.51,11.04,10.00,0.00,0.50,99.00,0,0,0,0,0,0.00,999.00
17:50:44.547,399742.3691,4091874.1271,global,-21.43,-16.16,0.105,2.00,3.44,6.54,4.25,10.00,0.00,0.50,99.00,0,0,0,0,0,0.00,999.00
17:50:44.598,399742.3691,4091874.1271,global,-21.99,-16.16,0.105,2.00,3.44,5.97,4.25,10.00,0.00,0.50,99.00,0,0,0,0,0,0.00,999.00
17:50:44.647,399742.3691,4091874.1271,global,-22.38,-16.16,0.105,2.00,3.43,5.59,0.41,10.00,0.00,0.50,99.00,0,0,0,0,0,0.00,999.00
17:50:44.697,399742.3691,4091874.1271,global,-22.89,-16.16,0.105,2.00,3.43,5.07,0.41,10.00,0.00,0.50,99.00,0,0,0,0,0,0.00,999.00
17:50:44.747,399742.3691,4091874.1271,global,-23.08,-16.16,0.105,2.00,3.63,4.80,2.99,10.00,0.00,0.50,99.00,0,0,0,0,0,0.00,999.00
17:50:44.798,399742.5911,4091874.0801,global,-23.56,-17.02,0.121,2.00,3.63,7.02,2.99,10.00,0.00,0.50,99.00,0,0,0,0,0,0.00,999.00
17:50:44.847,399742.5911,4091874.0801,global,-24.12,-17.02,0.121,2.00,3.63,6.45,7.03,10.00,0.00,0.50,99.00,0,0,0,0,0,0.00,999.00
17:50:44.897,399742.5911,4091874.0801,global,-25.06,-17.02,0.121,2.00,3.63,5.52,7.03,10.00,0.00,0.50,99.00,0,0,0,0,0,0.00,999.00
17:50:44.947,399742.5911,4091874.0801,global,-25.67,-17.02,0.121,2.00,3.63,4.91,7.03,10.00,0.00,0.50,99.00,0,0,0,0,0,0.00,999.00
17:50:44.998,399742.5911,4091874.0801,global,-26.61,-17.02,0.121,2.00,3.46,4.07,6.52,10.00,0.00,0.50,99.00,0,0,0,0,0,0.00,999.00
17:50:45.047,399742.8482,4091873.9883,global,-27.29,-17.02,0.096,2.00,3.46,0.58,6.52,10.00,0.00,0.50,99.00,0,0,0,0,0,0.00,999.00
17:50:45.097,399742.8482,4091873.9883,global,-28.23,-17.02,0.096,2.00,3.59,-0.36,6.38,10.00,0.00,0.50,99.00,0,0,0,0,0,0.00,999.00
17:50:45.147,399742.8482,4091873.9883,global,-28.81,-17.02,0.096,2.00,3.59,-0.94,6.38,10.00,0.00,0.50,99.00,0,0,0,0,0,0.00,999.00
17:50:45.197,399742.8482,4091873.9883,global,-29.68,-17.02,0.096,2.00,3.59,-1.81,6.38,10.00,0.00,0.50,99.00,0,0,0,0,0,0.00,999.00
17:50:45.248,399742.8482,4091873.9883,global,-30.28,-17.02,0.096,2.00,3.71,-2.73,5.79,10.00,0.00,0.50,99.00,0,0,0,0,0,0.00,999.00
17:50:45.297,399743.0962,4091873.8744,global,-31.01,-8.15,0.035,2.00,3.71,-19.01,5.79,10.00,0.00,0.50,99.00,0,0,0,0,0,0.00,999.00
17:50:45.347,399743.0962,4091873.8744,global,-31.37,-8.15,0.035,2.00,3.59,-19.25,-0.97,10.00,0.00,0.50,99.00,0,0,0,0,0,0.00,999.00
17:50:45.397,399743.0962,4091873.8744,global,-31.74,-8.15,0.035,2.00,3.59,-19.61,-0.97,10.00,0.00,0.50,99.00,0,0,0,0,0,0.00,999.00
17:50:45.447,399743.0962,4091873.8744,global,-31.89,-8.15,0.035,2.00,3.59,-19.77,-0.97,10.00,0.00,0.50,99.00,0,0,0,0,0,0.00,999.00
17:50:45.497,399743.0962,4091873.8744,global,-31.85,-8.15,0.035,2.00,3.71,-19.85,-9.47,10.00,0.00,0.50,99.00,0,0,0,0,0,0.00,999.00
17:50:45.547,399743.3356,4091873.7939,global,-31.59,-10.77,-0.011,2.00,3.71,-22.00,-9.47,10.00,0.00,0.50,99.00,0,0,0,0,0,0.00,999.00
17:50:45.597,399743.3356,4091873.7939,global,-30.97,-10.77,-0.011,2.00,3.79,-21.38,-18.24,10.00,0.00,0.50,99.00,0,0,0,0,0,0.00,999.00
17:50:45.648,399743.3356,4091873.7939,global,-30.34,-10.77,-0.011,2.00,3.79,-20.76,-18.24,10.00,0.00,0.50,99.00,0,0,0,0,0,0.00,999.00
17:50:45.697,399743.3356,4091873.7939,global,-28.98,-10.77,-0.011,2.00,3.43,-19.46,-21.91,10.00,0.00,0.50,99.00,0,0,0,0,0,0.00,999.00
17:50:45.747,399743.3356,4091873.7939,global,-28.05,-10.77,-0.011,2.00,3.43,-18.52,-21.91,10.00,0.00,0.50,99.00,0,0,0,0,0,0.00,999.00
17:50:45.797,399743.5752,4091873.7245,global,-26.78,-17.20,-0.027,2.00,3.43,-12.71,-21.91,10.00,0.00,0.50,99.00,0,0,0,0,0,0.00,999.00
17:50:45.847,399743.5752,4091873.7245,global,-25.94,-17.20,-0.027,2.00,4.02,-11.54,-22.00,10.00,0.00,0.50,99.00,0,0,0,0,0,0.00,999.00
17:50:45.897,399743.5752,4091873.7245,global,-24.62,-17.20,-0.027,2.00,4.02,-10.23,-22.00,10.00,0.00,0.50,99.00,0,0,0,0,0,0.00,999.00
17:50:45.947,399743.5752,4091873.7245,global,-23.94,-17.20,-0.027,2.00,3.79,-9.71,-19.25,10.00,0.00,0.50,99.00,0,0,0,0,0,0.00,999.00
17:50:45.997,399743.5752,4091873.7245,global,-22.94,-17.20,-0.027,2.00,3.79,-8.70,-19.25,10.00,0.00,0.50,99.00,0,0,0,0,0,0.00,999.00
17:50:46.047,399743.8066,4091873.7218,global,-22.34,-16.16,0.037,2.00,3.79,-2.18,-19.25,10.00,0.00,0.50,99.00,0,0,0,0,0,0.00,999.00
17:50:46.097,399743.8066,4091873.7218,global,-21.79,-16.16,0.037,2.00,3.96,-1.80,-11.44,10.00,0.00,0.50,99.00,0,0,0,0,0,0.00,999.00
17:50:46.147,399743.8066,4091873.7218,global,-21.63,-16.16,0.037,2.00,3.96,-1.64,-11.44,10.00,0.00,0.50,99.00,0,0,0,0,0,0.00,999.00
17:50:46.197,399743.8066,4091873.7218,global,-21.55,-16.16,0.037,2.00,3.83,-1.44,-4.58,10.00,0.00,0.50,99.00,0,0,0,0,0,0.00,999.00
17:50:46.247,399743.8066,4091873.7218,global,-21.68,-16.16,0.037,2.00,3.83,-1.56,-4.58,10.00,0.00,0.50,99.00,0,0,0,0,0,0.00,999.00
17:50:46.297,399744.0734,4091873.6965,global,-22.09,-12.41,0.085,2.00,3.83,-0.59,-4.58,10.00,0.00,0.50,99.00,0,0,0,0,0,0.00,999.00
17:50:46.347,399744.0734,4091873.6965,global,-22.38,-12.41,0.085,2.00,3.85,-0.93,-0.74,10.00,0.00,0.50,99.00,0,0,0,0,0,0.00,999.00
17:50:46.397,399744.0734,4091873.6965,global,-22.74,-12.41,0.085,2.00,3.85,-1.29,-0.74,10.00,0.00,0.50,99.00,0,0,0,0,0,0.00,999.00
17:50:46.447,399744.0734,4091873.6965,global,-23.01,-12.41,0.085,2.00,3.99,-1.88,-1.18,10.00,0.00,0.50,99.00,0,0,0,0,0,0.00,999.00
17:50:46.497,399744.0734,4091873.6965,global,-23.44,-12.41,0.085,2.00,3.99,-2.30,-1.18,10.00,0.00,0.50,99.00,0,0,0,0,0,0.00,999.00
17:50:46.547,399744.3662,4091873.6153,global,-23.66,-0.68,0.078,2.00,3.99,-15.01,-1.18,10.00,0.00,0.50,99.00,0,0,0,0,0,0.00,999.00
17:50:46.597,399744.3662,4091873.6153,global,-24.04,-0.68,0.078,2.00,3.85,-15.10,-1.65,10.00,0.00,0.50,99.00,0,0,0,0,0,0.00,999.00
17:50:46.647,399744.3662,4091873.6153,global,-24.30,-0.68,0.078,2.00,3.85,-15.36,-1.65,10.00,0.00,0.50,99.00,0,0,0,0,0,0.00,999.00
17:50:46.697,399744.3662,4091873.6153,global,-24.69,-0.68,0.078,2.00,3.99,-16.04,-1.85,10.00,0.00,0.50,99.00,0,0,0,0,0,0.00,999.00
17:50:46.747,399744.3662,4091873.6153,global,-24.93,-0.68,0.078,2.00,3.99,-16.28,-1.85,10.00,0.00,0.50,99.00,0,0,0,0,0,0.00,999.00
17:50:46.797,399744.6413,4091873.5344,global,-25.10,-4.24,0.020,2.00,3.99,-18.80,-1.85,10.00,0.00,0.50,99.00,0,0,0,0,0,0.00,999.00
17:50:46.847,399744.6413,4091873.5344,global,-24.99,-4.24,0.020,2.00,3.99,-18.68,-11.63,10.00,0.00,0.50,99.00,0,0,0,0,0,0.00,999.00
17:50:46.897,399744.6413,4091873.5344,global,-24.45,-4.24,0.020,2.00,3.99,-18.14,-11.63,10.00,0.00,0.50,99.00,0,0,0,0,0,0.00,999.00
17:50:46.947,399744.6413,4091873.5344,global,-23.80,-4.24,0.020,2.00,3.79,-17.39,-19.81,10.00,0.00,0.50,99.00,0,0,0,0,0,0.00,999.00
17:50:46.997,399744.6413,4091873.5344,global,-22.52,-4.24,0.020,2.00,3.79,-16.11,-19.81,10.00,0.00,0.50,99.00,0,0,0,0,0,0.00,999.00
17:50:47.079,399744.9082,4091873.5202,global,-22.03,-4.24,0.025,2.00,3.79,-15.02,-19.81,10.00,0.00,0.50,99.00,0,0,0,0,0,0.00,999.00
17:50:47.097,399744.9082,4091873.5202,global,-20.14,-4.24,0.025,2.00,3.79,-13.13,-17.20,10.00,0.00,0.50,99.00,0,0,0,0,0,0.00,999.00
17:50:47.147,399744.9082,4091873.5202,global,-19.46,-4.24,0.025,2.00,3.96,-12.57,-17.20,10.00,0.00,0.50,99.00,0,0,0,0,0,0.00,999.00
17:50:47.197,399744.9082,4091873.5202,global,-18.87,-4.24,0.025,2.00,3.96,-11.98,-17.20,10.00,0.00,0.50,99.00,0,0,0,0,0,0.00,999.00
17:50:47.247,399744.9082,4091873.5202,global,-18.58,-4.24,0.025,2.00,3.97,-11.69,-10.39,10.00,0.00,0.50,99.00,0,0,0,0,0,0.00,999.00
17:50:47.297,399745.1751,4091873.5059,global,-18.29,2.42,0.069,2.00,3.97,-13.54,-10.39,10.00,0.00,0.50,99.00,0,0,0,0,0,0.00,999.00
17:50:47.347,399745.1751,4091873.5059,global,-18.25,2.42,0.069,2.00,3.99,-13.54,-6.09,10.00,0.00,0.50,99.00,0,0,0,0,0,0.00,999.00
17:50:47.397,399745.1751,4091873.5059,global,-18.34,2.42,0.069,2.00,3.99,-13.63,-6.09,10.00,0.00,0.50,99.00,0,0,0,0,0,0.00,999.00
17:50:47.447,399745.1751,4091873.5059,global,-18.38,2.42,0.069,2.00,3.99,-13.67,-6.09,10.00,0.00,0.50,99.00,0,0,0,0,0,0.00,999.00
17:50:47.497,399745.1751,4091873.5059,global,-18.23,2.42,0.069,2.00,4.13,-13.75,-11.26,10.00,0.00,0.50,99.00,0,0,0,0,0,0.00,999.00
17:50:47.547,399745.4596,4091873.4693,global,-17.88,-6.86,0.025,2.00,4.13,-8.53,-11.26,10.00,0.00,0.50,99.00,0,0,0,0,0,0.00,999.00
17:50:47.597,399745.4596,4091873.4693,global,-17.05,-6.86,0.025,2.00,4.07,-7.67,-17.79,10.00,0.00,0.50,99.00,0,0,0,0,0,0.00,999.00
17:50:47.647,399745.4596,4091873.4693,global,-16.36,-6.86,0.025,2.00,4.07,-6.97,-17.79,10.00,0.00,0.50,99.00,0,0,0,0,0,0.00,999.00
17:50:47.698,399745.4596,4091873.4693,global,-15.97,-6.86,0.025,2.00,4.07,-6.58,-20.49,10.00,0.00,0.50,99.00,0,0,0,0,0,0.00,999.00
17:50:47.747,399745.4596,4091873.4693,global,-14.32,-6.86,0.025,2.00,3.99,-4.88,-20.49,10.00,0.00,0.50,99.00,0,0,0,0,0,0.00,999.00
17:50:47.797,399745.7536,4091873.4880,global,-13.35,-3.42,0.072,2.00,3.99,-2.52,-20.49,10.00,0.00,0.50,99.00,0,0,0,0,0,0.00,999.00
17:50:47.847,399745.7536,4091873.4880,global,-12.99,-3.42,0.072,2.00,4.54,-3.05,-9.92,10.00,0.00,0.50,99.00,0,0,0,0,0,0.00,999.00
17:50:47.897,399745.7536,4091873.4880,global,-12.84,-3.42,0.072,2.00,4.54,-2.90,-9.92,10.00,0.00,0.50,99.00,0,0,0,0,0,0.00,999.00
17:50:47.947,399745.7536,4091873.4880,global,-12.99,-3.42,0.072,2.00,4.99,-3.63,0.46,10.00,0.00,0.50,99.00,0,0,0,0,0,0.00,999.00
17:50:47.997,399745.7536,4091873.4880,global,-13.63,-3.42,0.072,2.00,4.99,-4.27,0.46,10.00,0.00,0.50,99.00,0,0,0,0,0,0.00,999.00
17:50:48.047,399746.0385,4091873.4846,global,-14.28,-6.15,0.093,2.00,4.99,-0.44,0.46,10.00,0.00,0.50,99.00,0,0,0,0,0,0.00,999.00
17:50:48.097,399746.0385,4091873.4846,global,-14.98,-6.15,0.093,2.00,4.13,0.43,-2.31,10.00,0.00,0.50,99.00,0,0,0,0,0,0.00,999.00
17:50:48.147,399746.0385,4091873.4846,global,-15.09,-6.15,0.093,2.00,4.13,0.33,-2.31,10.00,0.00,0.50,99.00,0,0,0,0,0,0.00,999.00
17:50:48.197,399746.0385,4091873.4846,global,-14.84,-6.15,0.093,2.00,4.19,0.43,-10.74,10.00,0.00,0.50,99.00,0,0,0,0,0,0.00,999.00
17:50:48.247,399746.0385,4091873.4846,global,-14.53,-6.15,0.093,2.00,4.19,0.74,-10.74,10.00,0.00,0.50,99.00,0,0,0,0,0,0.00,999.00
17:50:48.297,399746.3317,4091873.4368,global,-14.07,-8.28,0.077,2.00,4.19,1.74,-10.74,10.00,0.00,0.50,99.00,0,0,0,0,0,0.00,999.00
17:50:48.348,399746.3317,4091873.4368,global,-13.91,-8.28,0.077,2.00,4.95,0.76,-3.56,10.00,0.00,0.50,99.00,0,0,0,0,0,0.00,999.00
17:50:48.397,399746.3317,4091873.4368,global,-14.25,-8.28,0.077,2.00,4.95,0.42,-3.56,10.00,0.00,0.50,99.00,0,0,0,0,0,0.00,999.00
17:50:48.447,399746.3317,4091873.4368,global,-14.81,-8.28,0.077,2.00,5.39,-0.66,6.80,10.00,0.00,0.50,99.00,0,0,0,0,0,0.00,999.00
17:50:48.497,399746.3317,4091873.4368,global,-16.03,-8.28,0.077,2.00,5.39,-1.87,6.80,10.00,0.00,0.50,99.00,0,0,0,0,0,0.00,999.00
17:50:48.547,399746.6253,4091873.4222,global,-16.89,-5.59,0.103,2.00,5.39,-3.45,6.80,10.00,0.00,0.50,99.00,0,0,0,0,0,0.00,999.00
17:50:48.597,399746.6253,4091873.4222,global,-17.98,-5.59,0.103,2.00,4.13,-2.18,2.04,10.00,0.00,0.50,99.00,0,0,0,0,0,0.00,999.00
17:50:48.647,399746.6253,4091873.4222,global,-18.26,-5.59,0.103,2.00,4.13,-2.46,2.04,10.00,0.00,0.50,99.00,0,0,0,0,0,0.00,999.00
17:50:48.697,399746.6253,4091873.4222,global,-18.30,-5.59,0.103,2.00,4.23,-2.75,-7.80,10.00,0.00,0.50,99.00,0,0,0,0,0,0.00,999.00
17:50:48.747,399746.6253,4091873.4222,global,-18.14,-5.59,0.103,2.00,4.23,-2.58,-7.80,10.00,0.00,0.50,99.00,0,0,0,0,0,0.00,999.00
17:50:48.797,399746.9185,4091873.3632,global,-17.63,-8.28,0.077,2.00,4.23,-1.93,-14.32,10.00,0.00,0.50,99.00,0,0,0,0,0,0.00,999.00
17:50:48.847,399746.9185,4091873.3632,global,-17.13,-8.28,0.077,2.00,4.23,-1.42,-14.32,10.00,0.00,0.50,99.00,0,0,0,0,0,0.00,999.00
17:50:48.897,399746.9185,4091873.3632,global,-16.46,-8.28,0.077,2.00,4.23,-0.76,-14.32,10.00,0.00,0.50,99.00,0,0,0,0,0,0.00,999.00
17:50:48.947,399746.9185,4091873.3632,global,-16.40,-8.28,0.077,2.00,5.09,-1.93,-3.43,10.00,0.00,0.50,99.00,0,0,0,0,0,0.00,999.00
17:50:48.997,399746.9185,4091873.3632,global,-16.77,-8.28,0.077,2.00,5.09,-2.31,-3.43,10.00,0.00,0.50,99.00,0,0,0,0,0,0.00,999.00
17:50:49.047,399747.2122,4091873.3598,global,-17.33,-7.78,0.114,2.00,4.99,-0.16,7.07,10.00,0.00,0.50,99.00,0,0,0,0,0,0.00,999.00
17:50:49.097,399747.2122,4091873.3598,global,-18.55,-7.78,0.114,2.00,4.99,-1.39,7.07,10.00,0.00,0.50,99.00,0,0,0,0,0,0.00,999.00
17:50:49.147,399747.2122,4091873.3598,global,-19.43,-7.78,0.114,2.00,4.99,-2.27,7.07,10.00,0.00,0.50,99.00,0,0,0,0,0,0.00,999.00
17:50:49.197,399747.2122,4091873.3598,global,-20.50,-7.78,0.114,2.00,4.13,-1.42,4.62,10.00,0.00,0.50,99.00,0,0,0,0,0,0.00,999.00
17:50:49.247,399747.2122,4091873.3598,global,-21.11,-7.78,0.114,2.00,4.13,-2.03,4.62,10.00,0.00,0.50,99.00,0,0,0,0,0,0.00,999.00
17:50:49.297,399747.5052,4091873.2897,global,-21.67,-8.02,0.072,2.00,4.39,-6.90,-1.50,10.00,0.00,0.50,99.00,0,0,0,0,0,0.00,999.00
17:50:49.347,399747.5052,4091873.2897,global,-21.77,-8.02,0.072,2.00,4.39,-7.00,-1.50,10.00,0.00,0.50,99.00,0,0,0,0,0,0.00,999.00
17:50:49.397,399747.5052,4091873.2897,global,-21.83,-8.02,0.072,2.00,4.39,-7.06,-1.50,10.00,0.00,0.50,99.00,0,0,0,0,0,0.00,999.00
17:50:49.447,399747.5052,4091873.2897,global,-21.79,-8.02,0.072,2.00,4.40,-7.04,-7.39,10.00,0.00,0.50,99.00,0,0,0,0,0,0.00,999.00
17:50:49.497,399747.5052,4091873.2897,global,-21.70,-8.02,0.072,2.00,4.40,-6.96,-7.39,10.00,0.00,0.50,99.00,0,0,0,0,0,0.00,999.00
17:50:49.547,399747.8162,4091873.2417,global,-21.68,-12.80,0.061,2.00,4.19,-2.90,-9.08,10.00,0.00,0.50,99.00,0,0,0,0,0,0.00,999.00
17:50:49.597,399747.8162,4091873.2417,global,-21.41,-12.80,0.061,2.00,4.19,-2.63,-9.08,10.00,0.00,0.50,99.00,0,0,0,0,0,0.00,999.00
17:50:49.647,399747.8162,4091873.2417,global,-21.16,-12.80,0.061,2.00,4.19,-2.38,-9.08,10.00,0.00,0.50,99.00,0,0,0,0,0,0.00,999.00
17:50:49.697,399747.8162,4091873.2417,global,-20.89,-12.80,0.061,2.00,4.40,-2.39,-5.98,10.00,0.00,0.50,99.00,0,0,0,0,0,0.00,999.00
17:50:49.747,399747.8162,4091873.2417,global,-20.89,-12.80,0.061,2.00,4.40,-2.39,-5.98,10.00,0.00,0.50,99.00,0,0,0,0,0,0.00,999.00
17:50:49.797,399748.0918,4091873.2051,global,-21.19,-8.02,0.092,2.00,4.39,-4.57,1.08,10.00,0.00,0.50,99.00,0,0,0,0,0,0.00,999.00
17:50:49.847,399748.0918,4091873.2051,global,-21.62,-8.02,0.092,2.00,4.39,-5.00,1.08,10.00,0.00,0.50,99.00,0,0,0,0,0,0.00,999.00
17:50:49.897,399748.0918,4091873.2051,global,-22.57,-8.02,0.092,2.00,4.39,-5.94,1.08,10.00,0.00,0.50,99.00,0,0,0,0,0,0.00,999.00
17:50:49.947,399748.0918,4091873.2051,global,-23.22,-8.02,0.092,2.00,4.26,-6.35,-1.76,10.00,0.00,0.50,99.00,0,0,0,0,0,0.00,999.00
17:50:49.997,399748.0918,4091873.2051,global,-23.58,-8.02,0.092,2.00,4.26,-6.70,-1.76,10.00,0.00,0.50,99.00,0,0,0,0,0,0.00,999.00
17:50:50.047,399748.4204,4091873.1347,global,-23.48,-11.53,0.069,2.00,4.79,-6.05,-10.21,10.00,0.00,0.50,99.00,0,0,0,0,0,0.00,999.00
17:50:50.097,399748.4204,4091873.1347,global,-22.98,-11.53,0.069,2.00,4.79,-5.55,-10.21,10.00,0.00,0.50,99.00,0,0,0,0,0,0.00,999.00
17:50:50.147,399748.4204,4091873.1347,global,-22.58,-11.53,0.069,2.00,4.79,-5.15,-10.21,10.00,0.00,0.50,99.00,0,0,0,0,0,0.00,999.00
17:50:50.197,399748.4204,4091873.1347,global,-22.10,-11.53,0.069,2.00,4.54,-4.34,-8.31,10.00,0.00,0.50,99.00,0,0,0,0,0,0.00,999.00
17:50:50.247,399748.4204,4091873.1347,global,-22.01,-11.53,0.069,2.00,4.54,-4.26,-8.31,10.00,0.00,0.50,99.00,0,0,0,0,0,0.00,999.00
17:50:50.297,399748.6959,4091873.0981,global,-22.35,-10.43,0.087,2.00,4.39,-3.79,-1.30,10.00,0.00,0.50,99.00,0,0,0,0,0,0.00,999.00
17:50:50.347,399748.6959,4091873.0981,global,-22.67,-10.43,0.087,2.00,4.39,-4.11,-1.30,10.00,0.00,0.50,99.00,0,0,0,0,0,0.00,999.00
17:50:50.422,399748.6959,4091873.0981,global,-22.83,-10.43,0.087,2.00,4.39,-4.27,0.75,10.00,0.00,0.50,99.00,0,0,0,0,0,0.00,999.00
17:50:50.447,399748.6959,4091873.0981,global,-23.60,-10.43,0.087,2.00,4.28,-4.82,0.75,10.00,0.00,0.50,99.00,0,0,0,0,0,0.00,999.00
17:50:50.497,399748.6959,4091873.0981,global,-24.00,-10.43,0.087,2.00,4.28,-5.23,0.75,10.00,0.00,0.50,99.00,0,0,0,0,0,0.00,999.00
17:50:50.547,399749.0066,4091873.0168,global,-24.11,-6.15,0.055,2.00,4.54,-12.95,-4.48,10.00,0.00,0.50,99.00,0,0,0,0,0,0.00,999.00
17:50:50.597,399749.0066,4091873.0168,global,-24.23,-6.15,0.055,2.00,4.54,-13.07,-4.48,10.00,0.00,0.50,99.00,0,0,0,0,0,0.00,999.00
17:50:50.647,399749.0066,4091873.0168,global,-24.22,-6.15,0.055,2.00,4.39,-12.90,-7.99,10.00,0.00,0.50,99.00,0,0,0,0,0,0.00,999.00
17:50:50.697,399749.0066,4091873.0168,global,-23.99,-6.15,0.055,2.00,4.39,-12.66,-7.99,10.00,0.00,0.50,99.00,0,0,0,0,0,0.00,999.00
17:50:50.747,399749.0066,4091873.0168,global,-23.71,-6.15,0.055,2.00,4.48,-12.48,-13.30,10.00,0.00,0.50,99.00,0,0,0,0,0,0.00,999.00
17:50:50.798,399749.3264,4091872.9575,global,-23.06,-15.14,0.066,2.00,4.48,-1.84,-13.30,10.00,0.00,0.50,99.00,0,0,0,0,0,0.00,999.00
17:50:50.847,399749.3264,4091872.9575,global,-22.43,-15.14,0.066,2.00,4.48,-1.21,-13.30,10.00,0.00,0.50,99.00,0,0,0,0,0,0.00,999.00
17:50:50.897,399749.3264,4091872.9575,global,-21.32,-15.14,0.066,2.00,4.46,-0.08,-18.19,10.00,0.00,0.50,99.00,0,0,0,0,0,0.00,999.00
17:50:50.947,399749.3264,4091872.9575,global,-20.57,-15.14,0.066,2.00,4.46,0.67,-18.19,10.00,0.00,0.50,99.00,0,0,0,0,0,0.00,999.00
17:50:50.997,399749.3264,4091872.9575,global,-19.68,-15.14,0.066,2.00,4.99,0.92,-10.97,10.00,0.00,0.50,99.00,0,0,0,0,0,0.00,999.00
17:50:51.047,399749.6378,4091872.9428,global,-19.48,-8.86,0.134,2.00,4.99,0.35,-10.97,10.00,0.00,0.50,99.00,0,0,0,0,0,0.00,999.00
17:50:51.097,399749.6378,4091872.9428,global,-19.77,-8.86,0.134,2.00,5.24,-0.45,0.45,10.00,0.00,0.50,99.00,0,0,0,0,0,0.00,999.00
17:50:51.148,399749.6378,4091872.9428,global,-20.25,-8.86,0.134,2.00,5.24,-0.93,0.45,10.00,0.00,0.50,99.00,0,0,0,0,0,0.00,999.00
17:50:51.197,399749.6378,4091872.9428,global,-21.46,-8.86,0.134,2.00,4.79,-1.19,11.55,10.00,0.00,0.50,99.00,0,0,0,0,0,0.00,999.00
17:50:51.247,399749.6378,4091872.9428,global,-22.57,-8.86,0.134,2.00,4.79,-2.30,11.55,10.00,0.00,0.50,99.00,0,0,0,0,0,0.00,999.00
17:50:51.297,399749.9396,4091872.8615,global,-24.28,-13.67,0.107,2.00,4.79,-1.51,11.55,10.00,0.00,0.50,99.00,0,0,0,0,0,0.00,999.00
17:50:51.347,399749.9396,4091872.8615,global,-24.93,-13.67,0.107,2.00,4.43,-1.44,0.41,10.00,0.00,0.50,99.00,0,0,0,0,0,0.00,999.00
17:50:51.397,399749.9396,4091872.8615,global,-25.11,-13.67,0.107,2.00,4.43,-1.62,0.41,10.00,0.00,0.50,99.00,0,0,0,0,0,0.00,999.00
17:50:51.447,399749.9396,4091872.8615,global,-25.01,-13.67,0.107,2.00,4.79,-2.24,-10.87,10.00,0.00,0.50,99.00,0,0,0,0,0,0.00,999.00
17:50:51.497,399749.9396,4091872.8615,global,-24.55,-13.67,0.107,2.00,4.79,-1.78,-10.87,10.00,0.00,0.50,99.00,0,0,0,0,0,0.00,999.00
17:50:51.547,399750.2504,4091872.7913,global,-23.94,-18.58,0.110,2.00,4.79,4.02,-10.87,10.00,0.00,0.50,99.00,0,0,0,0,0,0.00,999.00
17:50:51.597,399750.2504,4091872.7913,global,-22.96,-18.58,0.110,2.00,4.40,5.82,-9.99,10.00,0.00,0.50,99.00,0,0,0,0,0,0.00,999.00
17:50:51.647,399750.2504,4091872.7913,global,-22.77,-18.58,0.110,2.00,4.40,6.00,-9.99,10.00,0.00,0.50,99.00,0,0,0,0,0,0.00,999.00
17:50:51.697,399750.2504,4091872.7913,global,-23.12,-18.58,0.110,2.00,4.99,4.47,-0.40,10.00,0.00,0.50,99.00,0,0,0,0,0,0.00,999.00
17:50:51.747,399750.2504,4091872.7913,global,-23.58,-18.58,0.110,2.00,4.99,4.01,-0.40,10.00,0.00,0.50,99.00,0,0,0,0,0,0.00,999.00
17:50:51.797,399750.5702,4091872.7320,global,-24.54,-13.67,0.160,2.00,4.99,2.14,-0.40,10.00,0.00,0.50,99.00,0,0,0,0,0,0.00,999.00
17:50:51.847,399750.5702,4091872.7320,global,-25.55,-13.67,0.160,2.00,5.64,-0.32,13.48,10.00,0.00,0.50,99.00,0,0,0,0,0,0.00,999.00
17:50:51.897,399750.5702,4091872.7320,global,-27.48,-13.67,0.160,2.00,5.64,-2.25,13.48,10.00,0.00,0.50,99.00,0,0,0,0,0,0.00,999.00
17:50:51.947,399750.5702,4091872.7320,global,-28.84,-13.67,0.160,2.00,4.19,0.21,15.78,10.00,0.00,0.50,99.00,0,0,0,0,0,0.00,999.00
17:50:51.998,399750.5702,4091872.7320,global,-30.74,-13.67,0.160,2.00,4.19,-1.68,15.78,10.00,0.00,0.50,99.00,0,0,0,0,0,0.00,999.00
17:50:52.047,399750.8802,4091872.5952,global,-31.72,-19.23,0.104,2.00,5.04,-4.04,5.70,10.00,0.00,0.50,99.00,0,0,0,0,0,0.00,999.00
17:50:52.097,399750.8802,4091872.5952,global,-32.46,-19.23,0.104,2.00,5.04,-4.78,5.70,10.00,0.00,0.50,99.00,0,0,0,0,0,0.00,999.00
17:50:52.147,399750.8802,4091872.5952,global,-32.75,-19.23,0.104,2.00,5.04,-5.08,5.70,10.00,0.00,0.50,99.00,0,0,0,0,0,0.00,999.00
17:50:52.197,399750.8802,4091872.5952,global,-32.83,-19.23,0.104,2.00,4.57,-4.30,-9.23,10.00,0.00,0.50,99.00,0,0,0,0,0,0.00,999.00
17:50:52.247,399750.8802,4091872.5952,global,-32.56,-19.23,0.104,2.00,4.57,-4.04,-9.23,10.00,0.00,0.50,99.00,0,0,0,0,0,0.00,999.00
17:50:52.298,399751.1816,4091872.4918,global,-31.84,-17.33,0.078,2.00,4.64,-7.59,-15.69,10.00,0.00,0.50,99.00,0,0,0,0,0,0.00,999.00
17:50:52.347,399751.1816,4091872.4918,global,-31.18,-17.33,0.078,2.00,4.64,-6.92,-15.69,10.00,0.00,0.50,99.00,0,0,0,0,0,0.00,999.00
17:50:52.397,399751.1816,4091872.4918,global,-30.00,-17.33,0.078,2.00,6.25,-7.52,-13.28,10.00,0.00,0.50,99.00,0,0,0,0,0,0.00,999.00
17:50:52.447,399751.1816,4091872.4918,global,-29.52,-17.33,0.078,2.00,6.25,-7.04,-13.28,10.00,0.00,0.50,99.00,0,0,0,0,0,0.00,999.00
17:50:52.497,399751.1816,4091872.4918,global,-29.50,-17.33,0.078,2.00,6.25,-7.02,-13.28,10.00,0.00,0.50,99.00,0,0,0,0,0,0.00,999.00
17:50:52.547,399751.4745,4091872.4107,global,-29.67,-9.91,0.094,2.00,4.40,-10.99,-2.44,10.00,0.00,0.50,99.00,0,0,0,0,0,0.00,999.00
17:50:52.597,399751.4745,4091872.4107,global,-30.05,-9.91,0.094,2.00,4.40,-11.37,-2.44,10.00,0.00,0.50,99.00,0,0,0,0,0,0.00,999.00
17:50:52.647,399751.4745,4091872.4107,global,-30.36,-9.91,0.094,2.00,4.40,-11.69,-2.44,10.00,0.00,0.50,99.00,0,0,0,0,0,0.00,999.00
17:50:52.697,399751.4745,4091872.4107,global,-31.09,-9.91,0.094,2.00,4.61,-12.82,-1.84,10.00,0.00,0.50,99.00,0,0,0,0,0,0.00,999.00
17:50:52.747,399751.4745,4091872.4107,global,-31.41,-9.91,0.094,2.00,4.61,-13.13,-1.84,10.00,0.00,0.50,99.00,0,0,0,0,0,0.00,999.00
17:50:52.797,399751.7935,4091872.2848,global,-31.17,-3.65,0.016,2.00,4.79,-22.00,-11.88,10.00,0.00,0.50,99.00,0,0,0,0,0,0.00,999.00
17:50:52.847,399751.7935,4091872.2848,global,-30.64,-3.65,0.016,2.00,4.79,-22.00,-11.88,10.00,0.00,0.50,99.00,0,0,0,0,0,0.00,999.00
17:50:52.897,399751.7935,4091872.2848,global,-29.63,-3.65,0.016,2.00,4.79,-22.00,-11.88,10.00,0.00,0.50,99.00,0,0,0,0,0,0.00,999.00
17:50:52.947,399751.7935,4091872.2848,global,-28.80,-3.65,0.016,2.00,4.54,-22.00,-22.00,10.00,0.00,0.50,99.00,0,0,0,0,0,0.00,999.00
17:50:52.998,399751.7935,4091872.2848,global,-27.15,-3.65,0.016,2.00,4.54,-22.00,-22.00,10.00,0.00,0.50,99.00,0,0,0,0,0,0.00,999.00
17:50:53.047,399752.0865,4091872.2148,global,-25.87,-3.78,-0.035,2.00,5.04,-22.00,-21.86,10.00,0.00,0.50,99.00,0,0,0,0,0,0.00,999.00
17:50:53.097,399752.0865,4091872.2148,global,-23.61,-3.78,-0.035,2.00,5.04,-22.00,-21.86,10.00,0.00,0.50,99.00,0,0,0,0,0,0.00,999.00
17:50:53.147,399752.0865,4091872.2148,global,-22.01,-3.78,-0.035,2.00,3.83,-21.97,-21.62,10.00,0.00,0.50,99.00,0,0,0,0,0,0.00,999.00
17:50:53.197,399752.0865,4091872.2148,global,-19.87,-3.78,-0.035,2.00,3.83,-19.82,-21.62,10.00,0.00,0.50,99.00,0,0,0,0,0,0.00,999.00
17:50:53.247,399752.0865,4091872.2148,global,-18.75,-3.78,-0.035,2.00,3.83,-18.70,-21.62,10.00,0.00,0.50,99.00,0,0,0,0,0,0.00,999.00
17:50:53.297,399752.3893,4091872.2223,global,-17.10,-6.61,-0.004,2.00,5.09,-10.79,-22.00,10.00,0.00,0.50,99.00,0,0,0,0,0,0.00,999.00
17:50:53.347,399752.3893,4091872.2223,global,-15.99,-6.61,-0.004,2.00,5.09,-9.68,-22.00,10.00,0.00,0.50,99.00,0,0,0,0,0,0.00,999.00
17:50:53.397,399752.3893,4091872.2223,global,-14.36,-6.61,-0.004,2.00,4.68,-8.08,-21.97,10.00,0.00,0.50,99.00,0,0,0,0,0,0.00,999.00
17:50:53.447,399752.3893,4091872.2223,global,-13.30,-6.61,-0.004,2.00,4.68,-7.02,-21.97,10.00,0.00,0.50,99.00,0,0,0,0,0,0.00,999.00
17:50:53.497,399752.3893,4091872.2223,global,-11.93,-6.61,-0.004,2.00,3.79,-5.72,-17.29,10.00,0.00,0.50,99.00,0,0,0,0,0,0.00,999.00
17:50:53.547,399752.6748,4091872.2744,global,-11.33,-12.41,0.098,2.00,3.79,11.59,-17.29,10.00,0.00,0.50,99.00,0,0,0,0,0,0.00,999.00
17:50:53.598,399752.6748,4091872.2744,global,-10.89,-12.41,0.098,2.00,3.79,12.03,-17.29,10.00,0.00,0.50,99.00,0,0,0,0,0,0.00,999.00
17:50:53.647,399752.6748,4091872.2744,global,-10.87,-12.41,0.098,2.00,6.15,8.07,-3.97,10.00,0.00,0.50,99.00,0,0,0,0,0,0.00,999.00
17:50:53.697,399752.6748,4091872.2744,global,-11.18,-12.41,0.098,2.00,6.15,7.76,-3.97,10.00,0.00,0.50,99.00,0,0,0,0,0,0.00,999.00
17:50:53.747,399752.6748,4091872.2744,global,-11.63,-12.41,0.098,2.00,5.44,8.15,6.67,10.00,0.00,0.50,99.00,0,0,0,0,0,0.00,999.00
17:50:53.797,399752.9955,4091872.2928,global,-12.84,-11.53,0.184,2.00,5.44,12.40,6.67,10.00,0.00,0.50,99.00,0,0,0,0,0,0.00,999.00
17:50:53.847,399752.9955,4091872.2928,global,-13.91,-11.53,0.184,2.00,5.44,11.33,6.67,10.00,0.00,0.50,99.00,0,0,0,0,0,0.00,999.00
17:50:53.897,399752.9955,4091872.2928,global,-15.27,-11.53,0.184,2.00,4.74,11.90,6.89,10.00,0.00,0.50,99.00,0,0,0,0,0,0.00,999.00
17:50:53.947,399752.9955,4091872.2928,global,-15.92,-11.53,0.184,2.00,4.74,11.26,6.89,10.00,0.00,0.50,99.00,0,0,0,0,0,0.00,999.00
17:50:53.997,399752.9955,4091872.2928,global,-16.79,-11.53,0.184,2.00,4.55,11.02,6.65,10.00,0.00,0.50,99.00,0,0,0,0,0,0.00,999.00
17:50:54.047,399753.3418,4091872.2111,global,-17.55,-8.28,0.157,2.00,4.55,4.67,6.65,10.00,0.00,0.50,99.00,0,0,0,0,0,0.00,999.00
17:50:54.097,399753.3418,4091872.2111,global,-18.99,-8.28,0.157,2.00,4.64,2.97,11.10,10.00,0.00,0.50,99.00,0,0,0,0,0,0.00,999.00
17:50:54.147,399753.3418,4091872.2111,global,-20.05,-8.28,0.157,2.00,4.64,1.91,11.10,10.00,0.00,0.50,99.00,0,0,0,0,0,0.00,999.00
17:50:54.197,399753.3418,4091872.2111,global,-21.64,-8.28,0.157,2.00,4.64,0.32,11.10,10.00,0.00,0.50,99.00,0,0,0,0,0,0.00,999.00
17:50:54.247,399753.3418,4091872.2111,global,-22.62,-8.28,0.157,2.00,4.54,-0.37,6.37,10.00,0.00,0.50,99.00,0,0,0,0,0,0.00,999.00
17:50:54.297,399753.6704,4091872.1406,global,-23.62,-8.28,0.134,2.00,4.54,-3.31,6.37,10.00,0.00,0.50,99.00,0,0,0,0,0,0.00,999.00
17:50:54.347,399753.6704,4091872.1406,global,-23.97,-8.28,0.134,2.00,4.79,-4.27,-1.58,10.00,0.00,0.50,99.00,0,0,0,0,0,0.00,999.00
17:50:54.397,399753.6704,4091872.1406,global,-24.34,-8.28,0.134,2.00,4.79,-4.64,-1.58,10.00,0.00,0.50,99.00,0,0,0,0,0,0.00,999.00
17:50:54.447,399753.6704,4091872.1406,global,-24.40,-8.28,0.134,2.00,4.68,-4.45,-8.06,10.00,0.00,0.50,99.00,0,0,0,0,0,0.00,999.00
17:50:54.497,399753.6704,4091872.1406,global,-24.15,-8.28,0.134,2.00,4.68,-4.20,-8.06,10.00,0.00,0.50,99.00,0,0,0,0,0,0.00,999.00
17:50:54.547,399753.9902,4091872.0813,global,-23.70,-5.43,0.118,2.00,4.68,-7.99,-8.06,10.00,0.00,0.50,99.00,0,0,0,0,0,0.00,999.00
17:50:54.597,399753.9902,4091872.0813,global,-22.92,-5.43,0.118,2.00,4.65,-7.14,-13.65,10.00,0.00,0.50,99.00,0,0,0,0,0,0.00,999.00
17:50:54.647,399753.9902,4091872.0813,global,-22.42,-5.43,0.118,2.00,4.65,-6.64,-13.65,10.00,0.00,0.50,99.00,0,0,0,0,0,0.00,999.00
17:50:54.697,399753.9902,4091872.0813,global,-22.01,-5.43,0.118,2.00,4.65,-6.23,-13.65,10.00,0.00,0.50,99.00,0,0,0,0,0,0.00,999.00
17:50:54.747,399753.9902,4091872.0813,global,-21.82,-5.43,0.118,2.00,4.65,-6.03,-8.07,10.00,0.00,0.50,99.00,0,0,0,0,0,0.00,999.00
17:50:54.797,399754.3100,4091872.0221,global,-21.70,-10.11,0.100,2.00,4.65,-2.78,-8.07,10.00,0.00,0.50,99.00,0,0,0,0,0,0.00,999.00
17:50:54.847,399754.3100,4091872.0221,global,-21.79,-10.11,0.100,2.00,4.89,-3.30,-3.24,10.00,0.00,0.50,99.00,0,0,0,0,0,0.00,999.00
17:50:54.923,399754.3100,4091872.0221,global,-21.87,-10.11,0.100,2.00,4.89,-3.38,-3.24,10.00,0.00,0.50,99.00,0,0,0,0,0,0.00,999.00
17:50:54.947,399754.3100,4091872.0221,global,-22.49,-10.11,0.100,2.00,4.89,-4.00,4.10,10.00,0.00,0.50,99.00,0,0,0,0,0,0.00,999.00
17:50:54.998,399754.3100,4091872.0221,global,-23.30,-10.11,0.100,2.00,4.20,-3.47,4.10,10.00,0.00,0.50,99.00,0,0,0,0,0,0.00,999.00
17:50:55.047,399754.6565,4091871.9625,global,-24.04,-12.41,0.112,2.00,4.20,-0.74,4.10,10.00,0.00,0.50,99.00,0,0,0,0,0,0.00,999.00
17:50:55.097,399754.6565,4091871.9625,global,-25.35,-12.41,0.112,2.00,5.09,-3.92,7.68,10.00,0.00,0.50,99.00,0,0,0,0,0,0.00,999.00
17:50:55.147,399754.6565,4091871.9625,global,-26.17,-12.41,0.112,2.00,5.09,-4.73,7.68,10.00,0.00,0.50,99.00,0,0,0,0,0,0.00,999.00
17:50:55.198,399754.6565,4091871.9625,global,-27.33,-12.41,0.112,2.00,4.48,-4.69,6.07,10.00,0.00,0.50,99.00,0,0,0,0,0,0.00,999.00
17:50:55.247,399754.6565,4091871.9625,global,-28.08,-12.41,0.112,2.00,4.48,-5.44,6.07,10.00,0.00,0.50,99.00,0,0,0,0,0,0.00,999.00
17:50:55.297,399754.9668,4091871.8479,global,-28.91,-8.28,0.067,2.00,4.79,-14.87,-1.42,10.00,0.00,0.50,99.00,0,0,0,0,0,0.00,999.00
17:50:55.347,399754.9668,4091871.8479,global,-29.10,-8.28,0.067,2.00,4.79,-15.05,-1.42,10.00,0.00,0.50,99.00,0,0,0,0,0,0.00,999.00
17:50:55.397,399754.9668,4091871.8479,global,-28.98,-8.28,0.067,2.00,4.79,-14.94,-1.42,10.00,0.00,0.50,99.00,0,0,0,0,0,0.00,999.00
17:50:55.447,399754.9668,4091871.8479,global,-28.68,-8.28,0.067,2.00,4.81,-14.66,-15.09,10.00,0.00,0.50,99.00,0,0,0,0,0,0.00,999.00
17:50:55.497,399754.9668,4091871.8479,global,-27.78,-8.28,0.067,2.00,4.81,-13.76,-15.09,10.00,0.00,0.50,99.00,0,0,0,0,0,0.00,999.00
17:50:55.547,399755.2682,4091871.7445,global,-26.87,-12.80,0.013,2.00,4.79,-12.94,-21.97,10.00,0.00,0.50,99.00,0,0,0,0,0,0.00,999.00
17:50:55.598,399755.2682,4091871.7445,global,-25.06,-12.80,0.013,2.00,4.79,-11.12,-21.97,10.00,0.00,0.50,99.00,0,0,0,0,0,0.00,999.00
17:50:55.648,399755.2682,4091871.7445,global,-23.71,-12.80,0.013,2.00,4.79,-9.78,-21.97,10.00,0.00,0.50,99.00,0,0,0,0,0,0.00,999.00
17:50:55.697,399755.2682,4091871.7445,global,-22.35,-12.80,0.013,2.00,5.33,-8.54,-15.05,10.00,0.00,0.50,99.00,0,0,0,0,0,0.00,999.00
17:50:55.747,399755.2682,4091871.7445,global,-22.02,-12.80,0.013,2.00,5.33,-8.21,-15.05,10.00,0.00,0.50,99.00,0,0,0,0,0,0.00,999.00
17:50:55.797,399755.5884,4091871.7185,global,-21.87,-12.80,0.059,2.00,5.19,-4.40,-5.79,10.00,0.00,0.50,99.00,0,0,0,0,0,0.00,999.00
17:50:55.847,399755.5884,4091871.7185,global,-21.94,-12.80,0.059,2.00,5.19,-4.48,-5.79,10.00,0.00,0.50,99.00,0,0,0,0,0,0.00,999.00
17:50:55.897,399755.5884,4091871.7185,global,-22.42,-12.80,0.059,2.00,5.19,-4.95,-5.79,10.00,0.00,0.50,99.00,0,0,0,0,0,0.00,999.00
17:50:55.947,399755.5884,4091871.7185,global,-22.88,-12.80,0.059,2.00,4.71,-4.94,-0.37,10.00,0.00,0.50,99.00,0,0,0,0,0,0.00,999.00
17:50:55.997,399755.5884,4091871.7185,global,-23.41,-12.80,0.059,2.00,4.71,-5.48,-0.37,10.00,0.00,0.50,99.00,0,0,0,0,0,0.00,999.00
17:50:56.047,399755.8992,4091871.6482,global,-23.68,-3.32,0.074,2.00,4.84,-14.05,-0.62,10.00,0.00,0.50,99.00,0,0,0,0,0,0.00,999.00
17:50:56.097,399755.8992,4091871.6482,global,-24.17,-3.32,0.074,2.00,4.84,-14.54,-0.62,10.00,0.00,0.50,99.00,0,0,0,0,0,0.00,999.00
17:50:56.147,399755.8992,4091871.6482,global,-24.52,-3.32,0.074,2.00,4.64,-14.62,-3.51,10.00,0.00,0.50,99.00,0,0,0,0,0,0.00,999.00
17:50:56.197,399755.8992,4091871.6482,global,-24.79,-3.32,0.074,2.00,4.64,-14.89,-3.51,10.00,0.00,0.50,99.00,0,0,0,0,0,0.00,999.00
17:50:56.247,399755.8992,4091871.6482,global,-24.58,-3.32,0.074,2.00,4.64,-14.68,-12.76,10.00,0.00,0.50,99.00,0,0,0,0,0,0.00,999.00
17:50:56.297,399756.2368,4091871.5888,global,-23.83,-16.16,0.039,2.00,4.64,-4.19,-12.76,10.00,0.00,0.50,99.00,0,0,0,0,0,0.00,999.00
17:50:56.347,399756.2368,4091871.5888,global,-23.04,-16.16,0.039,2.00,4.64,-3.40,-12.76,10.00,0.00,0.50,99.00,0,0,0,0,0,0.00,999.00
17:50:56.397,399756.2368,4091871.5888,global,-21.45,-16.16,0.039,2.00,4.71,-1.87,-21.95,10.00,0.00,0.50,99.00,0,0,0,0,0,0.00,999.00
17:50:56.447,399756.2368,4091871.5888,global,-20.32,-16.16,0.039,2.00,4.71,-0.73,-21.95,10.00,0.00,0.50,99.00,0,0,0,0,0,0.00,999.00
17:50:56.497,399756.2368,4091871.5888,global,-18.81,-16.16,0.039,2.00,4.79,0.72,-18.79,10.00,0.00,0.50,99.00,0,0,0,0,0,0.00,999.00
17:50:56.547,399756.5751,4091871.5848,global,-18.08,-3.32,0.105,2.00,4.79,-5.75,-18.79,10.00,0.00,0.50,99.00,0,0,0,0,0,0.00,999.00
17:50:56.597,399756.5751,4091871.5848,global,-17.49,-3.32,0.105,2.00,4.79,-5.16,-18.79,10.00,0.00,0.50,99.00,0,0,0,0,0,0.00,999.00
17:50:56.648,399756.5751,4091871.5848,global,-17.47,-3.32,0.105,2.00,6.46,-7.45,-3.07,10.00,0.00,0.50,99.00,0,0,0,0,0,0.00,999.00
17:50:56.697,399756.5751,4091871.5848,global,-18.01,-3.32,0.105,2.00,6.46,-7.99,-3.07,10.00,0.00,0.50,99.00,0,0,0,0,0,0.00,999.00
17:50:56.747,399756.5751,4091871.5848,global,-18.63,-3.32,0.105,2.00,5.09,-6.82,6.52,10.00,0.00,0.50,99.00,0,0,0,0,0,0.00,999.00
17:50:56.797,399756.8774,4091871.5479,global,-19.88,-7.34,0.132,2.00,5.09,-1.97,6.52,10.00,0.00,0.50,99.00,0,0,0,0,0,0.00,999.00
17:50:56.848,399756.8774,4091871.5479,global,-20.83,-7.34,0.132,2.00,4.39,-1.28,2.23,10.00,0.00,0.50,99.00,0,0,0,0,0,0.00,999.00
17:50:56.897,399756.8774,4091871.5479,global,-21.52,-7.34,0.132,2.00,4.39,-1.97,2.23,10.00,0.00,0.50,99.00,0,0,0,0,0,0.00,999.00
17:50:56.947,399756.8774,4091871.5479,global,-21.45,-7.34,0.132,2.00,4.39,-1.90,2.23,10.00,0.00,0.50,99.00,0,0,0,0,0,0.00,999.00
17:50:56.997,399756.8774,4091871.5479,global,-21.06,-7.34,0.132,2.00,4.68,-2.24,-10.07,10.00,0.00,0.50,99.00,0,0,0,0,0,0.00,999.00
17:50:57.047,399757.1973,4091871.4997,global,-20.83,-9.53,0.122,2.00,4.68,-0.66,-10.07,10.00,0.00,0.50,99.00,0,0,0,0,0,0.00,999.00
17:50:57.097,399757.1973,4091871.4997,global,-20.43,-9.53,0.122,2.00,4.55,0.03,-11.75,10.00,0.00,0.50,99.00,0,0,0,0,0,0.00,999.00
17:50:57.147,399757.1973,4091871.4997,global,-20.06,-9.53,0.122,2.00,4.55,0.41,-11.75,10.00,0.00,0.50,99.00,0,0,0,0,0,0.00,999.00
17:50:57.197,399757.1973,4091871.4997,global,-19.74,-9.53,0.122,2.00,4.55,0.73,-11.75,10.00,0.00,0.50,99.00,0,0,0,0,0,0.00,999.00
17:50:57.247,399757.1973,4091871.4997,global,-19.90,-9.53,0.122,2.00,4.57,0.51,-0.31,10.00,0.00,0.50,99.00,0,0,0,0,0,0.00,999.00
17:50:57.297,399757.5085,4091871.4628,global,-20.68,-5.13,0.141,2.00,4.57,-3.02,-0.31,10.00,0.00,0.50,99.00,0,0,0,0,0,0.00,999.00
17:50:57.347,399757.5085,4091871.4628,global,-21.43,-5.13,0.141,2.00,5.64,-6.10,9.26,10.00,0.00,0.50,99.00,0,0,0,0,0,0.00,999.00
17:50:57.397,399757.5085,4091871.4628,global,-22.93,-5.13,0.141,2.00,5.64,-7.60,9.26,10.00,0.00,0.50,99.00,0,0,0,0,0,0.00,999.00
17:50:57.447,399757.5085,4091871.4628,global,-24.15,-5.13,0.141,2.00,5.04,-7.62,11.00,10.00,0.00,0.50,99.00,0,0,0,0,0,0.00,999.00
17:50:57.498,399757.5085,4091871.4628,global,-25.79,-5.13,0.141,2.00,5.04,-9.26,11.00,10.00,0.00,0.50,99.00,0,0,0,0,0,0.00,999.00
17:50:57.547,399757.8543,4091871.3477,global,-26.38,-8.78,0.059,2.00,5.04,-12.80,11.00,10.00,0.00,0.50,99.00,0,0,0,0,0,0.00,999.00
17:50:57.597,399757.8543,4091871.3477,global,-26.49,-8.78,0.059,2.00,4.68,-12.55,-6.56,10.00,0.00,0.50,99.00,0,0,0,0,0,0.00,999.00
17:50:57.647,399757.8543,4091871.3477,global,-26.34,-8.78,0.059,2.00,4.68,-12.39,-6.56,10.00,0.00,0.50,99.00,0,0,0,0,0,0.00,999.00
17:50:57.697,399757.8543,4091871.3477,global,-25.65,-8.78,0.059,2.00,4.59,-11.61,-17.55,10.00,0.00,0.50,99.00,0,0,0,0,0,0.00,999.00
17:50:57.747,399757.8543,4091871.3477,global,-24.83,-8.78,0.059,2.00,4.59,-10.78,-17.55,10.00,0.00,0.50,99.00,0,0,0,0,0,0.00,999.00
17:50:57.797,399758.1477,4091871.3110,global,-23.40,-7.14,0.067,2.00,4.59,-10.25,-17.55,10.00,0.00,0.50,99.00,0,0,0,0,0,0.00,999.00
17:50:57.847,399758.1477,4091871.3110,global,-22.89,-7.14,0.067,2.00,5.23,-10.47,-10.29,10.00,0.00,0.50,99.00,0,0,0,0,0,0.00,999.00
17:50:57.897,399758.1477,4091871.3110,global,-22.72,-7.14,0.067,2.00,5.23,-10.30,-10.29,10.00,0.00,0.50,99.00,0,0,0,0,0,0.00,999.00
17:50:57.947,399758.1477,4091871.3110,global,-22.87,-7.14,0.067,2.00,3.95,-8.76,-1.43,10.00,0.00,0.50,99.00,0,0,0,0,0,0.00,999.00
17:50:57.997,399758.1477,4091871.3110,global,-23.41,-7.14,0.067,2.00,3.95,-9.30,-1.43,10.00,0.00,0.50,99.00,0,0,0,0,0,0.00,999.00
17:50:58.047,399758.4588,4091871.2629,global,-23.84,-12.41,0.060,2.00,3.95,-5.22,-1.43,10.00,0.00,0.50,99.00,0,0,0,0,0,0.00,999.00
17:50:58.098,399758.4588,4091871.2629,global,-24.20,-12.41,0.060,2.00,4.71,-6.57,-5.94,10.00,0.00,0.50,99.00,0,0,0,0,0,0.00,999.00
17:50:58.147,399758.4588,4091871.2629,global,-24.15,-12.41,0.060,2.00,4.71,-6.52,-5.94,10.00,0.00,0.50,99.00,0,0,0,0,0,0.00,999.00
17:50:58.197,399758.4588,4091871.2629,global,-23.72,-12.41,0.060,2.00,4.39,-5.72,-12.53,10.00,0.00,0.50,99.00,0,0,0,0,0,0.00,999.00
17:50:58.272,399758.4588,4091871.2629,global,-23.52,-12.41,0.060,2.00,4.39,-5.51,-12.53,10.00,0.00,0.50,99.00,0,0,0,0,0,0.00,999.00
17:50:58.298,399758.7872,4091871.1814,global,-22.47,-7.14,0.048,2.00,4.39,-10.82,-10.99,10.00,0.00,0.50,99.00,0,0,0,0,0,0.00,999.00
17:50:58.347,399758.7872,4091871.1814,global,-22.04,-7.14,0.048,2.00,5.63,-11.38,-10.99,10.00,0.00,0.50,99.00,0,0,0,0,0,0.00,999.00
17:50:58.397,399758.7872,4091871.1814,global,-21.93,-7.14,0.048,2.00,5.63,-11.26,-10.99,10.00,0.00,0.50,99.00,0,0,0,0,0,0.00,999.00
17:50:58.447,399758.7872,4091871.1814,global,-22.14,-7.14,0.048,2.00,5.54,-11.42,-0.75,10.00,0.00,0.50,99.00,0,0,0,0,0,0.00,999.00
17:50:58.497,399758.7872,4091871.1814,global,-22.77,-7.14,0.048,2.00,5.54,-12.05,-0.75,10.00,0.00,0.50,99.00,0,0,0,0,0,0.00,999.00
17:50:58.547,399759.0806,4091871.1446,global,-23.27,-14.67,0.052,2.00,4.39,-3.76,2.25,10.00,0.00,0.50,99.00,0,0,0,0,0,0.00,999.00
17:50:58.597,399759.0806,4091871.1446,global,-24.02,-14.67,0.052,2.00,4.39,-4.50,2.25,10.00,0.00,0.50,99.00,0,0,0,0,0,0.00,999.00
17:50:58.647,399759.0806,4091871.1446,global,-24.34,-14.67,0.052,2.00,4.89,-5.32,-5.80,10.00,0.00,0.50,99.00,0,0,0,0,0,0.00,999.00
17:50:58.697,399759.0806,4091871.1446,global,-24.24,-14.67,0.052,2.00,4.89,-5.21,-5.80,10.00,0.00,0.50,99.00,0,0,0,0,0,0.00,999.00
17:50:58.747,399759.0806,4091871.1446,global,-23.87,-14.67,0.052,2.00,4.89,-4.84,-5.80,10.00,0.00,0.50,99.00,0,0,0,0,0,0.00,999.00
17:50:58.797,399759.4088,4091871.0409,global,-23.08,-2.98,0.024,2.00,4.54,-17.89,-14.09,10.00,0.00,0.50,99.00,0,0,0,0,0,0.00,999.00
17:50:58.848,399759.4088,4091871.0409,global,-22.55,-2.98,0.024,2.00,4.54,-17.36,-14.09,10.00,0.00,0.50,99.00,0,0,0,0,0,0.00,999.00
17:50:58.897,399759.4088,4091871.0409,global,-21.97,-2.98,0.024,2.00,4.74,-16.88,-12.13,10.00,0.00,0.50,99.00,0,0,0,0,0,0.00,999.00
17:50:58.947,399759.4088,4091871.0409,global,-21.63,-2.98,0.024,2.00,4.74,-16.54,-12.13,10.00,0.00,0.50,99.00,0,0,0,0,0,0.00,999.00
17:50:58.997,399759.4088,4091871.0409,global,-21.00,-2.98,0.024,2.00,4.74,-15.90,-12.13,10.00,0.00,0.50,99.00,0,0,0,0,0,0.00,999.00
17:50:59.047,399759.7288,4091871.0038,global,-20.52,-5.59,0.008,2.00,4.68,-14.19,-15.05,10.00,0.00,0.50,99.00,0,0,0,0,0,0.00,999.00
17:50:59.097,399759.7288,4091871.0038,global,-19.67,-5.59,0.008,2.00,4.68,-13.34,-15.05,10.00,0.00,0.50,99.00,0,0,0,0,0,0.00,999.00
17:50:59.148,399759.7288,4091871.0038,global,-19.10,-5.59,0.008,2.00,4.64,-12.77,-15.63,10.00,0.00,0.50,99.00,0,0,0,0,0,0.00,999.00
17:50:59.197,399759.7288,4091871.0038,global,-18.30,-5.59,0.008,2.00,4.64,-11.96,-15.63,10.00,0.00,0.50,99.00,0,0,0,0,0,0.00,999.00
17:50:59.247,399759.7288,4091871.0038,global,-17.78,-5.59,0.008,2.00,4.64,-11.44,-15.63,10.00,0.00,0.50,99.00,0,0,0,0,0,0.00,999.00
17:50:59.298,399760.0761,4091871.0108,global,-17.07,-7.55,0.053,2.00,4.78,-4.92,-13.11,10.00,0.00,0.50,99.00,0,0,0,0,0,0.00,999.00
17:50:59.347,399760.0761,4091871.0108,global,-16.64,-7.55,0.053,2.00,4.78,-4.50,-13.11,10.00,0.00,0.50,99.00,0,0,0,0,0,0.00,999.00
17:50:59.398,399760.0761,4091871.0108,global,-16.08,-7.55,0.053,2.00,4.59,-3.75,-11.37,10.00,0.00,0.50,99.00,0,0,0,0,0,0.00,999.00
17:50:59.447,399760.0761,4091871.0108,global,-15.76,-7.55,0.053,2.00,4.59,-3.42,-11.37,10.00,0.00,0.50,99.00,0,0,0,0,0,0.00,999.00
17:50:59.497,399760.0761,4091871.0108,global,-15.44,-7.55,0.053,2.00,4.59,-3.11,-11.37,10.00,0.00,0.50,99.00,0,0,0,0,0,0.00,999.00
17:50:59.548,399760.3965,4091870.9959,global,-15.40,-12.41,0.074,2.00,4.71,3.49,-4.76,10.00,0.00,0.50,99.00,0,0,0,0,0,0.00,999.00
17:50:59.597,399760.3965,4091870.9959,global,-15.62,-12.41,0.074,2.00,4.71,3.27,-4.76,10.00,0.00,0.50,99.00,0,0,0,0,0,0.00,999.00
17:50:59.647,399760.3965,4091870.9959,global,-15.96,-12.41,0.074,2.00,4.74,2.88,1.56,10.00,0.00,0.50,99.00,0,0,0,0,0,0.00,999.00
17:50:59.697,399760.3965,4091870.9959,global,-16.68,-12.41,0.074,2.00,4.74,2.15,1.56,10.00,0.00,0.50,99.00,0,0,0,0,0,0.00,999.00
17:50:59.747,399760.3965,4091870.9959,global,-17.38,-12.41,0.074,2.00,4.74,1.46,1.56,10.00,0.00,0.50,99.00,0,0,0,0,0,0.00,999.00
17:50:59.798,399760.7164,4091870.9478,global,-18.40,-2.98,0.099,2.00,4.68,-6.72,5.16,10.00,0.00,0.50,99.00,0,0,0,0,0,0.00,999.00
17:50:59.847,399760.7164,4091870.9478,global,-19.01,-2.98,0.099,2.00,4.68,-7.33,5.16,10.00,0.00,0.50,99.00,0,0,0,0,0,0.00,999.00
17:50:59.897,399760.7164,4091870.9478,global,-20.03,-2.98,0.099,2.00,4.84,-8.63,5.13,10.00,0.00,0.50,99.00,0,0,0,0,0,0.00,999.00
17:50:59.947,399760.7164,4091870.9478,global,-20.76,-2.98,0.099,2.00,4.84,-9.36,5.13,10.00,0.00,0.50,99.00,0,0,0,0,0,0.00,999.00
17:50:59.997,399760.7164,4091870.9478,global,-21.33,-2.98,0.099,2.00,4.64,-9.57,-4.61,10.00,0.00,0.50,99.00,0,0,0,0,0,0.00,999.00
17:51:00.047,399761.0540,4091870.8883,global,-21.27,-15.14,0.067,2.00,4.64,-0.19,-4.61,10.00,0.00,0.50,99.00,0,0,0,0,0,0.00,999.00
17:51:00.097,399761.0540,4091870.8883,global,-20.80,-15.14,0.067,2.00,4.64,0.28,-4.61,10.00,0.00,0.50,99.00,0,0,0,0,0,0.00,999.00
17:51:00.147,399761.0540,4091870.8883,global,-20.38,-15.14,0.067,2.00,4.71,0.61,-10.90,10.00,0.00,0.50,99.00,0,0,0,0,0,0.00,999.00
17:51:00.197,399761.0540,4091870.8883,global,-19.95,-15.14,0.067,2.00,4.71,1.04,-10.90,10.00,0.00,0.50,99.00,0,0,0,0,0,0.00,999.00
17:51:00.248,399761.0540,4091870.8883,global,-19.89,-15.14,0.067,2.00,5.19,0.56,-2.87,10.00,0.00,0.50,99.00,0,0,0,0,0,0.00,999.00
17:51:00.297,399761.3741,4091870.8512,global,-20.28,-5.59,0.098,2.00,5.19,-6.92,-2.87,10.00,0.00,0.50,99.00,0,0,0,0,0,0.00,999.00
17:51:00.347,399761.3741,4091870.8512,global,-20.86,-5.59,0.098,2.00,5.19,-7.50,-2.87,10.00,0.00,0.50,99.00,0,0,0,0,0,0.00,999.00
17:51:00.397,399761.3741,4091870.8512,global,-22.01,-5.59,0.098,2.00,5.91,-9.59,5.20,10.00,0.00,0.50,99.00,0,0,0,0,0,0.00,999.00
17:51:00.448,399761.3741,4091870.8512,global,-22.68,-5.59,0.098,2.00,5.91,-10.26,5.20,10.00,0.00,0.50,99.00,0,0,0,0,0,0.00,999.00
17:51:00.497,399761.3741,4091870.8512,global,-23.51,-5.59,0.098,2.00,4.64,-9.24,2.01,10.00,0.00,0.50,99.00,0,0,0,0,0,0.00,999.00
17:51:00.547,399761.7117,4091870.7918,global,-23.89,-13.22,0.080,2.00,4.64,-3.58,2.01,10.00,0.00,0.50,99.00,0,0,0,0,0,0.00,999.00
17:51:00.597,399761.7117,4091870.7918,global,-24.03,-13.22,0.080,2.00,5.04,-4.28,-9.92,10.00,0.00,0.50,99.00,0,0,0,0,0,0.00,999.00
17:51:00.647,399761.7117,4091870.7918,global,-23.70,-13.22,0.080,2.00,5.04,-3.95,-9.92,10.00,0.00,0.50,99.00,0,0,0,0,0,0.00,999.00
17:51:00.697,399761.7117,4091870.7918,global,-22.69,-13.22,0.080,2.00,5.04,-2.94,-9.92,10.00,0.00,0.50,99.00,0,0,0,0,0,0.00,999.00
17:51:00.747,399761.7117,4091870.7918,global,-22.10,-13.22,0.080,2.00,4.68,-1.85,-9.99,10.00,0.00,0.50,99.00,0,0,0,0,0,0.00,999.00
17:51:00.797,399762.0226,4091870.7326,global,-21.92,-8.28,0.097,2.00,4.68,-5.18,-9.99,10.00,0.00,0.50,99.00,0,0,0,0,0,0.00,999.00
17:51:00.847,399762.0226,4091870.7326,global,-22.20,-8.28,0.097,2.00,5.19,-6.29,-1.45,10.00,0.00,0.50,99.00,0,0,0,0,0,0.00,999.00
17:51:00.897,399762.0226,4091870.7326,global,-22.75,-8.28,0.097,2.00,5.19,-6.83,-1.45,10.00,0.00,0.50,99.00,0,0,0,0,0,0.00,999.00
17:51:00.947,399762.0226,4091870.7326,global,-23.26,-8.28,0.097,2.00,5.19,-7.34,-1.45,10.00,0.00,0.50,99.00,0,0,0,0,0,0.00,999.00
17:51:00.997,399762.0226,4091870.7326,global,-24.07,-8.28,0.097,2.00,4.81,-7.56,-2.23,10.00,0.00,0.50,99.00,0,0,0,0,0,0.00,999.00
17:51:01.047,399762.3601,4091870.6620,global,-24.24,-17.98,0.085,2.00,4.81,0.97,-2.23,10.00,0.00,0.50,99.00,0,0,0,0,0,0.00,999.00
17:51:01.097,399762.3601,4091870.6620,global,-23.92,-17.98,0.085,2.00,4.59,1.64,-10.18,10.00,0.00,0.50,99.00,0,0,0,0,0,0.00,999.00
17:51:01.147,399762.3601,4091870.6620,global,-23.54,-17.98,0.085,2.00,4.59,2.01,-10.18,10.00,0.00,0.50,99.00,0,0,0,0,0,0.00,999.00
17:51:01.197,399762.3601,4091870.6620,global,-22.95,-17.98,0.085,2.00,4.59,2.61,-10.18,10.00,0.00,0.50,99.00,0,0,0,0,0,0.00,999.00
17:51:01.248,399762.3601,4091870.6620,global,-22.62,-17.98,0.085,2.00,4.65,2.85,-6.48,10.00,0.00,0.50,99.00,0,0,0,0,0,0.00,999.00
17:51:01.297,399762.6709,4091870.5918,global,-22.70,-23.24,0.123,2.00,4.65,11.33,-6.48,10.00,0.00,0.50,99.00,0,0,0,0,0,0.00,999.00
17:51:01.347,399762.6709,4091870.5918,global,-23.10,-23.24,0.123,2.00,4.43,11.42,3.02,10.00,0.00,0.50,99.00,0,0,0,0,0,0.00,999.00
17:51:01.397,399762.6709,4091870.5918,global,-24.13,-23.24,0.123,2.00,4.43,10.40,3.02,10.00,0.00,0.50,99.00,0,0,0,0,0,0.00,999.00
17:51:01.447,399762.6709,4091870.5918,global,-24.98,-23.24,0.123,2.00,4.43,9.55,3.02,10.00,0.00,0.50,99.00,0,0,0,0,0,0.00,999.00
17:51:01.497,399762.6709,4091870.5918,global,-26.44,-23.24,0.123,2.00,4.51,7.91,9.41,10.00,0.00,0.50,99.00,0,0,0,0,0,0.00,999.00
17:51:01.548,399763.0081,4091870.4990,global,-27.35,-24.84,0.129,2.00,4.51,9.11,9.41,10.00,0.00,0.50,99.00,0,0,0,0,0,0.00,999.00
17:51:01.597,399763.0081,4091870.4990,global,-28.71,-24.84,0.129,2.00,5.39,5.90,10.22,10.00,0.00,0.50,99.00,0,0,0,0,0,0.00,999.00
17:51:01.647,399763.0081,4091870.4990,global,-29.63,-24.84,0.129,2.00,5.39,4.97,10.22,10.00,0.00,0.50,99.00,0,0,0,0,0,0.00,999.00
17:51:01.697,399763.0081,4091870.4990,global,-31.05,-24.84,0.129,2.00,5.39,3.55,10.22,10.00,0.00,0.50,99.00,0,0,0,0,0,0.00,999.00
17:51:01.747,399763.0081,4091870.4990,global,-31.78,-24.84,0.129,2.00,4.43,4.87,4.47,10.00,0.00,0.50,99.00,0,0,0,0,0,0.00,999.00
17:51:01.797,399763.3181,4091870.3622,global,-32.59,-17.33,0.126,2.00,4.43,-3.67,4.47,10.00,0.00,0.50,99.00,0,0,0,0,0,0.00,999.00
17:51:01.848,399763.3181,4091870.3622,global,-33.03,-17.33,0.126,2.00,5.04,-5.48,-0.34,10.00,0.00,0.50,99.00,0,0,0,0,0,0.00,999.00
17:51:01.897,399763.3181,4091870.3622,global,-33.52,-17.33,0.126,2.00,5.04,-5.97,-0.34,10.00,0.00,0.50,99.00,0,0,0,0,0,0.00,999.00
17:51:01.947,399763.3181,4091870.3622,global,-33.79,-17.33,0.126,2.00,4.84,-5.82,-0.91,10.00,0.00,0.50,99.00,0,0,0,0,0,0.00,999.00
17:51:01.997,399763.3181,4091870.3622,global,-34.30,-17.33,0.126,2.00,4.84,-6.32,-0.91,10.00,0.00,0.50,99.00,0,0,0,0,0,0.00,999.00
17:51:02.047,399763.6459,4091870.2252,global,-34.54,-26.29,0.080,2.00,4.84,-1.46,-0.91,10.00,0.00,0.50,99.00,0,0,0,0,0,0.00,999.00
17:51:02.097,399763.6459,4091870.2252,global,-34.51,-26.29,0.080,2.00,4.78,-1.36,-7.83,10.00,0.00,0.50,99.00,0,0,0,0,0,0.00,999.00
17:51:02.148,399763.6459,4091870.2252,global,-34.30,-26.29,0.080,2.00,4.78,-1.14,-7.83,10.00,0.00,0.50,99.00,0,0,0,0,0,0.00,999.00
17:51:02.197,399763.6459,4091870.2252,global,-33.97,-26.29,0.080,2.00,4.84,-0.89,-11.09,10.00,0.00,0.50,99.00,0,0,0,0,0,0.00,999.00
17:51:02.247,399763.6459,4091870.2252,global,-33.64,-26.29,0.080,2.00,4.84,-0.56,-11.09,10.00,0.00,0.50,99.00,0,0,0,0,0,0.00,999.00
17:51:02.297,399763.9473,4091870.1107,global,-32.99,-28.78,0.112,2.00,4.64,5.65,-11.20,10.00,0.00,0.50,99.00,0,0,0,0,0,0.00,999.00
17:51:02.347,399763.9473,4091870.1107,global,-32.67,-28.78,0.112,2.00,4.64,5.97,-11.20,10.00,0.00,0.50,99.00,0,0,0,0,0,0.00,999.00
17:51:02.397,399763.9473,4091870.1107,global,-32.52,-28.78,0.112,2.00,4.64,6.12,-11.20,10.00,0.00,0.50,99.00,0,0,0,0,0,0.00,999.00
17:51:02.447,399763.9473,4091870.1107,global,-32.76,-28.78,0.112,2.00,5.09,5.01,1.98,10.00,0.00,0.50,99.00,0,0,0,0,0,0.00,999.00
17:51:02.497,399763.9473,4091870.1107,global,-33.57,-28.78,0.112,2.00,5.09,4.20,1.98,10.00,0.00,0.50,99.00,0,0,0,0,0,0.00,999.00
17:51:02.547,399764.2665,4091870.0071,global,-34.54,-14.67,0.153,2.00,4.43,-5.93,12.80,10.00,0.00,0.50,99.00,0,0,0,0,0,0.00,999.00
17:51:02.597,399764.2665,4091870.0071,global,-36.46,-14.67,0.153,2.00,4.43,-7.85,12.80,10.00,0.00,0.50,99.00,0,0,0,0,0,0.00,999.00
17:51:02.647,399764.2665,4091870.0071,global,-37.85,-14.67,0.153,2.00,4.89,-10.48,8.34,10.00,0.00,0.50,99.00,0,0,0,0,0,0.00,999.00
17:51:02.697,399764.2665,4091870.0071,global,-39.19,-14.67,0.153,2.00,4.89,-11.82,8.34,10.00,0.00,0.50,99.00,0,0,0,0,0,0.00,999.00
17:51:02.776,399764.2665,4091870.0071,global,-39.36,-14.67,0.153,2.00,4.89,-11.99,8.34,10.00,0.00,0.50,99.00,0,0,0,0,0,0.00,999.00
17:51:02.797,399764.5582,4091869.8261,global,-39.30,-23.93,0.080,2.00,4.89,-8.60,-12.68,10.00,0.00,0.50,99.00,0,0,0,0,0,0.00,999.00
17:51:02.847,399764.5582,4091869.8261,global,-39.04,-23.93,0.080,2.00,4.80,-8.23,-12.68,10.00,0.00,0.50,99.00,0,0,0,0,0,0.00,999.00
17:51:02.897,399764.5582,4091869.8261,global,-38.08,-23.93,0.080,2.00,4.80,-7.26,-12.68,10.00,0.00,0.50,99.00,0,0,0,0,0,0.00,999.00
17:51:02.948,399764.5582,4091869.8261,global,-36.98,-23.93,0.080,2.00,4.58,-5.83,-22.00,10.00,0.00,0.50,99.00,0,0,0,0,0,0.00,999.00
17:51:02.997,399764.5582,4091869.8261,global,-34.92,-23.93,0.080,2.00,4.58,-3.78,-22.00,10.00,0.00,0.50,99.00,0,0,0,0,0,0.00,999.00
17:51:03.048,399764.8775,4091869.7225,global,-33.21,-19.06,0.121,2.00,5.19,-4.64,-22.00,10.00,0.00,0.50,99.00,0,0,0,0,0,0.00,999.00
17:51:03.097,399764.8775,4091869.7225,global,-30.74,-19.06,0.121,2.00,5.19,-2.17,-22.00,10.00,0.00,0.50,99.00,0,0,0,0,0,0.00,999.00
17:51:03.147,399764.8775,4091869.7225,global,-29.41,-19.06,0.121,2.00,5.19,-0.84,-22.00,10.00,0.00,0.50,99.00,0,0,0,0,0,0.00,999.00
17:51:03.197,399764.8775,4091869.7225,global,-28.25,-19.06,0.121,2.00,4.92,0.83,-15.51,10.00,0.00,0.50,99.00,0,0,0,0,0,0.00,999.00
17:51:03.247,399764.8775,4091869.7225,global,-27.89,-19.06,0.121,2.00,4.92,1.20,-15.51,10.00,0.00,0.50,99.00,0,0,0,0,0,0.00,999.00
17:51:03.297,399765.1796,4091869.6745,global,-27.67,-23.93,0.170,2.00,4.59,11.20,-4.63,10.00,0.00,0.50,99.00,0,0,0,0,0,0.00,999.00
17:51:03.347,399765.1796,4091869.6745,global,-27.87,-23.93,0.170,2.00,4.59,11.01,-4.63,10.00,0.00,0.50,99.00,0,0,0,0,0,0.00,999.00
17:51:03.397,399765.1796,4091869.6745,global,-28.67,-23.93,0.170,2.00,4.59,10.20,-4.63,10.00,0.00,0.50,99.00,0,0,0,0,0,0.00,999.00
17:51:03.447,399765.1796,4091869.6745,global,-29.47,-23.93,0.170,2.00,5.09,7.99,10.24,10.00,0.00,0.50,99.00,0,0,0,0,0,0.00,999.00
17:51:03.497,399765.1796,4091869.6745,global,-31.06,-23.93,0.170,2.00,5.09,6.41,10.24,10.00,0.00,0.50,99.00,0,0,0,0,0,0.00,999.00
17:51:03.547,399765.4810,4091869.5600,global,-32.40,-29.13,0.186,2.00,5.99,9.32,19.49,10.00,0.00,0.50,99.00,0,0,0,0,0,0.00,999.00
17:51:03.597,399765.4810,4091869.5600,global,-34.91,-29.13,0.186,2.00,5.99,6.81,19.49,10.00,0.00,0.50,99.00,0,0,0,0,0,0.00,999.00
17:51:03.647,399765.4810,4091869.5600,global,-36.59,-29.13,0.186,2.00,5.99,5.13,19.49,10.00,0.00,0.50,99.00,0,0,0,0,0,0.00,999.00
17:51:03.697,399765.4810,4091869.5600,global,-38.11,-29.13,0.186,2.00,4.54,7.44,7.22,10.00,0.00,0.50,99.00,0,0,0,0,0,0.00,999.00
17:51:03.747,399765.4810,4091869.5600,global,-38.67,-29.13,0.186,2.00,4.54,6.88,7.22,10.00,0.00,0.50,99.00,0,0,0,0,0,0.00,999.00
17:51:03.797,399765.7812,4091869.3456,global,-39.39,-17.98,0.122,2.00,4.99,-11.44,-3.62,10.00,0.00,0.50,99.00,0,0,0,0,0,0.00,999.00
17:51:03.847,399765.7812,4091869.3456,global,-39.48,-17.98,0.122,2.00,4.99,-11.52,-3.62,10.00,0.00,0.50,99.00,0,0,0,0,0,0.00,999.00
17:51:03.897,399765.7812,4091869.3456,global,-39.45,-17.98,0.122,2.00,4.99,-11.50,-3.62,10.00,0.00,0.50,99.00,0,0,0,0,0,0.00,999.00
17:51:03.947,399765.7812,4091869.3456,global,-39.60,-17.98,0.122,2.00,4.57,-10.75,-8.34,10.00,0.00,0.50,99.00,0,0,0,0,0,0.00,999.00
17:51:03.997,399765.7812,4091869.3456,global,-39.57,-17.98,0.122,2.00,4.57,-10.73,-8.34,10.00,0.00,0.50,99.00,0,0,0,0,0,0.00,999.00
17:51:04.047,399766.0821,4091869.1978,global,-39.06,-23.24,0.068,2.00,4.99,-10.20,-16.51,10.00,0.00,0.50,99.00,0,0,0,0,0,0.00,999.00
17:51:04.097,399766.0821,4091869.1978,global,-37.79,-23.24,0.068,2.00,4.99,-8.93,-16.51,10.00,0.00,0.50,99.00,0,0,0,0,0,0.00,999.00
17:51:04.147,399766.0821,4091869.1978,global,-36.90,-23.24,0.068,2.00,4.99,-8.03,-16.51,10.00,0.00,0.50,99.00,0,0,0,0,0,0.00,999.00
17:51:04.197,399766.0821,4091869.1978,global,-35.89,-23.24,0.068,2.00,4.51,-6.43,-13.26,10.00,0.00,0.50,99.00,0,0,0,0,0,0.00,999.00
17:51:04.247,399766.0821,4091869.1978,global,-35.54,-23.24,0.068,2.00,4.51,-6.08,-13.26,10.00,0.00,0.50,99.00,0,0,0,0,0,0.00,999.00
17:51:04.298,399766.3572,4091869.1169,global,-35.43,-14.24,0.112,2.00,5.04,-12.07,-4.77,10.00,0.00,0.50,99.00,0,0,0,0,0,0.00,999.00
17:51:04.347,399766.3572,4091869.1169,global,-35.53,-14.24,0.112,2.00,5.04,-12.17,-4.77,10.00,0.00,0.50,99.00,0,0,0,0,0,0.00,999.00
17:51:04.397,399766.3572,4091869.1169,global,-35.95,-14.24,0.112,2.00,5.04,-12.59,-4.77,10.00,0.00,0.50,99.00,0,0,0,0,0,0.00,999.00
17:51:04.447,399766.3572,4091869.1169,global,-36.22,-14.24,0.112,2.00,4.54,-11.88,-9.11,10.00,0.00,0.50,99.00,0,0,0,0,0,0.00,999.00
17:51:04.497,399766.3572,4091869.1169,global,-35.76,-14.24,0.112,2.00,4.54,-11.42,-9.11,10.00,0.00,0.50,99.00,0,0,0,0,0,0.00,999.00
17:51:04.547,399766.6314,4091868.9694,global,-35.16,-8.28,0.040,2.00,4.79,-22.00,-18.54,10.00,0.00,0.50,99.00,0,0,0,0,0,0.00,999.00
17:51:04.597,399766.6314,4091868.9694,global,-33.84,-8.28,0.040,2.00,4.79,-22.00,-18.54,10.00,0.00,0.50,99.00,0,0,0,0,0,0.00,999.00
17:51:04.647,399766.6314,4091868.9694,global,-32.81,-8.28,0.040,2.00,4.79,-21.05,-18.54,10.00,0.00,0.50,99.00,0,0,0,0,0,0.00,999.00
17:51:04.698,399766.6314,4091868.9694,global,-31.00,-8.28,0.040,2.00,4.78,-19.23,-21.87,10.00,0.00,0.50,99.00,0,0,0,0,0,0.00,999.00
17:51:04.747,399766.6314,4091868.9694,global,-29.66,-8.28,0.040,2.00,4.78,-17.89,-21.87,10.00,0.00,0.50,99.00,0,0,0,0,0,0.00,999.00
17:51:04.797,399766.9419,4091868.8770,global,-27.62,1.63,-0.013,2.00,4.39,-22.00,-21.97,10.00,0.00,0.50,99.00,0,0,0,0,0,0.00,999.00
17:51:04.847,399766.9419,4091868.8770,global,-26.30,1.63,-0.013,2.00,4.39,-22.00,-21.97,10.00,0.00,0.50,99.00,0,0,0,0,0,0.00,999.00
17:51:04.898,399766.9419,4091868.8770,global,-25.69,1.63,-0.013,2.00,4.39,-22.00,-21.97,10.00,0.00,0.50,99.00,0,0,0,0,0,0.00,999.00
17:51:04.947,399766.9419,4091868.8770,global,-23.14,1.63,-0.013,2.00,4.75,-22.00,-22.00,10.00,0.00,0.50,99.00,0,0,0,0,0,0.00,999.00
17:51:04.997,399766.9419,4091868.8770,global,-21.34,1.63,-0.013,2.00,4.75,-22.00,-22.00,10.00,0.00,0.50,99.00,0,0,0,0,0,0.00,999.00
17:51:05.047,399767.2709,4091868.8398,global,-20.12,6.93,-0.067,2.00,4.75,-22.00,-22.00,10.00,0.00,0.50,99.00,0,0,0,0,0,0.00,999.00
17:51:05.097,399767.2709,4091868.8398,global,-18.18,6.93,-0.067,2.00,4.81,-22.00,-21.98,10.00,0.00,0.50,99.00,0,0,0,0,0,0.00,999.00
17:51:05.147,399767.2709,4091868.8398,global,-17.01,6.93,-0.067,2.00,4.81,-22.00,-21.98,10.00,0.00,0.50,99.00,0,0,0,0,0,0.00,999.00
17:51:05.197,399767.2709,4091868.8398,global,-15.19,6.93,-0.067,2.00,4.39,-22.00,-21.97,10.00,0.00,0.50,99.00,0,0,0,0,0,0.00,999.00
17:51:05.247,399767.2709,4091868.8398,global,-13.98,6.93,-0.067,2.00,4.39,-22.00,-21.97,10.00,0.00,0.50,99.00,0,0,0,0,0,0.00,999.00
17:51:05.297,399767.5834,4091868.9138,global,-12.07,28.61,-0.033,2.00,4.39,-22.00,-21.97,10.00,0.00,0.50,99.00,0,0,0,0,0,0.00,999.00
17:51:05.347,399767.5834,4091868.9138,global,-10.85,28.61,-0.033,2.00,5.26,-22.00,-21.95,10.00,0.00,0.50,99.00,0,0,0,0,0,0.00,999.00
17:51:05.397,399767.5834,4091868.9138,global,-8.95,28.61,-0.033,2.00,5.26,-22.00,-21.95,10.00,0.00,0.50,99.00,0,0,0,0,0,0.00,999.00
17:51:05.447,399767.5834,4091868.9138,global,-7.71,28.61,-0.033,2.00,4.39,-22.00,-21.87,10.00,0.00,0.50,99.00,0,0,0,0,0,0.00,999.00
17:51:05.497,399767.5834,4091868.9138,global,-5.87,28.61,-0.033,2.00,4.39,-22.00,-21.87,10.00,0.00,0.50,99.00,0,0,0,0,0,0.00,999.00
17:51:05.547,399767.8781,4091868.9880,global,-4.64,25.32,-0.109,2.00,4.84,-22.00,-21.96,10.00,0.00,0.50,99.00,0,0,0,0,0,0.00,999.00
17:51:05.597,399767.8781,4091868.9880,global,-2.77,25.32,-0.109,2.00,4.84,-22.00,-21.96,10.00,0.00,0.50,99.00,0,0,0,0,0,0.00,999.00
17:51:05.647,399767.8781,4091868.9880,global,-1.62,25.32,-0.109,2.00,4.84,-22.00,-21.96,10.00,0.00,0.50,99.00,0,0,0,0,0,0.00,999.00
17:51:05.697,399767.8781,4091868.9880,global,0.21,25.32,-0.109,2.00,4.54,-22.00,-21.95,10.00,0.00,0.50,99.00,0,0,0,0,0,0.00,999.00
17:51:05.747,399767.8781,4091868.9880,global,1.44,25.32,-0.109,2.00,4.54,-22.00,-21.95,10.00,0.00,0.50,99.00,0,0,0,0,0,0.00,999.00
17:51:05.797,399768.1553,4091869.0957,global,3.28,30.21,-0.136,2.00,5.39,-22.00,-21.79,10.00,0.00,0.50,99.00,0,0,0,0,0,0.00,999.00
17:51:05.847,399768.1553,4091869.0957,global,4.53,30.21,-0.136,2.00,5.39,-22.00,-21.79,10.00,0.00,0.50,99.00,0,0,0,0,0,0.00,999.00
17:51:05.897,399768.1553,4091869.0957,global,6.32,30.21,-0.136,2.00,5.39,-22.00,-21.79,10.00,0.00,0.50,99.00,0,0,0,0,0,0.00,999.00
17:51:05.947,399768.1553,4091869.0957,global,7.55,30.21,-0.136,2.00,4.29,-22.00,-21.97,10.00,0.00,0.50,99.00,0,0,0,0,0,0.00,999.00
17:51:05.997,399768.1553,4091869.0957,global,9.34,30.21,-0.136,2.00,4.29,-22.00,-21.97,10.00,0.00,0.50,99.00,0,0,0,0,0,0.00,999.00
17:51:06.047,399768.4335,4091869.2810,global,10.63,37.74,-0.131,2.00,5.14,-22.00,-21.94,10.00,0.00,0.50,99.00,0,0,0,0,0,0.00,999.00
17:51:06.125,399768.4335,4091869.2810,global,11.26,37.74,-0.131,2.00,5.14,-22.00,-21.94,10.00,0.00,0.50,99.00,0,0,0,0,0,0.00,999.00
17:51:06.147,399768.4335,4091869.2810,global,13.85,37.74,-0.131,2.00,5.14,-22.00,-21.86,10.00,0.00,0.50,99.00,0,0,0,0,0,0.00,999.00
17:51:06.197,399768.4335,4091869.2810,global,15.64,37.74,-0.131,2.00,4.85,-22.00,-21.86,10.00,0.00,0.50,99.00,0,0,0,0,0,0.00,999.00
17:51:06.247,399768.4335,4091869.2810,global,16.87,37.74,-0.131,2.00,4.85,-22.00,-21.86,10.00,0.00,0.50,99.00,0,0,0,0,0,0.00,999.00
17:51:06.297,399768.7029,4091869.4775,global,18.72,38.33,-0.163,2.00,4.51,-22.00,-21.94,10.00,0.00,0.50,99.00,0,0,0,0,0,0.00,999.00
17:51:06.347,399768.7029,4091869.4775,global,19.99,38.33,-0.163,2.00,4.51,-22.00,-21.94,10.00,0.00,0.50,99.00,0,0,0,0,0,0.00,999.00
17:51:06.398,399768.7029,4091869.4775,global,21.89,38.33,-0.163,2.00,5.44,-22.00,-21.86,10.00,0.00,0.50,99.00,0,0,0,0,0,0.00,999.00
17:51:06.447,399768.7029,4091869.4775,global,23.16,38.33,-0.163,2.00,5.44,-22.00,-21.86,10.00,0.00,0.50,99.00,0,0,0,0,0,0.00,999.00
17:51:06.497,399768.7029,4091869.4775,global,25.03,38.33,-0.163,2.00,4.64,-22.00,-21.94,10.00,0.00,0.50,99.00,0,0,0,0,0,0.00,999.00
17:51:06.547,399768.9277,4091869.6635,global,26.28,54.02,-0.150,2.00,4.64,-22.00,-21.94,10.00,0.00,0.50,99.00,0,0,0,0,0,0.00,999.00
17:51:06.597,399768.9277,4091869.6635,global,28.21,54.02,-0.150,2.00,4.64,-22.00,-21.94,10.00,0.00,0.50,99.00,0,0,0,0,0,0.00,999.00
17:51:06.647,399768.9277,4091869.6635,global,29.58,54.02,-0.150,2.00,4.95,-22.00,-21.91,10.00,0.00,0.50,99.00,0,0,0,0,0,0.00,999.00
17:51:06.697,399768.9277,4091869.6635,global,31.46,54.02,-0.150,2.00,4.95,-22.00,-21.91,10.00,0.00,0.50,99.00,0,0,0,0,0,0.00,999.00
17:51:06.747,399768.9277,4091869.6635,global,32.71,54.02,-0.150,2.00,4.59,-22.00,-21.92,10.00,0.00,0.50,99.00,0,0,0,0,0,0.00,999.00
17:51:06.797,399769.1175,4091869.9053,global,34.58,52.08,-0.161,2.00,4.59,-22.00,-21.92,10.00,0.00,0.50,99.00,0,0,0,0,0,0.00,999.00
17:51:06.847,399769.1175,4091869.9053,global,35.87,52.08,-0.161,2.00,4.59,-22.00,-21.92,10.00,0.00,0.50,99.00,0,0,0,0,0,0.00,999.00
17:51:06.897,399769.1175,4091869.9053,global,37.74,52.08,-0.161,2.00,5.19,-22.00,-21.95,10.00,0.00,0.50,99.00,0,0,0,0,0,0.00,999.00
17:51:06.947,399769.1175,4091869.9053,global,39.04,52.08,-0.161,2.00,5.19,-22.00,-21.95,10.00,0.00,0.50,99.00,0,0,0,0,0,0.00,999.00
17:51:06.997,399769.1175,4091869.9053,global,40.92,52.08,-0.161,2.00,4.74,-22.00,-21.92,10.00,0.00,0.50,99.00,0,0,0,0,0,0.00,999.00
17:51:07.047,399769.2899,4091870.1807,global,42.19,58.73,-0.138,2.00,4.74,-22.00,-21.92,10.00,0.00,0.50,99.00,0,0,0,0,0,0.00,999.00
17:51:07.097,399769.2899,4091870.1807,global,44.09,58.73,-0.138,2.00,4.99,-22.00,-21.89,10.00,0.00,0.50,99.00,0,0,0,0,0,0.00,999.00
17:51:07.147,399769.2899,4091870.1807,global,45.36,58.73,-0.138,2.00,4.99,-22.00,-21.89,10.00,0.00,0.50,99.00,0,0,0,0,0,0.00,999.00
17:51:07.197,399769.2899,4091870.1807,global,47.34,58.73,-0.138,2.00,4.99,-22.00,-21.89,10.00,0.00,0.50,99.00,0,0,0,0,0,0.00,999.00
17:51:07.247,399769.2899,4091870.1807,global,48.63,58.73,-0.138,2.00,5.09,-21.14,-21.95,10.00,0.00,0.50,99.00,0,0,0,0,0,0.00,999.00
17:51:07.297,399769.4267,4091870.4565,global,50.57,59.50,-0.086,2.00,5.09,-15.88,-21.95,10.00,0.00,0.50,99.00,0,0,0,0,0,0.00,999.00
17:51:07.348,399769.4267,4091870.4565,global,51.85,59.50,-0.086,2.00,4.59,-15.34,-21.97,10.00,0.00,0.50,99.00,0,0,0,0,0,0.00,999.00
17:51:07.397,399769.4267,4091870.4565,global,53.11,59.50,-0.086,2.00,4.59,-14.08,-21.97,10.00,0.00,0.50,99.00,0,0,0,0,0,0.00,999.00
17:51:07.447,399769.4267,4091870.4565,global,55.01,59.50,-0.086,2.00,4.59,-12.18,-21.97,10.00,0.00,0.50,99.00,0,0,0,0,0,0.00,999.00
17:51:07.497,399769.4267,4091870.4565,global,56.26,59.50,-0.086,2.00,5.36,-9.84,-21.90,10.00,0.00,0.50,99.00,0,0,0,0,0,0.00,999.00
17:51:07.547,399769.5023,4091870.8217,global,58.07,65.13,0.033,2.00,5.36,-4.48,-21.90,10.00,0.00,0.50,99.00,0,0,0,0,0,0.00,999.00
17:51:07.597,399769.5023,4091870.8217,global,59.49,65.13,0.033,2.00,5.04,-2.90,-18.83,10.00,0.00,0.50,99.00,0,0,0,0,0,0.00,999.00
17:51:07.647,399769.5023,4091870.8217,global,60.25,65.13,0.033,2.00,5.04,-2.14,-18.83,10.00,0.00,0.50,99.00,0,0,0,0,0,0.00,999.00
17:51:07.697,399769.5023,4091870.8217,global,60.90,65.13,0.033,2.00,5.24,-1.60,-10.83,10.00,0.00,0.50,99.00,0,0,0,0,0,0.00,999.00
17:51:07.747,399769.5023,4091870.8217,global,60.99,65.13,0.033,2.00,5.24,-1.50,-10.83,10.00,0.00,0.50,99.00,0,0,0,0,0,0.00,999.00
17:51:07.798,399769.5867,4091871.1869,global,60.98,65.83,0.110,2.00,5.24,3.71,-10.83,10.00,0.00,0.50,99.00,0,0,0,0,0,0.00,999.00
17:51:07.847,399769.5867,4091871.1869,global,60.40,65.83,0.110,2.00,5.09,3.38,3.82,10.00,0.00,0.50,99.00,0,0,0,0,0,0.00,999.00
17:51:07.897,399769.5867,4091871.1869,global,59.33,65.83,0.110,2.00,5.09,2.30,3.82,10.00,0.00,0.50,99.00,0,0,0,0,0,0.00,999.00
17:51:07.947,399769.5867,4091871.1869,global,58.36,65.83,0.110,2.00,5.39,0.86,10.69,10.00,0.00,0.50,99.00,0,0,0,0,0,0.00,999.00
17:51:07.998,399769.5867,4091871.1869,global,57.18,65.83,0.110,2.00,5.39,-0.32,10.69,10.00,0.00,0.50,99.00,0,0,0,0,0,0.00,999.00
17:51:08.047,399769.7154,4091871.5293,global,55.20,61.18,0.136,2.00,5.39,4.32,10.69,10.00,0.00,0.50,99.00,0,0,0,0,0,0.00,999.00
17:51:08.097,399769.7154,4091871.5293,global,54.22,61.18,0.136,2.00,5.23,3.66,-0.55,10.00,0.00,0.50,99.00,0,0,0,0,0,0.00,999.00
17:51:08.148,399769.7154,4091871.5293,global,54.09,61.18,0.136,2.00,5.23,3.53,-0.55,10.00,0.00,0.50,99.00,0,0,0,0,0,0.00,999.00
17:51:08.197,399769.7154,4091871.5293,global,54.17,61.18,0.136,2.00,5.59,2.93,-10.69,10.00,0.00,0.50,99.00,0,0,0,0,0,0.00,999.00
17:51:08.247,399769.7154,4091871.5293,global,54.58,61.18,0.136,2.00,5.59,3.34,-10.69,10.00,0.00,0.50,99.00,0,0,0,0,0,0.00,999.00
17:51:08.297,399769.8882,4091871.8379,global,55.21,69.88,0.137,2.00,5.59,-4.66,-10.69,10.00,0.00,0.50,99.00,0,0,0,0,0,0.00,999.00
17:51:08.347,399769.8882,4091871.8379,global,55.65,69.88,0.137,2.00,4.95,-2.96,-0.84,10.00,0.00,0.50,99.00,0,0,0,0,0,0.00,999.00
17:51:08.397,399769.8882,4091871.8379,global,55.00,69.88,0.137,2.00,4.95,-3.61,-0.84,10.00,0.00,0.50,99.00,0,0,0,0,0,0.00,999.00
17:51:08.447,399769.8882,4091871.8379,global,54.37,69.88,0.137,2.00,5.79,-5.83,10.90,10.00,0.00,0.50,99.00,0,0,0,0,0,0.00,999.00
17:51:08.497,399769.8882,4091871.8379,global,52.46,69.88,0.137,2.00,5.79,-7.74,10.90,10.00,0.00,0.50,99.00,0,0,0,0,0,0.00,999.00
17:51:08.547,399770.0346,4091872.1691,global,50.94,67.46,0.116,2.00,5.79,-8.34,10.90,10.00,0.00,0.50,99.00,0,0,0,0,0,0.00,999.00
17:51:08.597,399770.0346,4091872.1691,global,49.37,67.46,0.116,2.00,5.36,-9.26,1.03,10.00,0.00,0.50,99.00,0,0,0,0,0,0.00,999.00
17:51:08.647,399770.0346,4091872.1691,global,49.26,67.46,0.116,2.00,5.36,-9.38,1.03,10.00,0.00,0.50,99.00,0,0,0,0,0,0.00,999.00
17:51:08.697,399770.0346,4091872.1691,global,49.59,67.46,0.116,2.00,5.04,-8.49,-11.12,10.00,0.00,0.50,99.00,0,0,0,0,0,0.00,999.00
17:51:08.747,399770.0346,4091872.1691,global,50.57,67.46,0.116,2.00,5.04,-7.51,-11.12,10.00,0.00,0.50,99.00,0,0,0,0,0,0.00,999.00
17:51:08.797,399770.2252,4091872.4775,global,51.85,67.46,0.058,2.00,5.44,-11.23,-20.02,10.00,0.00,0.50,99.00,0,0,0,0,0,0.00,999.00
17:51:08.847,399770.2252,4091872.4775,global,52.87,67.46,0.058,2.00,5.44,-10.22,-20.02,10.00,0.00,0.50,99.00,0,0,0,0,0,0.00,999.00
17:51:08.897,399770.2252,4091872.4775,global,54.00,67.46,0.058,2.00,5.44,-9.09,-20.02,10.00,0.00,0.50,99.00,0,0,0,0,0,0.00,999.00
17:51:08.947,399770.2252,4091872.4775,global,55.31,67.46,0.058,2.00,5.09,-7.48,-15.61,10.00,0.00,0.50,99.00,0,0,0,0,0,0.00,999.00
17:51:08.997,399770.2252,4091872.4775,global,56.23,67.46,0.058,2.00,5.09,-6.56,-15.61,10.00,0.00,0.50,99.00,0,0,0,0,0,0.00,999.00
17:51:09.047,399770.3005,4091872.8206,global,56.42,72.17,0.130,2.00,4.59,-4.21,-7.26,10.00,0.00,0.50,99.00,0,0,0,0,0,0.00,999.00
17:51:09.098,399770.3005,4091872.8206,global,56.39,72.17,0.130,2.00,4.59,-4.24,-7.26,10.00,0.00,0.50,99.00,0,0,0,0,0,0.00,999.00
17:51:09.148,399770.3005,4091872.8206,global,56.08,72.17,0.130,2.00,5.24,-5.95,-1.63,10.00,0.00,0.50,99.00,0,0,0,0,0,0.00,999.00
17:51:09.197,399770.3005,4091872.8206,global,55.53,72.17,0.130,2.00,5.24,-6.50,-1.63,10.00,0.00,0.50,99.00,0,0,0,0,0,0.00,999.00
17:51:09.247,399770.3005,4091872.8206,global,55.24,72.17,0.130,2.00,5.24,-6.79,-1.63,10.00,0.00,0.50,99.00,0,0,0,0,0,0.00,999.00
17:51:09.297,399770.4470,4091873.1628,global,54.89,72.17,0.096,2.00,4.99,-9.43,-2.73,10.00,0.00,0.50,99.00,0,0,0,0,0,0.00,999.00
17:51:09.347,399770.4470,4091873.1628,global,54.69,72.17,0.096,2.00,4.99,-9.63,-2.73,10.00,0.00,0.50,99.00,0,0,0,0,0,0.00,999.00
17:51:09.397,399770.4470,4091873.1628,global,54.76,72.17,0.096,2.00,5.19,-9.86,-8.79,10.00,0.00,0.50,99.00,0,0,0,0,0,0.00,999.00
17:51:09.447,399770.4470,4091873.1628,global,54.98,72.17,0.096,2.00,5.19,-9.64,-8.79,10.00,0.00,0.50,99.00,0,0,0,0,0,0.00,999.00
17:51:09.497,399770.4470,4091873.1628,global,55.61,72.17,0.096,2.00,5.19,-9.01,-8.79,10.00,0.00,0.50,99.00,0,0,0,0,0,0.00,999.00
17:51:09.548,399770.5935,4091873.5050,global,55.81,72.77,0.061,2.00,5.09,-12.05,-11.62,10.00,0.00,0.50,99.00,0,0,0,0,0,0.00,999.00
17:51:09.597,399770.5935,4091873.5050,global,56.45,72.77,0.061,2.00,5.09,-11.41,-11.62,10.00,0.00,0.50,99.00,0,0,0,0,0,0.00,999.00
17:51:09.647,399770.5935,4091873.5050,global,56.74,72.77,0.061,2.00,5.19,-11.22,-10.38,10.00,0.00,0.50,99.00,0,0,0,0,0,0.00,999.00
17:51:09.697,399770.5935,4091873.5050,global,57.22,72.77,0.061,2.00,5.19,-10.74,-10.38,10.00,0.00,0.50,99.00,0,0,0,0,0,0.00,999.00
17:51:09.747,399770.5935,4091873.5050,global,57.53,72.77,0.061,2.00,5.19,-10.43,-10.38,10.00,0.00,0.50,99.00,0,0,0,0,0,0.00,999.00
17:51:09.797,399770.6956,4091873.8589,global,58.06,74.92,0.065,2.00,5.23,-11.74,-10.36,10.00,0.00,0.50,99.00,0,0,0,0,0,0.00,999.00
17:51:09.847,399770.6956,4091873.8589,global,58.28,74.92,0.065,2.00,5.23,-11.51,-10.36,10.00,0.00,0.50,99.00,0,0,0,0,0,0.00,999.00
17:51:09.898,399770.6956,4091873.8589,global,58.70,74.92,0.065,2.00,5.19,-11.05,-10.21,10.00,0.00,0.50,99.00,0,0,0,0,0,0.00,999.00
17:51:09.948,399770.6956,4091873.8589,global,59.08,74.92,0.065,2.00,5.19,-10.67,-10.21,10.00,0.00,0.50,99.00,0,0,0,0,0,0.00,999.00
17:51:09.997,399770.6956,4091873.8589,global,59.59,74.92,0.065,2.00,5.19,-10.17,-10.21,10.00,0.00,0.50,99.00,0,0,0,0,0,0.00,999.00
17:51:10.047,399770.8065,4091874.2015,global,59.93,78.99,0.059,2.00,5.23,-14.42,-10.34,10.00,0.00,0.50,99.00,0,0,0,0,0,0.00,999.00
17:51:10.097,399770.8065,4091874.2015,global,60.40,78.99,0.059,2.00,5.23,-13.95,-10.34,10.00,0.00,0.50,99.00,0,0,0,0,0,0.00,999.00
17:51:10.148,399770.8065,4091874.2015,global,60.55,78.99,0.059,2.00,4.99,-13.58,-10.34,10.00,0.00,0.50,99.00,0,0,0,0,0,0.00,999.00
17:51:10.197,399770.8065,4091874.2015,global,60.98,78.99,0.059,2.00,4.99,-13.14,-10.34,10.00,0.00,0.50,99.00,0,0,0,0,0,0.00,999.00
17:51:10.247,399770.8065,4091874.2015,global,61.29,78.99,0.059,2.00,4.99,-12.84,-10.34,10.00,0.00,0.50,99.00,0,0,0,0,0,0.00,999.00
17:51:10.297,399770.8997,4091874.5555,global,62.00,81.71,0.035,2.00,5.50,-17.06,-12.83,10.00,0.00,0.50,99.00,0,0,0,0,0,0.00,999.00
17:51:10.347,399770.8997,4091874.5555,global,62.59,81.71,0.035,2.00,5.50,-16.47,-12.83,10.00,0.00,0.50,99.00,0,0,0,0,0,0.00,999.00
17:51:10.397,399770.8997,4091874.5555,global,63.29,81.71,0.035,2.00,4.99,-15.50,-12.70,10.00,0.00,0.50,99.00,0,0,0,0,0,0.00,999.00
17:51:10.447,399770.8997,4091874.5555,global,63.71,81.71,0.035,2.00,4.99,-15.08,-12.70,10.00,0.00,0.50,99.00,0,0,0,0,0,0.00,999.00
17:51:10.497,399770.8997,4091874.5555,global,64.53,81.71,0.035,2.00,4.99,-14.26,-12.70,10.00,0.00,0.50,99.00,0,0,0,0,0,0.00,999.00
17:51:10.547,399770.9748,4091874.8874,global,65.02,87.03,0.003,2.00,5.50,-21.81,-13.15,10.00,0.00,0.50,99.00,0,0,0,0,0,0.00,999.00
17:51:10.624,399770.9748,4091874.8874,global,65.25,87.03,0.003,2.00,5.50,-21.57,-13.15,10.00,0.00,0.50,99.00,0,0,0,0,0,0.00,999.00
17:51:10.647,399770.9748,4091874.8874,global,66.22,87.03,0.003,2.00,5.50,-20.61,-13.41,10.00,0.00,0.50,99.00,0,0,0,0,0,0.00,999.00
17:51:10.697,399770.9748,4091874.8874,global,66.98,87.03,0.003,2.00,5.17,-19.83,-13.41,10.00,0.00,0.50,99.00,0,0,0,0,0,0.00,999.00
17:51:10.748,399770.9748,4091874.8874,global,67.50,87.03,0.003,2.00,5.17,-19.31,-13.41,10.00,0.00,0.50,99.00,0,0,0,0,0,0.00,999.00
17:51:10.797,399771.0149,4091875.2642,global,68.42,105.14,-0.063,2.00,5.42,-22.00,-18.81,10.00,0.00,0.50,99.00,0,0,0,0,0,0.00,999.00
17:51:10.847,399771.0149,4091875.2642,global,69.45,105.14,-0.063,2.00,5.42,-22.00,-18.81,10.00,0.00,0.50,99.00,0,0,0,0,0,0.00,999.00
17:51:10.897,399771.0149,4091875.2642,global,71.41,105.14,-0.063,2.00,5.59,-22.00,-21.86,10.00,0.00,0.50,99.00,0,0,0,0,0,0.00,999.00
17:51:10.947,399771.0149,4091875.2642,global,73.05,105.14,-0.063,2.00,5.59,-22.00,-21.86,10.00,0.00,0.50,99.00,0,0,0,0,0,0.00,999.00
17:51:10.997,399771.0149,4091875.2642,global,75.53,105.14,-0.063,2.00,5.59,-22.00,-21.86,10.00,0.00,0.50,99.00,0,0,0,0,0,0.00,999.00
17:51:11.047,399771.0010,4091875.5972,global,77.11,117.47,-0.128,2.00,5.09,-22.00,-22.00,10.00,0.00,0.50,99.00,0,0,0,0,0,0.00,999.00
17:51:11.097,399771.0010,4091875.5972,global,79.43,117.47,-0.128,2.00,5.09,-22.00,-22.00,10.00,0.00,0.50,99.00,0,0,0,0,0,0.00,999.00
17:51:11.147,399771.0010,4091875.5972,global,80.95,117.47,-0.128,2.00,5.79,-22.00,-21.94,10.00,0.00,0.50,99.00,0,0,0,0,0,0.00,999.00
17:51:11.197,399771.0010,4091875.5972,global,83.29,117.47,-0.128,2.00,5.79,-22.00,-21.94,10.00,0.00,0.50,99.00,0,0,0,0,0,0.00,999.00
17:51:11.247,399771.0010,4091875.5972,global,84.86,117.47,-0.128,2.00,5.79,-22.00,-21.94,10.00,0.00,0.50,99.00,0,0,0,0,0,0.00,999.00
17:51:11.297,399770.9247,4091875.9199,global,87.33,124.40,-0.205,2.00,4.81,-22.00,-21.92,10.00,0.00,0.50,99.00,0,0,0,0,0,0.00,999.00
17:51:11.347,399770.9247,4091875.9199,global,88.89,124.40,-0.205,2.00,4.81,-22.00,-21.92,10.00,0.00,0.50,99.00,0,0,0,0,0,0.00,999.00
17:51:11.397,399770.9247,4091875.9199,global,91.28,124.40,-0.205,2.00,5.19,-22.00,-21.94,10.00,0.00,0.50,99.00,0,0,0,0,0,0.00,999.00
17:51:11.447,399770.9247,4091875.9199,global,93.01,124.40,-0.205,2.00,5.19,-22.00,-21.94,10.00,0.00,0.50,99.00,0,0,0,0,0,0.00,999.00
17:51:11.497,399770.9247,4091875.9199,global,95.29,124.40,-0.205,2.00,5.19,-22.00,-21.94,10.00,0.00,0.50,99.00,0,0,0,0,0,0.00,999.00
17:51:11.547,399770.7858,4091876.2211,global,96.85,131.84,-0.266,2.00,6.05,-22.00,-21.94,10.00,0.00,0.50,99.00,0,0,0,0,0,0.00,999.00
17:51:11.598,399770.7858,4091876.2211,global,99.22,131.84,-0.266,2.00,6.05,-22.00,-21.94,10.00,0.00,0.50,99.00,0,0,0,0,0,0.00,999.00
17:51:11.647,399770.7858,4091876.2211,global,100.76,131.84,-0.266,2.00,4.99,-22.00,-21.68,10.00,0.00,0.50,99.00,0,0,0,0,0,0.00,999.00
17:51:11.697,399770.7858,4091876.2211,global,103.05,131.84,-0.266,2.00,4.99,-22.00,-21.68,10.00,0.00,0.50,99.00,0,0,0,0,0,0.00,999.00
17:51:11.747,399770.7858,4091876.2211,global,104.48,131.84,-0.266,2.00,4.99,-22.00,-21.68,10.00,0.00,0.50,99.00,0,0,0,0,0,0.00,999.00
17:51:11.797,399770.5842,4091876.4898,global,106.78,148.64,-0.326,2.00,5.50,-22.00,-21.91,10.00,0.00,0.50,99.00,0,0,0,0,0,0.00,999.00
17:51:11.847,399770.5842,4091876.4898,global,108.24,148.64,-0.326,2.00,5.50,-22.00,-21.91,10.00,0.00,0.50,99.00,0,0,0,0,0,0.00,999.00
17:51:11.897,399770.5842,4091876.4898,global,109.72,148.64,-0.326,2.00,5.39,-22.00,-21.61,10.00,0.00,0.50,99.00,0,0,0,0,0,0.00,999.00
17:51:11.947,399770.5842,4091876.4898,global,112.13,148.64,-0.326,2.00,5.39,-22.00,-21.61,10.00,0.00,0.50,99.00,0,0,0,0,0,0.00,999.00
17:51:11.997,399770.5842,4091876.4898,global,113.70,148.64,-0.326,2.00,5.39,-22.00,-21.61,10.00,0.00,0.50,99.00,0,0,0,0,0,0.00,999.00
17:51:12.047,399770.3283,4091876.6814,global,115.98,149.79,-0.323,2.00,4.95,-22.00,-21.97,10.00,0.00,0.50,99.00,0,0,0,0,0,0.00,999.00
17:51:12.097,399770.3283,4091876.6814,global,117.46,149.79,-0.323,2.00,4.95,-22.00,-21.97,10.00,0.00,0.50,99.00,0,0,0,0,0,0.00,999.00
17:51:12.148,399770.3283,4091876.6814,global,119.59,149.79,-0.323,2.00,4.95,-22.00,-21.97,10.00,0.00,0.50,99.00,0,0,0,0,0,0.00,999.00
17:51:12.197,399770.3283,4091876.6814,global,121.14,149.79,-0.323,2.00,5.84,-22.00,-21.95,10.00,0.00,0.50,99.00,0,0,0,0,0,0.00,999.00
17:51:12.247,399770.3283,4091876.6814,global,123.57,149.79,-0.323,2.00,5.84,-22.00,-21.95,10.00,0.00,0.50,99.00,0,0,0,0,0,0.00,999.00
17:51:12.297,399770.0545,4091876.8622,global,125.19,151.22,-0.343,2.00,4.19,-22.00,-21.95,10.00,0.00,0.50,99.00,0,0,0,0,0,0.00,999.00
17:51:12.347,399770.0545,4091876.8622,global,127.48,151.22,-0.343,2.00,4.19,-22.00,-21.95,10.00,0.00,0.50,99.00,0,0,0,0,0,0.00,999.00
17:51:12.397,399770.0545,4091876.8622,global,128.94,151.22,-0.343,2.00,4.19,-22.00,-21.95,10.00,0.00,0.50,99.00,0,0,0,0,0,0.00,999.00
17:51:12.447,399770.0545,4091876.8622,global,131.14,151.22,-0.343,2.00,5.36,-22.00,-21.97,10.00,0.00,0.50,99.00,0,0,0,0,0,0.00,999.00
17:51:12.497,399770.0545,4091876.8622,global,132.65,151.22,-0.343,2.00,5.36,-22.00,-21.97,10.00,0.00,0.50,99.00,0,0,0,0,0,0.00,999.00
17:51:12.547,399769.7534,4091876.9989,global,134.93,145.30,-0.326,2.00,5.79,-22.00,-21.96,10.00,0.00,0.50,99.00,0,0,0,0,0,0.00,999.00
17:51:12.597,399769.7534,4091876.9989,global,136.51,145.30,-0.326,2.00,5.79,-22.00,-21.96,10.00,0.00,0.50,99.00,0,0,0,0,0,0.00,999.00
17:51:12.647,399769.7534,4091876.9989,global,138.79,145.30,-0.326,2.00,5.79,-22.00,-21.96,10.00,0.00,0.50,99.00,0,0,0,0,0,0.00,999.00
17:51:12.697,399769.7534,4091876.9989,global,140.26,145.30,-0.326,2.00,4.81,-22.00,-21.85,10.00,0.00,0.50,99.00,0,0,0,0,0,0.00,999.00
17:51:12.747,399769.7534,4091876.9989,global,142.51,145.30,-0.326,2.00,4.81,-22.00,-21.85,10.00,0.00,0.50,99.00,0,0,0,0,0,0.00,999.00
17:51:12.797,399769.4342,4091877.1136,global,144.00,148.44,-0.241,2.00,5.59,-21.66,-21.86,10.00,0.00,0.50,99.00,0,0,0,0,0,0.00,999.00
17:51:12.847,399769.4342,4091877.1136,global,146.29,148.44,-0.241,2.00,5.59,-19.37,-21.86,10.00,0.00,0.50,99.00,0,0,0,0,0,0.00,999.00
17:51:12.897,399769.4342,4091877.1136,global,147.78,148.44,-0.241,2.00,5.59,-17.88,-21.86,10.00,0.00,0.50,99.00,0,0,0,0,0,0.00,999.00
17:51:12.947,399769.4342,4091877.1136,global,150.01,148.44,-0.241,2.00,5.23,-16.77,-21.90,10.00,0.00,0.50,99.00,0,0,0,0,0,0.00,999.00
17:51:12.997,399769.4342,4091877.1136,global,151.48,148.44,-0.241,2.00,5.23,-15.30,-21.90,10.00,0.00,0.50,99.00,0,0,0,0,0,0.00,999.00
17:51:13.047,399769.1232,4091877.1617,global,153.75,153.24,-0.123,2.00,4.79,-10.00,-21.89,10.00,0.00,0.50,99.00,0,0,0,0,0,0.00,999.00
17:51:13.097,399769.1232,4091877.1617,global,155.26,153.24,-0.123,2.00,4.79,-8.50,-21.89,10.00,0.00,0.50,99.00,0,0,0,0,0,0.00,999.00
17:51:13.148,399769.1232,4091877.1617,global,157.35,153.24,-0.123,2.00,4.79,-6.41,-21.89,10.00,0.00,0.50,99.00,0,0,0,0,0,0.00,999.00
17:51:13.197,399769.1232,4091877.1617,global,158.47,153.24,-0.123,2.00,5.78,-3.52,-19.04,10.00,0.00,0.50,99.00,0,0,0,0,0,0.00,999.00
17:51:13.247,399769.1232,4091877.1617,global,159.60,153.24,-0.123,2.00,5.78,-2.39,-19.04,10.00,0.00,0.50,99.00,0,0,0,0,0,0.00,999.00
17:51:13.298,399768.8027,4091877.1655,global,160.15,154.55,0.016,2.00,4.99,6.93,-8.72,10.00,0.00,0.50,99.00,0,0,0,0,0,0.00,999.00
17:51:13.347,399768.8027,4091877.1655,global,160.62,154.55,0.016,2.00,4.99,7.40,-8.72,10.00,0.00,0.50,99.00,0,0,0,0,0,0.00,999.00
17:51:13.397,399768.8027,4091877.1655,global,160.31,154.55,0.016,2.00,4.99,7.09,-8.72,10.00,0.00,0.50,99.00,0,0,0,0,0,0.00,999.00
17:51:13.447,399768.8027,4091877.1655,global,159.42,154.55,0.016,2.00,6.05,5.97,6.81,10.00,0.00,0.50,99.00,0,0,0,0,0,0.00,999.00
17:51:13.497,399768.8027,4091877.1655,global,158.51,154.55,0.016,2.00,6.05,5.06,6.81,10.00,0.00,0.50,99.00,0,0,0,0,0,0.00,999.00
17:51:13.547,399768.4384,4091877.2253,global,156.73,160.35,0.124,2.00,3.99,8.96,17.02,10.00,0.00,0.50,99.00,0,0,0,0,0,0.00,999.00
17:51:13.597,399768.4384,4091877.2253,global,155.14,160.35,0.124,2.00,3.99,7.37,17.02,10.00,0.00,0.50,99.00,0,0,0,0,0,0.00,999.00
17:51:13.647,399768.4384,4091877.2253,global,152.70,160.35,0.124,2.00,5.29,1.90,11.33,10.00,0.00,0.50,99.00,0,0,0,0,0,0.00,999.00
17:51:13.697,399768.4384,4091877.2253,global,151.54,160.35,0.124,2.00,5.29,0.74,11.33,10.00,0.00,0.50,99.00,0,0,0,0,0,0.00,999.00
17:51:13.748,399768.4384,4091877.2253,global,150.65,160.35,0.124,2.00,5.29,-0.15,11.33,10.00,0.00,0.50,99.00,0,0,0,0,0,0.00,999.00
17:51:13.797,399768.0925,4091877.3403,global,150.28,157.49,0.130,2.00,4.95,3.50,-2.41,10.00,0.00,0.50,99.00,0,0,0,0,0,0.00,999.00
17:51:13.847,399768.0925,4091877.3403,global,149.86,157.49,0.130,2.00,4.95,3.09,-2.41,10.00,0.00,0.50,99.00,0,0,0,0,0,0.00,999.00
17:51:13.897,399768.0925,4091877.3403,global,149.88,157.49,0.130,2.00,4.99,3.03,-10.09,10.00,0.00,0.50,99.00,0,0,0,0,0,0.00,999.00
17:51:13.974,399768.0925,4091877.3403,global,149.99,157.49,0.130,2.00,4.99,3.14,-10.09,10.00,0.00,0.50,99.00,0,0,0,0,0,0.00,999.00
17:51:13.997,399768.0925,4091877.3403,global,150.57,157.49,0.130,2.00,4.99,3.72,-0.60,10.00,0.00,0.50,99.00,0,0,0,0,0,0.00,999.00
17:51:14.047,399767.7643,4091877.4440,global,150.05,165.33,0.153,2.00,5.05,-2.98,-0.60,10.00,0.00,0.50,99.00,0,0,0,0,0,0.00,999.00
17:51:14.097,399767.7643,4091877.4440,global,149.40,165.33,0.153,2.00,5.05,-3.63,-0.60,10.00,0.00,0.50,99.00,0,0,0,0,0,0.00,999.00
17:51:14.147,399767.7643,4091877.4440,global,148.22,165.33,0.153,2.00,5.63,-6.04,10.67,10.00,0.00,0.50,99.00,0,0,0,0,0,0.00,999.00
17:51:14.197,399767.7643,4091877.4440,global,147.12,165.33,0.153,2.00,5.63,-7.14,10.67,10.00,0.00,0.50,99.00,0,0,0,0,0,0.00,999.00
17:51:14.247,399767.7643,4091877.4440,global,144.88,165.33,0.153,2.00,5.79,-9.68,14.16,10.00,0.00,0.50,99.00,0,0,0,0,0,0.00,999.00
17:51:14.297,399767.4101,4091877.6036,global,143.34,159.06,0.066,2.00,5.79,-11.03,14.16,10.00,0.00,0.50,99.00,0,0,0,0,0,0.00,999.00
17:51:14.347,399767.4101,4091877.6036,global,141.85,159.06,0.066,2.00,5.79,-12.52,14.16,10.00,0.00,0.50,99.00,0,0,0,0,0,0.00,999.00
17:51:14.397,399767.4101,4091877.6036,global,141.56,159.06,0.066,2.00,4.95,-12.02,-3.80,10.00,0.00,0.50,99.00,0,0,0,0,0,0.00,999.00
17:51:14.447,399767.4101,4091877.6036,global,141.57,159.06,0.066,2.00,4.95,-12.01,-3.80,10.00,0.00,0.50,99.00,0,0,0,0,0,0.00,999.00
17:51:14.497,399767.4101,4091877.6036,global,141.84,159.06,0.066,2.00,5.19,-11.99,-15.80,10.00,0.00,0.50,99.00,0,0,0,0,0,0.00,999.00
17:51:14.547,399767.0916,4091877.7737,global,142.84,167.96,0.022,2.00,5.19,-22.00,-15.80,10.00,0.00,0.50,99.00,0,0,0,0,0,0.00,999.00
17:51:14.597,399767.0916,4091877.7737,global,143.81,167.96,0.022,2.00,5.19,-22.00,-15.80,10.00,0.00,0.50,99.00,0,0,0,0,0,0.00,999.00
17:51:14.647,399767.0916,4091877.7737,global,144.86,167.96,0.022,2.00,5.23,-21.38,-10.46,10.00,0.00,0.50,99.00,0,0,0,0,0,0.00,999.00
17:51:14.697,399767.0916,4091877.7737,global,145.05,167.96,0.022,2.00,5.23,-21.19,-10.46,10.00,0.00,0.50,99.00,0,0,0,0,0,0.00,999.00
17:51:14.747,399767.0916,4091877.7737,global,144.83,167.96,0.022,2.00,5.79,-21.58,-10.90,10.00,0.00,0.50,99.00,0,0,0,0,0,0.00,999.00
17:51:14.797,399766.7813,4091877.8884,global,144.98,162.51,-0.022,2.00,5.79,-19.07,-10.90,10.00,0.00,0.50,99.00,0,0,0,0,0,0.00,999.00
17:51:14.847,399766.7813,4091877.8884,global,146.09,162.51,-0.022,2.00,5.79,-17.96,-10.90,10.00,0.00,0.50,99.00,0,0,0,0,0,0.00,999.00
17:51:14.897,399766.7813,4091877.8884,global,147.19,162.51,-0.022,2.00,4.91,-17.13,-21.69,10.00,0.00,0.50,99.00,0,0,0,0,0,0.00,999.00
17:51:14.947,399766.7813,4091877.8884,global,148.99,162.51,-0.022,2.00,4.91,-15.33,-21.69,10.00,0.00,0.50,99.00,0,0,0,0,0,0.00,999.00
17:51:14.998,399766.7813,4091877.8884,global,150.41,162.51,-0.022,2.00,5.34,-13.77,-21.44,10.00,0.00,0.50,99.00,0,0,0,0,0,0.00,999.00
17:51:15.047,399766.4621,4091877.9920,global,152.79,147.39,-0.005,2.00,5.34,5.04,-21.44,10.00,0.00,0.50,99.00,0,0,0,0,0,0.00,999.00
17:51:15.097,399766.4621,4091877.9920,global,154.59,147.39,-0.005,2.00,4.19,6.73,-21.99,10.00,0.00,0.50,99.00,0,0,0,0,0,0.00,999.00
17:51:15.147,399766.4621,4091877.9920,global,156.76,147.39,-0.005,2.00,4.19,8.90,-21.99,10.00,0.00,0.50,99.00,0,0,0,0,0,0.00,999.00
17:51:15.197,399766.4621,4091877.9920,global,157.64,147.39,-0.005,2.00,4.19,9.78,-21.99,10.00,0.00,0.50,99.00,0,0,0,0,0,0.00,999.00
17:51:15.247,399766.4621,4091877.9920,global,158.51,147.39,-0.005,2.00,6.74,10.83,-10.15,10.00,0.00,0.50,99.00,0,0,0,0,0,0.00,999.00
17:51:15.297,399766.1329,4091878.0181,global,158.68,154.02,0.141,2.00,6.74,13.23,-10.15,10.00,0.00,0.50,99.00,0,0,0,0,0,0.00,999.00
17:51:15.347,399766.1329,4091878.0181,global,158.39,154.02,0.141,2.00,5.19,15.44,2.07,10.00,0.00,0.50,99.00,0,0,0,0,0,0.00,999.00
17:51:15.397,399766.1329,4091878.0181,global,157.83,154.02,0.141,2.00,5.19,14.89,2.07,10.00,0.00,0.50,99.00,0,0,0,0,0,0.00,999.00
17:51:15.448,399766.1329,4091878.0181,global,156.38,154.02,0.141,2.00,5.19,13.44,2.07,10.00,0.00,0.50,99.00,0,0,0,0,0,0.00,999.00
17:51:15.497,399766.1329,4091878.0181,global,155.27,154.02,0.141,2.00,5.09,12.54,14.02,10.00,0.00,0.50,99.00,0,0,0,0,0,0.00,999.00
17:51:15.547,399765.7956,4091878.0997,global,153.24,172.45,0.202,2.00,5.09,-3.27,14.02,10.00,0.00,0.50,99.00,0,0,0,0,0,0.00,999.00
17:51:15.597,399765.7956,4091878.0997,global,151.74,172.45,0.202,2.00,5.39,-5.62,17.39,10.00,0.00,0.50,99.00,0,0,0,0,0,0.00,999.00
17:51:15.647,399765.7956,4091878.0997,global,149.43,172.45,0.202,2.00,5.39,-7.92,17.39,10.00,0.00,0.50,99.00,0,0,0,0,0,0.00,999.00
17:51:15.697,399765.7956,4091878.0997,global,147.91,172.45,0.202,2.00,5.39,-9.45,17.39,10.00,0.00,0.50,99.00,0,0,0,0,0,0.00,999.00
17:51:15.747,399765.7956,4091878.0997,global,146.34,172.45,0.202,2.00,5.09,-10.17,4.52,10.00,0.00,0.50,99.00,0,0,0,0,0,0.00,999.00
17:51:15.798,399765.4408,4091878.2149,global,145.93,174.41,0.134,2.00,5.09,-17.73,4.52,10.00,0.00,0.50,99.00,0,0,0,0,0,0.00,999.00
17:51:15.848,399765.4408,4091878.2149,global,145.75,174.41,0.134,2.00,5.39,-18.49,-8.82,10.00,0.00,0.50,99.00,0,0,0,0,0,0.00,999.00
17:51:15.897,399765.4408,4091878.2149,global,145.92,174.41,0.134,2.00,5.39,-18.33,-8.82,10.00,0.00,0.50,99.00,0,0,0,0,0,0.00,999.00
17:51:15.947,399765.4408,4091878.2149,global,146.71,174.41,0.134,2.00,5.39,-17.53,-8.82,10.00,0.00,0.50,99.00,0,0,0,0,0,0.00,999.00
17:51:15.997,399765.4408,4091878.2149,global,147.51,174.41,0.134,2.00,4.95,-15.86,-16.98,10.00,0.00,0.50,99.00,0,0,0,0,0,0.00,999.00
17:51:16.048,399765.1039,4091878.3298,global,148.69,179.32,0.044,2.00,4.95,-22.00,-16.98,10.00,0.00,0.50,99.00,0,0,0,0,0,0.00,999.00
17:51:16.097,399765.1039,4091878.3298,global,149.41,179.32,0.044,2.00,4.84,-22.00,-19.14,10.00,0.00,0.50,99.00,0,0,0,0,0,0.00,999.00
17:51:16.147,399765.1039,4091878.3298,global,150.67,179.32,0.044,2.00,4.84,-22.00,-19.14,10.00,0.00,0.50,99.00,0,0,0,0,0,0.00,999.00
17:51:16.197,399765.1039,4091878.3298,global,151.71,179.32,0.044,2.00,5.44,-22.00,-19.12,10.00,0.00,0.50,99.00,0,0,0,0,0,0.00,999.00
17:51:16.247,399765.1039,4091878.3298,global,153.14,179.32,0.044,2.00,5.44,-22.00,-19.12,10.00,0.00,0.50,99.00,0,0,0,0,0,0.00,999.00
17:51:16.297,399764.7845,4091878.4224,global,153.81,-175.93,-0.054,2.00,5.44,-22.00,-19.12,10.00,0.00,0.50,99.00,0,0,0,0,0,0.00,999.00
17:51:16.347,399764.7845,4091878.4224,global,154.74,-175.93,-0.054,2.00,4.81,-22.00,-16.25,10.00,0.00,0.50,99.00,0,0,0,0,0,0.00,999.00
17:51:16.397,399764.7845,4091878.4224,global,155.49,-175.93,-0.054,2.00,4.81,-22.00,-16.25,10.00,0.00,0.50,99.00,0,0,0,0,0,0.00,999.00
17:51:16.447,399764.7845,4091878.4224,global,156.55,-175.93,-0.054,2.00,5.39,-22.00,-16.32,10.00,0.00,0.50,99.00,0,0,0,0,0,0.00,999.00
17:51:16.497,399764.7845,4091878.4224,global,157.21,-175.93,-0.054,2.00,5.39,-22.00,-16.32,10.00,0.00,0.50,99.00,0,0,0,0,0,0.00,999.00
17:51:16.547,399764.4377,4091878.4597,global,158.36,174.73,-0.105,2.00,5.39,-22.00,-16.32,10.00,0.00,0.50,99.00,0,0,0,0,0,0.00,999.00
17:51:16.597,399764.4377,4091878.4597,global,159.27,174.73,-0.105,2.00,5.09,-22.00,-20.51,10.00,0.00,0.50,99.00,0,0,0,0,0,0.00,999.00
17:51:16.647,399764.4377,4091878.4597,global,160.73,174.73,-0.105,2.00,5.09,-22.00,-20.51,10.00,0.00,0.50,99.00,0,0,0,0,0,0.00,999.00
17:51:16.697,399764.4377,4091878.4597,global,161.82,174.73,-0.105,2.00,4.99,-21.48,-21.91,10.00,0.00,0.50,99.00,0,0,0,0,0,0.00,999.00
17:51:16.747,399764.4377,4091878.4597,global,163.57,174.73,-0.105,2.00,4.99,-19.73,-21.91,10.00,0.00,0.50,99.00,0,0,0,0,0,0.00,999.00
17:51:16.798,399764.0991,4091878.4416,global,164.73,179.32,-0.055,2.00,4.99,-19.17,-21.91,10.00,0.00,0.50,99.00,0,0,0,0,0,0.00,999.00
17:51:16.848,399764.0991,4091878.4416,global,166.43,179.32,-0.055,2.00,5.36,-17.15,-21.99,10.00,0.00,0.50,99.00,0,0,0,0,0,0.00,999.00
17:51:16.897,399764.0991,4091878.4416,global,167.49,179.32,-0.055,2.00,5.36,-16.09,-21.99,10.00,0.00,0.50,99.00,0,0,0,0,0,0.00,999.00
17:51:16.947,399764.0991,4091878.4416,global,169.13,179.32,-0.055,2.00,4.99,-14.77,-21.71,10.00,0.00,0.50,99.00,0,0,0,0,0,0.00,999.00
17:51:16.997,399764.0991,4091878.4416,global,170.22,179.32,-0.055,2.00,4.99,-13.68,-21.71,10.00,0.00,0.50,99.00,0,0,0,0,0,0.00,999.00
17:51:17.047,399763.7514,4091878.4013,global,171.87,172.22,0.000,2.00,4.99,-0.35,-21.71,10.00,0.00,0.50,99.00,0,0,0,0,0,0.00,999.00
17:51:17.097,399763.7514,4091878.4013,global,172.71,172.22,0.000,2.00,5.23,0.50,-16.16,10.00,0.00,0.50,99.00,0,0,0,0,0,0.00,999.00
17:51:17.147,399763.7514,4091878.4013,global,173.79,172.22,0.000,2.00,5.23,1.57,-16.16,10.00,0.00,0.50,99.00,0,0,0,0,0,0.00,999.00
17:51:17.197,399763.7514,4091878.4013,global,174.30,172.22,0.000,2.00,5.19,2.08,-9.87,10.00,0.00,0.50,99.00,0,0,0,0,0,0.00,999.00
17:51:17.247,399763.7514,4091878.4013,global,174.71,172.22,0.000,2.00,5.19,2.49,-9.87,10.00,0.00,0.50,99.00,0,0,0,0,0,0.00,999.00
17:51:17.297,399763.4124,4091878.3387,global,174.77,163.61,0.110,2.00,5.19,19.83,-9.87,10.00,0.00,0.50,99.00,0,0,0,0,0,0.00,999.00
17:51:17.347,399763.4124,4091878.3387,global,174.38,163.61,0.110,2.00,4.95,19.86,0.71,10.00,0.00,0.50,99.00,0,0,0,0,0,0.00,999.00
17:51:17.397,399763.4124,4091878.3387,global,173.92,163.61,0.110,2.00,4.95,19.39,0.71,10.00,0.00,0.50,99.00,0,0,0,0,0,0.00,999.00
17:51:17.447,399763.4124,4091878.3387,global,172.92,163.61,0.110,2.00,6.19,16.60,7.71,10.00,0.00,0.50,99.00,0,0,0,0,0,0.00,999.00
17:51:17.497,399763.4124,4091878.3387,global,172.00,163.61,0.110,2.00,6.19,15.69,7.71,10.00,0.00,0.50,99.00,0,0,0,0,0,0.00,999.00
17:51:17.547,399763.0381,4091878.3099,global,170.21,166.33,0.247,2.00,6.19,19.89,7.71,10.00,0.00,0.50,99.00,0,0,0,0,0,0.00,999.00
17:51:17.597,399763.0381,4091878.3099,global,168.81,166.33,0.247,2.00,5.50,20.37,13.93,10.00,0.00,0.50,99.00,0,0,0,0,0,0.00,999.00
17:51:17.647,399763.0381,4091878.3099,global,166.76,166.33,0.247,2.00,5.50,18.32,13.93,10.00,0.00,0.50,99.00,0,0,0,0,0,0.00,999.00
17:51:17.697,399763.0381,4091878.3099,global,165.48,166.33,0.247,2.00,5.39,17.39,14.77,10.00,0.00,0.50,99.00,0,0,0,0,0,0.00,999.00
17:51:17.747,399763.0381,4091878.3099,global,163.50,166.33,0.247,2.00,5.39,15.41,14.77,10.00,0.00,0.50,99.00,0,0,0,0,0,0.00,999.00
17:51:17.797,399762.6827,4091878.3695,global,162.08,166.78,0.272,2.00,5.39,15.30,14.77,10.00,0.00,0.50,99.00,0,0,0,0,0,0.00,999.00
17:51:17.847,399762.6827,4091878.3695,global,160.02,166.78,0.272,2.00,5.23,13.80,14.96,10.00,0.00,0.50,99.00,0,0,0,0,0,0.00,999.00
17:51:17.897,399762.6827,4091878.3695,global,158.02,166.78,0.272,2.00,5.23,11.81,14.96,10.00,0.00,0.50,99.00,0,0,0,0,0,0.00,999.00
17:51:17.947,399762.6827,4091878.3695,global,156.66,166.78,0.272,2.00,4.99,11.33,14.83,10.00,0.00,0.50,99.00,0,0,0,0,0,0.00,999.00
17:51:17.997,399762.6827,4091878.3695,global,155.30,166.78,0.272,2.00,4.99,9.97,14.83,10.00,0.00,0.50,99.00,0,0,0,0,0,0.00,999.00
17:51:18.047,399762.3279,4091878.4847,global,153.24,162.02,0.260,2.00,4.99,11.75,14.83,10.00,0.00,0.50,99.00,0,0,0,0,0,0.00,999.00
17:51:18.097,399762.3279,4091878.4847,global,151.14,162.02,0.260,2.00,5.36,8.33,14.99,10.00,0.00,0.50,99.00,0,0,0,0,0,0.00,999.00
17:51:18.147,399762.3279,4091878.4847,global,149.76,162.02,0.260,2.00,5.36,6.94,14.99,10.00,0.00,0.50,99.00,0,0,0,0,0,0.00,999.00
17:51:18.197,399762.3279,4091878.4847,global,148.38,162.02,0.260,2.00,5.19,6.17,14.02,10.00,0.00,0.50,99.00,0,0,0,0,0,0.00,999.00
17:51:18.247,399762.3279,4091878.4847,global,146.36,162.02,0.260,2.00,5.19,4.14,14.02,10.00,0.00,0.50,99.00,0,0,0,0,0,0.00,999.00
17:51:18.297,399762.0183,4091878.6548,global,145.14,168.05,0.190,2.00,5.19,-8.15,14.02,10.00,0.00,0.50,99.00,0,0,0,0,0,0.00,999.00
17:51:18.347,399762.0183,4091878.6548,global,143.80,168.05,0.190,2.00,4.95,-8.82,6.19,10.00,0.00,0.50,99.00,0,0,0,0,0,0.00,999.00
17:51:18.397,399762.0183,4091878.6548,global,142.68,168.05,0.190,2.00,4.95,-9.94,6.19,10.00,0.00,0.50,99.00,0,0,0,0,0,0.00,999.00
17:51:18.473,399762.0183,4091878.6548,global,142.68,168.05,0.190,2.00,4.95,-9.94,-0.92,10.00,0.00,0.50,99.00,0,0,0,0,0,0.00,999.00
17:51:18.497,399762.0183,4091878.6548,global,141.81,168.05,0.190,2.00,5.99,-13.38,-0.92,10.00,0.00,0.50,99.00,0,0,0,0,0,0.00,999.00
17:51:18.547,399761.6642,4091878.8254,global,141.80,174.05,0.086,2.00,5.99,-22.00,-0.92,10.00,0.00,0.50,99.00,0,0,0,0,0,0.00,999.00
17:51:18.597,399761.6642,4091878.8254,global,142.01,174.05,0.086,2.00,4.95,-22.00,-9.00,10.00,0.00,0.50,99.00,0,0,0,0,0,0.00,999.00
17:51:18.647,399761.6642,4091878.8254,global,142.18,174.05,0.086,2.00,4.95,-22.00,-9.00,10.00,0.00,0.50,99.00,0,0,0,0,0,0.00,999.00
17:51:18.697,399761.6642,4091878.8254,global,142.37,174.05,0.086,2.00,5.39,-22.00,-14.39,10.00,0.00,0.50,99.00,0,0,0,0,0,0.00,999.00
17:51:18.747,399761.6642,4091878.8254,global,143.17,174.05,0.086,2.00,5.39,-22.00,-14.39,10.00,0.00,0.50,99.00,0,0,0,0,0,0.00,999.00
17:51:18.797,399761.3275,4091878.9625,global,144.08,169.23,-0.009,2.00,5.39,-22.00,-14.39,10.00,0.00,0.50,99.00,0,0,0,0,0,0.00,999.00
17:51:18.847,399761.3275,4091878.9625,global,145.63,169.23,-0.009,2.00,5.36,-22.00,-21.38,10.00,0.00,0.50,99.00,0,0,0,0,0,0.00,999.00
17:51:18.897,399761.3275,4091878.9625,global,146.74,169.23,-0.009,2.00,5.36,-22.00,-21.38,10.00,0.00,0.50,99.00,0,0,0,0,0,0.00,999.00
17:51:18.947,399761.3275,4091878.9625,global,148.38,169.23,-0.009,2.00,4.99,-21.62,-21.92,10.00,0.00,0.50,99.00,0,0,0,0,0,0.00,999.00
17:51:18.997,399761.3275,4091878.9625,global,149.54,169.23,-0.009,2.00,4.99,-20.46,-21.92,10.00,0.00,0.50,99.00,0,0,0,0,0,0.00,999.00
17:51:19.047,399760.9903,4091879.0553,global,151.36,174.87,-0.039,2.00,4.99,-22.00,-21.92,10.00,0.00,0.50,99.00,0,0,0,0,0,0.00,999.00
17:51:19.097,399760.9903,4091879.0553,global,152.51,174.87,-0.039,2.00,5.23,-22.00,-21.85,10.00,0.00,0.50,99.00,0,0,0,0,0,0.00,999.00
17:51:19.147,399760.9903,4091879.0553,global,154.18,174.87,-0.039,2.00,5.23,-22.00,-21.85,10.00,0.00,0.50,99.00,0,0,0,0,0,0.00,999.00
17:51:19.197,399760.9903,4091879.0553,global,155.35,174.87,-0.039,2.00,5.79,-22.00,-21.65,10.00,0.00,0.50,99.00,0,0,0,0,0,0.00,999.00
17:51:19.247,399760.9903,4091879.0553,global,157.06,174.87,-0.039,2.00,5.79,-20.61,-21.65,10.00,0.00,0.50,99.00,0,0,0,0,0,0.00,999.00
17:51:19.297,399760.6434,4091879.0816,global,158.16,172.66,-0.035,2.00,5.79,-17.00,-21.65,10.00,0.00,0.50,99.00,0,0,0,0,0,0.00,999.00
17:51:19.348,399760.6434,4091879.0816,global,159.84,172.66,-0.035,2.00,4.81,-15.83,-21.75,10.00,0.00,0.50,99.00,0,0,0,0,0,0.00,999.00
17:51:19.397,399760.6434,4091879.0816,global,161.52,172.66,-0.035,2.00,4.81,-14.14,-21.75,10.00,0.00,0.50,99.00,0,0,0,0,0,0.00,999.00
17:51:19.447,399760.6434,4091879.0816,global,162.62,172.66,-0.035,2.00,5.79,-12.54,-21.81,10.00,0.00,0.50,99.00,0,0,0,0,0,0.00,999.00
17:51:19.497,399760.6434,4091879.0816,global,163.76,172.66,-0.035,2.00,5.79,-11.40,-21.81,10.00,0.00,0.50,99.00,0,0,0,0,0,0.00,999.00
17:51:19.547,399760.3051,4091879.0856,global,165.43,168.30,0.007,2.00,5.79,-2.39,-21.81,10.00,0.00,0.50,99.00,0,0,0,0,0,0.00,999.00
17:51:19.597,399760.3051,4091879.0856,global,166.35,168.30,0.007,2.00,5.09,-1.40,-15.49,10.00,0.00,0.50,99.00,0,0,0,0,0,0.00,999.00
17:51:19.647,399760.3051,4091879.0856,global,167.22,168.30,0.007,2.00,5.09,-0.53,-15.49,10.00,0.00,0.50,99.00,0,0,0,0,0,0.00,999.00
17:51:19.697,399760.3051,4091879.0856,global,167.63,168.30,0.007,2.00,5.39,-0.15,-8.06,10.00,0.00,0.50,99.00,0,0,0,0,0,0.00,999.00
17:51:19.747,399760.3051,4091879.0856,global,167.67,168.30,0.007,2.00,5.39,-0.11,-8.06,10.00,0.00,0.50,99.00,0,0,0,0,0,0.00,999.00
17:51:19.797,399759.9309,4091879.0567,global,167.48,171.22,0.105,2.00,5.39,4.29,-8.06,10.00,0.00,0.50,99.00,0,0,0,0,0,0.00,999.00
17:51:19.847,399759.9309,4091879.0567,global,166.84,171.22,0.105,2.00,5.36,3.68,1.14,10.00,0.00,0.50,99.00,0,0,0,0,0,0.00,999.00
17:51:19.897,399759.9309,4091879.0567,global,166.31,171.22,0.105,2.00,5.36,3.15,1.14,10.00,0.00,0.50,99.00,0,0,0,0,0,0.00,999.00
17:51:19.948,399759.9309,4091879.0567,global,165.47,171.22,0.105,2.00,5.19,2.57,4.37,10.00,0.00,0.50,99.00,0,0,0,0,0,0.00,999.00
17:51:19.997,399759.9309,4091879.0567,global,164.83,171.22,0.105,2.00,5.19,1.94,4.37,10.00,0.00,0.50,99.00,0,0,0,0,0,0.00,999.00
17:51:20.047,399759.5482,4091879.0723,global,163.78,167.26,0.162,2.00,5.19,9.19,4.37,10.00,0.00,0.50,99.00,0,0,0,0,0,0.00,999.00
17:51:20.097,399759.5482,4091879.0723,global,162.86,167.26,0.162,2.00,5.36,7.87,3.01,10.00,0.00,0.50,99.00,0,0,0,0,0,0.00,999.00
17:51:20.148,399759.5482,4091879.0723,global,162.25,167.26,0.162,2.00,5.36,7.26,3.01,10.00,0.00,0.50,99.00,0,0,0,0,0,0.00,999.00
17:51:20.198,399759.5482,4091879.0723,global,161.63,167.26,0.162,2.00,5.39,6.59,2.81,10.00,0.00,0.50,99.00,0,0,0,0,0,0.00,999.00
17:51:20.247,399759.5482,4091879.0723,global,160.66,167.26,0.162,2.00,5.39,5.62,2.81,10.00,0.00,0.50,99.00,0,0,0,0,0,0.00,999.00
17:51:20.297,399759.1661,4091879.1323,global,159.69,170.01,0.191,2.00,5.39,4.02,2.81,10.00,0.00,0.50,99.00,0,0,0,0,0,0.00,999.00
17:51:20.347,399759.1661,4091879.1323,global,158.99,170.01,0.191,2.00,5.36,3.38,4.82,10.00,0.00,0.50,99.00,0,0,0,0,0,0.00,999.00
17:51:20.397,399759.1661,4091879.1323,global,157.84,170.01,0.191,2.00,5.36,2.23,4.82,10.00,0.00,0.50,99.00,0,0,0,0,0,0.00,999.00
17:51:20.448,399759.1661,4091879.1323,global,157.16,170.01,0.191,2.00,5.39,1.49,4.87,10.00,0.00,0.50,99.00,0,0,0,0,0,0.00,999.00
17:51:20.498,399759.1661,4091879.1323,global,156.04,170.01,0.191,2.00,5.39,0.37,4.87,10.00,0.00,0.50,99.00,0,0,0,0,0,0.00,999.00
17:51:20.547,399758.8111,4091879.2253,global,155.33,161.07,0.152,2.00,5.29,5.98,4.25,10.00,0.00,0.50,99.00,0,0,0,0,0,0.00,999.00
17:51:20.599,399758.8111,4091879.2253,global,154.30,161.07,0.152,2.00,5.29,4.96,4.25,10.00,0.00,0.50,99.00,0,0,0,0,0,0.00,999.00
17:51:20.647,399758.8111,4091879.2253,global,153.70,161.07,0.152,2.00,5.53,3.85,1.69,10.00,0.00,0.50,99.00,0,0,0,0,0,0.00,999.00
17:51:20.697,399758.8111,4091879.2253,global,152.96,161.07,0.152,2.00,5.53,3.11,1.69,10.00,0.00,0.50,99.00,0,0,0,0,0,0.00,999.00
17:51:20.748,399758.8111,4091879.2253,global,152.50,161.07,0.152,2.00,5.53,2.65,1.69,10.00,0.00,0.50,99.00,0,0,0,0,0,0.00,999.00
17:51:20.798,399758.4293,4091879.3185,global,151.43,166.06,0.187,2.00,5.34,-0.46,5.83,10.00,0.00,0.50,99.00,0,0,0,0,0,0.00,999.00
17:51:20.847,399758.4293,4091879.3185,global,150.56,166.06,0.187,2.00,5.34,-1.33,5.83,10.00,0.00,0.50,99.00,0,0,0,0,0,0.00,999.00
17:51:20.897,399758.4293,4091879.3185,global,149.27,166.06,0.187,2.00,5.59,-3.23,6.40,10.00,0.00,0.50,99.00,0,0,0,0,0,0.00,999.00
17:51:20.947,399758.4293,4091879.3185,global,148.43,166.06,0.187,2.00,5.59,-4.07,6.40,10.00,0.00,0.50,99.00,0,0,0,0,0,0.00,999.00
17:51:20.997,399758.4293,4091879.3185,global,147.27,166.06,0.187,2.00,5.59,-5.23,6.40,10.00,0.00,0.50,99.00,0,0,0,0,0,0.00,999.00
17:51:21.047,399758.0481,4091879.4562,global,146.84,161.07,0.152,2.00,5.50,-2.96,-1.98,10.00,0.00,0.50,99.00,0,0,0,0,0,0.00,999.00
17:51:21.097,399758.0481,4091879.4562,global,146.62,161.07,0.152,2.00,5.50,-3.19,-1.98,10.00,0.00,0.50,99.00,0,0,0,0,0,0.00,999.00
17:51:21.147,399758.0481,4091879.4562,global,146.61,161.07,0.152,2.00,5.39,-2.97,-10.03,10.00,0.00,0.50,99.00,0,0,0,0,0,0.00,999.00
17:51:21.197,399758.0481,4091879.4562,global,147.13,161.07,0.152,2.00,5.39,-2.44,-10.03,10.00,0.00,0.50,99.00,0,0,0,0,0,0.00,999.00
17:51:21.247,399758.0481,4091879.4562,global,147.57,161.07,0.152,2.00,5.39,-2.00,-10.03,10.00,0.00,0.50,99.00,0,0,0,0,0,0.00,999.00
17:51:21.297,399757.6934,4091879.5713,global,147.68,166.17,0.147,2.00,5.50,-7.63,-3.29,10.00,0.00,0.50,99.00,0,0,0,0,0,0.00,999.00
17:51:21.347,399757.6934,4091879.5713,global,147.34,166.17,0.147,2.00,5.50,-7.98,-3.29,10.00,0.00,0.50,99.00,0,0,0,0,0,0.00,999.00
17:51:21.397,399757.6934,4091879.5713,global,146.36,166.17,0.147,2.00,6.19,-10.13,5.61,10.00,0.00,0.50,99.00,0,0,0,0,0,0.00,999.00
17:51:21.447,399757.6934,4091879.5713,global,145.46,166.17,0.147,2.00,6.19,-11.03,5.61,10.00,0.00,0.50,99.00,0,0,0,0,0,0.00,999.00
17:51:21.497,399757.6934,4091879.5713,global,144.35,166.17,0.147,2.00,6.19,-12.15,5.61,10.00,0.00,0.50,99.00,0,0,0,0,0,0.00,999.00
17:51:21.547,399757.3211,4091879.7089,global,144.16,-174.21,0.038,2.00,5.50,-22.00,-7.78,10.00,0.00,0.50,99.00,0,0,0,0,0,0.00,999.00
17:51:21.597,399757.3211,4091879.7089,global,144.68,-174.21,0.038,2.00,5.50,-22.00,-7.78,10.00,0.00,0.50,99.00,0,0,0,0,0,0.00,999.00
17:51:21.647,399757.3211,4091879.7089,global,145.35,-174.21,0.038,2.00,5.59,-22.00,-18.92,10.00,0.00,0.50,99.00,0,0,0,0,0,0.00,999.00
17:51:21.697,399757.3211,4091879.7089,global,146.93,-174.21,0.038,2.00,5.59,-22.00,-18.92,10.00,0.00,0.50,99.00,0,0,0,0,0,0.00,999.00
17:51:21.747,399757.3211,4091879.7089,global,148.35,-174.21,0.038,2.00,5.59,-22.00,-18.92,10.00,0.00,0.50,99.00,0,0,0,0,0,0.00,999.00
17:51:21.821,399756.9666,4091879.8462,global,149.15,-178.45,-0.134,2.00,5.59,-22.00,-21.77,10.00,0.00,0.50,99.00,0,0,0,0,0,0.00,999.00
17:51:21.847,399756.9666,4091879.8462,global,152.21,-178.45,-0.134,2.00,5.50,-22.00,-21.77,10.00,0.00,0.50,99.00,0,0,0,0,0,0.00,999.00
17:51:21.897,399756.9666,4091879.8462,global,153.75,-178.45,-0.134,2.00,5.19,-22.00,-21.91,10.00,0.00,0.50,99.00,0,0,0,0,0,0.00,999.00
17:51:21.947,399756.9666,4091879.8462,global,154.84,-178.45,-0.134,2.00,5.19,-22.00,-21.91,10.00,0.00,0.50,99.00,0,0,0,0,0,0.00,999.00
17:51:21.997,399756.9666,4091879.8462,global,156.59,-178.45,-0.134,2.00,5.19,-22.00,-21.91,10.00,0.00,0.50,99.00,0,0,0,0,0,0.00,999.00
17:51:22.047,399756.6199,4091879.8947,global,157.77,172.45,-0.178,2.00,5.91,-22.00,-21.89,10.00,0.00,0.50,99.00,0,0,0,0,0,0.00,999.00
17:51:22.097,399756.6199,4091879.8947,global,159.42,172.45,-0.178,2.00,5.91,-22.00,-21.89,10.00,0.00,0.50,99.00,0,0,0,0,0,0.00,999.00
17:51:22.147,399756.6199,4091879.8947,global,160.46,172.45,-0.178,2.00,4.99,-22.00,-21.95,10.00,0.00,0.50,99.00,0,0,0,0,0,0.00,999.00
17:51:22.197,399756.6199,4091879.8947,global,162.07,172.45,-0.178,2.00,4.99,-22.00,-21.95,10.00,0.00,0.50,99.00,0,0,0,0,0,0.00,999.00
17:51:22.247,399756.6199,4091879.8947,global,163.17,172.45,-0.178,2.00,4.99,-22.00,-21.95,10.00,0.00,0.50,99.00,0,0,0,0,0,0.00,999.00
17:51:22.297,399756.2640,4091879.9100,global,164.84,176.94,-0.128,2.00,5.91,-20.95,-21.63,10.00,0.00,0.50,99.00,0,0,0,0,0,0.00,999.00
17:51:22.347,399756.2640,4091879.9100,global,165.99,176.94,-0.128,2.00,5.91,-19.79,-21.63,10.00,0.00,0.50,99.00,0,0,0,0,0,0.00,999.00
17:51:22.398,399756.2640,4091879.9100,global,167.66,176.94,-0.128,2.00,5.19,-19.34,-21.66,10.00,0.00,0.50,99.00,0,0,0,0,0,0.00,999.00
17:51:22.447,399756.2640,4091879.9100,global,168.72,176.94,-0.128,2.00,5.19,-18.28,-21.66,10.00,0.00,0.50,99.00,0,0,0,0,0,0.00,999.00
17:51:22.497,399756.2640,4091879.9100,global,170.34,176.94,-0.128,2.00,5.19,-16.66,-21.66,10.00,0.00,0.50,99.00,0,0,0,0,0,0.00,999.00
17:51:22.548,399755.8896,4091879.8701,global,171.48,179.32,-0.067,2.00,5.64,-12.70,-22.00,10.00,0.00,0.50,99.00,0,0,0,0,0,0.00,999.00
17:51:22.597,399755.8896,4091879.8701,global,173.17,179.32,-0.067,2.00,5.64,-11.01,-22.00,10.00,0.00,0.50,99.00,0,0,0,0,0,0.00,999.00
17:51:22.648,399755.8896,4091879.8701,global,174.27,179.32,-0.067,2.00,5.59,-9.95,-21.45,10.00,0.00,0.50,99.00,0,0,0,0,0,0.00,999.00
17:51:22.697,399755.8896,4091879.8701,global,175.87,179.32,-0.067,2.00,5.59,-8.35,-21.45,10.00,0.00,0.50,99.00,0,0,0,0,0,0.00,999.00
17:51:22.747,399755.8896,4091879.8701,global,176.76,179.32,-0.067,2.00,5.59,-7.47,-21.45,10.00,0.00,0.50,99.00,0,0,0,0,0,0.00,999.00
17:51:22.797,399755.5322,4091879.7633,global,177.63,-178.30,0.042,2.00,5.50,-0.92,-10.89,10.00,0.00,0.50,99.00,0,0,0,0,0,0.00,999.00
17:51:22.848,399755.5322,4091879.7633,global,177.91,-178.30,0.042,2.00,5.50,-0.64,-10.89,10.00,0.00,0.50,99.00,0,0,0,0,0,0.00,999.00
17:51:22.897,399755.5322,4091879.7633,global,177.83,-178.30,0.042,2.00,5.44,-0.68,-1.58,10.00,0.00,0.50,99.00,0,0,0,0,0,0.00,999.00
17:51:22.947,399755.5322,4091879.7633,global,177.41,-178.30,0.042,2.00,5.44,-1.10,-1.58,10.00,0.00,0.50,99.00,0,0,0,0,0,0.00,999.00
17:51:22.997,399755.5322,4091879.7633,global,176.38,-178.30,0.042,2.00,5.04,-1.88,5.75,10.00,0.00,0.50,99.00,0,0,0,0,0,0.00,999.00
17:51:23.047,399755.1575,4091879.7012,global,175.48,169.89,0.111,2.00,5.04,14.60,5.75,10.00,0.00,0.50,99.00,0,0,0,0,0,0.00,999.00
17:51:23.097,399755.1575,4091879.7012,global,173.84,169.89,0.111,2.00,5.04,12.95,5.75,10.00,0.00,0.50,99.00,0,0,0,0,0,0.00,999.00
17:51:23.148,399755.1575,4091879.7012,global,172.53,169.89,0.111,2.00,5.23,11.32,10.13,10.00,0.00,0.50,99.00,0,0,0,0,0,0.00,999.00
17:51:23.197,399755.1575,4091879.7012,global,170.78,169.89,0.111,2.00,5.23,9.58,10.13,10.00,0.00,0.50,99.00,0,0,0,0,0,0.00,999.00
17:51:23.247,399755.1575,4091879.7012,global,169.93,169.89,0.111,2.00,4.79,9.51,14.44,10.00,0.00,0.50,99.00,0,0,0,0,0,0.00,999.00
17:51:23.297,399754.7746,4091879.6946,global,167.93,162.02,0.177,2.00,4.79,20.84,14.44,10.00,0.00,0.50,99.00,0,0,0,0,0,0.00,999.00
17:51:23.347,399754.7746,4091879.6946,global,166.15,162.02,0.177,2.00,4.79,19.06,14.44,10.00,0.00,0.50,99.00,0,0,0,0,0,0.00,999.00
17:51:23.397,399754.7746,4091879.6946,global,163.43,162.02,0.177,2.00,5.64,14.17,14.23,10.00,0.00,0.50,99.00,0,0,0,0,0,0.00,999.00
17:51:23.447,399754.7746,4091879.6946,global,162.11,162.02,0.177,2.00,5.64,12.86,14.23,10.00,0.00,0.50,99.00,0,0,0,0,0,0.00,999.00
17:51:23.498,399754.7746,4091879.6946,global,160.62,162.02,0.177,2.00,6.59,9.58,16.42,10.00,0.00,0.50,99.00,0,0,0,0,0,0.00,999.00
17:51:23.547,399754.3927,4091879.7768,global,159.17,172.22,0.203,2.00,6.59,-0.56,16.42,10.00,0.00,0.50,99.00,0,0,0,0,0,0.00,999.00
17:51:23.597,399754.3927,4091879.7768,global,156.49,172.22,0.203,2.00,6.59,-3.25,16.42,10.00,0.00,0.50,99.00,0,0,0,0,0,0.00,999.00
17:51:23.647,399754.3927,4091879.7768,global,154.73,172.22,0.203,2.00,5.23,-1.90,13.27,10.00,0.00,0.50,99.00,0,0,0,0,0,0.00,999.00
17:51:23.697,399754.3927,4091879.7768,global,152.94,172.22,0.203,2.00,5.23,-3.69,13.27,10.00,0.00,0.50,99.00,0,0,0,0,0,0.00,999.00
17:51:23.747,399754.3927,4091879.7768,global,152.41,172.22,0.203,2.00,5.59,-5.18,-0.08,10.00,0.00,0.50,99.00,0,0,0,0,0,0.00,999.00
17:51:23.797,399754.0202,4091879.8922,global,152.10,171.98,0.162,2.00,5.59,-8.11,-0.08,10.00,0.00,0.50,99.00,0,0,0,0,0,0.00,999.00
17:51:23.847,399754.0202,4091879.8922,global,152.19,171.98,0.162,2.00,5.59,-8.02,-0.08,10.00,0.00,0.50,99.00,0,0,0,0,0,0.00,999.00
17:51:23.897,399754.0202,4091879.8922,global,152.44,171.98,0.162,2.00,5.19,-6.91,-7.86,10.00,0.00,0.50,99.00,0,0,0,0,0,0.00,999.00
17:51:23.948,399754.0202,4091879.8922,global,152.53,171.98,0.162,2.00,5.19,-6.82,-7.86,10.00,0.00,0.50,99.00,0,0,0,0,0,0.00,999.00
17:51:23.997,399754.0202,4091879.8922,global,152.61,171.98,0.162,2.00,5.34,-7.07,-9.35,10.00,0.00,0.50,99.00,0,0,0,0,0,0.00,999.00
17:51:24.047,399753.6648,4091879.9518,global,152.81,171.98,0.152,2.00,5.34,-7.56,-9.35,10.00,0.00,0.50,99.00,0,0,0,0,0,0.00,999.00
17:51:24.098,399753.6648,4091879.9518,global,153.50,171.98,0.152,2.00,5.39,-6.99,-10.03,10.00,0.00,0.50,99.00,0,0,0,0,0,0.00,999.00
17:51:24.147,399753.6648,4091879.9518,global,153.82,171.98,0.152,2.00,5.39,-6.67,-10.03,10.00,0.00,0.50,99.00,0,0,0,0,0,0.00,999.00
17:51:24.197,399753.6648,4091879.9518,global,153.84,171.98,0.152,2.00,5.39,-6.65,-10.03,10.00,0.00,0.50,99.00,0,0,0,0,0,0.00,999.00
17:51:24.247,399753.6648,4091879.9518,global,153.82,171.98,0.152,2.00,5.23,-6.32,-5.39,10.00,0.00,0.50,99.00,0,0,0,0,0,0.00,999.00
17:51:24.298,399753.3097,4091880.0448,global,153.80,174.73,0.101,2.00,5.23,-12.98,-5.39,10.00,0.00,0.50,99.00,0,0,0,0,0,0.00,999.00
17:51:24.347,399753.3097,4091880.0448,global,153.70,174.73,0.101,2.00,5.44,-13.39,-4.35,10.00,0.00,0.50,99.00,0,0,0,0,0,0.00,999.00
17:51:24.397,399753.3097,4091880.0448,global,153.50,174.73,0.101,2.00,5.44,-13.59,-4.35,10.00,0.00,0.50,99.00,0,0,0,0,0,0.00,999.00
17:51:24.447,399753.3097,4091880.0448,global,153.28,174.73,0.101,2.00,5.04,-13.21,-7.62,10.00,0.00,0.50,99.00,0,0,0,0,0,0.00,999.00
17:51:24.497,399753.3097,4091880.0448,global,153.37,174.73,0.101,2.00,5.04,-13.12,-7.62,10.00,0.00,0.50,99.00,0,0,0,0,0,0.00,999.00
17:51:24.547,399752.9457,4091880.1268,global,153.81,172.22,0.052,2.00,5.04,-14.18,-7.62,10.00,0.00,0.50,99.00,0,0,0,0,0,0.00,999.00
17:51:24.597,399752.9457,4091880.1268,global,154.90,172.22,0.052,2.00,5.36,-13.35,-16.24,10.00,0.00,0.50,99.00,0,0,0,0,0,0.00,999.00
17:51:24.647,399752.9457,4091880.1268,global,155.72,172.22,0.052,2.00,5.36,-12.52,-16.24,10.00,0.00,0.50,99.00,0,0,0,0,0,0.00,999.00
17:51:24.698,399752.9457,4091880.1268,global,156.88,172.22,0.052,2.00,5.19,-11.24,-17.89,10.00,0.00,0.50,99.00,0,0,0,0,0,0.00,999.00
17:51:24.747,399752.9457,4091880.1268,global,157.65,172.22,0.052,2.00,5.19,-10.46,-17.89,10.00,0.00,0.50,99.00,0,0,0,0,0,0.00,999.00
17:51:24.797,399752.5900,4091880.1643,global,158.77,174.41,0.061,2.00,5.19,-10.83,-17.89,10.00,0.00,0.50,99.00,0,0,0,0,0,0.00,999.00
17:51:24.847,399752.5900,4091880.1643,global,159.24,174.41,0.061,2.00,5.36,-10.52,-10.33,10.00,0.00,0.50,99.00,0,0,0,0,0,0.00,999.00
17:51:24.897,399752.5900,4091880.1643,global,159.51,174.41,0.061,2.00,5.36,-10.25,-10.33,10.00,0.00,0.50,99.00,0,0,0,0,0,0.00,999.00
17:51:24.947,399752.5900,4091880.1643,global,159.49,174.41,0.061,2.00,4.99,-9.93,-3.56,10.00,0.00,0.50,99.00,0,0,0,0,0,0.00,999.00
17:51:24.997,399752.5900,4091880.1643,global,159.15,174.41,0.061,2.00,4.99,-10.26,-3.56,10.00,0.00,0.50,99.00,0,0,0,0,0,0.00,999.00
17:51:25.047,399752.2345,4091880.2128,global,158.83,175.00,0.068,2.00,4.99,-10.57,-3.56,10.00,0.00,0.50,99.00,0,0,0,0,0,0.00,999.00
17:51:25.097,399752.2345,4091880.2128,global,158.65,175.00,0.068,2.00,5.09,-10.85,-8.42,10.00,0.00,0.50,99.00,0,0,0,0,0,0.00,999.00
17:51:25.147,399752.2345,4091880.2128,global,158.91,175.00,0.068,2.00,5.09,-10.60,-8.42,10.00,0.00,0.50,99.00,0,0,0,0,0,0.00,999.00
17:51:25.197,399752.2345,4091880.2128,global,159.71,175.00,0.068,2.00,5.79,-10.46,-16.18,10.00,0.00,0.50,99.00,0,0,0,0,0,0.00,999.00
17:51:25.247,399752.2345,4091880.2128,global,160.50,175.00,0.068,2.00,5.79,-9.67,-16.18,10.00,0.00,0.50,99.00,0,0,0,0,0,0.00,999.00
17:51:25.297,399751.8700,4091880.2615,global,161.76,173.55,0.050,2.00,5.79,-8.25,-16.18,10.00,0.00,0.50,99.00,0,0,0,0,0,0.00,999.00
17:51:25.347,399751.8700,4091880.2615,global,162.40,173.55,0.050,2.00,4.95,-7.01,-12.45,10.00,0.00,0.50,99.00,0,0,0,0,0,0.00,999.00
17:51:25.397,399751.8700,4091880.2615,global,162.90,173.55,0.050,2.00,4.95,-6.51,-12.45,10.00,0.00,0.50,99.00,0,0,0,0,0,0.00,999.00
17:51:25.447,399751.8700,4091880.2615,global,162.90,173.55,0.050,2.00,5.19,-6.70,-4.06,10.00,0.00,0.50,99.00,0,0,0,0,0,0.00,999.00
17:51:25.497,399751.8700,4091880.2615,global,162.56,173.55,0.050,2.00,5.19,-7.04,-4.06,10.00,0.00,0.50,99.00,0,0,0,0,0,0.00,999.00
17:51:25.547,399751.5049,4091880.2547,global,162.15,173.55,0.098,2.00,5.19,-3.69,-4.06,10.00,0.00,0.50,99.00,0,0,0,0,0,0.00,999.00
17:51:25.597,399751.5049,4091880.2547,global,161.77,173.55,0.098,2.00,5.09,-3.93,-4.57,10.00,0.00,0.50,99.00,0,0,0,0,0,0.00,999.00
17:51:25.647,399751.5049,4091880.2547,global,161.55,173.55,0.098,2.00,5.09,-4.14,-4.57,10.00,0.00,0.50,99.00,0,0,0,0,0,0.00,999.00
17:51:25.697,399751.5049,4091880.2547,global,161.75,173.55,0.098,2.00,5.19,-4.09,-11.14,10.00,0.00,0.50,99.00,0,0,0,0,0,0.00,999.00
17:51:25.747,399751.5049,4091880.2547,global,162.26,173.55,0.098,2.00,5.19,-3.58,-11.14,10.00,0.00,0.50,99.00,0,0,0,0,0,0.00,999.00
17:51:25.797,399751.1493,4091880.3033,global,162.71,175.13,0.089,2.00,5.19,-5.37,-11.14,10.00,0.00,0.50,99.00,0,0,0,0,0,0.00,999.00
17:51:25.848,399751.1493,4091880.3033,global,163.20,175.13,0.089,2.00,5.64,-5.44,-6.48,10.00,0.00,0.50,99.00,0,0,0,0,0,0.00,999.00
17:51:25.897,399751.1493,4091880.3033,global,163.26,175.13,0.089,2.00,5.64,-5.37,-6.48,10.00,0.00,0.50,99.00,0,0,0,0,0,0.00,999.00
17:51:25.947,399751.1493,4091880.3033,global,162.80,175.13,0.089,2.00,5.19,-5.28,1.49,10.00,0.00,0.50,99.00,0,0,0,0,0,0.00,999.00
17:51:25.997,399751.1493,4091880.3033,global,162.20,175.13,0.089,2.00,5.19,-5.87,1.49,10.00,0.00,0.50,99.00,0,0,0,0,0,0.00,999.00
17:51:26.047,399750.7757,4091880.3299,global,161.18,175.47,0.094,2.00,5.24,-6.93,1.31,10.00,0.00,0.50,99.00,0,0,0,0,0,0.00,999.00
17:51:26.097,399750.7757,4091880.3299,global,160.60,175.47,0.094,2.00,5.24,-7.52,1.31,10.00,0.00,0.50,99.00,0,0,0,0,0,0.00,999.00
17:51:26.147,399750.7757,4091880.3299,global,160.27,175.47,0.094,2.00,5.24,-7.85,1.31,10.00,0.00,0.50,99.00,0,0,0,0,0,0.00,999.00
17:51:26.198,399750.7757,4091880.3299,global,160.42,175.47,0.094,2.00,5.12,-7.53,-9.27,10.00,0.00,0.50,99.00,0,0,0,0,0,0.00,999.00
17:51:26.247,399750.7757,4091880.3299,global,160.80,175.47,0.094,2.00,5.12,-7.15,-9.27,10.00,0.00,0.50,99.00,0,0,0,0,0,0.00,999.00
17:51:26.322,399750.4113,4091880.3786,global,161.00,175.13,0.075,2.00,5.12,-8.13,-15.88,10.00,0.00,0.50,99.00,0,0,0,0,0,0.00,999.00
17:51:26.347,399750.4113,4091880.3786,global,162.28,175.13,0.075,2.00,5.39,-7.14,-15.88,10.00,0.00,0.50,99.00,0,0,0,0,0,0.00,999.00
17:51:26.397,399750.4113,4091880.3786,global,163.28,175.13,0.075,2.00,5.39,-6.14,-15.88,10.00,0.00,0.50,99.00,0,0,0,0,0,0.00,999.00
17:51:26.447,399750.4113,4091880.3786,global,165.21,175.13,0.075,2.00,5.09,-3.88,-21.79,10.00,0.00,0.50,99.00,0,0,0,0,0,0.00,999.00
17:51:26.497,399750.4113,4091880.3786,global,166.46,175.13,0.075,2.00,5.09,-2.63,-21.79,10.00,0.00,0.50,99.00,0,0,0,0,0,0.00,999.00
17:51:26.547,399750.0549,4091880.3607,global,168.11,173.55,0.127,2.00,5.39,4.21,-20.24,10.00,0.00,0.50,99.00,0,0,0,0,0,0.00,999.00
17:51:26.597,399750.0549,4091880.3607,global,168.97,173.55,0.127,2.00,5.39,5.08,-20.24,10.00,0.00,0.50,99.00,0,0,0,0,0,0.00,999.00
17:51:26.647,399750.0549,4091880.3607,global,169.88,173.55,0.127,2.00,5.39,5.98,-20.24,10.00,0.00,0.50,99.00,0,0,0,0,0,0.00,999.00
17:51:26.697,399750.0549,4091880.3607,global,170.14,173.55,0.127,2.00,5.09,6.81,-3.10,10.00,0.00,0.50,99.00,0,0,0,0,0,0.00,999.00
17:51:26.747,399750.0549,4091880.3607,global,169.81,173.55,0.127,2.00,5.09,6.47,-3.10,10.00,0.00,0.50,99.00,0,0,0,0,0,0.00,999.00
17:51:26.797,399749.6983,4091880.3205,global,169.07,168.94,0.197,2.00,6.19,13.07,9.56,10.00,0.00,0.50,99.00,0,0,0,0,0,0.00,999.00
17:51:26.847,399749.6983,4091880.3205,global,167.39,168.94,0.197,2.00,6.19,11.39,9.56,10.00,0.00,0.50,99.00,0,0,0,0,0,0.00,999.00
17:51:26.897,399749.6983,4091880.3205,global,165.93,168.94,0.197,2.00,6.19,9.93,9.56,10.00,0.00,0.50,99.00,0,0,0,0,0,0.00,999.00
17:51:26.948,399749.6983,4091880.3205,global,163.93,168.94,0.197,2.00,5.36,9.83,12.60,10.00,0.00,0.50,99.00,0,0,0,0,0,0.00,999.00
17:51:26.997,399749.6983,4091880.3205,global,162.79,168.94,0.197,2.00,5.36,8.69,12.60,10.00,0.00,0.50,99.00,0,0,0,0,0,0.00,999.00
17:51:27.047,399749.3429,4091880.3802,global,161.13,171.65,0.212,2.00,5.19,5.84,12.46,10.00,0.00,0.50,99.00,0,0,0,0,0,0.00,999.00
17:51:27.097,399749.3429,4091880.3802,global,159.94,171.65,0.212,2.00,5.19,4.66,12.46,10.00,0.00,0.50,99.00,0,0,0,0,0,0.00,999.00
17:51:27.148,399749.3429,4091880.3802,global,158.14,171.65,0.212,2.00,5.19,2.86,12.46,10.00,0.00,0.50,99.00,0,0,0,0,0,0.00,999.00
17:51:27.197,399749.3429,4091880.3802,global,156.93,171.65,0.212,2.00,5.19,1.64,6.93,10.00,0.00,0.50,99.00,0,0,0,0,0,0.00,999.00
17:51:27.248,399749.3429,4091880.3802,global,155.70,171.65,0.212,2.00,5.19,0.41,6.93,10.00,0.00,0.50,99.00,0,0,0,0,0,0.00,999.00
17:51:27.298,399748.9700,4091880.4622,global,155.22,170.24,0.183,2.00,5.39,-1.25,-0.25,10.00,0.00,0.50,99.00,0,0,0,0,0,0.00,999.00
17:51:27.347,399748.9700,4091880.4622,global,154.66,170.24,0.183,2.00,5.39,-1.81,-0.25,10.00,0.00,0.50,99.00,0,0,0,0,0,0.00,999.00
17:51:27.398,399748.9700,4091880.4622,global,154.49,170.24,0.183,2.00,5.39,-1.98,-0.25,10.00,0.00,0.50,99.00,0,0,0,0,0,0.00,999.00
17:51:27.447,399748.9700,4091880.4622,global,154.14,170.24,0.183,2.00,5.09,-1.56,-2.90,10.00,0.00,0.50,99.00,0,0,0,0,0,0.00,999.00
17:51:27.497,399748.9700,4091880.4622,global,153.81,170.24,0.183,2.00,5.09,-1.89,-2.90,10.00,0.00,0.50,99.00,0,0,0,0,0,0.00,999.00
17:51:27.547,399748.6059,4091880.5442,global,153.41,164.24,0.161,2.00,5.44,1.17,-1.57,10.00,0.00,0.50,99.00,0,0,0,0,0,0.00,999.00
17:51:27.597,399748.6059,4091880.5442,global,153.11,164.24,0.161,2.00,5.44,0.87,-1.57,10.00,0.00,0.50,99.00,0,0,0,0,0,0.00,999.00
17:51:27.647,399748.6059,4091880.5442,global,152.69,164.24,0.161,2.00,5.44,0.45,-1.57,10.00,0.00,0.50,99.00,0,0,0,0,0,0.00,999.00
17:51:27.697,399748.6059,4091880.5442,global,152.41,164.24,0.161,2.00,5.09,0.98,-0.75,10.00,0.00,0.50,99.00,0,0,0,0,0,0.00,999.00
17:51:27.747,399748.6059,4091880.5442,global,151.78,164.24,0.161,2.00,5.09,0.34,-0.75,10.00,0.00,0.50,99.00,0,0,0,0,0,0.00,999.00
17:51:27.797,399748.2331,4091880.6374,global,151.39,166.39,0.172,2.00,5.59,-2.50,-0.08,10.00,0.00,0.50,99.00,0,0,0,0,0,0.00,999.00
17:51:27.847,399748.2331,4091880.6374,global,150.82,166.39,0.172,2.00,5.59,-3.07,-0.08,10.00,0.00,0.50,99.00,0,0,0,0,0,0.00,999.00
17:51:27.897,399748.2331,4091880.6374,global,150.45,166.39,0.172,2.00,5.59,-3.44,-0.08,10.00,0.00,0.50,99.00,0,0,0,0,0,0.00,999.00
17:51:27.947,399748.2331,4091880.6374,global,149.90,166.39,0.172,2.00,5.23,-3.15,-2.37,10.00,0.00,0.50,99.00,0,0,0,0,0,0.00,999.00
17:51:27.997,399748.2331,4091880.6374,global,149.54,166.39,0.172,2.00,5.23,-3.52,-2.37,10.00,0.00,0.50,99.00,0,0,0,0,0,0.00,999.00
17:51:28.048,399747.8873,4091880.7635,global,149.28,167.90,0.130,2.00,5.39,-8.75,-4.66,10.00,0.00,0.50,99.00,0,0,0,0,0,0.00,999.00
17:51:28.097,399747.8873,4091880.7635,global,149.15,167.90,0.130,2.00,5.39,-8.88,-4.66,10.00,0.00,0.50,99.00,0,0,0,0,0,0.00,999.00
17:51:28.147,399747.8873,4091880.7635,global,148.91,167.90,0.130,2.00,5.39,-9.12,-4.66,10.00,0.00,0.50,99.00,0,0,0,0,0,0.00,999.00
17:51:28.197,399747.8873,4091880.7635,global,148.75,167.90,0.130,2.00,5.29,-9.11,-4.54,10.00,0.00,0.50,99.00,0,0,0,0,0,0.00,999.00
17:51:28.247,399747.8873,4091880.7635,global,148.56,167.90,0.130,2.00,5.29,-9.30,-4.54,10.00,0.00,0.50,99.00,0,0,0,0,0,0.00,999.00
17:51:28.297,399747.5237,4091880.8788,global,148.43,165.70,0.096,2.00,5.29,-9.80,-4.54,10.00,0.00,0.50,99.00,0,0,0,0,0,0.00,999.00
17:51:28.348,399747.5237,4091880.8788,global,148.17,165.70,0.096,2.00,5.36,-10.15,-4.50,10.00,0.00,0.50,99.00,0,0,0,0,0,0.00,999.00
17:51:28.397,399747.5237,4091880.8788,global,148.04,165.70,0.096,2.00,5.36,-10.29,-4.50,10.00,0.00,0.50,99.00,0,0,0,0,0,0.00,999.00
17:51:28.447,399747.5237,4091880.8788,global,147.90,165.70,0.096,2.00,5.39,-10.46,-5.05,10.00,0.00,0.50,99.00,0,0,0,0,0,0.00,999.00
17:51:28.497,399747.5237,4091880.8788,global,147.78,165.70,0.096,2.00,5.39,-10.58,-5.05,10.00,0.00,0.50,99.00,0,0,0,0,0,0.00,999.00
17:51:28.547,399747.1693,4091881.0272,global,147.54,166.06,0.039,2.00,5.39,-15.50,-5.05,10.00,0.00,0.50,99.00,0,0,0,0,0,0.00,999.00
17:51:28.597,399747.1693,4091881.0272,global,147.45,166.06,0.039,2.00,5.50,-15.65,-6.48,10.00,0.00,0.50,99.00,0,0,0,0,0,0.00,999.00
17:51:28.647,399747.1693,4091881.0272,global,147.52,166.06,0.039,2.00,5.50,-15.59,-6.48,10.00,0.00,0.50,99.00,0,0,0,0,0,0.00,999.00
17:51:28.697,399747.1693,4091881.0272,global,147.65,166.06,0.039,2.00,5.39,-15.39,-9.52,10.00,0.00,0.50,99.00,0,0,0,0,0,0.00,999.00
17:51:28.747,399747.1693,4091881.0272,global,147.89,166.06,0.039,2.00,5.39,-15.15,-9.52,10.00,0.00,0.50,99.00,0,0,0,0,0,0.00,999.00
17:51:28.797,399746.7967,4091881.1426,global,148.18,165.33,-0.002,2.00,5.39,-17.31,-9.52,10.00,0.00,0.50,99.00,0,0,0,0,0,0.00,999.00
17:51:28.847,399746.7967,4091881.1426,global,148.73,165.33,-0.002,2.00,5.64,-16.75,-11.48,10.00,0.00,0.50,99.00,0,0,0,0,0,0.00,999.00
17:51:28.897,399746.7967,4091881.1426,global,149.09,165.33,-0.002,2.00,5.64,-16.39,-11.48,10.00,0.00,0.50,99.00,0,0,0,0,0,0.00,999.00
17:51:28.947,399746.7967,4091881.1426,global,149.63,165.33,-0.002,2.00,5.39,-15.87,-12.00,10.00,0.00,0.50,99.00,0,0,0,0,0,0.00,999.00
17:51:28.997,399746.7967,4091881.1426,global,150.01,165.33,-0.002,2.00,5.39,-15.49,-12.00,10.00,0.00,0.50,99.00,0,0,0,0,0,0.00,999.00
17:51:29.047,399746.4330,4091881.2467,global,150.66,163.42,-0.014,2.00,5.39,-13.81,-12.00,10.00,0.00,0.50,99.00,0,0,0,0,0,0.00,999.00
17:51:29.097,399746.4330,4091881.2467,global,151.05,163.42,-0.014,2.00,5.64,-13.37,-12.12,10.00,0.00,0.50,99.00,0,0,0,0,0,0.00,999.00
17:51:29.147,399746.4330,4091881.2467,global,151.61,163.42,-0.014,2.00,5.64,-12.82,-12.12,10.00,0.00,0.50,99.00,0,0,0,0,0,0.00,999.00
17:51:29.198,399746.4330,4091881.2467,global,152.01,163.42,-0.014,2.00,5.59,-12.43,-12.13,10.00,0.00,0.50,99.00,0,0,0,0,0,0.00,999.00
17:51:29.247,399746.4330,4091881.2467,global,152.61,163.42,-0.014,2.00,5.59,-11.83,-12.13,10.00,0.00,0.50,99.00,0,0,0,0,0,0.00,999.00
17:51:29.297,399746.0689,4091881.3287,global,153.03,166.56,0.014,2.00,5.59,-12.51,-12.13,10.00,0.00,0.50,99.00,0,0,0,0,0,0.00,999.00
17:51:29.347,399746.0689,4091881.3287,global,153.68,166.56,0.014,2.00,5.50,-11.84,-12.08,10.00,0.00,0.50,99.00,0,0,0,0,0,0.00,999.00
17:51:29.397,399746.0689,4091881.3287,global,154.09,166.56,0.014,2.00,5.50,-11.43,-12.08,10.00,0.00,0.50,99.00,0,0,0,0,0,0.00,999.00
17:51:29.448,399746.0689,4091881.3287,global,154.65,166.56,0.014,2.00,5.59,-10.89,-12.16,10.00,0.00,0.50,99.00,0,0,0,0,0,0.00,999.00
17:51:29.497,399746.0689,4091881.3287,global,155.04,166.56,0.014,2.00,5.59,-10.50,-12.16,10.00,0.00,0.50,99.00,0,0,0,0,0,0.00,999.00
17:51:29.547,399745.6690,4091881.3889,global,155.64,165.76,0.049,2.00,5.59,-6.50,-12.16,10.00,0.00,0.50,99.00,0,0,0,0,0,0.00,999.00
17:51:29.597,399745.6690,4091881.3889,global,156.06,165.76,0.049,2.00,5.64,-6.12,-12.03,10.00,0.00,0.50,99.00,0,0,0,0,0,0.00,999.00
17:51:29.674,399745.6690,4091881.3889,global,156.27,165.76,0.049,2.00,5.64,-5.91,-12.03,10.00,0.00,0.50,99.00,0,0,0,0,0,0.00,999.00
17:51:29.697,399745.6690,4091881.3889,global,157.07,165.76,0.049,2.00,5.64,-5.11,-12.34,10.00,0.00,0.50,99.00,0,0,0,0,0,0.00,999.00
17:51:29.747,399745.6690,4091881.3889,global,157.69,165.76,0.049,2.00,5.61,-4.47,-12.34,10.00,0.00,0.50,99.00,0,0,0,0,0,0.00,999.00
17:51:29.797,399745.2957,4091881.4488,global,158.09,165.33,0.062,2.00,5.61,-2.66,-12.34,10.00,0.00,0.50,99.00,0,0,0,0,0,0.00,999.00
17:51:29.847,399745.2957,4091881.4488,global,158.74,165.33,0.062,2.00,5.63,-2.02,-10.58,10.00,0.00,0.50,99.00,0,0,0,0,0,0.00,999.00
17:51:29.897,399745.2957,4091881.4488,global,159.10,165.33,0.062,2.00,5.63,-1.66,-10.58,10.00,0.00,0.50,99.00,0,0,0,0,0,0.00,999.00
17:51:29.948,399745.2957,4091881.4488,global,159.36,165.33,0.062,2.00,5.59,-1.37,-6.19,10.00,0.00,0.50,99.00,0,0,0,0,0,0.00,999.00
17:51:29.997,399745.2957,4091881.4488,global,159.28,165.33,0.062,2.00,5.59,-1.44,-6.19,10.00,0.00,0.50,99.00,0,0,0,0,0,0.00,999.00
17:51:30.047,399744.9046,4091881.4978,global,158.98,166.78,0.114,2.00,5.59,0.57,-6.19,10.00,0.00,0.50,99.00,0,0,0,0,0,0.00,999.00
17:51:30.097,399744.9046,4091881.4978,global,158.57,166.78,0.114,2.00,5.64,0.08,1.57,10.00,0.00,0.50,99.00,0,0,0,0,0,0.00,999.00
17:51:30.147,399744.9046,4091881.4978,global,157.68,166.78,0.114,2.00,5.64,-0.81,1.57,10.00,0.00,0.50,99.00,0,0,0,0,0,0.00,999.00
17:51:30.197,399744.9046,4091881.4978,global,156.92,166.78,0.114,2.00,5.39,-1.18,5.25,10.00,0.00,0.50,99.00,0,0,0,0,0,0.00,999.00
17:51:30.247,399744.9046,4091881.4978,global,155.65,166.78,0.114,2.00,5.39,-2.46,5.25,10.00,0.00,0.50,99.00,0,0,0,0,0,0.00,999.00
17:51:30.297,399744.5141,4091881.6023,global,154.83,164.77,0.092,2.00,5.39,-2.95,5.25,10.00,0.00,0.50,99.00,0,0,0,0,0,0.00,999.00
17:51:30.347,399744.5141,4091881.6023,global,154.04,164.77,0.092,2.00,5.91,-4.35,-1.84,10.00,0.00,0.50,99.00,0,0,0,0,0,0.00,999.00
17:51:30.397,399744.5141,4091881.6023,global,153.82,164.77,0.092,2.00,5.91,-4.58,-1.84,10.00,0.00,0.50,99.00,0,0,0,0,0,0.00,999.00
17:51:30.448,399744.5141,4091881.6023,global,153.86,164.77,0.092,2.00,5.19,-3.66,-8.95,10.00,0.00,0.50,99.00,0,0,0,0,0,0.00,999.00
17:51:30.497,399744.5141,4091881.6023,global,154.16,164.77,0.092,2.00,5.19,-3.36,-8.95,10.00,0.00,0.50,99.00,0,0,0,0,0,0.00,999.00
17:51:30.547,399744.1322,4091881.6845,global,154.60,173.85,0.099,2.00,5.19,-11.46,-8.95,10.00,0.00,0.50,99.00,0,0,0,0,0,0.00,999.00
17:51:30.597,399744.1322,4091881.6845,global,155.00,173.85,0.099,2.00,5.91,-12.01,-11.19,10.00,0.00,0.50,99.00,0,0,0,0,0,0.00,999.00
17:51:30.647,399744.1322,4091881.6845,global,155.59,173.85,0.099,2.00,5.91,-11.41,-11.19,10.00,0.00,0.50,99.00,0,0,0,0,0,0.00,999.00
17:51:30.697,399744.1322,4091881.6845,global,155.87,173.85,0.099,2.00,5.59,-10.74,-8.11,10.00,0.00,0.50,99.00,0,0,0,0,0,0.00,999.00
17:51:30.747,399744.1322,4091881.6845,global,156.14,173.85,0.099,2.00,5.59,-10.47,-8.11,10.00,0.00,0.50,99.00,0,0,0,0,0,0.00,999.00
17:51:30.797,399743.7324,4091881.7558,global,156.06,173.85,0.048,2.00,5.59,-14.28,-8.11,10.00,0.00,0.50,99.00,0,0,0,0,0,0.00,999.00
17:51:30.847,399743.7324,4091881.7558,global,156.19,173.85,0.048,2.00,5.64,-14.18,-7.77,10.00,0.00,0.50,99.00,0,0,0,0,0,0.00,999.00
17:51:30.898,399743.7324,4091881.7558,global,156.37,173.85,0.048,2.00,5.64,-14.00,-7.77,10.00,0.00,0.50,99.00,0,0,0,0,0,0.00,999.00
17:51:30.948,399743.7324,4091881.7558,global,156.54,173.85,0.048,2.00,5.85,-13.96,-8.88,10.00,0.00,0.50,99.00,0,0,0,0,0,0.00,999.00
17:51:30.997,399743.7324,4091881.7558,global,156.71,173.85,0.048,2.00,5.85,-13.78,-8.88,10.00,0.00,0.50,99.00,0,0,0,0,0,0.00,999.00
17:51:31.047,399743.3414,4091881.8159,global,156.98,-178.03,-0.010,2.00,5.64,-22.00,-10.12,10.00,0.00,0.50,99.00,0,0,0,0,0,0.00,999.00
17:51:31.097,399743.3414,4091881.8159,global,157.14,-178.03,-0.010,2.00,5.64,-22.00,-10.12,10.00,0.00,0.50,99.00,0,0,0,0,0,0.00,999.00
17:51:31.147,399743.3414,4091881.8159,global,157.65,-178.03,-0.010,2.00,5.64,-22.00,-10.12,10.00,0.00,0.50,99.00,0,0,0,0,0,0.00,999.00
17:51:31.197,399743.3414,4091881.8159,global,158.19,-178.03,-0.010,2.00,5.78,-22.00,-17.41,10.00,0.00,0.50,99.00,0,0,0,0,0,0.00,999.00
17:51:31.247,399743.3414,4091881.8159,global,159.10,-178.03,-0.010,2.00,5.78,-22.00,-17.41,10.00,0.00,0.50,99.00,0,0,0,0,0,0.00,999.00
17:51:31.297,399742.9324,4091881.8651,global,161.02,170.47,-0.052,2.00,5.79,-13.15,-22.00,10.00,0.00,0.50,99.00,0,0,0,0,0,0.00,999.00
17:51:31.347,399742.9324,4091881.8651,global,163.32,170.47,-0.052,2.00,5.79,-10.85,-22.00,10.00,0.00,0.50,99.00,0,0,0,0,0,0.00,999.00
17:51:31.397,399742.9324,4091881.8651,global,165.29,170.47,-0.052,2.00,5.79,-8.88,-22.00,10.00,0.00,0.50,99.00,0,0,0,0,0,0.00,999.00
17:51:31.447,399742.9324,4091881.8651,global,168.25,170.47,-0.052,2.00,5.36,-6.22,-21.63,10.00,0.00,0.50,99.00,0,0,0,0,0,0.00,999.00
17:51:31.497,399742.9324,4091881.8651,global,169.64,170.47,-0.052,2.00,5.36,-4.83,-21.63,10.00,0.00,0.50,99.00,0,0,0,0,0,0.00,999.00
17:51:31.547,399742.5931,4091881.7803,global,170.84,170.09,0.088,2.00,5.36,7.49,-21.63,10.00,0.00,0.50,99.00,0,0,0,0,0,0.00,999.00
17:51:31.597,399742.5931,4091881.7803,global,171.19,170.09,0.088,2.00,6.11,7.03,-7.14,10.00,0.00,0.50,99.00,0,0,0,0,0,0.00,999.00
17:51:31.648,399742.5931,4091881.7803,global,170.84,170.09,0.088,2.00,6.11,6.68,-7.14,10.00,0.00,0.50,99.00,0,0,0,0,0,0.00,999.00
17:51:31.697,399742.5931,4091881.7803,global,170.40,170.09,0.088,2.00,7.05,5.44,4.31,10.00,0.00,0.50,99.00,0,0,0,0,0,0.00,999.00
17:51:31.747,399742.5931,4091881.7803,global,169.16,170.09,0.088,2.00,7.05,4.21,4.31,10.00,0.00,0.50,99.00,0,0,0,0,0,0.00,999.00
17:51:31.797,399742.1745,4091881.7631,global,168.02,170.82,0.190,2.00,6.05,9.95,12.35,10.00,0.00,0.50,99.00,0,0,0,0,0,0.00,999.00
17:51:31.847,399742.1745,4091881.7631,global,166.05,170.82,0.190,2.00,6.05,7.98,12.35,10.00,0.00,0.50,99.00,0,0,0,0,0,0.00,999.00
17:51:31.897,399742.1745,4091881.7631,global,164.64,170.82,0.190,2.00,6.05,6.57,12.35,10.00,0.00,0.50,99.00,0,0,0,0,0,0.00,999.00
17:51:31.947,399742.1745,4091881.7631,global,162.81,170.82,0.190,2.00,5.64,5.63,7.53,10.00,0.00,0.50,99.00,0,0,0,0,0,0.00,999.00
17:51:31.997,399742.1745,4091881.7631,global,161.87,170.82,0.190,2.00,5.64,4.69,7.53,10.00,0.00,0.50,99.00,0,0,0,0,0,0.00,999.00
17:51:32.047,399741.7656,4091881.8234,global,160.66,179.32,0.211,2.00,5.79,-3.96,4.23,10.00,0.00,0.50,99.00,0,0,0,0,0,0.00,999.00
17:51:32.098,399741.7656,4091881.8234,global,159.98,179.32,0.211,2.00,5.79,-4.65,4.23,10.00,0.00,0.50,99.00,0,0,0,0,0,0.00,999.00
17:51:32.147,399741.7656,4091881.8234,global,159.01,179.32,0.211,2.00,5.64,-5.26,0.10,10.00,0.00,0.50,99.00,0,0,0,0,0,0.00,999.00
17:51:32.197,399741.7656,4091881.8234,global,158.47,179.32,0.211,2.00,5.64,-5.80,0.10,10.00,0.00,0.50,99.00,0,0,0,0,0,0.00,999.00
17:51:32.247,399741.7656,4091881.8234,global,158.20,179.32,0.211,2.00,5.64,-6.07,0.10,10.00,0.00,0.50,99.00,0,0,0,0,0,0.00,999.00
17:51:32.298,399741.3659,4091881.8947,global,158.33,173.85,0.181,2.00,5.68,-2.59,-10.05,10.00,0.00,0.50,99.00,0,0,0,0,0,0.00,999.00
17:51:32.347,399741.3659,4091881.8947,global,158.83,173.85,0.181,2.00,5.68,-2.09,-10.05,10.00,0.00,0.50,99.00,0,0,0,0,0,0.00,999.00
17:51:32.397,399741.3659,4091881.8947,global,159.27,173.85,0.181,2.00,5.79,-1.89,-13.32,10.00,0.00,0.50,99.00,0,0,0,0,0,0.00,999.00
17:51:32.447,399741.3659,4091881.8947,global,160.20,173.85,0.181,2.00,5.79,-0.96,-13.32,10.00,0.00,0.50,99.00,0,0,0,0,0,0.00,999.00
17:51:32.497,399741.3659,4091881.8947,global,160.73,173.85,0.181,2.00,5.79,-0.43,-13.32,10.00,0.00,0.50,99.00,0,0,0,0,0,0.00,999.00
17:51:32.547,399740.9835,4091881.9325,global,160.72,160.72,0.247,2.00,5.78,17.09,-1.43,10.00,0.00,0.50,99.00,0,0,0,0,0,0.00,999.00
17:51:32.598,399740.9835,4091881.9325,global,160.29,160.29,0.248,2.00,5.78,17.21,-1.43,10.00,0.00,0.50,99.00,0,0,0,0,0,0.00,999.00
17:51:32.647,399740.9835,4091881.9325,global,159.05,159.05,0.254,2.00,6.11,16.65,8.44,10.00,0.00,0.50,99.00,0,0,0,0,0,0.00,999.00
17:51:32.697,399740.9835,4091881.9325,global,157.90,157.90,0.258,2.00,6.11,16.94,8.44,10.00,0.00,0.50,99.00,0,0,0,0,0,0.00,999.00
17:51:32.747,399740.9835,4091881.9325,global,155.66,155.66,0.267,2.00,8.38,12.93,18.99,10.00,0.00,0.50,99.00,0,0,0,0,0,0.00,999.00
17:51:32.797,399740.5750,4091882.0261,global,153.67,153.67,0.372,2.00,8.38,17.73,18.99,10.00,0.00,0.50,99.00,0,0,0,0,0,0.00,999.00
17:51:32.848,399740.5750,4091882.0261,global,150.29,150.29,0.408,2.00,8.38,19.32,18.99,10.00,0.00,0.50,99.00,0,0,0,0,0,0.00,999.00
17:51:32.897,399740.5750,4091882.0261,global,148.19,148.19,0.430,2.00,5.48,22.00,13.19,10.00,0.00,0.50,99.00,0,0,0,0,0,0.00,999.00
17:51:32.947,399740.5750,4091882.0261,global,146.28,146.28,0.449,2.00,5.48,22.00,13.19,10.00,0.00,0.50,99.00,0,0,0,0,0,0.00,999.00
17:51:32.997,399740.5750,4091882.0261,global,145.63,145.63,0.455,2.00,5.93,22.00,5.93,10.00,0.00,0.50,99.00,0,0,0,0,0,0.00,999.00
17:51:33.048,399740.2031,4091882.1969,global,144.50,144.50,0.543,2.00,5.93,22.00,5.93,10.00,0.00,0.50,99.00,0,0,0,0,0,0.00,999.00
17:51:33.097,399740.2031,4091882.1969,global,143.57,143.57,0.559,2.00,6.52,22.00,11.32,10.00,0.00,0.50,99.00,0,0,0,0,0,0.00,999.00
17:51:33.148,399740.2031,4091882.1969,global,141.77,141.77,0.588,2.00,6.52,22.00,11.32,10.00,0.00,0.50,99.00,0,0,0,0,0,0.00,999.00
17:51:33.197,399740.2031,4091882.1969,global,140.12,140.12,0.615,2.00,6.52,22.00,11.32,10.00,0.00,0.50,99.00,0,0,0,0,0,0.00,999.00
17:51:33.247,399740.2031,4091882.1969,global,137.39,137.39,0.657,2.00,5.82,22.00,21.28,10.00,0.00,0.50,99.00,0,0,0,0,0,0.00,999.00
17:51:33.297,399739.8316,4091882.4010,global,135.18,135.18,0.808,2.00,5.82,22.00,21.28,10.00,0.00,0.50,99.00,0,0,0,0,0,0.00,999.00
17:51:33.347,399739.8316,4091882.4010,global,131.94,131.94,0.878,2.00,6.19,22.00,21.76,10.00,0.00,0.50,99.00,0,0,0,0,0,0.00,999.00
17:51:33.397,399739.8316,4091882.4010,global,129.82,129.82,0.922,2.00,6.19,22.00,21.76,10.00,0.00,0.50,99.00,0,0,0,0,0,0.00,999.00
17:51:33.447,399739.8316,4091882.4010,global,126.79,126.79,0.984,2.00,6.19,22.00,21.76,10.00,0.00,0.50,99.00,0,0,0,0,0,0.00,999.00
17:51:33.497,399739.8316,4091882.4010,global,125.10,125.10,1.017,2.00,6.19,22.00,15.78,10.00,0.00,0.50,99.00,0,0,0,0,0,0.00,999.00
17:51:33.547,399739.5592,4091882.7038,global,122.95,122.95,1.121,2.00,6.19,22.00,15.78,10.00,0.00,0.50,99.00,0,0,0,0,0,0.00,999.00
17:51:33.597,399739.5592,4091882.7038,global,121.46,121.46,1.159,2.00,6.19,22.00,15.78,10.00,0.00,0.50,99.00,0,0,0,0,0,0.00,999.00
17:51:33.647,399739.5592,4091882.7038,global,119.15,119.15,1.216,2.00,5.56,22.00,16.08,10.00,0.00,0.50,99.00,0,0,0,0,0,0.00,999.00
17:51:33.697,399739.5592,4091882.7038,global,117.61,117.61,1.253,2.00,5.56,22.00,16.08,10.00,0.00,0.50,99.00,0,0,0,0,0,0.00,999.00
17:51:33.747,399739.5592,4091882.7038,global,115.11,115.11,1.310,2.00,5.59,22.00,19.17,10.00,0.00,0.50,99.00,0,0,0,0,0,0.00,999.00
17:51:33.797,399739.3499,4091883.0724,global,113.26,113.26,1.398,2.00,5.59,22.00,19.17,10.00,0.00,0.50,99.00,0,0,0,0,0,0.00,999.00
17:51:33.847,399739.3499,4091883.0724,global,110.44,110.44,1.479,2.00,5.70,22.00,19.06,10.00,0.00,0.50,99.00,0,0,0,0,0,0.00,999.00
17:51:33.897,399739.3499,4091883.0724,global,108.60,108.60,1.530,2.00,5.70,22.00,19.06,10.00,0.00,0.50,99.00,0,0,0,0,0,0.00,999.00
17:51:33.947,399739.3499,4091883.0724,global,105.92,105.92,1.601,2.00,5.70,22.00,19.06,10.00,0.00,0.50,99.00,0,0,0,0,0,0.00,999.00
17:51:33.997,399739.3499,4091883.0724,global,104.10,104.10,1.648,2.00,6.05,22.00,18.56,10.00,0.00,0.50,99.00,0,0,0,0,0,0.00,999.00
17:51:34.047,399739.2123,4091883.4846,global,101.40,101.40,1.767,2.00,6.05,22.00,18.56,10.00,0.00,0.50,99.00,0,0,0,0,0,0.00,999.00
17:51:34.097,399739.2123,4091883.4846,global,99.55,99.55,1.823,2.00,4.99,22.00,18.92,10.00,0.00,0.50,99.00,0,0,0,0,0,0.00,999.00
17:51:34.172,399739.2123,4091883.4846,global,98.69,98.69,1.849,2.00,4.99,22.00,18.92,10.00,0.00,0.50,99.00,0,0,0,0,0,0.00,999.00
17:51:34.197,399739.2123,4091883.4846,global,95.15,95.15,1.950,2.00,4.99,22.00,18.77,10.00,0.00,0.50,99.00,0,0,0,0,0,0.00,999.00
17:51:34.247,399739.2123,4091883.4846,global,92.52,92.52,2.021,2.00,5.79,22.00,18.77,10.00,0.00,0.50,99.00,0,0,0,0,0,0.00,999.00
17:51:34.297,399739.1552,4091883.9291,global,90.78,90.78,2.116,2.00,5.79,22.00,18.77,10.00,0.00,0.50,99.00,0,0,0,0,0,0.00,999.00
17:51:34.347,399739.1552,4091883.9291,global,88.14,88.14,2.200,2.00,6.35,22.00,18.84,10.00,0.00,0.50,99.00,0,0,0,0,0,0.00,999.00
17:51:34.397,399739.1552,4091883.9291,global,86.36,86.36,2.255,2.00,6.35,22.00,18.84,10.00,0.00,0.50,99.00,0,0,0,0,0,0.00,999.00
17:51:34.447,399739.1552,4091883.9291,global,83.77,83.77,2.329,2.00,5.59,22.00,18.64,10.00,0.00,0.50,99.00,0,0,0,0,0,0.00,999.00
17:51:34.498,399739.1552,4091883.9291,global,82.06,82.06,2.376,2.00,5.59,22.00,18.64,10.00,0.00,0.50,99.00,0,0,0,0,0,0.00,999.00
17:51:34.547,399739.1513,4091884.3508,global,79.43,79.43,2.525,2.00,5.85,22.00,19.80,10.00,0.00,0.50,99.00,0,0,0,0,0,0.00,999.00
17:51:34.598,399739.1513,4091884.3508,global,77.67,77.67,2.580,2.00,5.85,22.00,19.80,10.00,0.00,0.50,99.00,0,0,0,0,0,0.00,999.00
17:51:34.647,399739.1513,4091884.3508,global,75.06,75.06,2.657,2.00,5.85,22.00,19.80,10.00,0.00,0.50,99.00,0,0,0,0,0,0.00,999.00
17:51:34.698,399739.1513,4091884.3508,global,73.30,73.30,2.707,2.00,5.54,22.00,18.71,10.00,0.00,0.50,99.00,0,0,0,0,0,0.00,999.00
17:51:34.747,399739.1513,4091884.3508,global,70.65,70.65,2.775,2.00,5.54,22.00,18.71,10.00,0.00,0.50,99.00,0,0,0,0,0,0.00,999.00
17:51:34.797,399739.2186,4091884.7716,global,68.92,68.92,2.906,2.00,5.50,22.00,18.82,10.00,0.00,0.50,99.00,0,0,0,0,0,0.00,999.00
17:51:34.847,399739.2186,4091884.7716,global,66.35,66.35,2.982,2.00,5.50,22.00,18.82,10.00,0.00,0.50,99.00,0,0,0,0,0,0.00,999.00
17:51:34.897,399739.2186,4091884.7716,global,64.62,64.62,3.030,2.00,6.19,22.00,18.82,10.00,0.00,0.50,99.00,0,0,0,0,0,0.00,999.00
17:51:34.947,399739.2186,4091884.7716,global,62.08,62.08,3.095,2.00,6.19,22.00,18.82,10.00,0.00,0.50,99.00,0,0,0,0,0,0.00,999.00
17:51:34.997,399739.2186,4091884.7716,global,60.37,60.37,3.135,2.00,6.19,22.00,18.82,10.00,0.00,0.50,99.00,0,0,0,0,0,0.00,999.00
17:51:35.047,399739.3656,4091885.1582,global,57.71,57.71,3.275,2.00,4.81,22.00,18.83,10.00,0.00,0.50,99.00,0,0,0,0,0,0.00,999.00
17:51:35.097,399739.3656,4091885.1582,global,55.90,55.90,3.323,2.00,4.81,22.00,18.83,10.00,0.00,0.50,99.00,0,0,0,0,0,0.00,999.00
17:51:35.147,399739.3656,4091885.1582,global,53.23,53.23,3.387,2.00,5.79,22.00,18.98,10.00,0.00,0.50,99.00,0,0,0,0,0,0.00,999.00
17:51:35.197,399739.3656,4091885.1582,global,51.54,51.54,3.424,2.00,5.79,22.00,18.98,10.00,0.00,0.50,99.00,0,0,0,0,0,0.00,999.00
17:51:35.247,399739.3656,4091885.1582,global,48.99,48.99,3.474,2.00,5.79,22.00,18.98,10.00,0.00,0.50,99.00,0,0,0,0,0,0.00,999.00
17:51:35.297,399739.6009,4091885.4772,global,47.28,47.28,3.548,2.00,6.19,22.00,18.82,10.00,0.00,0.50,99.00,0,0,0,0,0,0.00,999.00
17:51:35.347,399739.6009,4091885.4772,global,44.60,44.60,3.607,2.00,6.19,22.00,18.82,10.00,0.00,0.50,99.00,0,0,0,0,0,0.00,999.00
17:51:35.397,399739.6009,4091885.4772,global,42.80,42.80,3.642,2.00,5.19,22.00,18.84,10.00,0.00,0.50,99.00,0,0,0,0,0,0.00,999.00
17:51:35.447,399739.6009,4091885.4772,global,40.23,40.23,3.686,2.00,5.19,22.00,18.84,10.00,0.00,0.50,99.00,0,0,0,0,0,0.00,999.00
17:51:35.497,399739.6009,4091885.4772,global,38.62,38.62,3.710,2.00,5.19,22.00,18.84,10.00,0.00,0.50,99.00,0,0,0,0,0,0.00,999.00
17:51:35.547,399739.8975,4091885.7178,global,36.26,36.26,3.758,2.00,5.78,22.00,18.77,10.00,0.00,0.50,99.00,0,0,0,0,0,0.00,999.00
17:51:35.598,399739.8975,4091885.7178,global,34.58,34.58,3.786,2.00,5.78,22.00,18.77,10.00,0.00,0.50,99.00,0,0,0,0,0,0.00,999.00
17:51:35.647,399739.8975,4091885.7178,global,32.09,32.09,3.822,2.00,4.89,22.00,18.83,10.00,0.00,0.50,99.00,0,0,0,0,0,0.00,999.00
17:51:35.697,399739.8975,4091885.7178,global,30.41,30.41,3.842,2.00,4.89,22.00,18.83,10.00,0.00,0.50,99.00,0,0,0,0,0,0.00,999.00
