time,utm_x,utm_y,path_type,vehicle_yaw_deg,path_yaw_deg,cte_meter,k_gain,v_kmh,target_steer_deg,current_steer_deg,kp,ki,kd,closest_cluster_dist,r_state,y_state,g_state,f_state,l_state,light_area,stopline_dist
17:05:25.995,399739.5035,4091874.9821,global,-6.60,-6.61,0.384,2.00,0.00,22.00,4.86,10.00,0.50,0.70,99.00,0,0,0,0,0,0.00,999.00
17:05:26.045,399739.5035,4091874.9821,global,-6.60,-6.61,0.384,2.00,0.00,22.00,4.86,10.00,0.50,0.70,99.00,0,0,0,0,0,0.00,999.00
17:05:26.098,399739.5035,4091874.9821,global,-6.61,-6.61,0.384,2.00,0.20,22.00,4.47,10.00,0.50,0.70,99.00,0,0,0,0,0,0.00,999.00
17:05:26.145,399739.4946,4091874.9822,global,-6.62,-6.61,0.383,2.00,0.20,22.00,4.47,10.00,0.50,0.70,99.00,0,0,0,0,0,0.00,999.00
17:05:26.195,399739.4946,4091874.9822,global,-6.60,-6.61,0.383,2.00,0.20,22.00,4.47,10.00,0.50,0.70,99.00,0,0,0,0,0,0.00,999.00
17:05:26.245,399739.4946,4091874.9822,global,-6.60,-6.61,0.383,2.00,-0.69,22.00,-21.95,10.00,0.50,0.70,99.00,0,0,0,0,0,0.00,999.00
17:05:26.295,399739.4946,4091874.9822,global,-6.65,-6.61,0.383,2.00,-0.69,22.00,-21.95,10.00,0.50,0.70,99.00,0,0,0,0,0,0.00,999.00
17:05:26.345,399739.5212,4091874.9708,global,-6.77,-0.68,0.377,2.00,1.20,22.00,-19.49,10.00,0.50,0.70,99.00,0,0,0,0,0,0.00,999.00
17:05:26.395,399739.5212,4091874.9708,global,-6.99,-0.68,0.377,2.00,1.20,22.00,-19.49,10.00,0.50,0.70,99.00,0,0,0,0,0,0.00,999.00
17:05:26.445,399739.5212,4091874.9708,global,-7.19,-0.68,0.377,2.00,1.20,22.00,-19.49,10.00,0.50,0.70,99.00,0,0,0,0,0,0.00,999.00
17:05:26.495,399739.5212,4091874.9708,global,-7.70,-0.68,0.377,2.00,2.48,22.00,-4.76,10.00,0.50,0.70,99.00,0,0,0,0,0,0.00,999.00
17:05:26.545,399739.5212,4091874.9708,global,-8.15,-0.68,0.377,2.00,2.48,22.00,-4.76,10.00,0.50,0.70,99.00,0,0,0,0,0,0.00,999.00
17:05:26.595,399739.5212,4091874.9708,global,-8.84,-0.68,0.377,2.00,2.79,22.00,6.14,10.00,0.50,0.70,99.00,0,0,0,0,0,0.00,999.00
17:05:26.645,399739.5921,4091874.9477,global,-9.26,-16.72,0.326,2.00,2.79,22.00,6.14,10.00,0.50,0.70,99.00,0,0,0,0,0,0.00,999.00
17:05:26.695,399739.5921,4091874.9477,global,-9.87,-16.72,0.326,2.00,2.79,22.00,6.14,10.00,0.50,0.70,99.00,0,0,0,0,0,0.00,999.00
17:05:26.745,399739.5921,4091874.9477,global,-10.33,-16.72,0.326,2.00,1.51,22.00,16.92,10.00,0.50,0.70,99.00,0,0,0,0,0,0.00,999.00
17:05:26.795,399739.5921,4091874.9477,global,-11.16,-16.72,0.326,2.00,1.51,22.00,16.92,10.00,0.50,0.70,99.00,0,0,0,0,0,0.00,999.00
17:05:26.846,399739.6898,4091874.9244,global,-11.74,-16.72,0.332,2.00,1.20,22.00,21.99,10.00,0.50,0.70,99.00,0,0,0,0,0,0.00,999.00
17:05:26.895,399739.6898,4091874.9244,global,-12.59,-16.72,0.332,2.00,1.20,22.00,21.99,10.00,0.50,0.70,99.00,0,0,0,0,0,0.00,999.00
17:05:26.945,399739.6898,4091874.9244,global,-13.19,-16.72,0.332,2.00,1.20,22.00,21.99,10.00,0.50,0.70,99.00,0,0,0,0,0,0.00,999.00
17:05:26.996,399739.6898,4091874.9244,global,-14.05,-16.72,0.332,2.00,1.65,22.00,15.06,10.00,0.50,0.70,99.00,0,0,0,0,0,0.00,999.00
17:05:27.045,399739.6898,4091874.9244,global,-14.57,-16.72,0.332,2.00,1.65,22.00,15.06,10.00,0.50,0.70,99.00,0,0,0,0,0,0.00,999.00
17:05:27.095,399739.6898,4091874.9244,global,-15.24,-16.72,0.332,2.00,1.80,22.00,13.00,10.00,0.50,0.70,99.00,0,0,0,0,0,0.00,999.00
17:05:27.145,399739.7873,4091874.8900,global,-15.71,-16.72,0.327,2.00,1.80,22.00,13.00,10.00,0.50,0.70,99.00,0,0,0,0,0,0.00,999.00
17:05:27.195,399739.7873,4091874.8900,global,-16.50,-16.72,0.327,2.00,1.80,22.00,13.00,10.00,0.50,0.70,99.00,0,0,0,0,0,0.00,999.00
17:05:27.245,399739.7873,4091874.8900,global,-17.17,-16.72,0.327,2.00,2.08,22.00,19.25,10.00,0.50,0.70,99.00,0,0,0,0,0,0.00,999.00
17:05:27.295,399739.7873,4091874.8900,global,-18.29,-16.72,0.327,2.00,2.08,22.00,19.25,10.00,0.50,0.70,99.00,0,0,0,0,0,0.00,999.00
17:05:27.347,399739.9292,4091874.8439,global,-19.05,-20.28,0.317,2.00,2.17,22.00,19.40,10.00,0.50,0.70,99.00,0,0,0,0,0,0.00,999.00
17:05:27.395,399739.9292,4091874.8439,global,-20.16,-20.28,0.317,2.00,2.17,22.00,19.40,10.00,0.50,0.70,99.00,0,0,0,0,0,0.00,999.00
17:05:27.445,399739.9292,4091874.8439,global,-20.87,-20.28,0.317,2.00,2.17,22.00,19.40,10.00,0.50,0.70,99.00,0,0,0,0,0,0.00,999.00
17:05:27.495,399739.9292,4091874.8439,global,-21.89,-20.28,0.317,2.00,2.34,22.00,17.95,10.00,0.50,0.70,99.00,0,0,0,0,0,0.00,999.00
17:05:27.545,399739.9292,4091874.8439,global,-22.57,-20.28,0.317,2.00,2.34,22.00,17.95,10.00,0.50,0.70,99.00,0,0,0,0,0,0.00,999.00
17:05:27.596,399739.9292,4091874.8439,global,-23.68,-20.28,0.317,2.00,2.40,22.00,17.97,10.00,0.50,0.70,99.00,0,0,0,0,0,0.00,999.00
17:05:27.651,399740.0707,4091874.7646,global,-23.68,-26.29,0.289,2.00,2.40,22.00,17.97,10.00,0.50,0.70,99.00,0,0,0,0,0,0.00,999.00
17:05:27.695,399740.0707,4091874.7646,global,-25.62,-26.29,0.289,2.00,2.54,22.00,18.20,10.00,0.50,0.70,99.00,0,0,0,0,0,0.00,999.00
17:05:27.745,399740.0707,4091874.7646,global,-26.40,-26.29,0.289,2.00,2.54,22.00,18.20,10.00,0.50,0.70,99.00,0,0,0,0,0,0.00,999.00
17:05:27.795,399740.0707,4091874.7646,global,-27.56,-26.29,0.289,2.00,2.62,22.00,18.08,10.00,0.50,0.70,99.00,0,0,0,0,0,0.00,999.00
17:05:27.845,399740.0707,4091874.7646,global,-28.39,-26.29,0.289,2.00,2.62,22.00,18.08,10.00,0.50,0.70,99.00,0,0,0,0,0,0.00,999.00
17:05:27.895,399740.2210,4091874.6740,global,-29.64,-15.63,0.268,2.00,2.62,14.18,18.08,10.00,0.50,0.70,99.00,0,0,0,0,0,0.00,999.00
17:05:27.945,399740.2210,4091874.6740,global,-30.51,-15.63,0.268,2.00,2.58,13.31,18.10,10.00,0.50,0.70,99.00,0,0,0,0,0,0.00,999.00
17:05:27.995,399740.2210,4091874.6740,global,-31.85,-15.63,0.268,2.00,2.58,11.97,18.10,10.00,0.50,0.70,99.00,0,0,0,0,0,0.00,999.00
17:05:28.045,399740.2210,4091874.6740,global,-32.68,-15.63,0.268,2.00,2.57,11.14,18.03,10.00,0.50,0.70,99.00,0,0,0,0,0,0.00,999.00
17:05:28.096,399740.2210,4091874.6740,global,-33.97,-15.63,0.268,2.00,2.57,9.85,18.03,10.00,0.50,0.70,99.00,0,0,0,0,0,0.00,999.00
17:05:28.145,399740.3798,4091874.5501,global,-34.86,-13.44,0.174,2.00,2.82,-2.21,16.41,10.00,0.50,0.70,99.00,0,0,0,0,0,0.00,999.00
17:05:28.195,399740.3798,4091874.5501,global,-36.15,-13.44,0.174,2.00,2.82,-3.51,16.41,10.00,0.50,0.70,99.00,0,0,0,0,0,0.00,999.00
17:05:28.245,399740.3798,4091874.5501,global,-36.85,-13.44,0.174,2.00,2.82,-4.21,16.41,10.00,0.50,0.70,99.00,0,0,0,0,0,0.00,999.00
17:05:28.296,399740.3798,4091874.5501,global,-37.81,-13.44,0.174,2.00,3.21,-5.17,6.22,10.00,0.50,0.70,99.00,0,0,0,0,0,0.00,999.00
17:05:28.345,399740.3798,4091874.5501,global,-38.29,-13.44,0.174,2.00,3.21,-5.65,6.22,10.00,0.50,0.70,99.00,0,0,0,0,0,0.00,999.00
17:05:28.395,399740.5296,4091874.4152,global,-38.54,-24.67,0.070,2.00,2.77,-5.87,-5.61,10.00,0.50,0.70,99.00,0,0,0,0,0,0.00,999.00
17:05:28.445,399740.5296,4091874.4152,global,-38.47,-24.67,0.070,2.00,2.77,-5.80,-5.61,10.00,0.50,0.70,99.00,0,0,0,0,0,0.00,999.00
17:05:28.495,399740.5296,4091874.4152,global,-38.15,-24.67,0.070,2.00,2.77,-5.49,-5.61,10.00,0.50,0.70,99.00,0,0,0,0,0,0.00,999.00
17:05:28.545,399740.5296,4091874.4152,global,-37.72,-24.67,0.070,2.00,3.19,-5.05,-14.59,10.00,0.50,0.70,99.00,0,0,0,0,0,0.00,999.00
17:05:28.600,399740.5296,4091874.4152,global,-37.12,-24.67,0.070,2.00,3.19,-4.45,-14.59,10.00,0.50,0.70,99.00,0,0,0,0,0,0.00,999.00
17:05:28.645,399740.6974,4091874.3022,global,-36.99,-5.13,0.035,2.00,3.46,-22.00,-7.76,10.00,0.50,0.70,99.00,0,0,0,0,0,0.00,999.00
17:05:28.695,399740.6974,4091874.3022,global,-36.96,-5.13,0.035,2.00,3.46,-22.00,-7.76,10.00,0.50,0.70,99.00,0,0,0,0,0,0.00,999.00
17:05:28.745,399740.6974,4091874.3022,global,-36.91,-5.13,0.035,2.00,3.46,-22.00,-7.76,10.00,0.50,0.70,99.00,0,0,0,0,0,0.00,999.00
17:05:28.795,399740.6974,4091874.3022,global,-37.10,-5.13,0.035,2.00,3.11,-22.00,-7.23,10.00,0.50,0.70,99.00,0,0,0,0,0,0.00,999.00
17:05:28.848,399740.8827,4091874.1669,global,-37.21,-0.68,-0.078,2.00,3.11,-22.00,-7.23,10.00,0.50,0.70,99.00,0,0,0,0,0,0.00,999.00
17:05:28.895,399740.8827,4091874.1669,global,-36.71,-0.68,-0.078,2.00,3.16,-22.00,-17.29,10.00,0.50,0.70,99.00,0,0,0,0,0,0.00,999.00
17:05:28.945,399740.8827,4091874.1669,global,-36.06,-0.68,-0.078,2.00,3.16,-22.00,-17.29,10.00,0.50,0.70,99.00,0,0,0,0,0,0.00,999.00
17:05:28.996,399740.8827,4091874.1669,global,-34.97,-0.68,-0.078,2.00,3.16,-22.00,-17.29,10.00,0.50,0.70,99.00,0,0,0,0,0,0.00,999.00
17:05:29.045,399740.8827,4091874.1669,global,-34.00,-0.68,-0.078,2.00,3.44,-22.00,-21.57,10.00,0.50,0.70,99.00,0,0,0,0,0,0.00,999.00
17:05:29.099,399740.8827,4091874.1669,global,-32.46,-0.68,-0.078,2.00,3.44,-22.00,-21.57,10.00,0.50,0.70,99.00,0,0,0,0,0,0.00,999.00
17:05:29.145,399741.0777,4091874.0869,global,-31.59,-10.32,-0.158,2.00,3.49,-22.00,-21.38,10.00,0.50,0.70,99.00,0,0,0,0,0,0.00,999.00
17:05:29.195,399741.0777,4091874.0869,global,-30.42,-10.32,-0.158,2.00,3.49,-22.00,-21.38,10.00,0.50,0.70,99.00,0,0,0,0,0,0.00,999.00
17:05:29.245,399741.0777,4091874.0869,global,-29.54,-10.32,-0.158,2.00,3.49,-22.00,-21.38,10.00,0.50,0.70,99.00,0,0,0,0,0,0.00,999.00
17:05:29.296,399741.0777,4091874.0869,global,-28.26,-10.32,-0.158,2.00,3.11,-22.00,-21.55,10.00,0.50,0.70,99.00,0,0,0,0,0,0.00,999.00
17:05:29.345,399741.0777,4091874.0869,global,-27.58,-10.32,-0.158,2.00,3.11,-22.00,-21.55,10.00,0.50,0.70,99.00,0,0,0,0,0,0.00,999.00
17:05:29.395,399741.2811,4091873.9736,global,-26.48,-6.15,-0.234,2.00,3.76,-22.00,-21.47,10.00,0.50,0.70,99.00,0,0,0,0,0,0.00,999.00
17:05:29.445,399741.2811,4091873.9736,global,-25.67,-6.15,-0.234,2.00,3.76,-22.00,-21.47,10.00,0.50,0.70,99.00,0,0,0,0,0,0.00,999.00
17:05:29.496,399741.2811,4091873.9736,global,-24.52,-6.15,-0.234,2.00,3.76,-22.00,-21.47,10.00,0.50,0.70,99.00,0,0,0,0,0,0.00,999.00
17:05:29.545,399741.2811,4091873.9736,global,-23.75,-6.15,-0.234,2.00,3.55,-22.00,-21.98,10.00,0.50,0.70,99.00,0,0,0,0,0,0.00,999.00
17:05:29.599,399741.2811,4091873.9736,global,-22.53,-6.15,-0.234,2.00,3.55,-22.00,-21.98,10.00,0.50,0.70,99.00,0,0,0,0,0,0.00,999.00
17:05:29.645,399741.5208,4091873.9153,global,-21.71,-9.53,-0.277,2.00,3.56,-22.00,-21.60,10.00,0.50,0.70,99.00,0,0,0,0,0,0.00,999.00
17:05:29.695,399741.5208,4091873.9153,global,-20.58,-9.53,-0.277,2.00,3.56,-22.00,-21.60,10.00,0.50,0.70,99.00,0,0,0,0,0,0.00,999.00
17:05:29.745,399741.5208,4091873.9153,global,-19.79,-9.53,-0.277,2.00,3.56,-22.00,-21.60,10.00,0.50,0.70,99.00,0,0,0,0,0,0.00,999.00
17:05:29.795,399741.5208,4091873.9153,global,-18.57,-9.53,-0.277,2.00,3.51,-22.00,-21.50,10.00,0.50,0.70,99.00,0,0,0,0,0,0.00,999.00
17:05:29.845,399741.5208,4091873.9153,global,-17.77,-9.53,-0.277,2.00,3.51,-22.00,-21.50,10.00,0.50,0.70,99.00,0,0,0,0,0,0.00,999.00
17:05:29.895,399741.7519,4091873.8792,global,-16.61,-13.83,-0.282,2.00,3.59,-22.00,-21.98,10.00,0.50,0.70,99.00,0,0,0,0,0,0.00,999.00
17:05:29.945,399741.7519,4091873.8792,global,-15.77,-13.83,-0.282,2.00,3.59,-22.00,-21.98,10.00,0.50,0.70,99.00,0,0,0,0,0,0.00,999.00
17:05:29.995,399741.7519,4091873.8792,global,-14.57,-13.83,-0.282,2.00,3.59,-22.00,-21.98,10.00,0.50,0.70,99.00,0,0,0,0,0,0.00,999.00
17:05:30.045,399741.7519,4091873.8792,global,-13.76,-13.83,-0.282,2.00,3.71,-22.00,-22.00,10.00,0.50,0.70,99.00,0,0,0,0,0,0.00,999.00
17:05:30.096,399741.7519,4091873.8792,global,-12.54,-13.83,-0.282,2.00,3.71,-22.00,-22.00,10.00,0.50,0.70,99.00,0,0,0,0,0,0.00,999.00
17:05:30.145,399742.0008,4091873.8541,global,-11.76,-10.77,-0.236,2.00,3.58,-22.00,-22.00,10.00,0.50,0.70,99.00,0,0,0,0,0,0.00,999.00
17:05:30.195,399742.0008,4091873.8541,global,-10.54,-10.77,-0.236,2.00,3.58,-22.00,-22.00,10.00,0.50,0.70,99.00,0,0,0,0,0,0.00,999.00
17:05:30.245,399742.0008,4091873.8541,global,-9.72,-10.77,-0.236,2.00,3.58,-22.00,-22.00,10.00,0.50,0.70,99.00,0,0,0,0,0,0.00,999.00
17:05:30.295,399742.0008,4091873.8541,global,-8.49,-10.77,-0.236,2.00,3.73,-22.00,-22.00,10.00,0.50,0.70,99.00,0,0,0,0,0,0.00,999.00
17:05:30.346,399742.2502,4091873.8622,global,-7.67,-13.08,-0.178,2.00,3.73,-13.61,-22.00,10.00,0.50,0.70,99.00,0,0,0,0,0,0.00,999.00
17:05:30.395,399742.2502,4091873.8622,global,-6.39,-13.08,-0.178,2.00,3.59,-12.96,-21.87,10.00,0.50,0.70,99.00,0,0,0,0,0,0.00,999.00
17:05:30.445,399742.2502,4091873.8622,global,-5.53,-13.08,-0.178,2.00,3.59,-12.09,-21.87,10.00,0.50,0.70,99.00,0,0,0,0,0,0.00,999.00
17:05:30.495,399742.2502,4091873.8622,global,-4.34,-13.08,-0.178,2.00,4.64,-6.75,-15.95,10.00,0.50,0.70,99.00,0,0,0,0,0,0.00,999.00
17:05:30.545,399742.2502,4091873.8622,global,-3.87,-13.08,-0.178,2.00,4.64,-6.28,-15.95,10.00,0.50,0.70,99.00,0,0,0,0,0,0.00,999.00
17:05:30.599,399742.5086,4091873.8814,global,-3.53,-17.02,-0.093,2.00,4.64,5.30,-15.95,10.00,0.50,0.70,99.00,0,0,0,0,0,0.00,999.00
17:05:30.645,399742.5086,4091873.8814,global,-3.55,-17.02,-0.093,2.00,3.81,3.53,-2.80,10.00,0.50,0.70,99.00,0,0,0,0,0,0.00,999.00
17:05:30.695,399742.5086,4091873.8814,global,-3.83,-17.02,-0.093,2.00,3.81,3.25,-2.80,10.00,0.50,0.70,99.00,0,0,0,0,0,0.00,999.00
17:05:30.745,399742.5086,4091873.8814,global,-4.17,-17.02,-0.093,2.00,3.81,2.92,-2.80,10.00,0.50,0.70,99.00,0,0,0,0,0,0.00,999.00
17:05:30.795,399742.5086,4091873.8814,global,-5.20,-17.02,-0.093,2.00,4.87,4.02,7.39,10.00,0.50,0.70,99.00,0,0,0,0,0,0.00,999.00
17:05:30.848,399742.5086,4091873.8814,global,-6.11,-17.02,-0.093,2.00,4.87,3.11,7.39,10.00,0.50,0.70,99.00,0,0,0,0,0,0.00,999.00
17:05:30.895,399742.7752,4091873.8339,global,-7.01,-17.02,-0.073,2.00,3.72,1.93,5.03,10.00,0.50,0.70,99.00,0,0,0,0,0,0.00,999.00
17:05:30.945,399742.7752,4091873.8339,global,-7.42,-17.02,-0.073,2.00,3.72,1.53,5.03,10.00,0.50,0.70,99.00,0,0,0,0,0,0.00,999.00
17:05:30.995,399742.7752,4091873.8339,global,-8.33,-17.02,-0.073,2.00,3.72,0.62,5.03,10.00,0.50,0.70,99.00,0,0,0,0,0,0.00,999.00
17:05:31.045,399742.7752,4091873.8339,global,-9.13,-17.02,-0.073,2.00,3.76,-0.09,8.77,10.00,0.50,0.70,99.00,0,0,0,0,0,0.00,999.00
17:05:31.095,399742.7752,4091873.8339,global,-10.25,-17.02,-0.073,2.00,3.76,-1.20,8.77,10.00,0.50,0.70,99.00,0,0,0,0,0,0.00,999.00
17:05:31.145,399743.0417,4091873.7863,global,-10.90,-4.43,-0.052,2.00,3.99,-11.88,8.63,10.00,0.50,0.70,99.00,0,0,0,0,0,0.00,999.00
17:05:31.195,399743.0417,4091873.7863,global,-11.94,-4.43,-0.052,2.00,3.99,-12.92,8.63,10.00,0.50,0.70,99.00,0,0,0,0,0,0.00,999.00
17:05:31.245,399743.0417,4091873.7863,global,-12.69,-4.43,-0.052,2.00,3.99,-13.66,8.63,10.00,0.50,0.70,99.00,0,0,0,0,0,0.00,999.00
17:05:31.297,399743.0417,4091873.7863,global,-13.64,-4.43,-0.052,2.00,3.99,-14.61,0.60,10.00,0.50,0.70,99.00,0,0,0,0,0,0.00,999.00
17:05:31.347,399743.3169,4091873.7165,global,-13.88,-10.77,-0.091,2.00,3.99,-12.39,0.60,10.00,0.50,0.70,99.00,0,0,0,0,0,0.00,999.00
17:05:31.395,399743.3169,4091873.7165,global,-13.73,-10.77,-0.091,2.00,3.99,-12.23,-11.58,10.00,0.50,0.70,99.00,0,0,0,0,0,0.00,999.00
17:05:31.445,399743.3169,4091873.7165,global,-13.34,-10.77,-0.091,2.00,3.99,-11.83,-11.58,10.00,0.50,0.70,99.00,0,0,0,0,0,0.00,999.00
17:05:31.495,399743.3169,4091873.7165,global,-12.42,-10.77,-0.091,2.00,3.99,-10.91,-11.58,10.00,0.50,0.70,99.00,0,0,0,0,0,0.00,999.00
17:05:31.545,399743.3169,4091873.7165,global,-11.60,-10.77,-0.091,2.00,3.85,-10.43,-22.00,10.00,0.50,0.70,99.00,0,0,0,0,0,0.00,999.00
17:05:31.597,399743.3169,4091873.7165,global,-10.21,-10.77,-0.091,2.00,3.85,-9.04,-22.00,10.00,0.50,0.70,99.00,0,0,0,0,0,0.00,999.00
17:05:31.645,399743.5924,4091873.6799,global,-9.28,-17.20,-0.065,2.00,3.99,1.25,-21.95,10.00,0.50,0.70,99.00,0,0,0,0,0,0.00,999.00
17:05:31.695,399743.5924,4091873.6799,global,-7.94,-17.20,-0.065,2.00,3.99,2.60,-21.95,10.00,0.50,0.70,99.00,0,0,0,0,0,0.00,999.00
17:05:31.745,399743.5924,4091873.6799,global,-7.08,-17.20,-0.065,2.00,3.99,3.45,-21.95,10.00,0.50,0.70,99.00,0,0,0,0,0,0.00,999.00
17:05:31.795,399743.5924,4091873.6799,global,-6.02,-17.20,-0.065,2.00,4.54,5.32,-13.35,10.00,0.50,0.70,99.00,0,0,0,0,0,0.00,999.00
17:05:31.845,399743.5924,4091873.6799,global,-5.70,-17.20,-0.065,2.00,4.54,5.64,-13.35,10.00,0.50,0.70,99.00,0,0,0,0,0,0.00,999.00
17:05:31.895,399743.8598,4091873.6990,global,-5.77,-16.16,0.030,2.00,3.99,13.45,-1.71,10.00,0.50,0.70,99.00,0,0,0,0,0,0.00,999.00
17:05:31.945,399743.8598,4091873.6990,global,-6.05,-16.16,0.030,2.00,3.99,13.17,-1.71,10.00,0.50,0.70,99.00,0,0,0,0,0,0.00,999.00
17:05:31.995,399743.8598,4091873.6990,global,-6.94,-16.16,0.030,2.00,3.99,12.28,-1.71,10.00,0.50,0.70,99.00,0,0,0,0,0,0.00,999.00
17:05:32.045,399743.8598,4091873.6990,global,-7.89,-16.16,0.030,2.00,5.23,10.61,15.54,10.00,0.50,0.70,99.00,0,0,0,0,0,0.00,999.00
17:05:32.096,399743.8598,4091873.6990,global,-9.67,-16.16,0.030,2.00,5.23,8.82,15.54,10.00,0.50,0.70,99.00,0,0,0,0,0,0.00,999.00
17:05:32.156,399744.1352,4091873.6513,global,-9.67,-15.38,0.051,2.00,5.23,9.71,15.54,10.00,0.50,0.70,99.00,0,0,0,0,0,0.00,999.00
17:05:32.195,399744.1352,4091873.6513,global,-13.42,-15.38,0.051,2.00,3.63,7.72,21.63,10.00,0.50,0.70,99.00,0,0,0,0,0,0.00,999.00
17:05:32.245,399744.1352,4091873.6513,global,-14.96,-15.38,0.051,2.00,3.63,6.18,21.63,10.00,0.50,0.70,99.00,0,0,0,0,0,0.00,999.00
17:05:32.295,399744.1352,4091873.6513,global,-16.59,-15.38,0.051,2.00,4.37,3.57,10.99,10.00,0.50,0.70,99.00,0,0,0,0,0,0.00,999.00
17:05:32.346,399744.3922,4091873.5484,global,-17.26,-0.68,0.011,2.00,4.37,-15.54,10.99,10.00,0.50,0.70,99.00,0,0,0,0,0,0.00,999.00
17:05:32.395,399744.3922,4091873.5484,global,-18.12,-0.68,0.011,2.00,3.79,-16.24,0.09,10.00,0.50,0.70,99.00,0,0,0,0,0,0.00,999.00
17:05:32.445,399744.3922,4091873.5484,global,-18.42,-0.68,0.011,2.00,3.79,-16.53,0.09,10.00,0.50,0.70,99.00,0,0,0,0,0,0.00,999.00
17:05:32.495,399744.3922,4091873.5484,global,-18.28,-0.68,0.011,2.00,3.79,-16.39,0.09,10.00,0.50,0.70,99.00,0,0,0,0,0,0.00,999.00
17:05:32.546,399744.3922,4091873.5484,global,-17.91,-0.68,0.011,2.00,4.26,-16.16,-16.35,10.00,0.50,0.70,99.00,0,0,0,0,0,0.00,999.00
17:05:32.596,399744.3922,4091873.5484,global,-16.99,-0.68,0.011,2.00,4.26,-15.24,-16.35,10.00,0.50,0.70,99.00,0,0,0,0,0,0.00,999.00
17:05:32.645,399744.6851,4091873.4784,global,-16.13,-4.24,-0.033,2.00,3.76,-15.47,-21.97,10.00,0.50,0.70,99.00,0,0,0,0,0,0.00,999.00
17:05:32.695,399744.6851,4091873.4784,global,-14.53,-4.24,-0.033,2.00,3.76,-13.87,-21.97,10.00,0.50,0.70,99.00,0,0,0,0,0,0.00,999.00
17:05:32.745,399744.6851,4091873.4784,global,-13.28,-4.24,-0.033,2.00,3.76,-12.62,-21.97,10.00,0.50,0.70,99.00,0,0,0,0,0,0.00,999.00
17:05:32.795,399744.6851,4091873.4784,global,-11.49,-4.24,-0.033,2.00,4.43,-10.29,-21.84,10.00,0.50,0.70,99.00,0,0,0,0,0,0.00,999.00
17:05:32.847,399744.9343,4091873.4644,global,-10.66,-4.24,-0.028,2.00,4.43,-9.04,-21.84,10.00,0.50,0.70,99.00,0,0,0,0,0,0.00,999.00
17:05:32.895,399744.9343,4091873.4644,global,-9.88,-4.24,-0.028,2.00,4.39,-8.29,-12.89,10.00,0.50,0.70,99.00,0,0,0,0,0,0.00,999.00
17:05:32.945,399744.9343,4091873.4644,global,-9.59,-4.24,-0.028,2.00,4.39,-8.00,-12.89,10.00,0.50,0.70,99.00,0,0,0,0,0,0.00,999.00
17:05:32.995,399744.9343,4091873.4644,global,-9.49,-4.24,-0.028,2.00,4.39,-7.90,-12.89,10.00,0.50,0.70,99.00,0,0,0,0,0,0.00,999.00
17:05:33.045,399744.9343,4091873.4644,global,-9.67,-4.24,-0.028,2.00,4.13,-8.25,0.33,10.00,0.50,0.70,99.00,0,0,0,0,0,0.00,999.00
17:05:33.096,399744.9343,4091873.4644,global,-10.29,-4.24,-0.028,2.00,4.13,-8.87,0.33,10.00,0.50,0.70,99.00,0,0,0,0,0,0.00,999.00
17:05:33.145,399745.2365,4091873.4275,global,-10.87,2.42,-0.012,2.00,4.64,-14.32,6.51,10.00,0.50,0.70,99.00,0,0,0,0,0,0.00,999.00
17:05:33.195,399745.2365,4091873.4275,global,-11.87,2.42,-0.012,2.00,4.64,-15.32,6.51,10.00,0.50,0.70,99.00,0,0,0,0,0,0.00,999.00
17:05:33.245,399745.2365,4091873.4275,global,-12.66,2.42,-0.012,2.00,3.83,-16.33,10.90,10.00,0.50,0.70,99.00,0,0,0,0,0,0.00,999.00
17:05:33.295,399745.2365,4091873.4275,global,-14.12,2.42,-0.012,2.00,3.83,-17.78,10.90,10.00,0.50,0.70,99.00,0,0,0,0,0,0.00,999.00
17:05:33.346,399745.2365,4091873.4275,global,-14.93,2.42,-0.012,2.00,3.83,-18.60,10.90,10.00,0.50,0.70,99.00,0,0,0,0,0,0.00,999.00
17:05:33.395,399745.5027,4091873.3467,global,-15.30,-6.86,-0.092,2.00,4.37,-17.01,-5.56,10.00,0.50,0.70,99.00,0,0,0,0,0,0.00,999.00
17:05:33.445,399745.5027,4091873.3467,global,-15.16,-6.86,-0.092,2.00,4.37,-16.87,-5.56,10.00,0.50,0.70,99.00,0,0,0,0,0,0.00,999.00
17:05:33.495,399745.5027,4091873.3467,global,-14.56,-6.86,-0.092,2.00,4.03,-16.99,-17.31,10.00,0.50,0.70,99.00,0,0,0,0,0,0.00,999.00
17:05:33.545,399745.5027,4091873.3467,global,-13.88,-6.86,-0.092,2.00,4.03,-16.31,-17.31,10.00,0.50,0.70,99.00,0,0,0,0,0,0.00,999.00
17:05:33.595,399745.5027,4091873.3467,global,-12.68,-6.86,-0.092,2.00,4.03,-15.11,-17.31,10.00,0.50,0.70,99.00,0,0,0,0,0,0.00,999.00
17:05:33.645,399745.7960,4091873.3099,global,-12.13,-6.15,-0.106,2.00,4.39,-15.86,-9.81,10.00,0.50,0.70,99.00,0,0,0,0,0,0.00,999.00
17:05:33.695,399745.7960,4091873.3099,global,-12.03,-6.15,-0.106,2.00,4.39,-15.76,-9.81,10.00,0.50,0.70,99.00,0,0,0,0,0,0.00,999.00
17:05:33.745,399745.7960,4091873.3099,global,-12.33,-6.15,-0.106,2.00,4.39,-16.06,-9.81,10.00,0.50,0.70,99.00,0,0,0,0,0,0.00,999.00
17:05:33.795,399745.7960,4091873.3099,global,-12.91,-6.15,-0.106,2.00,4.21,-17.04,-1.90,10.00,0.50,0.70,99.00,0,0,0,0,0,0.00,999.00
17:05:33.845,399745.7960,4091873.3099,global,-13.20,-6.15,-0.106,2.00,4.21,-17.34,-1.90,10.00,0.50,0.70,99.00,0,0,0,0,0,0.00,999.00
17:05:33.895,399746.0891,4091873.2510,global,-13.12,-6.15,-0.133,2.00,4.19,-19.87,-9.28,10.00,0.50,0.70,99.00,0,0,0,0,0,0.00,999.00
17:05:33.945,399746.0891,4091873.2510,global,-12.89,-6.15,-0.133,2.00,4.19,-19.65,-9.28,10.00,0.50,0.70,99.00,0,0,0,0,0,0.00,999.00
17:05:33.995,399746.0891,4091873.2510,global,-12.21,-6.15,-0.133,2.00,4.19,-18.96,-9.28,10.00,0.50,0.70,99.00,0,0,0,0,0,0.00,999.00
17:05:34.045,399746.0891,4091873.2510,global,-11.44,-6.15,-0.133,2.00,4.13,-18.39,-22.00,10.00,0.50,0.70,99.00,0,0,0,0,0,0.00,999.00
17:05:34.096,399746.0891,4091873.2510,global,-9.87,-6.15,-0.133,2.00,4.13,-16.82,-22.00,10.00,0.50,0.70,99.00,0,0,0,0,0,0.00,999.00
17:05:34.145,399746.3826,4091873.2253,global,-8.66,-8.28,-0.125,2.00,4.23,-12.39,-22.00,10.00,0.50,0.70,99.00,0,0,0,0,0,0.00,999.00
17:05:34.195,399746.3826,4091873.2253,global,-6.74,-8.28,-0.125,2.00,4.23,-10.47,-22.00,10.00,0.50,0.70,99.00,0,0,0,0,0,0.00,999.00
17:05:34.245,399746.3826,4091873.2253,global,-5.37,-8.28,-0.125,2.00,4.23,-9.11,-22.00,10.00,0.50,0.70,99.00,0,0,0,0,0,0.00,999.00
17:05:34.295,399746.3826,4091873.2253,global,-3.38,-8.28,-0.125,2.00,4.52,-6.34,-22.00,10.00,0.50,0.70,99.00,0,0,0,0,0,0.00,999.00
17:05:34.345,399746.3826,4091873.2253,global,-2.32,-8.28,-0.125,2.00,4.52,-5.28,-22.00,10.00,0.50,0.70,99.00,0,0,0,0,0,0.00,999.00
17:05:34.395,399746.6411,4091873.2445,global,-1.18,-5.59,-0.072,2.00,4.59,-2.04,-15.61,10.00,0.50,0.70,99.00,0,0,0,0,0,0.00,999.00
17:05:34.445,399746.6411,4091873.2445,global,-0.71,-5.59,-0.072,2.00,4.59,-1.56,-15.61,10.00,0.50,0.70,99.00,0,0,0,0,0,0.00,999.00
17:05:34.495,399746.6411,4091873.2445,global,-0.49,-5.59,-0.072,2.00,4.59,-1.34,-15.61,10.00,0.50,0.70,99.00,0,0,0,0,0,0.00,999.00
17:05:34.545,399746.6411,4091873.2445,global,-0.65,-5.59,-0.072,2.00,3.58,-3.26,-2.04,10.00,0.50,0.70,99.00,0,0,0,0,0,0.00,999.00
17:05:34.596,399746.6411,4091873.2445,global,-1.15,-5.59,-0.072,2.00,3.58,-3.76,-2.04,10.00,0.50,0.70,99.00,0,0,0,0,0,0.00,999.00
17:05:34.645,399746.9349,4091873.2521,global,-1.66,-8.28,-0.031,2.00,4.23,3.61,6.83,10.00,0.50,0.70,99.00,0,0,0,0,0,0.00,999.00
17:05:34.695,399746.9349,4091873.2521,global,-2.93,-8.28,-0.031,2.00,4.23,2.33,6.83,10.00,0.50,0.70,99.00,0,0,0,0,0,0.00,999.00
17:05:34.745,399746.9349,4091873.2521,global,-4.02,-8.28,-0.031,2.00,4.43,1.38,5.36,10.00,0.50,0.70,99.00,0,0,0,0,0,0.00,999.00
17:05:34.795,399746.9349,4091873.2521,global,-5.06,-8.28,-0.031,2.00,4.43,0.34,5.36,10.00,0.50,0.70,99.00,0,0,0,0,0,0.00,999.00
17:05:34.846,399746.9349,4091873.2521,global,-5.23,-8.28,-0.031,2.00,4.43,0.17,5.36,10.00,0.50,0.70,99.00,0,0,0,0,0,0.00,999.00
17:05:34.895,399747.2461,4091873.2151,global,-5.38,-5.27,-0.020,2.00,4.51,-1.90,-4.05,10.00,0.50,0.70,99.00,0,0,0,0,0,0.00,999.00
17:05:34.945,399747.2461,4091873.2151,global,-5.59,-5.27,-0.020,2.00,4.51,-2.11,-4.05,10.00,0.50,0.70,99.00,0,0,0,0,0,0.00,999.00
17:05:34.995,399747.2461,4091873.2151,global,-5.93,-5.27,-0.020,2.00,4.23,-2.57,-6.46,10.00,0.50,0.70,99.00,0,0,0,0,0,0.00,999.00
17:05:35.045,399747.2461,4091873.2151,global,-5.94,-5.27,-0.020,2.00,4.23,-2.57,-6.46,10.00,0.50,0.70,99.00,0,0,0,0,0,0.00,999.00
17:05:35.096,399747.2461,4091873.2151,global,-5.75,-5.27,-0.020,2.00,4.23,-2.39,-6.46,10.00,0.50,0.70,99.00,0,0,0,0,0,0.00,999.00
17:05:35.145,399747.5576,4091873.2004,global,-5.87,-8.02,-0.009,2.00,4.26,1.27,-0.46,10.00,0.50,0.70,99.00,0,0,0,0,0,0.00,999.00
17:05:35.195,399747.5576,4091873.2004,global,-6.43,-8.02,-0.009,2.00,4.26,0.71,-0.46,10.00,0.50,0.70,99.00,0,0,0,0,0,0.00,999.00
17:05:35.245,399747.5576,4091873.2004,global,-6.91,-8.02,-0.009,2.00,4.26,0.23,-0.46,10.00,0.50,0.70,99.00,0,0,0,0,0,0.00,999.00
17:05:35.296,399747.5576,4091873.2004,global,-7.72,-8.02,-0.009,2.00,4.49,-0.53,5.23,10.00,0.50,0.70,99.00,0,0,0,0,0,0.00,999.00
17:05:35.345,399747.5576,4091873.2004,global,-8.37,-8.02,-0.009,2.00,4.49,-1.18,5.23,10.00,0.50,0.70,99.00,0,0,0,0,0,0.00,999.00
17:05:35.395,399747.8689,4091873.1745,global,-9.36,-12.80,0.007,2.00,4.19,4.15,5.26,10.00,0.50,0.70,99.00,0,0,0,0,0,0.00,999.00
17:05:35.445,399747.8689,4091873.1745,global,-10.03,-12.80,0.007,2.00,4.19,3.47,5.26,10.00,0.50,0.70,99.00,0,0,0,0,0,0.00,999.00
17:05:35.502,399747.8689,4091873.1745,global,-10.37,-12.80,0.007,2.00,4.19,3.13,5.26,10.00,0.50,0.70,99.00,0,0,0,0,0,0.00,999.00
17:05:35.545,399747.8689,4091873.1745,global,-11.52,-12.80,0.007,2.00,4.60,1.92,6.49,10.00,0.50,0.70,99.00,0,0,0,0,0,0.00,999.00
17:05:35.595,399747.8689,4091873.1745,global,-12.44,-12.80,0.007,2.00,4.60,1.00,6.49,10.00,0.50,0.70,99.00,0,0,0,0,0,0.00,999.00
17:05:35.645,399748.1618,4091873.1044,global,-13.20,-8.02,0.002,2.00,4.60,-4.98,6.49,10.00,0.50,0.70,99.00,0,0,0,0,0,0.00,999.00
17:05:35.695,399748.1618,4091873.1044,global,-14.69,-8.02,0.002,2.00,4.41,-6.46,8.37,10.00,0.50,0.70,99.00,0,0,0,0,0,0.00,999.00
17:05:35.745,399748.1618,4091873.1044,global,-15.61,-8.02,0.002,2.00,4.41,-7.37,8.37,10.00,0.50,0.70,99.00,0,0,0,0,0,0.00,999.00
17:05:35.795,399748.1618,4091873.1044,global,-16.75,-8.02,0.002,2.00,4.39,-8.51,4.55,10.00,0.50,0.70,99.00,0,0,0,0,0,0.00,999.00
17:05:35.845,399748.1618,4091873.1044,global,-17.42,-8.02,0.002,2.00,4.39,-9.18,4.55,10.00,0.50,0.70,99.00,0,0,0,0,0,0.00,999.00
17:05:35.895,399748.4545,4091873.0122,global,-17.97,-11.53,-0.044,2.00,4.39,-10.61,4.55,10.00,0.50,0.70,99.00,0,0,0,0,0,0.00,999.00
17:05:35.945,399748.4545,4091873.0122,global,-18.02,-11.53,-0.044,2.00,4.43,-10.61,-7.00,10.00,0.50,0.70,99.00,0,0,0,0,0,0.00,999.00
17:05:35.995,399748.4545,4091873.0122,global,-17.82,-11.53,-0.044,2.00,4.43,-10.42,-7.00,10.00,0.50,0.70,99.00,0,0,0,0,0,0.00,999.00
17:05:36.045,399748.4545,4091873.0122,global,-17.53,-11.53,-0.044,2.00,4.55,-10.02,-14.85,10.00,0.50,0.70,99.00,0,0,0,0,0,0.00,999.00
17:05:36.097,399748.4545,4091873.0122,global,-16.71,-11.53,-0.044,2.00,4.55,-9.20,-14.85,10.00,0.50,0.70,99.00,0,0,0,0,0,0.00,999.00
17:05:36.145,399748.7653,4091872.9420,global,-16.05,-6.15,-0.045,2.00,4.64,-13.89,-11.40,10.00,0.50,0.70,99.00,0,0,0,0,0,0.00,999.00
17:05:36.195,399748.7653,4091872.9420,global,-15.53,-6.15,-0.045,2.00,4.64,-13.38,-11.40,10.00,0.50,0.70,99.00,0,0,0,0,0,0.00,999.00
17:05:36.245,399748.7653,4091872.9420,global,-15.57,-6.15,-0.045,2.00,4.64,-13.42,-11.40,10.00,0.50,0.70,99.00,0,0,0,0,0,0.00,999.00
17:05:36.295,399748.7653,4091872.9420,global,-15.94,-6.15,-0.045,2.00,4.29,-14.10,-3.29,10.00,0.50,0.70,99.00,0,0,0,0,0,0.00,999.00
17:05:36.346,399748.7653,4091872.9420,global,-16.17,-6.15,-0.045,2.00,4.29,-14.34,-3.29,10.00,0.50,0.70,99.00,0,0,0,0,0,0.00,999.00
17:05:36.397,399749.0580,4091872.8497,global,-16.14,-16.16,-0.113,2.00,4.68,-9.83,-8.81,10.00,0.50,0.70,99.00,0,0,0,0,0,0.00,999.00
17:05:36.445,399749.0580,4091872.8497,global,-15.89,-16.16,-0.113,2.00,4.68,-9.58,-8.81,10.00,0.50,0.70,99.00,0,0,0,0,0,0.00,999.00
17:05:36.495,399749.0580,4091872.8497,global,-15.48,-16.16,-0.113,2.00,4.39,-9.81,-12.55,10.00,0.50,0.70,99.00,0,0,0,0,0,0.00,999.00
17:05:36.545,399749.0580,4091872.8497,global,-15.09,-16.16,-0.113,2.00,4.39,-9.42,-12.55,10.00,0.50,0.70,99.00,0,0,0,0,0,0.00,999.00
17:05:36.596,399749.0580,4091872.8497,global,-14.52,-16.16,-0.113,2.00,4.39,-8.84,-12.55,10.00,0.50,0.70,99.00,0,0,0,0,0,0.00,999.00
17:05:36.645,399749.3689,4091872.7906,global,-14.37,-15.14,-0.084,2.00,4.51,-6.85,-6.35,10.00,0.50,0.70,99.00,0,0,0,0,0,0.00,999.00
17:05:36.695,399749.3689,4091872.7906,global,-14.44,-15.14,-0.084,2.00,4.51,-6.92,-6.35,10.00,0.50,0.70,99.00,0,0,0,0,0,0.00,999.00
17:05:36.745,399749.3689,4091872.7906,global,-14.64,-15.14,-0.084,2.00,4.64,-6.91,-1.38,10.00,0.50,0.70,99.00,0,0,0,0,0,0.00,999.00
17:05:36.795,399749.3689,4091872.7906,global,-15.09,-15.14,-0.084,2.00,4.64,-7.36,-1.38,10.00,0.50,0.70,99.00,0,0,0,0,0,0.00,999.00
17:05:36.846,399749.3689,4091872.7906,global,-15.41,-15.14,-0.084,2.00,4.64,-7.69,-1.38,10.00,0.50,0.70,99.00,0,0,0,0,0,0.00,999.00
17:05:36.895,399749.6797,4091872.7203,global,-15.74,-8.86,-0.079,2.00,4.48,-14.12,-6.27,10.00,0.50,0.70,99.00,0,0,0,0,0,0.00,999.00
17:05:36.945,399749.6797,4091872.7203,global,-15.70,-8.86,-0.079,2.00,4.48,-14.08,-6.27,10.00,0.50,0.70,99.00,0,0,0,0,0,0.00,999.00
17:05:36.995,399749.6797,4091872.7203,global,-15.24,-8.86,-0.079,2.00,4.48,-13.62,-6.27,10.00,0.50,0.70,99.00,0,0,0,0,0,0.00,999.00
17:05:37.045,399749.6797,4091872.7203,global,-14.75,-8.86,-0.079,2.00,4.68,-12.82,-15.74,10.00,0.50,0.70,99.00,0,0,0,0,0,0.00,999.00
17:05:37.096,399749.6797,4091872.7203,global,-13.78,-8.86,-0.079,2.00,4.68,-11.85,-15.74,10.00,0.50,0.70,99.00,0,0,0,0,0,0.00,999.00
17:05:37.145,399749.9995,4091872.6611,global,-12.92,-15.63,-0.077,2.00,4.55,-4.20,-21.95,10.00,0.50,0.70,99.00,0,0,0,0,0,0.00,999.00
17:05:37.195,399749.9995,4091872.6611,global,-11.36,-15.63,-0.077,2.00,4.55,-2.64,-21.95,10.00,0.50,0.70,99.00,0,0,0,0,0,0.00,999.00
17:05:37.245,399749.9995,4091872.6611,global,-10.24,-15.63,-0.077,2.00,4.55,-1.53,-21.95,10.00,0.50,0.70,99.00,0,0,0,0,0,0.00,999.00
17:05:37.295,399749.9995,4091872.6611,global,-9.01,-15.63,-0.077,2.00,4.60,-0.21,-13.98,10.00,0.50,0.70,99.00,0,0,0,0,0,0.00,999.00
17:05:37.346,399749.9995,4091872.6611,global,-8.64,-15.63,-0.077,2.00,4.60,0.16,-13.98,10.00,0.50,0.70,99.00,0,0,0,0,0,0.00,999.00
17:05:37.395,399750.3111,4091872.6574,global,-8.69,-18.58,0.002,2.00,4.59,10.10,-2.35,10.00,0.50,0.70,99.00,0,0,0,0,0,0.00,999.00
17:05:37.445,399750.3111,4091872.6574,global,-9.01,-18.58,0.002,2.00,4.59,9.78,-2.35,10.00,0.50,0.70,99.00,0,0,0,0,0,0.00,999.00
17:05:37.495,399750.3111,4091872.6574,global,-9.98,-18.58,0.002,2.00,4.59,8.82,-2.35,10.00,0.50,0.70,99.00,0,0,0,0,0,0.00,999.00
17:05:37.545,399750.3111,4091872.6574,global,-10.93,-18.58,0.002,2.00,4.54,7.87,13.20,10.00,0.50,0.70,99.00,0,0,0,0,0,0.00,999.00
17:05:37.595,399750.3111,4091872.6574,global,-12.74,-18.58,0.002,2.00,4.54,6.06,13.20,10.00,0.50,0.70,99.00,0,0,0,0,0,0.00,999.00
17:05:37.645,399750.6308,4091872.5871,global,-14.16,-13.67,0.034,2.00,5.79,1.91,19.87,10.00,0.50,0.70,99.00,0,0,0,0,0,0.00,999.00
17:05:37.695,399750.6308,4091872.5871,global,-16.63,-13.67,0.034,2.00,5.79,-0.56,19.87,10.00,0.50,0.70,99.00,0,0,0,0,0,0.00,999.00
17:05:37.745,399750.6308,4091872.5871,global,-18.38,-13.67,0.034,2.00,5.79,-2.31,19.87,10.00,0.50,0.70,99.00,0,0,0,0,0,0.00,999.00
17:05:37.795,399750.6308,4091872.5871,global,-20.31,-13.67,0.034,2.00,4.54,-3.58,8.30,10.00,0.50,0.70,99.00,0,0,0,0,0,0.00,999.00
17:05:37.845,399750.6308,4091872.5871,global,-20.91,-13.67,0.034,2.00,4.54,-4.18,8.30,10.00,0.50,0.70,99.00,0,0,0,0,0,0.00,999.00
17:05:37.895,399750.9320,4091872.4614,global,-21.33,-11.53,0.011,2.00,5.24,-8.95,-4.07,10.00,0.50,0.70,99.00,0,0,0,0,0,0.00,999.00
17:05:37.945,399750.9320,4091872.4614,global,-21.39,-11.53,0.011,2.00,5.24,-9.00,-4.07,10.00,0.50,0.70,99.00,0,0,0,0,0,0.00,999.00
17:05:37.995,399750.9320,4091872.4614,global,-20.97,-11.53,0.011,2.00,5.24,-8.58,-4.07,10.00,0.50,0.70,99.00,0,0,0,0,0,0.00,999.00
17:05:38.045,399750.9320,4091872.4614,global,-20.38,-11.53,0.011,2.00,4.51,-7.85,-16.45,10.00,0.50,0.70,99.00,0,0,0,0,0,0.00,999.00
17:05:38.097,399750.9320,4091872.4614,global,-19.26,-11.53,0.011,2.00,4.51,-6.73,-16.45,10.00,0.50,0.70,99.00,0,0,0,0,0,0.00,999.00
17:05:38.145,399751.2515,4091872.3800,global,-18.57,-17.33,-0.008,2.00,4.74,-1.91,-16.63,10.00,0.50,0.70,99.00,0,0,0,0,0,0.00,999.00
17:05:38.195,399751.2515,4091872.3800,global,-17.58,-17.33,-0.008,2.00,4.74,-0.91,-16.63,10.00,0.50,0.70,99.00,0,0,0,0,0,0.00,999.00
17:05:38.245,399751.2515,4091872.3800,global,-16.93,-17.33,-0.008,2.00,4.74,-0.26,-16.63,10.00,0.50,0.70,99.00,0,0,0,0,0,0.00,999.00
17:05:38.295,399751.2515,4091872.3800,global,-16.15,-17.33,-0.008,2.00,5.12,0.57,-10.11,10.00,0.50,0.70,99.00,0,0,0,0,0,0.00,999.00
17:05:38.347,399751.2515,4091872.3800,global,-15.90,-17.33,-0.008,2.00,5.12,0.81,-10.11,10.00,0.50,0.70,99.00,0,0,0,0,0,0.00,999.00
17:05:38.395,399751.5715,4091872.3318,global,-16.13,-9.91,0.033,2.00,4.70,-3.30,1.56,10.00,0.50,0.70,99.00,0,0,0,0,0,0.00,999.00
17:05:38.445,399751.5715,4091872.3318,global,-16.63,-9.91,0.033,2.00,4.70,-3.80,1.56,10.00,0.50,0.70,99.00,0,0,0,0,0,0.00,999.00
17:05:38.495,399751.5715,4091872.3318,global,-17.86,-9.91,0.033,2.00,4.70,-5.03,1.56,10.00,0.50,0.70,99.00,0,0,0,0,0,0.00,999.00
17:05:38.545,399751.5715,4091872.3318,global,-19.02,-9.91,0.033,2.00,4.74,-6.21,7.88,10.00,0.50,0.70,99.00,0,0,0,0,0,0.00,999.00
17:05:38.597,399751.5715,4091872.3318,global,-20.57,-9.91,0.033,2.00,4.74,-7.76,7.88,10.00,0.50,0.70,99.00,0,0,0,0,0,0.00,999.00
17:05:38.645,399751.8639,4091872.2174,global,-20.93,-3.92,-0.047,2.00,4.85,-21.03,-3.04,10.00,0.50,0.70,99.00,0,0,0,0,0,0.00,999.00
17:05:38.695,399751.8639,4091872.2174,global,-20.88,-3.92,-0.047,2.00,4.85,-20.98,-3.04,10.00,0.50,0.70,99.00,0,0,0,0,0,0.00,999.00
17:05:38.745,399751.8639,4091872.2174,global,-20.82,-3.92,-0.047,2.00,4.85,-20.92,-3.04,10.00,0.50,0.70,99.00,0,0,0,0,0,0.00,999.00
17:05:38.795,399751.8639,4091872.2174,global,-20.29,-3.92,-0.047,2.00,4.74,-20.48,-17.10,10.00,0.50,0.70,99.00,0,0,0,0,0,0.00,999.00
17:05:38.846,399751.8639,4091872.2174,global,-19.48,-3.92,-0.047,2.00,4.74,-19.68,-17.10,10.00,0.50,0.70,99.00,0,0,0,0,0,0.00,999.00
17:05:38.895,399752.1923,4091872.1248,global,-17.73,-3.78,-0.118,2.00,4.59,-22.00,-22.00,10.00,0.50,0.70,99.00,0,0,0,0,0,0.00,999.00
17:05:38.945,399752.1923,4091872.1248,global,-16.26,-3.78,-0.118,2.00,4.59,-22.00,-22.00,10.00,0.50,0.70,99.00,0,0,0,0,0,0.00,999.00
17:05:38.995,399752.1923,4091872.1248,global,-14.52,-3.78,-0.118,2.00,4.59,-21.18,-22.00,10.00,0.50,0.70,99.00,0,0,0,0,0,0.00,999.00
17:05:39.045,399752.1923,4091872.1248,global,-11.76,-3.78,-0.118,2.00,4.71,-18.17,-21.34,10.00,0.50,0.70,99.00,0,0,0,0,0,0.00,999.00
17:05:39.097,399752.1923,4091872.1248,global,-10.13,-3.78,-0.118,2.00,4.71,-16.54,-21.34,10.00,0.50,0.70,99.00,0,0,0,0,0,0.00,999.00
17:05:39.145,399752.4858,4091872.0991,global,-8.06,-13.44,-0.118,2.00,4.80,-4.66,-21.98,10.00,0.50,0.70,99.00,0,0,0,0,0,0.00,999.00
17:05:39.195,399752.4858,4091872.0991,global,-6.71,-13.44,-0.118,2.00,4.80,-3.30,-21.98,10.00,0.50,0.70,99.00,0,0,0,0,0,0.00,999.00
17:05:39.245,399752.4858,4091872.0991,global,-4.78,-13.44,-0.118,2.00,4.80,-1.37,-21.98,10.00,0.50,0.70,99.00,0,0,0,0,0,0.00,999.00
17:05:39.295,399752.4858,4091872.0991,global,-3.00,-13.44,-0.118,2.00,5.09,0.97,-20.47,10.00,0.50,0.70,99.00,0,0,0,0,0,0.00,999.00
17:05:39.345,399752.7977,4091872.1287,global,-2.18,-12.41,-0.018,2.00,5.09,8.77,-20.47,10.00,0.50,0.70,99.00,0,0,0,0,0,0.00,999.00
17:05:39.395,399752.7977,4091872.1287,global,-1.66,-12.41,-0.018,2.00,4.99,9.26,-9.61,10.00,0.50,0.70,99.00,0,0,0,0,0,0.00,999.00
17:05:39.445,399752.7977,4091872.1287,global,-1.40,-12.41,-0.018,2.00,4.99,9.52,-9.61,10.00,0.50,0.70,99.00,0,0,0,0,0,0.00,999.00
17:05:39.496,399752.7977,4091872.1287,global,-1.54,-12.41,-0.018,2.00,4.99,9.37,-9.61,10.00,0.50,0.70,99.00,0,0,0,0,0,0.00,999.00
17:05:39.545,399752.7977,4091872.1287,global,-2.33,-12.41,-0.018,2.00,4.51,8.43,5.02,10.00,0.50,0.70,99.00,0,0,0,0,0,0.00,999.00
17:05:39.596,399752.7977,4091872.1287,global,-3.05,-12.41,-0.018,2.00,4.51,7.70,5.02,10.00,0.50,0.70,99.00,0,0,0,0,0,0.00,999.00
17:05:39.645,399753.1271,4091872.1248,global,-4.29,-6.15,0.051,2.00,4.89,6.16,13.59,10.00,0.50,0.70,99.00,0,0,0,0,0,0.00,999.00
17:05:39.695,399753.1271,4091872.1248,global,-5.38,-6.15,0.051,2.00,4.89,5.06,13.59,10.00,0.50,0.70,99.00,0,0,0,0,0,0.00,999.00
17:05:39.745,399753.1271,4091872.1248,global,-7.63,-6.15,0.051,2.00,4.89,2.81,13.59,10.00,0.50,0.70,99.00,0,0,0,0,0,0.00,999.00
17:05:39.795,399753.1271,4091872.1248,global,-9.35,-6.15,0.051,2.00,4.63,1.33,16.58,10.00,0.50,0.70,99.00,0,0,0,0,0,0.00,999.00
17:05:39.846,399753.1271,4091872.1248,global,-11.59,-6.15,0.051,2.00,4.63,-0.90,16.58,10.00,0.50,0.70,99.00,0,0,0,0,0,0.00,999.00
17:05:39.895,399753.4376,4091872.0324,global,-12.46,-8.28,-0.006,2.00,5.39,-4.66,6.17,10.00,0.50,0.70,99.00,0,0,0,0,0,0.00,999.00
17:05:39.945,399753.4376,4091872.0324,global,-13.42,-8.28,-0.006,2.00,5.39,-5.62,6.17,10.00,0.50,0.70,99.00,0,0,0,0,0,0.00,999.00
17:05:40.010,399753.4376,4091872.0324,global,-13.72,-8.28,-0.006,2.00,5.39,-5.92,6.17,10.00,0.50,0.70,99.00,0,0,0,0,0,0.00,999.00
17:05:40.045,399753.4376,4091872.0324,global,-14.30,-8.28,-0.006,2.00,4.37,-6.61,-8.56,10.00,0.50,0.70,99.00,0,0,0,0,0,0.00,999.00
17:05:40.095,399753.4376,4091872.0324,global,-14.14,-8.28,-0.006,2.00,4.37,-6.45,-8.56,10.00,0.50,0.70,99.00,0,0,0,0,0,0.00,999.00
17:05:40.145,399753.7663,4091871.9730,global,-13.69,-8.28,-0.018,2.00,4.37,-7.08,-8.56,10.00,0.50,0.70,99.00,0,0,0,0,0,0.00,999.00
17:05:40.195,399753.7663,4091871.9730,global,-13.13,-8.28,-0.018,2.00,4.83,-6.36,-12.25,10.00,0.50,0.70,99.00,0,0,0,0,0,0.00,999.00
17:05:40.245,399753.7663,4091871.9730,global,-12.27,-8.28,-0.018,2.00,4.83,-5.50,-12.25,10.00,0.50,0.70,99.00,0,0,0,0,0,0.00,999.00
17:05:40.296,399753.7663,4091871.9730,global,-12.16,-8.28,-0.018,2.00,4.83,-5.39,-12.25,10.00,0.50,0.70,99.00,0,0,0,0,0,0.00,999.00
17:05:40.345,399753.7663,4091871.9730,global,-12.44,-8.28,-0.018,2.00,4.72,-5.70,-0.45,10.00,0.50,0.70,99.00,0,0,0,0,0,0.00,999.00
17:05:40.395,399754.0775,4091871.9361,global,-12.81,-10.11,-0.026,2.00,4.72,-4.93,-0.45,10.00,0.50,0.70,99.00,0,0,0,0,0,0.00,999.00
17:05:40.445,399754.0775,4091871.9361,global,-13.66,-10.11,-0.026,2.00,4.79,-5.75,6.82,10.00,0.50,0.70,99.00,0,0,0,0,0,0.00,999.00
17:05:40.495,399754.0775,4091871.9361,global,-14.47,-10.11,-0.026,2.00,4.79,-6.55,6.82,10.00,0.50,0.70,99.00,0,0,0,0,0,0.00,999.00
17:05:40.545,399754.0775,4091871.9361,global,-15.90,-10.11,-0.026,2.00,4.79,-7.99,6.82,10.00,0.50,0.70,99.00,0,0,0,0,0,0.00,999.00
17:05:40.598,399754.0775,4091871.9361,global,-16.77,-10.11,-0.026,2.00,4.85,-8.83,-0.08,10.00,0.50,0.70,99.00,0,0,0,0,0,0.00,999.00
17:05:40.645,399754.3970,4091871.8546,global,-17.39,-12.80,-0.051,2.00,4.85,-8.91,-0.08,10.00,0.50,0.70,99.00,0,0,0,0,0,0.00,999.00
17:05:40.695,399754.3970,4091871.8546,global,-17.34,-12.80,-0.051,2.00,4.59,-9.10,-10.79,10.00,0.50,0.70,99.00,0,0,0,0,0,0.00,999.00
17:05:40.745,399754.3970,4091871.8546,global,-16.81,-12.80,-0.051,2.00,4.59,-8.56,-10.79,10.00,0.50,0.70,99.00,0,0,0,0,0,0.00,999.00
17:05:40.795,399754.3970,4091871.8546,global,-16.20,-12.80,-0.051,2.00,4.57,-7.98,-15.21,10.00,0.50,0.70,99.00,0,0,0,0,0,0.00,999.00
17:05:40.845,399754.3970,4091871.8546,global,-14.97,-12.80,-0.051,2.00,4.57,-6.75,-15.21,10.00,0.50,0.70,99.00,0,0,0,0,0,0.00,999.00
17:05:40.895,399754.7167,4091871.7843,global,-14.49,-12.41,-0.049,2.00,4.57,-6.49,-15.21,10.00,0.50,0.70,99.00,0,0,0,0,0,0.00,999.00
17:05:40.946,399754.7167,4091871.7843,global,-14.39,-12.41,-0.049,2.00,4.87,-6.11,-5.18,10.00,0.50,0.70,99.00,0,0,0,0,0,0.00,999.00
17:05:40.995,399754.7167,4091871.7843,global,-14.50,-12.41,-0.049,2.00,4.87,-6.22,-5.18,10.00,0.50,0.70,99.00,0,0,0,0,0,0.00,999.00
17:05:41.045,399754.7167,4091871.7843,global,-15.01,-12.41,-0.049,2.00,4.84,-6.76,3.86,10.00,0.50,0.70,99.00,0,0,0,0,0,0.00,999.00
17:05:41.096,399754.7167,4091871.7843,global,-15.63,-12.41,-0.049,2.00,4.84,-7.38,3.86,10.00,0.50,0.70,99.00,0,0,0,0,0,0.00,999.00
17:05:41.145,399755.0541,4091871.7026,global,-16.66,-8.28,-0.064,2.00,4.64,-14.05,-2.25,10.00,0.50,0.70,99.00,0,0,0,0,0,0.00,999.00
17:05:41.195,399755.0541,4091871.7026,global,-17.07,-8.28,-0.064,2.00,4.64,-14.46,-2.25,10.00,0.50,0.70,99.00,0,0,0,0,0,0.00,999.00
17:05:41.245,399755.0541,4091871.7026,global,-16.89,-8.28,-0.064,2.00,4.64,-14.29,-2.25,10.00,0.50,0.70,99.00,0,0,0,0,0,0.00,999.00
17:05:41.295,399755.0541,4091871.7026,global,-16.37,-8.28,-0.064,2.00,4.85,-13.52,-17.81,10.00,0.50,0.70,99.00,0,0,0,0,0,0.00,999.00
17:05:41.345,399755.3648,4091871.6324,global,-15.17,-12.80,-0.075,2.00,4.85,-8.71,-17.81,10.00,0.50,0.70,99.00,0,0,0,0,0,0.00,999.00
17:05:41.395,399755.3648,4091871.6324,global,-13.54,-12.80,-0.075,2.00,4.59,-7.43,-21.85,10.00,0.50,0.70,99.00,0,0,0,0,0,0.00,999.00
17:05:41.445,399755.3648,4091871.6324,global,-12.14,-12.80,-0.075,2.00,4.59,-6.03,-21.85,10.00,0.50,0.70,99.00,0,0,0,0,0,0.00,999.00
17:05:41.495,399755.3648,4091871.6324,global,-10.67,-12.80,-0.075,2.00,4.59,-4.56,-21.85,10.00,0.50,0.70,99.00,0,0,0,0,0,0.00,999.00
17:05:41.545,399755.3648,4091871.6324,global,-9.42,-12.80,-0.075,2.00,5.09,-2.65,-13.42,10.00,0.50,0.70,99.00,0,0,0,0,0,0.00,999.00
17:05:41.595,399755.3648,4091871.6324,global,-9.08,-12.80,-0.075,2.00,5.09,-2.31,-13.42,10.00,0.50,0.70,99.00,0,0,0,0,0,0.00,999.00
17:05:41.645,399755.6763,4091871.6176,global,-9.16,-13.22,-0.020,2.00,4.89,2.33,-1.05,10.00,0.50,0.70,99.00,0,0,0,0,0,0.00,999.00
17:05:41.695,399755.6763,4091871.6176,global,-9.42,-13.22,-0.020,2.00,4.89,2.07,-1.05,10.00,0.50,0.70,99.00,0,0,0,0,0,0.00,999.00
17:05:41.745,399755.6763,4091871.6176,global,-10.32,-13.22,-0.020,2.00,4.89,1.18,-1.05,10.00,0.50,0.70,99.00,0,0,0,0,0,0.00,999.00
17:05:41.795,399755.6763,4091871.6176,global,-11.16,-13.22,-0.020,2.00,5.02,0.38,9.74,10.00,0.50,0.70,99.00,0,0,0,0,0,0.00,999.00
17:05:41.847,399755.6763,4091871.6176,global,-12.73,-13.22,-0.020,2.00,5.02,-1.19,9.74,10.00,0.50,0.70,99.00,0,0,0,0,0,0.00,999.00
17:05:41.895,399755.9960,4091871.5472,global,-13.77,-3.32,-0.021,2.00,4.55,-12.35,9.54,10.00,0.50,0.70,99.00,0,0,0,0,0,0.00,999.00
17:05:41.945,399755.9960,4091871.5472,global,-15.14,-3.32,-0.021,2.00,4.55,-13.72,9.54,10.00,0.50,0.70,99.00,0,0,0,0,0,0.00,999.00
17:05:41.995,399755.9960,4091871.5472,global,-16.07,-3.32,-0.021,2.00,4.55,-14.64,9.54,10.00,0.50,0.70,99.00,0,0,0,0,0,0.00,999.00
17:05:42.045,399755.9960,4091871.5472,global,-16.91,-3.32,-0.021,2.00,4.85,-15.37,-3.91,10.00,0.50,0.70,99.00,0,0,0,0,0,0.00,999.00
17:05:42.096,399755.9960,4091871.5472,global,-17.02,-3.32,-0.021,2.00,4.85,-15.48,-3.91,10.00,0.50,0.70,99.00,0,0,0,0,0,0.00,999.00
17:05:42.145,399756.3151,4091871.4325,global,-16.49,-3.32,-0.062,2.00,4.39,-18.93,-16.05,10.00,0.50,0.70,99.00,0,0,0,0,0,0.00,999.00
17:05:42.195,399756.3151,4091871.4325,global,-15.82,-3.32,-0.062,2.00,4.39,-18.26,-16.05,10.00,0.50,0.70,99.00,0,0,0,0,0,0.00,999.00
17:05:42.245,399756.3151,4091871.4325,global,-14.33,-3.32,-0.062,2.00,4.39,-16.78,-16.05,10.00,0.50,0.70,99.00,0,0,0,0,0,0.00,999.00
17:05:42.295,399756.3151,4091871.4325,global,-13.03,-3.32,-0.062,2.00,4.81,-14.97,-21.95,10.00,0.50,0.70,99.00,0,0,0,0,0,0.00,999.00
17:05:42.345,399756.3151,4091871.4325,global,-10.75,-3.32,-0.062,2.00,4.81,-12.69,-21.95,10.00,0.50,0.70,99.00,0,0,0,0,0,0.00,999.00
17:05:42.395,399756.6265,4091871.4177,global,-9.33,-13.83,-0.068,2.00,4.59,-1.60,-22.00,10.00,0.50,0.70,99.00,0,0,0,0,0,0.00,999.00
17:05:42.445,399756.6265,4091871.4177,global,-7.71,-13.83,-0.068,2.00,4.59,0.01,-22.00,10.00,0.50,0.70,99.00,0,0,0,0,0,0.00,999.00
17:05:42.495,399756.6265,4091871.4177,global,-6.64,-13.83,-0.068,2.00,4.59,1.08,-22.00,10.00,0.50,0.70,99.00,0,0,0,0,0,0.00,999.00
17:05:42.545,399756.6265,4091871.4177,global,-5.26,-13.83,-0.068,2.00,5.23,3.20,-13.89,10.00,0.50,0.70,99.00,0,0,0,0,0,0.00,999.00
17:05:42.597,399756.6265,4091871.4177,global,-4.83,-13.83,-0.068,2.00,5.23,3.64,-13.89,10.00,0.50,0.70,99.00,0,0,0,0,0,0.00,999.00
17:05:42.645,399756.9382,4091871.4251,global,-4.79,-7.34,0.018,2.00,4.23,4.30,-1.75,10.00,0.50,0.70,99.00,0,0,0,0,0,0.00,999.00
17:05:42.695,399756.9382,4091871.4251,global,-5.08,-7.34,0.018,2.00,4.23,4.01,-1.75,10.00,0.50,0.70,99.00,0,0,0,0,0,0.00,999.00
17:05:42.745,399756.9382,4091871.4251,global,-5.97,-7.34,0.018,2.00,4.23,3.12,-1.75,10.00,0.50,0.70,99.00,0,0,0,0,0,0.00,999.00
17:05:42.795,399756.9382,4091871.4251,global,-6.95,-7.34,0.018,2.00,4.95,1.89,11.18,10.00,0.50,0.70,99.00,0,0,0,0,0,0.00,999.00
17:05:42.846,399757.2494,4091871.3882,global,-8.62,-9.53,0.021,2.00,4.95,2.63,11.18,10.00,0.50,0.70,99.00,0,0,0,0,0,0.00,999.00
17:05:42.895,399757.2494,4091871.3882,global,-9.70,-9.53,0.021,2.00,4.43,1.74,10.31,10.00,0.50,0.70,99.00,0,0,0,0,0,0.00,999.00
17:05:42.945,399757.2494,4091871.3882,global,-11.08,-9.53,0.021,2.00,4.43,0.36,10.31,10.00,0.50,0.70,99.00,0,0,0,0,0,0.00,999.00
17:05:42.995,399757.2494,4091871.3882,global,-12.04,-9.53,0.021,2.00,4.43,-0.60,3.77,10.00,0.50,0.70,99.00,0,0,0,0,0,0.00,999.00
17:05:43.045,399757.2494,4091871.3882,global,-12.90,-9.53,0.021,2.00,4.43,-1.46,3.77,10.00,0.50,0.70,99.00,0,0,0,0,0,0.00,999.00
17:05:43.096,399757.2494,4091871.3882,global,-13.04,-9.53,0.021,2.00,4.43,-1.59,3.77,10.00,0.50,0.70,99.00,0,0,0,0,0,0.00,999.00
17:05:43.145,399757.5690,4091871.3067,global,-12.99,-5.13,-0.009,2.00,4.75,-8.64,-5.71,10.00,0.50,0.70,99.00,0,0,0,0,0,0.00,999.00
17:05:43.195,399757.5690,4091871.3067,global,-13.04,-5.13,-0.009,2.00,4.75,-8.69,-5.71,10.00,0.50,0.70,99.00,0,0,0,0,0,0.00,999.00
17:05:43.245,399757.5690,4091871.3067,global,-13.22,-5.13,-0.009,2.00,4.75,-8.87,-5.71,10.00,0.50,0.70,99.00,0,0,0,0,0,0.00,999.00
17:05:43.295,399757.5690,4091871.3067,global,-13.28,-5.13,-0.009,2.00,4.68,-8.95,-6.96,10.00,0.50,0.70,99.00,0,0,0,0,0,0.00,999.00
17:05:43.366,399757.5690,4091871.3067,global,-13.28,-5.13,-0.009,2.00,4.68,-8.94,-6.96,10.00,0.50,0.70,99.00,0,0,0,0,0,0.00,999.00
17:05:43.395,399757.8979,4091871.2696,global,-13.18,-8.78,-0.012,2.00,4.41,-5.51,-7.01,10.00,0.50,0.70,99.00,0,0,0,0,0,0.00,999.00
17:05:43.445,399757.8979,4091871.2696,global,-13.09,-8.78,-0.012,2.00,4.41,-5.42,-7.01,10.00,0.50,0.70,99.00,0,0,0,0,0,0.00,999.00
17:05:43.495,399757.8979,4091871.2696,global,-13.04,-8.78,-0.012,2.00,4.41,-5.38,-7.01,10.00,0.50,0.70,99.00,0,0,0,0,0,0.00,999.00
17:05:43.545,399757.8979,4091871.2696,global,-12.97,-8.78,-0.012,2.00,4.70,-5.24,-6.82,10.00,0.50,0.70,99.00,0,0,0,0,0,0.00,999.00
17:05:43.595,399757.8979,4091871.2696,global,-12.97,-8.78,-0.012,2.00,4.70,-5.23,-6.82,10.00,0.50,0.70,99.00,0,0,0,0,0,0.00,999.00
17:05:43.645,399758.2087,4091871.1993,global,-12.90,-7.14,-0.036,2.00,4.59,-9.00,-6.95,10.00,0.50,0.70,99.00,0,0,0,0,0,0.00,999.00
17:05:43.695,399758.2087,4091871.1993,global,-12.87,-7.14,-0.036,2.00,4.59,-8.96,-6.95,10.00,0.50,0.70,99.00,0,0,0,0,0,0.00,999.00
17:05:43.745,399758.2087,4091871.1993,global,-12.79,-7.14,-0.036,2.00,4.59,-8.89,-6.95,10.00,0.50,0.70,99.00,0,0,0,0,0,0.00,999.00
17:05:43.795,399758.2087,4091871.1993,global,-12.75,-7.14,-0.036,2.00,4.68,-8.79,-6.98,10.00,0.50,0.70,99.00,0,0,0,0,0,0.00,999.00
17:05:43.845,399758.2087,4091871.1993,global,-12.69,-7.14,-0.036,2.00,4.68,-8.73,-6.98,10.00,0.50,0.70,99.00,0,0,0,0,0,0.00,999.00
17:05:43.895,399758.5376,4091871.1510,global,-12.67,-12.41,-0.033,2.00,4.79,-3.07,-6.86,10.00,0.50,0.70,99.00,0,0,0,0,0,0.00,999.00
17:05:43.945,399758.5376,4091871.1510,global,-12.66,-12.41,-0.033,2.00,4.79,-3.06,-6.86,10.00,0.50,0.70,99.00,0,0,0,0,0,0.00,999.00
17:05:43.995,399758.5376,4091871.1510,global,-12.65,-12.41,-0.033,2.00,4.79,-3.04,-6.86,10.00,0.50,0.70,99.00,0,0,0,0,0,0.00,999.00
17:05:44.045,399758.5376,4091871.1510,global,-12.57,-12.41,-0.033,2.00,4.68,-3.03,-6.90,10.00,0.50,0.70,99.00,0,0,0,0,0,0.00,999.00
17:05:44.096,399758.5376,4091871.1510,global,-12.53,-12.41,-0.033,2.00,4.68,-3.00,-6.90,10.00,0.50,0.70,99.00,0,0,0,0,0,0.00,999.00
17:05:44.145,399758.8485,4091871.0919,global,-12.50,-7.14,-0.033,2.00,4.71,-8.25,-5.55,10.00,0.50,0.70,99.00,0,0,0,0,0,0.00,999.00
17:05:44.196,399758.8485,4091871.0919,global,-12.47,-7.14,-0.033,2.00,4.71,-8.22,-5.55,10.00,0.50,0.70,99.00,0,0,0,0,0,0.00,999.00
17:05:44.245,399758.8485,4091871.0919,global,-12.57,-7.14,-0.033,2.00,4.71,-8.32,-5.55,10.00,0.50,0.70,99.00,0,0,0,0,0,0.00,999.00
17:05:44.295,399758.8485,4091871.0919,global,-12.65,-7.14,-0.033,2.00,4.87,-8.31,-5.42,10.00,0.50,0.70,99.00,0,0,0,0,0,0.00,999.00
17:05:44.346,399759.1862,4091871.0435,global,-12.77,-14.67,-0.019,2.00,4.87,0.26,-5.42,10.00,0.50,0.70,99.00,0,0,0,0,0,0.00,999.00
17:05:44.395,399759.1862,4091871.0435,global,-12.62,-14.67,-0.019,2.00,4.84,0.40,-11.41,10.00,0.50,0.70,99.00,0,0,0,0,0,0.00,999.00
17:05:44.445,399759.1862,4091871.0435,global,-12.23,-14.67,-0.019,2.00,4.84,0.79,-11.41,10.00,0.50,0.70,99.00,0,0,0,0,0,0.00,999.00
17:05:44.495,399759.1862,4091871.0435,global,-11.91,-14.67,-0.019,2.00,4.64,1.04,-11.27,10.00,0.50,0.70,99.00,0,0,0,0,0,0.00,999.00
17:05:44.545,399759.1862,4091871.0435,global,-11.52,-14.67,-0.019,2.00,4.64,1.43,-11.27,10.00,0.50,0.70,99.00,0,0,0,0,0,0.00,999.00
17:05:44.596,399759.1862,4091871.0435,global,-11.33,-14.67,-0.019,2.00,4.64,1.62,-11.27,10.00,0.50,0.70,99.00,0,0,0,0,0,0.00,999.00
17:05:44.645,399759.4974,4091871.0066,global,-11.60,-5.59,-0.011,2.00,4.65,-7.03,1.01,10.00,0.50,0.70,99.00,0,0,0,0,0,0.00,999.00
17:05:44.695,399759.4974,4091871.0066,global,-12.13,-5.59,-0.011,2.00,4.65,-7.56,1.01,10.00,0.50,0.70,99.00,0,0,0,0,0,0.00,999.00
17:05:44.745,399759.4974,4091871.0066,global,-13.25,-5.59,-0.011,2.00,5.04,-8.59,10.29,10.00,0.50,0.70,99.00,0,0,0,0,0,0.00,999.00
17:05:44.795,399759.4974,4091871.0066,global,-14.25,-5.59,-0.011,2.00,5.04,-9.59,10.29,10.00,0.50,0.70,99.00,0,0,0,0,0,0.00,999.00
17:05:44.845,399759.4974,4091871.0066,global,-15.96,-5.59,-0.011,2.00,5.04,-11.31,10.29,10.00,0.50,0.70,99.00,0,0,0,0,0,0.00,999.00
17:05:44.895,399759.8347,4091870.9249,global,-16.95,-7.14,-0.061,2.00,4.68,-15.19,0.66,10.00,0.50,0.70,99.00,0,0,0,0,0,0.00,999.00
17:05:44.945,399759.8347,4091870.9249,global,-17.45,-7.14,-0.061,2.00,4.68,-15.68,0.66,10.00,0.50,0.70,99.00,0,0,0,0,0,0.00,999.00
17:05:44.995,399759.8347,4091870.9249,global,-17.33,-7.14,-0.061,2.00,4.99,-15.23,-11.32,10.00,0.50,0.70,99.00,0,0,0,0,0,0.00,999.00
17:05:45.045,399759.8347,4091870.9249,global,-16.74,-7.14,-0.061,2.00,4.99,-14.64,-11.32,10.00,0.50,0.70,99.00,0,0,0,0,0,0.00,999.00
17:05:45.095,399759.8347,4091870.9249,global,-16.04,-7.14,-0.061,2.00,4.99,-13.94,-11.32,10.00,0.50,0.70,99.00,0,0,0,0,0,0.00,999.00
17:05:45.145,399760.1539,4091870.8102,global,-14.72,-7.55,-0.135,2.00,4.65,-19.01,-13.75,10.00,0.50,0.70,99.00,0,0,0,0,0,0.00,999.00
17:05:45.195,399760.1539,4091870.8102,global,-14.11,-7.55,-0.135,2.00,4.65,-18.40,-13.75,10.00,0.50,0.70,99.00,0,0,0,0,0,0.00,999.00
17:05:45.245,399760.1539,4091870.8102,global,-13.92,-7.55,-0.135,2.00,4.89,-17.64,-7.93,10.00,0.50,0.70,99.00,0,0,0,0,0,0.00,999.00
17:05:45.296,399760.1539,4091870.8102,global,-13.92,-7.55,-0.135,2.00,4.89,-17.64,-7.93,10.00,0.50,0.70,99.00,0,0,0,0,0,0.00,999.00
17:05:45.345,399760.1539,4091870.8102,global,-13.83,-7.55,-0.135,2.00,4.89,-17.56,-7.93,10.00,0.50,0.70,99.00,0,0,0,0,0,0.00,999.00
17:05:45.395,399760.4738,4091870.7620,global,-13.62,-12.41,-0.138,2.00,4.51,-13.60,-15.16,10.00,0.50,0.70,99.00,0,0,0,0,0,0.00,999.00
17:05:45.449,399760.4738,4091870.7620,global,-12.73,-12.41,-0.138,2.00,4.51,-12.71,-15.16,10.00,0.50,0.70,99.00,0,0,0,0,0,0.00,999.00
17:05:45.495,399760.4738,4091870.7620,global,-11.77,-12.41,-0.138,2.00,4.94,-10.70,-21.94,10.00,0.50,0.70,99.00,0,0,0,0,0,0.00,999.00
17:05:45.545,399760.4738,4091870.7620,global,-9.94,-12.41,-0.138,2.00,4.94,-8.86,-21.94,10.00,0.50,0.70,99.00,0,0,0,0,0,0.00,999.00
17:05:45.596,399760.4738,4091870.7620,global,-8.49,-12.41,-0.138,2.00,4.94,-7.42,-21.94,10.00,0.50,0.70,99.00,0,0,0,0,0,0.00,999.00
17:05:45.645,399760.7940,4091870.7360,global,-6.61,-2.98,-0.108,2.00,5.47,-11.73,-18.81,10.00,0.50,0.70,99.00,0,0,0,0,0,0.00,999.00
17:05:45.695,399760.7940,4091870.7360,global,-5.87,-2.98,-0.108,2.00,5.47,-10.99,-18.81,10.00,0.50,0.70,99.00,0,0,0,0,0,0.00,999.00
17:05:45.745,399760.7940,4091870.7360,global,-5.38,-2.98,-0.108,2.00,5.47,-10.50,-18.81,10.00,0.50,0.70,99.00,0,0,0,0,0,0.00,999.00
17:05:45.795,399760.7940,4091870.7360,global,-5.34,-2.98,-0.108,2.00,4.81,-11.53,-5.81,10.00,0.50,0.70,99.00,0,0,0,0,0,0.00,999.00
17:05:45.845,399760.7940,4091870.7360,global,-5.43,-2.98,-0.108,2.00,4.81,-11.63,-5.81,10.00,0.50,0.70,99.00,0,0,0,0,0,0.00,999.00
17:05:45.895,399761.1146,4091870.7433,global,-5.58,-5.59,-0.034,2.00,4.79,-2.94,-1.82,10.00,0.50,0.70,99.00,0,0,0,0,0,0.00,999.00
17:05:45.945,399761.1146,4091870.7433,global,-5.95,-5.59,-0.034,2.00,4.79,-3.31,-1.82,10.00,0.50,0.70,99.00,0,0,0,0,0,0.00,999.00
17:05:45.995,399761.1146,4091870.7433,global,-6.16,-5.59,-0.034,2.00,4.79,-3.52,-1.82,10.00,0.50,0.70,99.00,0,0,0,0,0,0.00,999.00
17:05:46.045,399761.1146,4091870.7433,global,-5.80,-5.59,-0.034,2.00,4.81,-3.15,-8.38,10.00,0.50,0.70,99.00,0,0,0,0,0,0.00,999.00
17:05:46.095,399761.1146,4091870.7433,global,-5.53,-5.59,-0.034,2.00,4.81,-2.88,-8.38,10.00,0.50,0.70,99.00,0,0,0,0,0,0.00,999.00
17:05:46.145,399761.4439,4091870.7283,global,-5.45,-9.81,-0.022,2.00,4.55,2.34,-7.14,10.00,0.50,0.70,99.00,0,0,0,0,0,0.00,999.00
17:05:46.195,399761.4439,4091870.7283,global,-5.44,-9.81,-0.022,2.00,4.55,2.35,-7.14,10.00,0.50,0.70,99.00,0,0,0,0,0,0.00,999.00
17:05:46.245,399761.4439,4091870.7283,global,-5.31,-9.81,-0.022,2.00,4.55,2.48,-7.14,10.00,0.50,0.70,99.00,0,0,0,0,0,0.00,999.00
17:05:46.295,399761.4439,4091870.7283,global,-5.26,-9.81,-0.022,2.00,5.02,2.72,-3.14,10.00,0.50,0.70,99.00,0,0,0,0,0,0.00,999.00
17:05:46.345,399761.4439,4091870.7283,global,-5.49,-9.81,-0.022,2.00,5.02,2.50,-3.14,10.00,0.50,0.70,99.00,0,0,0,0,0,0.00,999.00
17:05:46.398,399761.7821,4091870.7243,global,-5.95,-13.22,0.031,2.00,4.89,9.85,4.52,10.00,0.50,0.70,99.00,0,0,0,0,0,0.00,999.00
17:05:46.445,399761.7821,4091870.7243,global,-7.10,-13.22,0.031,2.00,4.89,8.70,4.52,10.00,0.50,0.70,99.00,0,0,0,0,0,0.00,999.00
17:05:46.495,399761.7821,4091870.7243,global,-8.05,-13.22,0.031,2.00,4.19,8.17,10.77,10.00,0.50,0.70,99.00,0,0,0,0,0,0.00,999.00
17:05:46.545,399761.7821,4091870.7243,global,-9.67,-13.22,0.031,2.00,4.19,6.56,10.77,10.00,0.50,0.70,99.00,0,0,0,0,0,0.00,999.00
17:05:46.596,399762.1198,4091870.6649,global,-10.80,-8.28,0.044,2.00,4.19,1.77,10.77,10.00,0.50,0.70,99.00,0,0,0,0,0,0.00,999.00
17:05:46.645,399762.1198,4091870.6649,global,-12.34,-8.28,0.044,2.00,4.99,-0.46,6.94,10.00,0.50,0.70,99.00,0,0,0,0,0,0.00,999.00
17:05:46.695,399762.1198,4091870.6649,global,-13.13,-8.28,0.044,2.00,4.99,-1.25,6.94,10.00,0.50,0.70,99.00,0,0,0,0,0,0.00,999.00
17:05:49.346,399764.2565,4091870.6618,global,-24.25,-28.78,0.744,2.00,1.00,22.00,-16.09,10.00,0.50,0.70,99.00,0,0,0,0,0,0.00,999.00
17:05:49.396,399764.2565,4091870.6618,global,-24.18,-28.78,0.744,2.00,0.95,22.00,-16.09,10.00,0.50,0.70,99.00,0,0,0,0,0,0.00,999.00
17:05:49.445,399764.2565,4091870.6618,global,-24.04,-28.78,0.744,2.00,0.95,22.00,-16.09,10.00,0.50,0.70,99.00,0,0,0,0,0,0.00,999.00
17:05:49.495,399764.2565,4091870.6618,global,-23.95,-28.78,0.744,2.00,1.21,22.00,-16.17,10.00,0.50,0.70,99.00,0,0,0,0,0,0.00,999.00
17:05:49.545,399764.2565,4091870.6618,global,-23.78,-28.78,0.744,2.00,1.21,22.00,-16.17,10.00,0.50,0.70,99.00,0,0,0,0,0,0.00,999.00
17:05:49.595,399764.2565,4091870.6618,global,-23.65,-28.78,0.744,2.00,1.21,22.00,-16.17,10.00,0.50,0.70,99.00,0,0,0,0,0,0.00,999.00
17:05:49.645,399764.3012,4091870.6835,global,-23.51,-28.78,0.784,2.00,2.87,22.00,-4.06,10.00,0.50,0.70,99.00,0,0,0,0,0,0.00,999.00
17:05:49.695,399764.3012,4091870.6835,global,-23.57,-28.78,0.784,2.00,2.87,22.00,-4.06,10.00,0.50,0.70,99.00,0,0,0,0,0,0.00,999.00
17:05:49.745,399764.3012,4091870.6835,global,-23.85,-28.78,0.784,2.00,2.02,22.00,11.76,10.00,0.50,0.70,99.00,0,0,0,0,0,0.00,999.00
17:05:49.795,399764.3012,4091870.6835,global,-24.14,-28.78,0.784,2.00,2.02,22.00,11.76,10.00,0.50,0.70,99.00,0,0,0,0,0,0.00,999.00
17:05:49.845,399764.3012,4091870.6835,global,-24.72,-28.78,0.784,2.00,2.02,22.00,11.76,10.00,0.50,0.70,99.00,0,0,0,0,0,0.00,999.00
17:05:49.895,399764.3725,4091870.6826,global,-25.12,-28.78,0.818,2.00,1.10,22.00,12.85,10.00,0.50,0.70,99.00,0,0,0,0,0,0.00,999.00
17:05:49.946,399764.3725,4091870.6826,global,-25.70,-28.78,0.818,2.00,1.10,22.00,12.85,10.00,0.50,0.70,99.00,0,0,0,0,0,0.00,999.00
17:05:49.995,399764.3725,4091870.6826,global,-26.03,-28.78,0.818,2.00,1.58,22.00,12.43,10.00,0.50,0.70,99.00,0,0,0,0,0,0.00,999.00
17:05:50.045,399764.3725,4091870.6826,global,-26.45,-28.78,0.818,2.00,1.58,22.00,12.43,10.00,0.50,0.70,99.00,0,0,0,0,0,0.00,999.00
17:05:50.095,399764.3725,4091870.6826,global,-26.81,-28.78,0.818,2.00,1.58,22.00,12.43,10.00,0.50,0.70,99.00,0,0,0,0,0,0.00,999.00
17:05:50.145,399764.4883,4091870.6924,global,-27.56,-24.67,0.837,2.00,1.25,22.00,17.68,10.00,0.50,0.70,99.00,0,0,0,0,0,0.00,999.00
17:05:50.195,399764.4883,4091870.6924,global,-28.10,-24.67,0.837,2.00,1.25,22.00,17.68,10.00,0.50,0.70,99.00,0,0,0,0,0,0.00,999.00
17:05:50.245,399764.4883,4091870.6924,global,-28.84,-24.67,0.837,2.00,1.80,22.00,19.04,10.00,0.50,0.70,99.00,0,0,0,0,0,0.00,999.00
17:05:50.295,399764.4883,4091870.6924,global,-29.39,-24.67,0.837,2.00,1.80,22.00,19.04,10.00,0.50,0.70,99.00,0,0,0,0,0,0.00,999.00
17:05:50.345,399764.4883,4091870.6924,global,-30.37,-24.67,0.837,2.00,1.80,22.00,19.04,10.00,0.50,0.70,99.00,0,0,0,0,0,0.00,999.00
17:05:50.395,399764.6039,4091870.6799,global,-30.95,-24.67,0.874,2.00,1.91,22.00,18.43,10.00,0.50,0.70,99.00,0,0,0,0,0,0.00,999.00
17:05:50.445,399764.6039,4091870.6799,global,-31.80,-24.67,0.874,2.00,1.91,22.00,18.43,10.00,0.50,0.70,99.00,0,0,0,0,0,0.00,999.00
17:05:50.495,399764.6039,4091870.6799,global,-32.47,-24.67,0.874,2.00,2.22,22.00,18.13,10.00,0.50,0.70,99.00,0,0,0,0,0,0.00,999.00
17:05:50.545,399764.6039,4091870.6799,global,-33.48,-24.67,0.874,2.00,2.22,22.00,18.13,10.00,0.50,0.70,99.00,0,0,0,0,0,0.00,999.00
17:05:50.595,399764.6039,4091870.6799,global,-34.13,-24.67,0.874,2.00,2.22,22.00,18.13,10.00,0.50,0.70,99.00,0,0,0,0,0,0.00,999.00
17:05:50.645,399764.7377,4091870.7005,global,-35.11,-24.67,0.948,2.00,2.05,22.00,18.17,10.00,0.50,0.70,99.00,0,0,0,0,0,0.00,999.00
17:05:50.695,399764.7377,4091870.7005,global,-35.87,-24.67,0.948,2.00,2.05,22.00,18.17,10.00,0.50,0.70,99.00,0,0,0,0,0,0.00,999.00
17:05:50.745,399764.7377,4091870.7005,global,-36.94,-24.67,0.948,2.00,2.02,22.00,18.11,10.00,0.50,0.70,99.00,0,0,0,0,0,0.00,999.00
17:05:50.795,399764.7377,4091870.7005,global,-37.65,-24.67,0.948,2.00,2.02,22.00,18.11,10.00,0.50,0.70,99.00,0,0,0,0,0,0.00,999.00
17:05:50.845,399764.7377,4091870.7005,global,-38.68,-24.67,0.948,2.00,2.02,22.00,18.11,10.00,0.50,0.70,99.00,0,0,0,0,0,0.00,999.00
17:05:50.895,399764.9064,4091870.6652,global,-39.42,-24.67,0.987,2.00,2.32,22.00,18.15,10.00,0.50,0.70,99.00,0,0,0,0,0,0.00,999.00
17:05:50.945,399764.9064,4091870.6652,global,-40.46,-24.67,0.987,2.00,2.32,22.00,18.15,10.00,0.50,0.70,99.00,0,0,0,0,0,0.00,999.00
17:05:50.995,399764.9064,4091870.6652,global,-41.17,-24.67,0.987,2.00,2.42,22.00,18.15,10.00,0.50,0.70,99.00,0,0,0,0,0,0.00,999.00
17:05:51.045,399764.9064,4091870.6652,global,-42.25,-24.67,0.987,2.00,2.42,22.00,18.15,10.00,0.50,0.70,99.00,0,0,0,0,0,0.00,999.00
17:05:51.095,399764.9064,4091870.6652,global,-43.04,-24.67,0.987,2.00,2.42,22.00,18.15,10.00,0.50,0.70,99.00,0,0,0,0,0,0.00,999.00
17:05:51.145,399765.0749,4091870.6078,global,-44.26,-23.93,1.005,2.00,2.75,22.00,18.24,10.00,0.50,0.70,99.00,0,0,0,0,0,0.00,999.00
17:05:51.203,399765.0749,4091870.6078,global,-44.26,-23.93,1.005,2.00,2.75,22.00,18.24,10.00,0.50,0.70,99.00,0,0,0,0,0,0.00,999.00
17:05:51.245,399765.0749,4091870.6078,global,-46.30,-23.93,1.005,2.00,2.64,22.00,18.26,10.00,0.50,0.70,99.00,0,0,0,0,0,0.00,999.00
17:05:51.295,399765.0749,4091870.6078,global,-47.15,-23.93,1.005,2.00,2.64,22.00,18.26,10.00,0.50,0.70,99.00,0,0,0,0,0,0.00,999.00
17:05:51.346,399765.0749,4091870.6078,global,-48.38,-23.93,1.005,2.00,2.64,22.00,18.26,10.00,0.50,0.70,99.00,0,0,0,0,0,0.00,999.00
17:05:51.395,399765.2433,4091870.5392,global,-49.23,-19.06,1.012,2.00,2.56,22.00,19.17,10.00,0.50,0.70,99.00,0,0,0,0,0,0.00,999.00
17:05:51.445,399765.2433,4091870.5392,global,-50.54,-19.06,1.012,2.00,2.56,22.00,19.17,10.00,0.50,0.70,99.00,0,0,0,0,0,0.00,999.00
17:05:51.495,399765.2433,4091870.5392,global,-51.44,-19.06,1.012,2.00,2.82,22.00,18.14,10.00,0.50,0.70,99.00,0,0,0,0,0,0.00,999.00
17:05:51.545,399765.2433,4091870.5392,global,-52.75,-19.06,1.012,2.00,2.82,22.00,18.14,10.00,0.50,0.70,99.00,0,0,0,0,0,0.00,999.00
17:05:51.596,399765.2433,4091870.5392,global,-53.65,-19.06,1.012,2.00,2.82,22.00,18.14,10.00,0.50,0.70,99.00,0,0,0,0,0,0.00,999.00
17:05:51.645,399765.4205,4091870.4705,global,-55.03,-23.93,0.995,2.00,2.99,22.00,18.24,10.00,0.50,0.70,99.00,0,0,0,0,0,0.00,999.00
17:05:51.695,399765.4205,4091870.4705,global,-55.96,-23.93,0.995,2.00,2.99,22.00,18.24,10.00,0.50,0.70,99.00,0,0,0,0,0,0.00,999.00
17:05:51.745,399765.4205,4091870.4705,global,-57.28,-23.93,0.995,2.00,2.99,22.00,18.24,10.00,0.50,0.70,99.00,0,0,0,0,0,0.00,999.00
17:05:51.795,399765.4205,4091870.4705,global,-58.21,-23.93,0.995,2.00,3.03,22.00,18.15,10.00,0.50,0.70,99.00,0,0,0,0,0,0.00,999.00
17:05:51.845,399765.4205,4091870.4705,global,-59.68,-23.93,0.995,2.00,3.03,22.00,18.15,10.00,0.50,0.70,99.00,0,0,0,0,0,0.00,999.00
17:05:51.895,399765.5883,4091870.3576,global,-60.62,-23.93,0.960,2.00,3.22,22.00,18.14,10.00,0.50,0.70,99.00,0,0,0,0,0,0.00,999.00
17:05:51.945,399765.5883,4091870.3576,global,-62.06,-23.93,0.960,2.00,3.22,22.00,18.14,10.00,0.50,0.70,99.00,0,0,0,0,0,0.00,999.00
17:05:51.995,399765.5883,4091870.3576,global,-63.01,-23.93,0.960,2.00,3.22,22.00,18.17,10.00,0.50,0.70,99.00,0,0,0,0,0,0.00,999.00
17:05:52.045,399765.5883,4091870.3576,global,-64.51,-23.93,0.960,2.00,3.22,21.92,18.17,10.00,0.50,0.70,99.00,0,0,0,0,0,0.00,999.00
17:05:52.095,399765.5883,4091870.3576,global,-65.52,-23.93,0.960,2.00,3.22,20.91,18.17,10.00,0.50,0.70,99.00,0,0,0,0,0,0.00,999.00
17:05:52.145,399765.7556,4091870.2003,global,-66.99,-29.13,0.879,2.00,3.16,22.00,18.09,10.00,0.50,0.70,99.00,0,0,0,0,0,0.00,999.00
17:05:52.195,399765.7556,4091870.2003,global,-67.94,-29.13,0.879,2.00,3.16,21.55,18.09,10.00,0.50,0.70,99.00,0,0,0,0,0,0.00,999.00
17:05:52.245,399765.7556,4091870.2003,global,-69.44,-29.13,0.879,2.00,3.19,20.04,18.13,10.00,0.50,0.70,99.00,0,0,0,0,0,0.00,999.00
17:05:52.295,399765.7556,4091870.2003,global,-70.47,-29.13,0.879,2.00,3.19,19.02,18.13,10.00,0.50,0.70,99.00,0,0,0,0,0,0.00,999.00
17:05:52.345,399765.7556,4091870.2003,global,-71.95,-29.13,0.879,2.00,3.19,17.54,18.13,10.00,0.50,0.70,99.00,0,0,0,0,0,0.00,999.00
17:05:52.395,399765.9409,4091870.0538,global,-72.96,-17.98,0.845,2.00,3.71,3.62,18.07,10.00,0.50,0.70,99.00,0,0,0,0,0,0.00,999.00
17:05:52.445,399765.9409,4091870.0538,global,-74.50,-17.98,0.845,2.00,3.71,2.07,18.07,10.00,0.50,0.70,99.00,0,0,0,0,0,0.00,999.00
17:05:52.495,399765.9409,4091870.0538,global,-75.57,-17.98,0.845,2.00,3.19,1.80,18.07,10.00,0.50,0.70,99.00,0,0,0,0,0,0.00,999.00
17:05:52.545,399765.9409,4091870.0538,global,-77.12,-17.98,0.845,2.00,3.19,0.24,18.07,10.00,0.50,0.70,99.00,0,0,0,0,0,0.00,999.00
17:05:52.596,399766.0901,4091869.8746,global,-78.06,-18.58,0.720,2.00,3.19,-4.27,18.07,10.00,0.50,0.70,99.00,0,0,0,0,0,0.00,999.00
17:05:52.645,399766.0901,4091869.8746,global,-78.93,-18.58,0.720,2.00,3.53,-5.13,2.86,10.00,0.50,0.70,99.00,0,0,0,0,0,0.00,999.00
17:05:52.695,399766.0901,4091869.8746,global,-79.22,-18.58,0.720,2.00,3.53,-5.42,2.86,10.00,0.50,0.70,99.00,0,0,0,0,0,0.00,999.00
17:05:52.745,399766.0901,4091869.8746,global,-79.41,-18.58,0.720,2.00,3.53,-5.61,2.86,10.00,0.50,0.70,99.00,0,0,0,0,0,0.00,999.00
17:05:52.795,399766.0901,4091869.8746,global,-79.25,-18.58,0.720,2.00,3.58,-5.46,-8.50,10.00,0.50,0.70,99.00,0,0,0,0,0,0.00,999.00
17:05:52.845,399766.0901,4091869.8746,global,-78.91,-18.58,0.720,2.00,3.58,-5.11,-8.50,10.00,0.50,0.70,99.00,0,0,0,0,0,0.00,999.00
17:05:52.895,399766.2660,4091869.6950,global,-78.99,-23.24,0.598,2.00,3.39,-5.67,-5.97,10.00,0.50,0.70,99.00,0,0,0,0,0,0.00,999.00
17:05:52.945,399766.2660,4091869.6950,global,-79.04,-23.24,0.598,2.00,3.39,-5.72,-5.97,10.00,0.50,0.70,99.00,0,0,0,0,0,0.00,999.00
17:05:52.995,399766.2660,4091869.6950,global,-79.09,-23.24,0.598,2.00,3.39,-5.77,-5.97,10.00,0.50,0.70,99.00,0,0,0,0,0,0.00,999.00
17:05:53.045,399766.2660,4091869.6950,global,-79.50,-23.24,0.598,2.00,3.85,-8.09,0.00,10.00,0.50,0.70,99.00,0,0,0,0,0,0.00,999.00
17:05:53.095,399766.2660,4091869.6950,global,-79.86,-23.24,0.598,2.00,3.85,-8.45,0.00,10.00,0.50,0.70,99.00,0,0,0,0,0,0.00,999.00
17:05:53.145,399766.4420,4091869.5153,global,-80.22,-23.24,0.502,2.00,3.59,-11.87,-0.28,10.00,0.50,0.70,99.00,0,0,0,0,0,0.00,999.00
17:05:53.195,399766.4420,4091869.5153,global,-80.47,-23.24,0.502,2.00,3.59,-12.11,-0.28,10.00,0.50,0.70,99.00,0,0,0,0,0,0.00,999.00
17:05:53.246,399766.4420,4091869.5153,global,-80.97,-23.24,0.502,2.00,3.59,-12.61,-0.28,10.00,0.50,0.70,99.00,0,0,0,0,0,0.00,999.00
17:05:53.295,399766.4420,4091869.5153,global,-81.08,-23.24,0.502,2.00,3.85,-14.66,-8.08,10.00,0.50,0.70,99.00,0,0,0,0,0,0.00,999.00
17:05:53.345,399766.4420,4091869.5153,global,-80.87,-23.24,0.502,2.00,3.85,-14.45,-8.08,10.00,0.50,0.70,99.00,0,0,0,0,0,0.00,999.00
17:05:53.395,399766.6266,4091869.3134,global,-80.50,-8.28,0.380,2.00,3.79,-22.00,-16.16,10.00,0.50,0.70,99.00,0,0,0,0,0,0.00,999.00
17:05:53.445,399766.6266,4091869.3134,global,-79.70,-8.28,0.380,2.00,3.79,-22.00,-16.16,10.00,0.50,0.70,99.00,0,0,0,0,0,0.00,999.00
17:05:53.495,399766.6266,4091869.3134,global,-78.99,-8.28,0.380,2.00,3.79,-22.00,-16.16,10.00,0.50,0.70,99.00,0,0,0,0,0,0.00,999.00
17:05:53.545,399766.6266,4091869.3134,global,-77.89,-8.28,0.380,2.00,3.85,-22.00,-20.78,10.00,0.50,0.70,99.00,0,0,0,0,0,0.00,999.00
17:05:53.595,399766.6266,4091869.3134,global,-77.14,-8.28,0.380,2.00,3.85,-22.00,-20.78,10.00,0.50,0.70,99.00,0,0,0,0,0,0.00,999.00
17:05:53.645,399766.8206,4091869.1558,global,-75.95,1.63,0.270,2.00,3.79,-22.00,-21.57,10.00,0.50,0.70,99.00,0,0,0,0,0,0.00,999.00
17:05:53.695,399766.8206,4091869.1558,global,-75.15,1.63,0.270,2.00,3.79,-22.00,-21.57,10.00,0.50,0.70,99.00,0,0,0,0,0,0.00,999.00
17:05:53.745,399766.8206,4091869.1558,global,-73.95,1.63,0.270,2.00,3.79,-22.00,-21.57,10.00,0.50,0.70,99.00,0,0,0,0,0,0.00,999.00
17:05:53.795,399766.8206,4091869.1558,global,-73.16,1.63,0.270,2.00,4.15,-22.00,-20.65,10.00,0.50,0.70,99.00,0,0,0,0,0,0.00,999.00
17:05:53.847,399766.8206,4091869.1558,global,-72.04,1.63,0.270,2.00,4.15,-22.00,-20.65,10.00,0.50,0.70,99.00,0,0,0,0,0,0.00,999.00
17:05:53.895,399767.0502,4091868.9978,global,-71.29,6.93,0.117,2.00,4.15,-22.00,-19.86,10.00,0.50,0.70,99.00,0,0,0,0,0,0.00,999.00
17:05:53.945,399767.0502,4091868.9978,global,-70.06,6.93,0.117,2.00,4.15,-22.00,-19.86,10.00,0.50,0.70,99.00,0,0,0,0,0,0.00,999.00
17:05:53.995,399767.0502,4091868.9978,global,-69.31,6.93,0.117,2.00,4.15,-22.00,-19.86,10.00,0.50,0.70,99.00,0,0,0,0,0,0.00,999.00
17:05:54.045,399767.0502,4091868.9978,global,-68.24,6.93,0.117,2.00,3.85,-22.00,-19.88,10.00,0.50,0.70,99.00,0,0,0,0,0,0.00,999.00
17:05:54.095,399767.0502,4091868.9978,global,-67.48,6.93,0.117,2.00,3.85,-22.00,-19.88,10.00,0.50,0.70,99.00,0,0,0,0,0,0.00,999.00
17:05:54.145,399767.2979,4091868.8617,global,-66.30,6.93,-0.048,2.00,4.19,-22.00,-19.91,10.00,0.50,0.70,99.00,0,0,0,0,0,0.00,999.00
17:05:54.195,399767.2979,4091868.8617,global,-65.54,6.93,-0.048,2.00,4.19,-22.00,-19.91,10.00,0.50,0.70,99.00,0,0,0,0,0,0.00,999.00
17:05:54.245,399767.2979,4091868.8617,global,-64.32,6.93,-0.048,2.00,4.19,-22.00,-19.91,10.00,0.50,0.70,99.00,0,0,0,0,0,0.00,999.00
17:05:54.295,399767.2979,4091868.8617,global,-63.52,6.93,-0.048,2.00,4.15,-22.00,-19.95,10.00,0.50,0.70,99.00,0,0,0,0,0,0.00,999.00
17:05:54.346,399767.2979,4091868.8617,global,-62.36,6.93,-0.048,2.00,4.15,-22.00,-19.95,10.00,0.50,0.70,99.00,0,0,0,0,0,0.00,999.00
17:05:54.395,399767.5458,4091868.7478,global,-61.58,15.97,-0.203,2.00,3.99,-22.00,-19.97,10.00,0.50,0.70,99.00,0,0,0,0,0,0.00,999.00
17:05:54.445,399767.5458,4091868.7478,global,-60.37,15.97,-0.203,2.00,3.99,-22.00,-19.97,10.00,0.50,0.70,99.00,0,0,0,0,0,0.00,999.00
17:05:54.495,399767.5458,4091868.7478,global,-59.54,15.97,-0.203,2.00,3.99,-22.00,-19.97,10.00,0.50,0.70,99.00,0,0,0,0,0,0.00,999.00
17:05:54.545,399767.5458,4091868.7478,global,-58.40,15.97,-0.203,2.00,4.24,-22.00,-19.91,10.00,0.50,0.70,99.00,0,0,0,0,0,0.00,999.00
17:05:54.596,399767.5458,4091868.7478,global,-57.59,15.97,-0.203,2.00,4.24,-22.00,-19.91,10.00,0.50,0.70,99.00,0,0,0,0,0,0.00,999.00
17:05:54.645,399767.8028,4091868.6449,global,-56.35,28.61,-0.374,2.00,4.23,-22.00,-19.88,10.00,0.50,0.70,99.00,0,0,0,0,0,0.00,999.00
17:05:54.695,399767.8028,4091868.6449,global,-55.58,28.61,-0.374,2.00,4.23,-22.00,-19.88,10.00,0.50,0.70,99.00,0,0,0,0,0,0.00,999.00
17:05:54.745,399767.8028,4091868.6449,global,-54.42,28.61,-0.374,2.00,4.23,-22.00,-19.88,10.00,0.50,0.70,99.00,0,0,0,0,0,0.00,999.00
17:05:54.795,399767.8028,4091868.6449,global,-53.60,28.61,-0.374,2.00,4.24,-22.00,-19.95,10.00,0.50,0.70,99.00,0,0,0,0,0,0.00,999.00
17:05:54.845,399767.8028,4091868.6449,global,-52.39,28.61,-0.374,2.00,4.24,-22.00,-19.95,10.00,0.50,0.70,99.00,0,0,0,0,0,0.00,999.00
17:05:54.895,399768.0779,4091868.5751,global,-51.63,25.32,-0.568,2.00,4.43,-22.00,-19.95,10.00,0.50,0.70,99.00,0,0,0,0,0,0.00,999.00
17:05:54.945,399768.0779,4091868.5751,global,-50.34,25.32,-0.568,2.00,4.43,-22.00,-19.95,10.00,0.50,0.70,99.00,0,0,0,0,0,0.00,999.00
17:05:54.995,399768.0779,4091868.5751,global,-49.50,25.32,-0.568,2.00,4.43,-22.00,-19.95,10.00,0.50,0.70,99.00,0,0,0,0,0,0.00,999.00
17:05:55.045,399768.0779,4091868.5751,global,-48.31,25.32,-0.568,2.00,4.24,-22.00,-19.92,10.00,0.50,0.70,99.00,0,0,0,0,0,0.00,999.00
17:05:55.095,399768.0779,4091868.5751,global,-47.51,25.32,-0.568,2.00,4.24,-22.00,-19.92,10.00,0.50,0.70,99.00,0,0,0,0,0,0.00,999.00
17:05:55.145,399768.3801,4091868.5271,global,-46.27,30.21,-0.740,2.00,4.43,-22.00,-19.91,10.00,0.50,0.70,99.00,0,0,0,0,0,0.00,999.00
17:05:55.195,399768.3801,4091868.5271,global,-45.46,30.21,-0.740,2.00,4.43,-22.00,-19.91,10.00,0.50,0.70,99.00,0,0,0,0,0,0.00,999.00
17:05:55.245,399768.3801,4091868.5271,global,-44.21,30.21,-0.740,2.00,4.43,-22.00,-19.91,10.00,0.50,0.70,99.00,0,0,0,0,0,0.00,999.00
17:05:55.295,399768.3801,4091868.5271,global,-43.35,30.21,-0.740,2.00,4.26,-22.00,-19.86,10.00,0.50,0.70,99.00,0,0,0,0,0,0.00,999.00
17:05:55.346,399768.3801,4091868.5271,global,-42.19,30.21,-0.740,2.00,4.26,-22.00,-19.86,10.00,0.50,0.70,99.00,0,0,0,0,0,0.00,999.00
17:05:55.395,399768.6737,4091868.5126,global,-41.42,37.74,-0.886,2.00,4.50,-22.00,-19.37,10.00,0.50,0.70,99.00,0,0,0,0,0,0.00,999.00
17:05:55.445,399768.6737,4091868.5126,global,-40.20,37.74,-0.886,2.00,4.50,-22.00,-19.37,10.00,0.50,0.70,99.00,0,0,0,0,0,0.00,999.00
17:05:55.495,399768.6737,4091868.5126,global,-39.39,37.74,-0.886,2.00,4.50,-22.00,-19.37,10.00,0.50,0.70,99.00,0,0,0,0,0,0.00,999.00
17:05:55.545,399768.6737,4091868.5126,global,-38.16,37.74,-0.886,2.00,4.46,-22.00,-19.91,10.00,0.50,0.70,99.00,0,0,0,0,0,0.00,999.00
17:05:55.596,399768.6737,4091868.5126,global,-37.32,37.74,-0.886,2.00,4.46,-22.00,-19.91,10.00,0.50,0.70,99.00,0,0,0,0,0,0.00,999.00
17:05:55.645,399768.9672,4091868.4869,global,-36.09,37.74,-1.086,2.00,4.23,-22.00,-19.83,10.00,0.50,0.70,99.00,0,0,0,0,0,0.00,999.00
17:05:55.701,399768.9672,4091868.4869,global,-36.09,37.74,-1.086,2.00,4.23,-22.00,-19.83,10.00,0.50,0.70,99.00,0,0,0,0,0,0.00,999.00
17:05:55.745,399768.9672,4091868.4869,global,-34.04,37.74,-1.086,2.00,4.61,-22.00,-19.84,10.00,0.50,0.70,99.00,0,0,0,0,0,0.00,999.00
17:05:55.795,399768.9672,4091868.4869,global,-33.20,37.74,-1.086,2.00,4.61,-22.00,-19.84,10.00,0.50,0.70,99.00,0,0,0,0,0,0.00,999.00
17:05:55.845,399768.9672,4091868.4869,global,-31.92,37.74,-1.086,2.00,4.61,-22.00,-19.84,10.00,0.50,0.70,99.00,0,0,0,0,0,0.00,999.00
17:05:55.895,399769.2972,4091868.5385,global,-31.09,42.84,-1.250,2.00,4.67,-22.00,-19.77,10.00,0.50,0.70,99.00,0,0,0,0,0,0.00,999.00
17:05:55.945,399769.2972,4091868.5385,global,-29.79,42.84,-1.250,2.00,4.67,-22.00,-19.77,10.00,0.50,0.70,99.00,0,0,0,0,0,0.00,999.00
17:05:55.995,399769.2972,4091868.5385,global,-28.99,42.84,-1.250,2.00,4.23,-22.00,-19.50,10.00,0.50,0.70,99.00,0,0,0,0,0,0.00,999.00
17:05:56.045,399769.2972,4091868.5385,global,-27.75,42.84,-1.250,2.00,4.23,-22.00,-19.50,10.00,0.50,0.70,99.00,0,0,0,0,0,0.00,999.00
17:05:56.095,399769.2972,4091868.5385,global,-26.90,42.84,-1.250,2.00,4.23,-22.00,-19.50,10.00,0.50,0.70,99.00,0,0,0,0,0,0.00,999.00
17:05:56.146,399769.5917,4091868.5905,global,-25.65,38.33,-1.410,2.00,4.81,-22.00,-19.41,10.00,0.50,0.70,99.00,0,0,0,0,0,0.00,999.00
17:05:56.195,399769.5917,4091868.5905,global,-24.78,38.33,-1.410,2.00,4.81,-22.00,-19.41,10.00,0.50,0.70,99.00,0,0,0,0,0,0.00,999.00
17:05:56.245,399769.5917,4091868.5905,global,-23.52,38.33,-1.410,2.00,4.59,-22.00,-19.42,10.00,0.50,0.70,99.00,0,0,0,0,0,0.00,999.00
17:05:56.295,399769.5917,4091868.5905,global,-22.70,38.33,-1.410,2.00,4.59,-22.00,-19.42,10.00,0.50,0.70,99.00,0,0,0,0,0,0.00,999.00
17:05:56.346,399769.5917,4091868.5905,global,-21.42,38.33,-1.410,2.00,4.59,-22.00,-19.42,10.00,0.50,0.70,99.00,0,0,0,0,0,0.00,999.00
17:05:56.395,399769.9047,4091868.7088,global,-20.56,54.02,-1.502,2.00,4.65,-22.00,-19.80,10.00,0.50,0.70,99.00,0,0,0,0,0,0.00,999.00
17:05:56.445,399769.9047,4091868.7088,global,-19.26,54.02,-1.502,2.00,4.65,-22.00,-19.80,10.00,0.50,0.70,99.00,0,0,0,0,0,0.00,999.00
17:05:56.495,399769.9047,4091868.7088,global,-18.39,54.02,-1.502,2.00,4.65,-22.00,-19.80,10.00,0.50,0.70,99.00,0,0,0,0,0,0.00,999.00
17:05:56.547,399769.9047,4091868.7088,global,-17.01,54.02,-1.502,2.00,4.65,-22.00,-20.00,10.00,0.50,0.70,99.00,0,0,0,0,0,0.00,999.00
17:05:56.596,399769.9047,4091868.7088,global,-16.22,54.02,-1.502,2.00,4.65,-22.00,-20.00,10.00,0.50,0.70,99.00,0,0,0,0,0,0.00,999.00
17:05:56.645,399770.1906,4091868.7942,global,-14.97,54.02,-1.683,2.00,4.79,-22.00,-19.77,10.00,0.50,0.70,99.00,0,0,0,0,0,0.00,999.00
17:05:56.695,399770.1906,4091868.7942,global,-14.11,54.02,-1.683,2.00,4.79,-22.00,-19.77,10.00,0.50,0.70,99.00,0,0,0,0,0,0.00,999.00
17:05:56.745,399770.1906,4091868.7942,global,-12.77,54.02,-1.683,2.00,4.79,-22.00,-19.77,10.00,0.50,0.70,99.00,0,0,0,0,0,0.00,999.00
17:05:56.795,399770.1906,4091868.7942,global,-11.94,54.02,-1.683,2.00,4.68,-22.00,-19.45,10.00,0.50,0.70,99.00,0,0,0,0,0,0.00,999.00
17:05:56.845,399770.1906,4091868.7942,global,-10.66,54.02,-1.683,2.00,4.68,-22.00,-19.45,10.00,0.50,0.70,99.00,0,0,0,0,0,0.00,999.00
17:05:56.895,399770.4774,4091868.9573,global,-9.79,52.08,-1.816,2.00,4.64,-22.00,-19.75,10.00,0.50,0.70,99.00,0,0,0,0,0,0.00,999.00
17:05:56.945,399770.4774,4091868.9573,global,-8.51,52.08,-1.816,2.00,4.64,-22.00,-19.75,10.00,0.50,0.70,99.00,0,0,0,0,0,0.00,999.00
17:05:56.995,399770.4774,4091868.9573,global,-7.65,52.08,-1.816,2.00,5.04,-22.00,-19.78,10.00,0.50,0.70,99.00,0,0,0,0,0,0.00,999.00
17:05:57.045,399770.4774,4091868.9573,global,-6.33,52.08,-1.816,2.00,5.04,-22.00,-19.78,10.00,0.50,0.70,99.00,0,0,0,0,0,0.00,999.00
17:05:57.095,399770.4774,4091868.9573,global,-5.43,52.08,-1.816,2.00,5.04,-22.00,-19.78,10.00,0.50,0.70,99.00,0,0,0,0,0,0.00,999.00
17:05:57.145,399770.7644,4091869.1314,global,-4.11,58.73,-1.943,2.00,4.68,-22.00,-19.82,10.00,0.50,0.70,99.00,0,0,0,0,0,0.00,999.00
17:05:57.195,399770.7644,4091869.1314,global,-3.26,58.73,-1.943,2.00,4.68,-22.00,-19.82,10.00,0.50,0.70,99.00,0,0,0,0,0,0.00,999.00
17:05:57.245,399770.7644,4091869.1314,global,-1.96,58.73,-1.943,2.00,4.99,-22.00,-19.58,10.00,0.50,0.70,99.00,0,0,0,0,0,0.00,999.00
17:05:57.295,399770.7644,4091869.1314,global,-1.08,58.73,-1.943,2.00,4.99,-22.00,-19.58,10.00,0.50,0.70,99.00,0,0,0,0,0,0.00,999.00
17:05:57.348,399770.7644,4091869.1314,global,0.34,58.73,-1.943,2.00,4.99,-22.00,-19.58,10.00,0.50,0.70,99.00,0,0,0,0,0,0.00,999.00
17:05:57.395,399771.0340,4091869.3501,global,1.22,59.50,-2.032,2.00,4.82,-22.00,-19.85,10.00,0.50,0.70,99.00,0,0,0,0,0,0.00,999.00
17:05:57.445,399771.0340,4091869.3501,global,2.66,59.50,-2.032,2.00,4.82,-22.00,-19.85,10.00,0.50,0.70,99.00,0,0,0,0,0,0.00,999.00
17:05:57.495,399771.0340,4091869.3501,global,3.55,59.50,-2.032,2.00,4.82,-22.00,-19.85,10.00,0.50,0.70,99.00,0,0,0,0,0,0.00,999.00
17:05:57.545,399771.0340,4091869.3501,global,4.91,59.50,-2.032,2.00,5.02,-22.00,-19.43,10.00,0.50,0.70,99.00,0,0,0,0,0,0.00,999.00
17:05:57.595,399771.0340,4091869.3501,global,5.80,59.50,-2.032,2.00,5.02,-22.00,-19.43,10.00,0.50,0.70,99.00,0,0,0,0,0,0.00,999.00
17:05:57.645,399771.2771,4091869.5802,global,7.22,59.50,-2.125,2.00,5.19,-22.00,-19.74,10.00,0.50,0.70,99.00,0,0,0,0,0,0.00,999.00
17:05:57.695,399771.2771,4091869.5802,global,8.14,59.50,-2.125,2.00,5.19,-22.00,-19.74,10.00,0.50,0.70,99.00,0,0,0,0,0,0.00,999.00
17:05:57.745,399771.2771,4091869.5802,global,9.51,59.50,-2.125,2.00,5.19,-22.00,-19.74,10.00,0.50,0.70,99.00,0,0,0,0,0,0.00,999.00
17:05:57.795,399771.2771,4091869.5802,global,10.42,59.50,-2.125,2.00,4.95,-22.00,-19.69,10.00,0.50,0.70,99.00,0,0,0,0,0,0.00,999.00
17:05:57.846,399771.2771,4091869.5802,global,11.81,59.50,-2.125,2.00,4.95,-22.00,-19.69,10.00,0.50,0.70,99.00,0,0,0,0,0,0.00,999.00
17:05:57.895,399771.5116,4091869.8327,global,12.78,65.13,-2.205,2.00,5.14,-22.00,-19.75,10.00,0.50,0.70,99.00,0,0,0,0,0,0.00,999.00
17:05:57.945,399771.5116,4091869.8327,global,14.23,65.13,-2.205,2.00,5.14,-22.00,-19.75,10.00,0.50,0.70,99.00,0,0,0,0,0,0.00,999.00
17:05:57.995,399771.5116,4091869.8327,global,15.17,65.13,-2.205,2.00,5.14,-22.00,-19.75,10.00,0.50,0.70,99.00,0,0,0,0,0,0.00,999.00
17:05:58.045,399771.5116,4091869.8327,global,16.72,65.13,-2.205,2.00,5.26,-22.00,-19.40,10.00,0.50,0.70,99.00,0,0,0,0,0,0.00,999.00
17:05:58.095,399771.5116,4091869.8327,global,17.77,65.13,-2.205,2.00,5.26,-22.00,-19.40,10.00,0.50,0.70,99.00,0,0,0,0,0,0.00,999.00
17:05:58.146,399771.7018,4091870.1078,global,19.19,65.83,-2.262,2.00,5.19,-22.00,-19.67,10.00,0.50,0.70,99.00,0,0,0,0,0,0.00,999.00
17:05:58.195,399771.7018,4091870.1078,global,20.16,65.83,-2.262,2.00,5.19,-22.00,-19.67,10.00,0.50,0.70,99.00,0,0,0,0,0,0.00,999.00
17:05:58.245,399771.7018,4091870.1078,global,21.68,65.83,-2.262,2.00,5.19,-22.00,-19.67,10.00,0.50,0.70,99.00,0,0,0,0,0,0.00,999.00
17:05:58.295,399771.7018,4091870.1078,global,22.60,65.83,-2.262,2.00,5.23,-22.00,-19.43,10.00,0.50,0.70,99.00,0,0,0,0,0,0.00,999.00
17:05:58.345,399771.7018,4091870.1078,global,23.98,65.83,-2.262,2.00,5.23,-22.00,-19.43,10.00,0.50,0.70,99.00,0,0,0,0,0,0.00,999.00
17:05:58.395,399771.8746,4091870.4164,global,25.00,61.18,-2.292,2.00,5.50,-22.00,-19.78,10.00,0.50,0.70,99.00,0,0,0,0,0,0.00,999.00
17:05:58.445,399771.8746,4091870.4164,global,26.49,61.18,-2.292,2.00,5.50,-22.00,-19.78,10.00,0.50,0.70,99.00,0,0,0,0,0,0.00,999.00
17:05:58.495,399771.8746,4091870.4164,global,27.50,61.18,-2.292,2.00,5.19,-22.00,-19.73,10.00,0.50,0.70,99.00,0,0,0,0,0,0.00,999.00
17:05:58.545,399771.8746,4091870.4164,global,28.95,61.18,-2.292,2.00,5.19,-22.00,-19.73,10.00,0.50,0.70,99.00,0,0,0,0,0,0.00,999.00
17:05:58.596,399771.8746,4091870.4164,global,29.94,61.18,-2.292,2.00,5.19,-22.00,-19.73,10.00,0.50,0.70,99.00,0,0,0,0,0,0.00,999.00
17:05:58.646,399772.0035,4091870.7700,global,31.35,69.88,-2.217,2.00,5.60,-22.00,-19.83,10.00,0.50,0.70,99.00,0,0,0,0,0,0.00,999.00
17:05:58.695,399772.0035,4091870.7700,global,32.34,69.88,-2.217,2.00,5.60,-22.00,-19.83,10.00,0.50,0.70,99.00,0,0,0,0,0,0.00,999.00
17:05:58.745,399772.0035,4091870.7700,global,33.75,69.88,-2.217,2.00,5.60,-22.00,-19.83,10.00,0.50,0.70,99.00,0,0,0,0,0,0.00,999.00
17:05:58.795,399772.0035,4091870.7700,global,34.68,69.88,-2.217,2.00,5.19,-22.00,-19.73,10.00,0.50,0.70,99.00,0,0,0,0,0,0.00,999.00
17:05:58.845,399772.0035,4091870.7700,global,36.09,69.88,-2.217,2.00,5.19,-22.00,-19.73,10.00,0.50,0.70,99.00,0,0,0,0,0,0.00,999.00
17:05:58.895,399772.1232,4091871.1125,global,37.02,69.88,-2.211,2.00,5.79,-22.00,-19.71,10.00,0.50,0.70,99.00,0,0,0,0,0,0.00,999.00
17:05:58.945,399772.1232,4091871.1125,global,38.32,69.88,-2.211,2.00,5.79,-22.00,-19.71,10.00,0.50,0.70,99.00,0,0,0,0,0,0.00,999.00
17:05:58.995,399772.1232,4091871.1125,global,39.36,69.88,-2.211,2.00,5.79,-22.00,-19.71,10.00,0.50,0.70,99.00,0,0,0,0,0,0.00,999.00
17:05:59.061,399772.1232,4091871.1125,global,39.85,69.88,-2.211,2.00,5.79,-22.00,-19.71,10.00,0.50,0.70,99.00,0,0,0,0,0,0.00,999.00
17:05:59.095,399772.1232,4091871.1125,global,41.64,69.88,-2.211,2.00,5.23,-22.00,-19.38,10.00,0.50,0.70,99.00,0,0,0,0,0,0.00,999.00
17:05:59.145,399772.1808,4091871.4669,global,42.98,67.46,-2.136,2.00,5.64,-22.00,-19.73,10.00,0.50,0.70,99.00,0,0,0,0,0,0.00,999.00
17:05:59.195,399772.1808,4091871.4669,global,43.97,67.46,-2.136,2.00,5.64,-22.00,-19.73,10.00,0.50,0.70,99.00,0,0,0,0,0,0.00,999.00
17:05:59.245,399772.1808,4091871.4669,global,45.59,67.46,-2.136,2.00,5.64,-22.00,-19.73,10.00,0.50,0.70,99.00,0,0,0,0,0,0.00,999.00
17:05:59.295,399772.1808,4091871.4669,global,46.63,67.46,-2.136,2.00,5.33,-22.00,-19.62,10.00,0.50,0.70,99.00,0,0,0,0,0,0.00,999.00
17:05:59.347,399772.1808,4091871.4669,global,48.12,67.46,-2.136,2.00,5.33,-22.00,-19.62,10.00,0.50,0.70,99.00,0,0,0,0,0,0.00,999.00
17:05:59.395,399772.2209,4091871.8436,global,49.07,67.46,-2.028,2.00,5.34,-22.00,-19.71,10.00,0.50,0.70,99.00,0,0,0,0,0,0.00,999.00
17:05:59.445,399772.2209,4091871.8436,global,50.55,67.46,-2.028,2.00,5.34,-22.00,-19.71,10.00,0.50,0.70,99.00,0,0,0,0,0,0.00,999.00
17:05:59.495,399772.2209,4091871.8436,global,51.56,67.46,-2.028,2.00,5.34,-22.00,-19.71,10.00,0.50,0.70,99.00,0,0,0,0,0,0.00,999.00
17:05:59.545,399772.2209,4091871.8436,global,53.09,67.46,-2.028,2.00,5.68,-22.00,-19.50,10.00,0.50,0.70,99.00,0,0,0,0,0,0.00,999.00
17:05:59.596,399772.2209,4091871.8436,global,54.08,67.46,-2.028,2.00,5.68,-22.00,-19.50,10.00,0.50,0.70,99.00,0,0,0,0,0,0.00,999.00
17:05:59.645,399772.2254,4091872.2208,global,55.51,72.17,-1.886,2.00,5.19,-22.00,-19.88,10.00,0.50,0.70,99.00,0,0,0,0,0,0.00,999.00
17:05:59.695,399772.2254,4091872.2208,global,56.48,72.17,-1.886,2.00,5.19,-22.00,-19.88,10.00,0.50,0.70,99.00,0,0,0,0,0,0.00,999.00
17:05:59.745,399772.2254,4091872.2208,global,58.03,72.17,-1.886,2.00,5.19,-22.00,-19.88,10.00,0.50,0.70,99.00,0,0,0,0,0,0.00,999.00
17:05:59.795,399772.2254,4091872.2208,global,58.97,72.17,-1.886,2.00,5.64,-22.00,-19.72,10.00,0.50,0.70,99.00,0,0,0,0,0,0.00,999.00
17:05:59.845,399772.2254,4091872.2208,global,60.38,72.17,-1.886,2.00,5.64,-22.00,-19.72,10.00,0.50,0.70,99.00,0,0,0,0,0,0.00,999.00
17:05:59.895,399772.1585,4091872.5878,global,61.30,72.17,-1.710,2.00,5.59,-22.00,-19.92,10.00,0.50,0.70,99.00,0,0,0,0,0,0.00,999.00
17:05:59.945,399772.1585,4091872.5878,global,62.72,72.17,-1.710,2.00,5.59,-22.00,-19.92,10.00,0.50,0.70,99.00,0,0,0,0,0,0.00,999.00
17:05:59.995,399772.1585,4091872.5878,global,63.68,72.17,-1.710,2.00,5.59,-22.00,-19.92,10.00,0.50,0.70,99.00,0,0,0,0,0,0.00,999.00
17:06:00.045,399772.1585,4091872.5878,global,65.17,72.17,-1.710,2.00,5.36,-22.00,-19.72,10.00,0.50,0.70,99.00,0,0,0,0,0,0.00,999.00
17:06:00.095,399772.1585,4091872.5878,global,66.11,72.17,-1.710,2.00,5.36,-22.00,-19.72,10.00,0.50,0.70,99.00,0,0,0,0,0,0.00,999.00
17:06:00.146,399772.0738,4091872.9549,global,67.51,72.77,-1.516,2.00,5.59,-22.00,-19.75,10.00,0.50,0.70,99.00,0,0,0,0,0,0.00,999.00
17:06:00.195,399772.0738,4091872.9549,global,68.46,72.77,-1.516,2.00,5.59,-22.00,-19.75,10.00,0.50,0.70,99.00,0,0,0,0,0,0.00,999.00
17:06:00.245,399772.0738,4091872.9549,global,69.91,72.77,-1.516,2.00,5.59,-22.00,-19.75,10.00,0.50,0.70,99.00,0,0,0,0,0,0.00,999.00
17:06:00.295,399772.0738,4091872.9549,global,70.83,72.77,-1.516,2.00,5.23,-22.00,-19.74,10.00,0.50,0.70,99.00,0,0,0,0,0,0.00,999.00
17:06:00.346,399772.0738,4091872.9549,global,72.23,72.77,-1.516,2.00,5.23,-22.00,-19.74,10.00,0.50,0.70,99.00,0,0,0,0,0,0.00,999.00
17:06:00.395,399771.9532,4091873.3003,global,73.26,74.92,-1.294,2.00,5.53,-22.00,-19.46,10.00,0.50,0.70,99.00,0,0,0,0,0,0.00,999.00
17:06:00.445,399771.9532,4091873.3003,global,74.62,74.92,-1.294,2.00,5.53,-22.00,-19.46,10.00,0.50,0.70,99.00,0,0,0,0,0,0.00,999.00
17:06:00.495,399771.9532,4091873.3003,global,75.55,74.92,-1.294,2.00,5.53,-22.00,-19.46,10.00,0.50,0.70,99.00,0,0,0,0,0,0.00,999.00
17:06:00.545,399771.9532,4091873.3003,global,77.02,74.92,-1.294,2.00,5.68,-22.00,-19.75,10.00,0.50,0.70,99.00,0,0,0,0,0,0.00,999.00
17:06:00.597,399771.9532,4091873.3003,global,78.20,74.92,-1.294,2.00,5.68,-22.00,-19.75,10.00,0.50,0.70,99.00,0,0,0,0,0,0.00,999.00
17:06:00.647,399771.7969,4091873.6350,global,79.63,74.35,-1.058,2.00,4.99,-22.00,-19.74,10.00,0.50,0.70,99.00,0,0,0,0,0,0.00,999.00
17:06:00.695,399771.7969,4091873.6350,global,80.45,74.35,-1.058,2.00,4.99,-22.00,-19.74,10.00,0.50,0.70,99.00,0,0,0,0,0,0.00,999.00
17:06:00.745,399771.7969,4091873.6350,global,81.99,74.35,-1.058,2.00,4.99,-22.00,-19.74,10.00,0.50,0.70,99.00,0,0,0,0,0,0.00,999.00
17:06:00.795,399771.7969,4091873.6350,global,82.92,74.35,-1.058,2.00,5.78,-22.00,-19.68,10.00,0.50,0.70,99.00,0,0,0,0,0,0.00,999.00
17:06:00.845,399771.7969,4091873.6350,global,84.22,74.35,-1.058,2.00,5.78,-22.00,-19.68,10.00,0.50,0.70,99.00,0,0,0,0,0,0.00,999.00
17:06:00.895,399771.6137,4091873.9479,global,85.19,74.35,-0.797,2.00,5.19,-22.00,-19.71,10.00,0.50,0.70,99.00,0,0,0,0,0,0.00,999.00
17:06:00.945,399771.6137,4091873.9479,global,86.76,74.35,-0.797,2.00,5.19,-22.00,-19.71,10.00,0.50,0.70,99.00,0,0,0,0,0,0.00,999.00
17:06:00.995,399771.6137,4091873.9479,global,87.74,74.35,-0.797,2.00,5.19,-22.00,-19.71,10.00,0.50,0.70,99.00,0,0,0,0,0,0.00,999.00
17:06:01.045,399771.6137,4091873.9479,global,89.02,74.35,-0.797,2.00,5.64,-22.00,-19.70,10.00,0.50,0.70,99.00,0,0,0,0,0,0.00,999.00
17:06:01.095,399771.6137,4091873.9479,global,89.99,74.35,-0.797,2.00,5.64,-22.00,-19.70,10.00,0.50,0.70,99.00,0,0,0,0,0,0.00,999.00
17:06:01.145,399771.3856,4091874.2390,global,91.51,78.99,-0.502,2.00,5.19,-22.00,-19.73,10.00,0.50,0.70,99.00,0,0,0,0,0,0.00,999.00
17:06:01.195,399771.3856,4091874.2390,global,92.45,78.99,-0.502,2.00,5.19,-21.42,-19.73,10.00,0.50,0.70,99.00,0,0,0,0,0,0.00,999.00
17:06:01.245,399771.3856,4091874.2390,global,93.96,78.99,-0.502,2.00,5.19,-19.91,-19.73,10.00,0.50,0.70,99.00,0,0,0,0,0,0.00,999.00
17:06:01.295,399771.3856,4091874.2390,global,95.05,78.99,-0.502,2.00,5.40,-17.75,-19.85,10.00,0.50,0.70,99.00,0,0,0,0,0,0.00,999.00
17:06:01.345,399771.3856,4091874.2390,global,96.49,78.99,-0.502,2.00,5.40,-16.31,-19.85,10.00,0.50,0.70,99.00,0,0,0,0,0,0.00,999.00
17:06:01.395,399771.1395,4091874.5082,global,97.34,81.71,-0.209,2.00,5.34,-0.10,-19.74,10.00,0.50,0.70,99.00,0,0,0,0,0,0.00,999.00
17:06:01.445,399771.1395,4091874.5082,global,98.73,81.71,-0.209,2.00,5.34,1.29,-19.74,10.00,0.50,0.70,99.00,0,0,0,0,0,0.00,999.00
17:06:01.495,399771.1395,4091874.5082,global,99.70,81.71,-0.209,2.00,5.34,2.25,-19.74,10.00,0.50,0.70,99.00,0,0,0,0,0,0.00,999.00
17:06:01.545,399771.1395,4091874.5082,global,100.90,81.71,-0.209,2.00,4.68,1.37,-9.60,10.00,0.50,0.70,99.00,0,0,0,0,0,0.00,999.00
17:06:01.595,399771.1395,4091874.5082,global,101.15,81.71,-0.209,2.00,4.68,1.62,-9.60,10.00,0.50,0.70,99.00,0,0,0,0,0,0.00,999.00
17:06:01.645,399770.8662,4091874.7334,global,100.82,87.03,0.103,2.00,6.59,20.23,2.77,10.00,0.50,0.70,99.00,0,0,0,0,0,0.00,999.00
17:06:01.695,399770.8662,4091874.7334,global,100.09,87.03,0.103,2.00,6.59,19.50,2.77,10.00,0.50,0.70,99.00,0,0,0,0,0,0.00,999.00
17:06:01.745,399770.8662,4091874.7334,global,98.44,87.03,0.103,2.00,6.59,17.85,2.77,10.00,0.50,0.70,99.00,0,0,0,0,0,0.00,999.00
17:06:01.795,399770.8662,4091874.7334,global,96.99,87.03,0.103,2.00,5.09,18.27,19.48,10.00,0.50,0.70,99.00,0,0,0,0,0,0.00,999.00
17:06:01.845,399770.8662,4091874.7334,global,94.38,87.03,0.103,2.00,5.09,15.66,19.48,10.00,0.50,0.70,99.00,0,0,0,0,0,0.00,999.00
17:06:01.895,399770.6202,4091875.0137,global,92.29,98.91,0.365,2.00,5.59,18.59,21.99,10.00,0.50,0.70,99.00,0,0,0,0,0,0.00,999.00
17:06:01.946,399770.6202,4091875.0137,global,89.17,98.91,0.365,2.00,5.59,15.47,21.99,10.00,0.50,0.70,99.00,0,0,0,0,0,0.00,999.00
17:06:01.995,399770.6202,4091875.0137,global,87.26,98.91,0.365,2.00,5.59,13.56,14.47,10.00,0.50,0.70,99.00,0,0,0,0,0,0.00,999.00
17:06:02.045,399770.6202,4091875.0137,global,85.30,98.91,0.365,2.00,5.59,11.60,14.47,10.00,0.50,0.70,99.00,0,0,0,0,0,0.00,999.00
17:06:02.095,399770.6202,4091875.0137,global,84.41,98.91,0.365,2.00,5.59,10.71,14.47,10.00,0.50,0.70,99.00,0,0,0,0,0,0.00,999.00
17:06:02.148,399770.4727,4091875.3372,global,83.22,108.95,0.440,2.00,5.30,5.13,5.10,10.00,0.50,0.70,99.00,0,0,0,0,0,0.00,999.00
17:06:02.196,399770.4727,4091875.3372,global,82.46,108.95,0.440,2.00,5.30,4.37,5.10,10.00,0.50,0.70,99.00,0,0,0,0,0,0.00,999.00
17:06:02.245,399770.4727,4091875.3372,global,81.28,108.95,0.440,2.00,5.24,3.47,4.81,10.00,0.50,0.70,99.00,0,0,0,0,0,0.00,999.00
17:06:02.295,399770.4727,4091875.3372,global,80.51,108.95,0.440,2.00,5.24,2.70,4.81,10.00,0.50,0.70,99.00,0,0,0,0,0,0.00,999.00
17:06:02.345,399770.4727,4091875.3372,global,79.44,108.95,0.440,2.00,5.24,1.63,4.81,10.00,0.50,0.70,99.00,0,0,0,0,0,0.00,999.00
17:06:02.395,399770.3166,4091875.6941,global,78.89,124.40,0.424,2.00,5.19,-15.02,3.17,10.00,0.50,0.70,99.00,0,0,0,0,0,0.00,999.00
17:06:02.445,399770.3166,4091875.6941,global,78.07,124.40,0.424,2.00,5.19,-15.84,3.17,10.00,0.50,0.70,99.00,0,0,0,0,0,0.00,999.00
17:06:02.495,399770.3166,4091875.6941,global,77.43,124.40,0.424,2.00,5.24,-16.72,3.16,10.00,0.50,0.70,99.00,0,0,0,0,0,0.00,999.00
17:06:02.545,399770.3166,4091875.6941,global,76.47,124.40,0.424,2.00,5.24,-17.68,3.16,10.00,0.50,0.70,99.00,0,0,0,0,0,0.00,999.00
17:06:02.595,399770.3166,4091875.6941,global,76.12,124.40,0.424,2.00,5.24,-18.03,3.16,10.00,0.50,0.70,99.00,0,0,0,0,0,0.00,999.00
17:06:02.645,399770.1961,4091876.0395,global,76.35,139.60,0.247,2.00,5.33,-22.00,-12.38,10.00,0.50,0.70,99.00,0,0,0,0,0,0.00,999.00
17:06:02.695,399770.1961,4091876.0395,global,76.96,139.60,0.247,2.00,5.33,-22.00,-12.38,10.00,0.50,0.70,99.00,0,0,0,0,0,0.00,999.00
17:06:02.745,399770.1961,4091876.0395,global,78.22,139.60,0.247,2.00,5.19,-22.00,-22.00,10.00,0.50,0.70,99.00,0,0,0,0,0,0.00,999.00
17:06:02.795,399770.1961,4091876.0395,global,79.47,139.60,0.247,2.00,5.19,-22.00,-22.00,10.00,0.50,0.70,99.00,0,0,0,0,0,0.00,999.00
17:06:02.845,399770.1961,4091876.0395,global,81.80,139.60,0.247,2.00,5.19,-22.00,-22.00,10.00,0.50,0.70,99.00,0,0,0,0,0,0.00,999.00
17:06:02.895,399770.0217,4091876.3522,global,83.29,149.79,0.116,2.00,5.47,-22.00,-20.08,10.00,0.50,0.70,99.00,0,0,0,0,0,0.00,999.00
17:06:02.945,399770.0217,4091876.3522,global,84.86,149.79,0.116,2.00,5.47,-22.00,-20.08,10.00,0.50,0.70,99.00,0,0,0,0,0,0.00,999.00
17:06:02.995,399770.0217,4091876.3522,global,85.41,149.79,0.116,2.00,5.47,-22.00,-20.08,10.00,0.50,0.70,99.00,0,0,0,0,0,0.00,999.00
17:06:03.045,399770.0217,4091876.3522,global,85.95,149.79,0.116,2.00,5.33,-22.00,-12.14,10.00,0.50,0.70,99.00,0,0,0,0,0,0.00,999.00
17:06:03.095,399770.0217,4091876.3522,global,86.26,149.79,0.116,2.00,5.33,-22.00,-12.14,10.00,0.50,0.70,99.00,0,0,0,0,0,0.00,999.00
17:06:03.146,399769.8205,4091876.6541,global,86.87,152.31,-0.046,2.00,5.44,-22.00,-12.26,10.00,0.50,0.70,99.00,0,0,0,0,0,0.00,999.00
17:06:03.195,399769.8205,4091876.6541,global,87.24,152.31,-0.046,2.00,5.44,-22.00,-12.26,10.00,0.50,0.70,99.00,0,0,0,0,0,0.00,999.00
17:06:03.245,399769.8205,4091876.6541,global,88.15,152.31,-0.046,2.00,5.44,-22.00,-12.26,10.00,0.50,0.70,99.00,0,0,0,0,0,0.00,999.00
17:06:03.295,399769.8205,4091876.6541,global,89.19,152.31,-0.046,2.00,5.23,-22.00,-21.67,10.00,0.50,0.70,99.00,0,0,0,0,0,0.00,999.00
17:06:03.345,399769.8205,4091876.6541,global,91.05,152.31,-0.046,2.00,5.23,-22.00,-21.67,10.00,0.50,0.70,99.00,0,0,0,0,0,0.00,999.00
17:06:03.395,399769.5925,4091876.9453,global,92.54,145.30,-0.190,2.00,5.44,-22.00,-22.00,10.00,0.50,0.70,99.00,0,0,0,0,0,0.00,999.00
17:06:03.445,399769.5925,4091876.9453,global,95.17,145.30,-0.190,2.00,5.44,-22.00,-22.00,10.00,0.50,0.70,99.00,0,0,0,0,0,0.00,999.00
17:06:03.495,399769.5925,4091876.9453,global,97.14,145.30,-0.190,2.00,5.19,-22.00,-21.98,10.00,0.50,0.70,99.00,0,0,0,0,0,0.00,999.00
17:06:03.560,399769.5925,4091876.9453,global,98.10,145.30,-0.190,2.00,5.19,-22.00,-21.98,10.00,0.50,0.70,99.00,0,0,0,0,0,0.00,999.00
17:06:03.595,399769.5925,4091876.9453,global,101.09,145.30,-0.190,2.00,5.58,-22.00,-21.82,10.00,0.50,0.70,99.00,0,0,0,0,0,0.00,999.00
17:06:03.646,399769.3278,4091877.1482,global,102.73,153.24,-0.204,2.00,5.58,-22.00,-21.82,10.00,0.50,0.70,99.00,0,0,0,0,0,0.00,999.00
17:06:03.695,399769.3278,4091877.1482,global,103.81,153.24,-0.204,2.00,5.58,-22.00,-21.82,10.00,0.50,0.70,99.00,0,0,0,0,0,0.00,999.00
17:06:03.745,399769.3278,4091877.1482,global,105.50,153.24,-0.204,2.00,5.47,-22.00,-22.00,10.00,0.50,0.70,99.00,0,0,0,0,0,0.00,999.00
17:06:03.795,399769.3278,4091877.1482,global,106.61,153.24,-0.204,2.00,5.47,-22.00,-22.00,10.00,0.50,0.70,99.00,0,0,0,0,0,0.00,999.00
17:06:03.845,399769.3278,4091877.1482,global,108.36,153.24,-0.204,2.00,5.39,-22.00,-21.62,10.00,0.50,0.70,99.00,0,0,0,0,0,0.00,999.00
17:06:03.896,399769.0275,4091877.3514,global,109.49,154.55,-0.248,2.00,5.39,-22.00,-21.62,10.00,0.50,0.70,99.00,0,0,0,0,0,0.00,999.00
17:06:03.945,399769.0275,4091877.3514,global,111.15,154.55,-0.248,2.00,5.04,-22.00,-22.00,10.00,0.50,0.70,99.00,0,0,0,0,0,0.00,999.00
17:06:03.995,399769.0275,4091877.3514,global,112.28,154.55,-0.248,2.00,5.04,-22.00,-22.00,10.00,0.50,0.70,99.00,0,0,0,0,0,0.00,999.00
17:06:04.046,399769.0275,4091877.3514,global,113.95,154.55,-0.248,2.00,5.04,-22.00,-22.00,10.00,0.50,0.70,99.00,0,0,0,0,0,0.00,999.00
17:06:04.095,399769.0275,4091877.3514,global,115.12,154.55,-0.248,2.00,5.50,-22.00,-22.00,10.00,0.50,0.70,99.00,0,0,0,0,0,0.00,999.00
17:06:04.145,399768.7088,4091877.5105,global,116.75,156.07,-0.256,2.00,5.50,-22.00,-22.00,10.00,0.50,0.70,99.00,0,0,0,0,0,0.00,999.00
17:06:04.195,399768.7088,4091877.5105,global,117.80,156.07,-0.256,2.00,4.84,-22.00,-21.75,10.00,0.50,0.70,99.00,0,0,0,0,0,0.00,999.00
17:06:04.245,399768.7088,4091877.5105,global,119.47,156.07,-0.256,2.00,4.84,-22.00,-21.75,10.00,0.50,0.70,99.00,0,0,0,0,0,0.00,999.00
17:06:04.295,399768.7088,4091877.5105,global,120.64,156.07,-0.256,2.00,4.84,-22.00,-21.75,10.00,0.50,0.70,99.00,0,0,0,0,0,0.00,999.00
17:06:04.348,399768.7088,4091877.5105,global,122.32,156.07,-0.256,2.00,5.78,-22.00,-22.00,10.00,0.50,0.70,99.00,0,0,0,0,0,0.00,999.00
17:06:04.395,399768.3719,4091877.6255,global,123.38,160.35,-0.231,2.00,5.78,-22.00,-22.00,10.00,0.50,0.70,99.00,0,0,0,0,0,0.00,999.00
17:06:04.445,399768.3719,4091877.6255,global,125.05,160.35,-0.231,2.00,4.79,-22.00,-21.55,10.00,0.50,0.70,99.00,0,0,0,0,0,0.00,999.00
17:06:04.495,399768.3719,4091877.6255,global,126.19,160.35,-0.231,2.00,4.79,-22.00,-21.55,10.00,0.50,0.70,99.00,0,0,0,0,0,0.00,999.00
17:06:04.545,399768.3719,4091877.6255,global,127.87,160.35,-0.231,2.00,5.29,-22.00,-22.00,10.00,0.50,0.70,99.00,0,0,0,0,0,0.00,999.00
17:06:04.595,399768.3719,4091877.6255,global,129.00,160.35,-0.231,2.00,5.29,-22.00,-22.00,10.00,0.50,0.70,99.00,0,0,0,0,0,0.00,999.00
17:06:04.645,399768.0167,4091877.7073,global,130.60,165.33,-0.166,2.00,5.29,-22.00,-22.00,10.00,0.50,0.70,99.00,0,0,0,0,0,0.00,999.00
17:06:04.695,399768.0167,4091877.7073,global,131.70,165.33,-0.166,2.00,5.53,-22.00,-21.70,10.00,0.50,0.70,99.00,0,0,0,0,0,0.00,999.00
17:06:04.745,399768.0167,4091877.7073,global,133.31,165.33,-0.166,2.00,5.53,-22.00,-21.70,10.00,0.50,0.70,99.00,0,0,0,0,0,0.00,999.00
17:06:04.795,399768.0167,4091877.7073,global,134.42,165.33,-0.166,2.00,5.42,-22.00,-22.00,10.00,0.50,0.70,99.00,0,0,0,0,0,0.00,999.00
17:06:04.845,399768.0167,4091877.7073,global,136.07,165.33,-0.166,2.00,5.42,-22.00,-22.00,10.00,0.50,0.70,99.00,0,0,0,0,0,0.00,999.00
17:06:04.895,399767.6609,4091877.7337,global,137.21,167.59,-0.100,2.00,5.42,-22.00,-22.00,10.00,0.50,0.70,99.00,0,0,0,0,0,0.00,999.00
17:06:04.945,399767.6609,4091877.7337,global,138.83,167.59,-0.100,2.00,5.16,-22.00,-21.61,10.00,0.50,0.70,99.00,0,0,0,0,0,0.00,999.00
17:06:04.995,399767.6609,4091877.7337,global,139.92,167.59,-0.100,2.00,5.16,-22.00,-21.61,10.00,0.50,0.70,99.00,0,0,0,0,0,0.00,999.00
17:06:05.045,399767.6609,4091877.7337,global,141.49,167.59,-0.100,2.00,5.70,-22.00,-21.98,10.00,0.50,0.70,99.00,0,0,0,0,0,0.00,999.00
17:06:05.095,399767.6609,4091877.7337,global,142.60,167.59,-0.100,2.00,5.70,-22.00,-21.98,10.00,0.50,0.70,99.00,0,0,0,0,0,0.00,999.00
17:06:05.145,399767.3047,4091877.7268,global,144.30,159.06,-0.012,2.00,4.99,-15.71,-21.73,10.00,0.50,0.70,99.00,0,0,0,0,0,0.00,999.00
17:06:05.195,399767.3047,4091877.7268,global,145.39,159.06,-0.012,2.00,4.99,-14.62,-21.73,10.00,0.50,0.70,99.00,0,0,0,0,0,0.00,999.00
17:06:05.245,399767.3047,4091877.7268,global,146.99,159.06,-0.012,2.00,4.99,-13.02,-21.73,10.00,0.50,0.70,99.00,0,0,0,0,0,0.00,999.00
17:06:05.295,399767.3047,4091877.7268,global,148.00,159.06,-0.012,2.00,5.50,-11.92,-20.76,10.00,0.50,0.70,99.00,0,0,0,0,0,0.00,999.00
17:06:05.345,399767.3047,4091877.7268,global,149.66,159.06,-0.012,2.00,5.50,-10.26,-20.76,10.00,0.50,0.70,99.00,0,0,0,0,0,0.00,999.00
17:06:05.395,399766.9391,4091877.6757,global,150.59,167.96,0.149,2.00,5.85,-6.94,-15.62,10.00,0.50,0.70,99.00,0,0,0,0,0,0.00,999.00
17:06:05.445,399766.9391,4091877.6757,global,151.66,167.96,0.149,2.00,5.85,-5.86,-15.62,10.00,0.50,0.70,99.00,0,0,0,0,0,0.00,999.00
17:06:05.495,399766.9391,4091877.6757,global,152.05,167.96,0.149,2.00,4.43,-2.27,-9.99,10.00,0.50,0.70,99.00,0,0,0,0,0,0.00,999.00
17:06:05.545,399766.9391,4091877.6757,global,152.43,167.96,0.149,2.00,4.43,-1.88,-9.99,10.00,0.50,0.70,99.00,0,0,0,0,0,0.00,999.00
17:06:05.595,399766.9391,4091877.6757,global,152.52,167.96,0.149,2.00,4.43,-1.80,-9.99,10.00,0.50,0.70,99.00,0,0,0,0,0,0.00,999.00
17:06:05.646,399766.5735,4091877.6245,global,152.23,147.39,0.245,2.00,5.60,22.00,-0.78,10.00,0.50,0.70,99.00,0,0,0,0,0,0.00,999.00
17:06:05.695,399766.5735,4091877.6245,global,151.79,147.39,0.245,2.00,5.60,21.86,-0.78,10.00,0.50,0.70,99.00,0,0,0,0,0,0.00,999.00
17:06:05.745,399766.5735,4091877.6245,global,150.77,147.39,0.245,2.00,5.04,22.00,5.70,10.00,0.50,0.70,99.00,0,0,0,0,0,0.00,999.00
17:06:05.795,399766.5735,4091877.6245,global,150.00,147.39,0.245,2.00,5.04,21.88,5.70,10.00,0.50,0.70,99.00,0,0,0,0,0,0.00,999.00
17:06:05.845,399766.5735,4091877.6245,global,148.31,147.39,0.245,2.00,5.04,20.19,5.70,10.00,0.50,0.70,99.00,0,0,0,0,0,0.00,999.00
17:06:05.895,399766.1993,4091877.6068,global,146.76,147.39,0.461,2.00,5.19,22.00,19.07,10.00,0.50,0.70,99.00,0,0,0,0,0,0.00,999.00
17:06:05.945,399766.1993,4091877.6068,global,143.97,147.39,0.461,2.00,5.19,22.00,19.07,10.00,0.50,0.70,99.00,0,0,0,0,0,0.00,999.00
17:06:05.995,399766.1993,4091877.6068,global,142.04,147.39,0.461,2.00,5.64,22.00,21.99,10.00,0.50,0.70,99.00,0,0,0,0,0,0.00,999.00
17:06:06.045,399766.1993,4091877.6068,global,138.98,147.39,0.461,2.00,5.64,22.00,21.99,10.00,0.50,0.70,99.00,0,0,0,0,0,0.00,999.00
17:06:06.095,399766.1993,4091877.6068,global,137.09,147.39,0.461,2.00,5.64,20.18,21.99,10.00,0.50,0.70,99.00,0,0,0,0,0,0.00,999.00
17:06:06.146,399765.8440,4091877.6775,global,134.83,164.07,0.580,2.00,5.78,6.61,13.65,10.00,0.50,0.70,99.00,0,0,0,0,0,0.00,999.00
17:06:06.195,399765.8440,4091877.6775,global,133.68,164.07,0.580,2.00,5.78,5.45,13.65,10.00,0.50,0.70,99.00,0,0,0,0,0,0.00,999.00
17:06:06.245,399765.8440,4091877.6775,global,132.01,164.07,0.580,2.00,4.84,8.72,9.36,10.00,0.50,0.70,99.00,0,0,0,0,0,0.00,999.00
17:06:06.295,399765.8440,4091877.6775,global,131.02,164.07,0.580,2.00,4.84,7.73,9.36,10.00,0.50,0.70,99.00,0,0,0,0,0,0.00,999.00
17:06:06.345,399765.8440,4091877.6775,global,129.58,164.07,0.580,2.00,5.85,1.03,4.65,10.00,0.50,0.70,99.00,0,0,0,0,0,0.00,999.00
17:06:06.395,399765.4891,4091877.7816,global,128.83,174.41,0.561,2.00,5.85,-10.95,4.65,10.00,0.50,0.70,99.00,0,0,0,0,0,0.00,999.00
17:06:06.445,399765.4891,4091877.7816,global,127.88,174.41,0.561,2.00,5.85,-11.90,4.65,10.00,0.50,0.70,99.00,0,0,0,0,0,0.00,999.00
17:06:06.495,399765.4891,4091877.7816,global,127.13,174.41,0.561,2.00,5.23,-9.60,4.97,10.00,0.50,0.70,99.00,0,0,0,0,0,0.00,999.00
17:06:06.545,399765.4891,4091877.7816,global,125.99,174.41,0.561,2.00,5.23,-10.74,4.97,10.00,0.50,0.70,99.00,0,0,0,0,0,0.00,999.00
17:06:06.595,399765.4891,4091877.7816,global,125.31,174.41,0.561,2.00,5.39,-12.26,-2.45,10.00,0.50,0.70,99.00,0,0,0,0,0,0.00,999.00
17:06:06.645,399765.1346,4091877.9189,global,125.06,179.32,0.455,2.00,5.39,-22.00,-2.45,10.00,0.50,0.70,99.00,0,0,0,0,0,0.00,999.00
17:06:06.695,399765.1346,4091877.9189,global,125.25,179.32,0.455,2.00,5.24,-22.00,-13.38,10.00,0.50,0.70,99.00,0,0,0,0,0,0.00,999.00
17:06:06.745,399765.1346,4091877.9189,global,126.04,179.32,0.455,2.00,5.24,-21.28,-13.38,10.00,0.50,0.70,99.00,0,0,0,0,0,0.00,999.00
17:06:06.795,399765.1346,4091877.9189,global,126.89,179.32,0.455,2.00,5.42,-21.27,-21.96,10.00,0.50,0.70,99.00,0,0,0,0,0,0.00,999.00
17:06:06.845,399765.1346,4091877.9189,global,129.04,179.32,0.455,2.00,5.42,-19.12,-21.96,10.00,0.50,0.70,99.00,0,0,0,0,0,0.00,999.00
17:06:06.912,399764.7885,4091878.0118,global,129.89,179.32,0.344,2.00,5.42,-22.00,-21.96,10.00,0.50,0.70,99.00,0,0,0,0,0,0.00,999.00
17:06:06.945,399764.7885,4091878.0118,global,132.97,179.32,0.344,2.00,5.38,-21.66,-21.02,10.00,0.50,0.70,99.00,0,0,0,0,0,0.00,999.00
17:06:06.995,399764.7885,4091878.0118,global,133.98,179.32,0.344,2.00,5.38,-20.64,-21.02,10.00,0.50,0.70,99.00,0,0,0,0,0,0.00,999.00
17:06:07.045,399764.7885,4091878.0118,global,135.32,179.32,0.344,2.00,5.38,-19.31,-21.02,10.00,0.50,0.70,99.00,0,0,0,0,0,0.00,999.00
17:06:07.095,399764.7885,4091878.0118,global,136.08,179.32,0.344,2.00,5.51,-19.04,-16.13,10.00,0.50,0.70,99.00,0,0,0,0,0,0.00,999.00
17:06:07.145,399764.4417,4091878.0492,global,137.13,174.73,0.304,2.00,5.51,-15.93,-16.13,10.00,0.50,0.70,99.00,0,0,0,0,0,0.00,999.00
17:06:07.195,399764.4417,4091878.0492,global,137.87,174.73,0.304,2.00,4.99,-13.17,-16.80,10.00,0.50,0.70,99.00,0,0,0,0,0,0.00,999.00
17:06:07.245,399764.4417,4091878.0492,global,139.05,174.73,0.304,2.00,4.99,-11.99,-16.80,10.00,0.50,0.70,99.00,0,0,0,0,0,0.00,999.00
17:06:07.295,399764.4417,4091878.0492,global,139.85,174.73,0.304,2.00,4.99,-11.19,-16.80,10.00,0.50,0.70,99.00,0,0,0,0,0,0.00,999.00
17:06:07.345,399764.4417,4091878.0492,global,141.13,174.73,0.304,2.00,5.50,-11.91,-15.58,10.00,0.50,0.70,99.00,0,0,0,0,0,0.00,999.00
17:06:07.395,399764.0769,4091878.0646,global,141.84,179.32,0.322,2.00,5.50,-14.65,-15.58,10.00,0.50,0.70,99.00,0,0,0,0,0,0.00,999.00
17:06:07.445,399764.0769,4091878.0646,global,142.54,179.32,0.322,2.00,4.99,-11.88,-10.61,10.00,0.50,0.70,99.00,0,0,0,0,0,0.00,999.00
17:06:07.495,399764.0769,4091878.0646,global,142.84,179.32,0.322,2.00,4.99,-11.58,-10.61,10.00,0.50,0.70,99.00,0,0,0,0,0,0.00,999.00
17:06:07.545,399764.0769,4091878.0646,global,143.07,179.32,0.322,2.00,4.99,-11.35,-10.61,10.00,0.50,0.70,99.00,0,0,0,0,0,0.00,999.00
17:06:07.595,399764.0769,4091878.0646,global,143.10,179.32,0.322,2.00,5.64,-13.90,-7.13,10.00,0.50,0.70,99.00,0,0,0,0,0,0.00,999.00
17:06:07.645,399763.6940,4091878.0580,global,143.22,172.22,0.348,2.00,5.64,-5.05,-7.13,10.00,0.50,0.70,99.00,0,0,0,0,0,0.00,999.00
17:06:07.695,399763.6940,4091878.0580,global,143.37,172.22,0.348,2.00,5.29,-3.53,-8.23,10.00,0.50,0.70,99.00,0,0,0,0,0,0.00,999.00
17:06:07.745,399763.6940,4091878.0580,global,143.63,172.22,0.348,2.00,5.29,-3.26,-8.23,10.00,0.50,0.70,99.00,0,0,0,0,0,0.00,999.00
17:06:07.795,399763.6940,4091878.0580,global,143.75,172.22,0.348,2.00,5.39,-3.54,-11.95,10.00,0.50,0.70,99.00,0,0,0,0,0,0.00,999.00
17:06:07.845,399763.6940,4091878.0580,global,144.33,172.22,0.348,2.00,5.39,-2.96,-11.95,10.00,0.50,0.70,99.00,0,0,0,0,0,0.00,999.00
17:06:07.895,399763.3289,4091878.0512,global,145.00,163.61,0.409,2.00,5.39,10.07,-11.95,10.00,0.50,0.70,99.00,0,0,0,0,0,0.00,999.00
17:06:07.945,399763.3289,4091878.0512,global,145.66,163.61,0.409,2.00,5.36,10.83,-6.84,10.00,0.50,0.70,99.00,0,0,0,0,0,0.00,999.00
17:06:07.995,399763.3289,4091878.0512,global,145.67,163.61,0.409,2.00,5.36,10.84,-6.84,10.00,0.50,0.70,99.00,0,0,0,0,0,0.00,999.00
17:06:08.045,399763.3289,4091878.0512,global,145.12,163.61,0.409,2.00,5.79,8.50,1.46,10.00,0.50,0.70,99.00,0,0,0,0,0,0.00,999.00
17:06:08.095,399763.3289,4091878.0512,global,144.54,163.61,0.409,2.00,5.79,7.92,1.46,10.00,0.50,0.70,99.00,0,0,0,0,0,0.00,999.00
17:06:08.145,399762.9460,4091878.0447,global,143.16,166.33,0.526,2.00,5.79,10.04,1.46,10.00,0.50,0.70,99.00,0,0,0,0,0,0.00,999.00
17:06:08.195,399762.9460,4091878.0447,global,142.12,166.33,0.526,2.00,5.09,12.45,5.94,10.00,0.50,0.70,99.00,0,0,0,0,0,0.00,999.00
17:06:08.245,399762.9460,4091878.0447,global,140.73,166.33,0.526,2.00,5.09,11.07,5.94,10.00,0.50,0.70,99.00,0,0,0,0,0,0.00,999.00
17:06:08.295,399762.9460,4091878.0447,global,140.05,166.33,0.526,2.00,5.79,6.93,4.42,10.00,0.50,0.70,99.00,0,0,0,0,0,0.00,999.00
17:06:08.345,399762.9460,4091878.0447,global,139.01,166.33,0.526,2.00,5.79,5.89,4.42,10.00,0.50,0.70,99.00,0,0,0,0,0,0.00,999.00
17:06:08.395,399762.5637,4091878.0936,global,138.18,166.78,0.568,2.00,5.79,6.66,4.42,10.00,0.50,0.70,99.00,0,0,0,0,0,0.00,999.00
17:06:08.445,399762.5637,4091878.0936,global,136.57,166.78,0.568,2.00,5.23,7.84,10.09,10.00,0.50,0.70,99.00,0,0,0,0,0,0.00,999.00
17:06:08.495,399762.5637,4091878.0936,global,135.36,166.78,0.568,2.00,5.23,6.63,10.09,10.00,0.50,0.70,99.00,0,0,0,0,0,0.00,999.00
17:06:08.545,399762.5637,4091878.0936,global,133.72,166.78,0.568,2.00,5.39,4.15,10.16,10.00,0.50,0.70,99.00,0,0,0,0,0,0.00,999.00
17:06:08.595,399762.5637,4091878.0936,global,132.69,166.78,0.568,2.00,5.39,3.12,10.16,10.00,0.50,0.70,99.00,0,0,0,0,0,0.00,999.00
17:06:08.646,399762.1909,4091878.1867,global,131.06,162.02,0.585,2.00,6.05,3.92,6.74,10.00,0.50,0.70,99.00,0,0,0,0,0,0.00,999.00
17:06:08.695,399762.1909,4091878.1867,global,130.05,162.02,0.585,2.00,6.05,2.90,6.74,10.00,0.50,0.70,99.00,0,0,0,0,0,0.00,999.00
17:06:08.745,399762.1909,4091878.1867,global,128.95,162.02,0.585,2.00,6.05,1.80,6.74,10.00,0.50,0.70,99.00,0,0,0,0,0,0.00,999.00
17:06:08.795,399762.1909,4091878.1867,global,128.51,162.02,0.585,2.00,5.16,5.73,-0.96,10.00,0.50,0.70,99.00,0,0,0,0,0,0.00,999.00
17:06:08.845,399762.1909,4091878.1867,global,127.87,162.02,0.585,2.00,5.16,5.10,-0.96,10.00,0.50,0.70,99.00,0,0,0,0,0,0.00,999.00
17:06:08.896,399761.8184,4091878.3132,global,127.44,171.44,0.568,2.00,5.73,-8.50,-1.74,10.00,0.50,0.70,99.00,0,0,0,0,0,0.00,999.00
17:06:08.945,399761.8184,4091878.3132,global,126.95,171.44,0.568,2.00,5.73,-8.99,-1.74,10.00,0.50,0.70,99.00,0,0,0,0,0,0.00,999.00
17:06:08.995,399761.8184,4091878.3132,global,126.52,171.44,0.568,2.00,5.73,-9.42,-1.74,10.00,0.50,0.70,99.00,0,0,0,0,0,0.00,999.00
17:06:09.045,399761.8184,4091878.3132,global,125.16,171.44,0.568,2.00,5.50,-9.67,7.14,10.00,0.50,0.70,99.00,0,0,0,0,0,0.00,999.00
17:06:09.095,399761.8184,4091878.3132,global,123.98,171.44,0.568,2.00,5.50,-10.85,7.14,10.00,0.50,0.70,99.00,0,0,0,0,0,0.00,999.00
17:06:09.147,399761.4550,4091878.4506,global,122.59,169.23,0.470,2.00,5.39,-14.53,3.53,10.00,0.50,0.70,99.00,0,0,0,0,0,0.00,999.00
17:06:09.195,399761.4550,4091878.4506,global,121.92,169.23,0.470,2.00,5.39,-15.20,3.53,10.00,0.50,0.70,99.00,0,0,0,0,0,0.00,999.00
17:06:09.245,399761.4550,4091878.4506,global,121.42,169.23,0.470,2.00,5.39,-15.69,3.53,10.00,0.50,0.70,99.00,0,0,0,0,0,0.00,999.00
17:06:09.295,399761.4550,4091878.4506,global,121.53,169.23,0.470,2.00,5.64,-16.75,-12.54,10.00,0.50,0.70,99.00,0,0,0,0,0,0.00,999.00
17:06:09.347,399761.4550,4091878.4506,global,122.37,169.23,0.470,2.00,5.64,-15.91,-12.54,10.00,0.50,0.70,99.00,0,0,0,0,0,0.00,999.00
17:06:09.395,399761.0918,4091878.5992,global,123.23,171.44,0.392,2.00,5.34,-20.33,-21.52,10.00,0.50,0.70,99.00,0,0,0,0,0,0.00,999.00
17:06:09.445,399761.0918,4091878.5992,global,125.14,171.44,0.392,2.00,5.34,-18.42,-21.52,10.00,0.50,0.70,99.00,0,0,0,0,0,0.00,999.00
17:06:09.495,399761.0918,4091878.5992,global,126.86,171.44,0.392,2.00,5.34,-16.70,-21.52,10.00,0.50,0.70,99.00,0,0,0,0,0,0.00,999.00
17:06:09.545,399761.0918,4091878.5992,global,129.50,171.44,0.392,2.00,5.68,-15.51,-21.76,10.00,0.50,0.70,99.00,0,0,0,0,0,0.00,999.00
17:06:09.595,399761.0918,4091878.5992,global,130.63,171.44,0.392,2.00,5.68,-14.38,-21.76,10.00,0.50,0.70,99.00,0,0,0,0,0,0.00,999.00
17:06:09.645,399760.7363,4091878.6588,global,131.91,174.87,0.378,2.00,5.24,-15.50,-17.21,10.00,0.50,0.70,99.00,0,0,0,0,0,0.00,999.00
17:06:09.695,399760.7363,4091878.6588,global,132.67,174.87,0.378,2.00,5.24,-14.75,-17.21,10.00,0.50,0.70,99.00,0,0,0,0,0,0.00,999.00
17:06:09.745,399760.7363,4091878.6588,global,133.70,174.87,0.378,2.00,5.24,-13.72,-17.21,10.00,0.50,0.70,99.00,0,0,0,0,0,0.00,999.00
17:06:09.795,399760.7363,4091878.6588,global,134.08,174.87,0.378,2.00,5.60,-14.87,-9.11,10.00,0.50,0.70,99.00,0,0,0,0,0,0.00,999.00
17:06:09.845,399760.7363,4091878.6588,global,134.25,174.87,0.378,2.00,5.60,-14.70,-9.11,10.00,0.50,0.70,99.00,0,0,0,0,0,0.00,999.00
17:06:09.895,399760.3542,4091878.7188,global,134.24,168.30,0.356,2.00,5.39,-8.63,-3.56,10.00,0.50,0.70,99.00,0,0,0,0,0,0.00,999.00
17:06:09.945,399760.3542,4091878.7188,global,133.95,168.30,0.356,2.00,5.39,-8.92,-3.56,10.00,0.50,0.70,99.00,0,0,0,0,0,0.00,999.00
17:06:09.995,399760.3542,4091878.7188,global,133.77,168.30,0.356,2.00,5.39,-9.10,-3.56,10.00,0.50,0.70,99.00,0,0,0,0,0,0.00,999.00
17:06:10.045,399760.3542,4091878.7188,global,134.14,168.30,0.356,2.00,5.36,-8.63,-11.50,10.00,0.50,0.70,99.00,0,0,0,0,0,0.00,999.00
17:06:10.095,399760.3542,4091878.7188,global,134.65,168.30,0.356,2.00,5.36,-8.11,-11.50,10.00,0.50,0.70,99.00,0,0,0,0,0,0.00,999.00
17:06:10.146,399759.9810,4091878.7787,global,135.57,171.22,0.373,2.00,5.59,-10.01,-14.97,10.00,0.50,0.70,99.00,0,0,0,0,0,0.00,999.00
17:06:10.195,399759.9810,4091878.7787,global,136.21,171.22,0.373,2.00,5.59,-9.37,-14.97,10.00,0.50,0.70,99.00,0,0,0,0,0,0.00,999.00
17:06:10.245,399759.9810,4091878.7787,global,137.14,171.22,0.373,2.00,5.59,-8.43,-14.97,10.00,0.50,0.70,99.00,0,0,0,0,0,0.00,999.00
17:06:10.295,399759.9810,4091878.7787,global,137.47,171.22,0.373,2.00,5.50,-7.76,-7.56,10.00,0.50,0.70,99.00,0,0,0,0,0,0.00,999.00
17:06:10.345,399759.9810,4091878.7787,global,137.56,171.22,0.373,2.00,5.50,-7.67,-7.56,10.00,0.50,0.70,99.00,0,0,0,0,0,0.00,999.00
17:06:10.395,399759.6075,4091878.8164,global,137.44,166.92,0.397,2.00,5.79,-3.19,-2.20,10.00,0.50,0.70,99.00,0,0,0,0,0,0.00,999.00
17:06:10.445,399759.6075,4091878.8164,global,136.99,166.92,0.397,2.00,5.79,-3.64,-2.20,10.00,0.50,0.70,99.00,0,0,0,0,0,0.00,999.00
17:06:10.495,399759.6075,4091878.8164,global,136.63,166.92,0.397,2.00,5.79,-4.00,-2.20,10.00,0.50,0.70,99.00,0,0,0,0,0,0.00,999.00
17:06:10.545,399759.6075,4091878.8164,global,136.28,166.92,0.397,2.00,5.50,-3.18,-4.54,10.00,0.50,0.70,99.00,0,0,0,0,0,0.00,999.00
17:06:10.595,399759.6075,4091878.8164,global,136.22,166.92,0.397,2.00,5.50,-3.24,-4.54,10.00,0.50,0.70,99.00,0,0,0,0,0,0.00,999.00
17:06:10.647,399759.2165,4091878.8765,global,136.00,167.26,0.426,2.00,5.53,-2.25,-4.63,10.00,0.50,0.70,99.00,0,0,0,0,0,0.00,999.00
17:06:10.695,399759.2165,4091878.8765,global,135.85,167.26,0.426,2.00,5.53,-2.40,-4.63,10.00,0.50,0.70,99.00,0,0,0,0,0,0.00,999.00
17:06:10.745,399759.2165,4091878.8765,global,135.69,167.26,0.426,2.00,5.53,-2.57,-4.63,10.00,0.50,0.70,99.00,0,0,0,0,0,0.00,999.00
17:06:10.795,399759.2165,4091878.8765,global,135.55,167.26,0.426,2.00,5.72,-3.48,-4.35,10.00,0.50,0.70,99.00,0,0,0,0,0,0.00,999.00
17:06:10.845,399759.2165,4091878.8765,global,135.30,167.26,0.426,2.00,5.72,-3.73,-4.35,10.00,0.50,0.70,99.00,0,0,0,0,0,0.00,999.00
17:06:10.895,399758.8166,4091878.9367,global,135.13,161.07,0.424,2.00,5.64,2.45,-3.04,10.00,0.50,0.70,99.00,0,0,0,0,0,0.00,999.00
17:06:10.945,399758.8166,4091878.9367,global,134.92,161.07,0.424,2.00,5.64,2.25,-3.04,10.00,0.50,0.70,99.00,0,0,0,0,0,0.00,999.00
17:06:10.995,399758.8166,4091878.9367,global,134.75,161.07,0.424,2.00,5.59,2.31,-3.03,10.00,0.50,0.70,99.00,0,0,0,0,0,0.00,999.00
17:06:11.045,399758.8166,4091878.9367,global,134.54,161.07,0.424,2.00,5.59,2.10,-3.03,10.00,0.50,0.70,99.00,0,0,0,0,0,0.00,999.00
17:06:11.095,399758.8166,4091878.9367,global,134.29,161.07,0.424,2.00,5.59,1.84,-3.03,10.00,0.50,0.70,99.00,0,0,0,0,0,0.00,999.00
17:06:11.146,399758.4346,4091879.0078,global,133.59,166.06,0.487,2.00,5.68,-0.74,2.94,10.00,0.50,0.70,99.00,0,0,0,0,0,0.00,999.00
17:06:11.195,399758.4346,4091879.0078,global,132.90,166.06,0.487,2.00,5.68,-1.44,2.94,10.00,0.50,0.70,99.00,0,0,0,0,0,0.00,999.00
17:06:11.245,399758.4346,4091879.0078,global,131.74,166.06,0.487,2.00,5.73,-2.84,5.62,10.00,0.50,0.70,99.00,0,0,0,0,0,0.00,999.00
17:06:11.295,399758.4346,4091879.0078,global,130.88,166.06,0.487,2.00,5.73,-3.70,5.62,10.00,0.50,0.70,99.00,0,0,0,0,0,0.00,999.00
17:06:11.345,399758.4346,4091879.0078,global,129.61,166.06,0.487,2.00,5.73,-4.97,5.62,10.00,0.50,0.70,99.00,0,0,0,0,0,0.00,999.00
17:06:11.411,399758.0263,4091879.1125,global,129.18,161.07,0.484,2.00,5.73,-0.56,5.62,10.00,0.50,0.70,99.00,0,0,0,0,0,0.00,999.00
17:06:11.445,399758.0263,4091879.1125,global,128.19,161.07,0.484,2.00,5.78,-1.76,-0.57,10.00,0.50,0.70,99.00,0,0,0,0,0,0.00,999.00
17:06:11.495,399758.0263,4091879.1125,global,128.10,161.07,0.484,2.00,5.79,-1.90,-8.64,10.00,0.50,0.70,99.00,0,0,0,0,0,0.00,999.00
17:06:11.545,399758.0263,4091879.1125,global,128.42,161.07,0.484,2.00,5.79,-1.57,-8.64,10.00,0.50,0.70,99.00,0,0,0,0,0,0.00,999.00
17:06:11.595,399758.0263,4091879.1125,global,128.85,161.07,0.484,2.00,5.79,-1.14,-8.64,10.00,0.50,0.70,99.00,0,0,0,0,0,0.00,999.00
17:06:11.646,399757.6448,4091879.2280,global,129.51,166.17,0.492,2.00,5.64,-4.55,-5.93,10.00,0.50,0.70,99.00,0,0,0,0,0,0.00,999.00
17:06:11.695,399757.6448,4091879.2280,global,129.54,166.17,0.492,2.00,5.64,-4.52,-5.93,10.00,0.50,0.70,99.00,0,0,0,0,0,0.00,999.00
17:06:11.745,399757.6448,4091879.2280,global,128.82,166.17,0.492,2.00,5.79,-5.90,3.15,10.00,0.50,0.70,99.00,0,0,0,0,0,0.00,999.00
17:06:11.795,399757.6448,4091879.2280,global,127.96,166.17,0.492,2.00,5.79,-6.77,3.15,10.00,0.50,0.70,99.00,0,0,0,0,0,0.00,999.00
17:06:11.845,399757.6448,4091879.2280,global,126.49,166.17,0.492,2.00,5.79,-8.23,3.15,10.00,0.50,0.70,99.00,0,0,0,0,0,0.00,999.00
17:06:11.895,399757.2633,4091879.3434,global,125.64,-174.21,0.396,2.00,5.64,-22.00,-2.52,10.00,0.50,0.70,99.00,0,0,0,0,0,0.00,999.00
17:06:11.945,399757.2633,4091879.3434,global,125.33,-174.21,0.396,2.00,5.64,-22.00,-2.52,10.00,0.50,0.70,99.00,0,0,0,0,0,0.00,999.00
17:06:11.996,399757.2633,4091879.3434,global,125.61,-174.21,0.396,2.00,6.05,-22.00,-13.17,10.00,0.50,0.70,99.00,0,0,0,0,0,0.00,999.00
17:06:12.045,399757.2633,4091879.3434,global,126.57,-174.21,0.396,2.00,6.05,-22.00,-13.17,10.00,0.50,0.70,99.00,0,0,0,0,0,0.00,999.00
17:06:12.095,399757.2633,4091879.3434,global,127.56,-174.21,0.396,2.00,6.05,-22.00,-13.17,10.00,0.50,0.70,99.00,0,0,0,0,0,0.00,999.00
17:06:12.147,399756.8820,4091879.4700,global,129.48,-178.45,0.240,2.00,5.50,-22.00,-21.82,10.00,0.50,0.70,99.00,0,0,0,0,0,0.00,999.00
17:06:12.195,399756.8820,4091879.4700,global,130.80,-178.45,0.240,2.00,5.50,-22.00,-21.82,10.00,0.50,0.70,99.00,0,0,0,0,0,0.00,999.00
17:06:12.245,399756.8820,4091879.4700,global,132.74,-178.45,0.240,2.00,6.19,-22.00,-21.62,10.00,0.50,0.70,99.00,0,0,0,0,0,0.00,999.00
17:06:12.295,399756.8820,4091879.4700,global,133.94,-178.45,0.240,2.00,6.19,-22.00,-21.62,10.00,0.50,0.70,99.00,0,0,0,0,0,0.00,999.00
17:06:12.345,399756.8820,4091879.4700,global,136.02,-178.45,0.240,2.00,6.19,-22.00,-21.62,10.00,0.50,0.70,99.00,0,0,0,0,0,0.00,999.00
17:06:12.395,399756.4997,4091879.5189,global,137.58,170.98,0.208,2.00,5.43,-17.99,-21.95,10.00,0.50,0.70,99.00,0,0,0,0,0,0.00,999.00
17:06:12.445,399756.4997,4091879.5189,global,140.01,170.98,0.208,2.00,5.43,-15.56,-21.95,10.00,0.50,0.70,99.00,0,0,0,0,0,0.00,999.00
17:06:12.495,399756.4997,4091879.5189,global,141.64,170.98,0.208,2.00,5.43,-13.92,-21.95,10.00,0.50,0.70,99.00,0,0,0,0,0,0.00,999.00
17:06:12.545,399756.4997,4091879.5189,global,143.97,170.98,0.208,2.00,6.05,-13.12,-22.00,10.00,0.50,0.70,99.00,0,0,0,0,0,0.00,999.00
17:06:12.595,399756.4997,4091879.5189,global,145.46,170.98,0.208,2.00,6.05,-11.63,-22.00,10.00,0.50,0.70,99.00,0,0,0,0,0,0.00,999.00
17:06:12.645,399756.1075,4091879.4791,global,147.42,176.94,0.311,2.00,5.73,-8.20,-20.11,10.00,0.50,0.70,99.00,0,0,0,0,0,0.00,999.00
17:06:12.695,399756.1075,4091879.4791,global,148.46,176.94,0.311,2.00,5.73,-7.16,-20.11,10.00,0.50,0.70,99.00,0,0,0,0,0,0.00,999.00
17:06:12.745,399756.1075,4091879.4791,global,149.53,176.94,0.311,2.00,5.73,-6.09,-20.11,10.00,0.50,0.70,99.00,0,0,0,0,0,0.00,999.00
17:06:12.795,399756.1075,4091879.4791,global,149.91,176.94,0.311,2.00,5.54,-5.04,-8.24,10.00,0.50,0.70,99.00,0,0,0,0,0,0.00,999.00
17:06:12.845,399756.1075,4091879.4791,global,150.05,176.94,0.311,2.00,5.54,-4.90,-8.24,10.00,0.50,0.70,99.00,0,0,0,0,0,0.00,999.00
17:06:12.895,399755.7238,4091879.4060,global,149.88,179.32,0.399,2.00,6.19,-4.51,1.15,10.00,0.50,0.70,99.00,0,0,0,0,0,0.00,999.00
17:06:12.946,399755.7238,4091879.4060,global,149.03,179.32,0.399,2.00,6.19,-5.36,1.15,10.00,0.50,0.70,99.00,0,0,0,0,0,0.00,999.00
17:06:12.995,399755.7238,4091879.4060,global,148.25,179.32,0.399,2.00,5.44,-3.22,-2.29,10.00,0.50,0.70,99.00,0,0,0,0,0,0.00,999.00
17:06:13.045,399755.7238,4091879.4060,global,147.65,179.32,0.399,2.00,5.44,-3.82,-2.29,10.00,0.50,0.70,99.00,0,0,0,0,0,0.00,999.00
17:06:13.095,399755.7238,4091879.4060,global,147.80,179.32,0.399,2.00,5.44,-3.67,-2.29,10.00,0.50,0.70,99.00,0,0,0,0,0,0.00,999.00
17:06:13.145,399755.3231,4091879.3996,global,148.50,172.66,0.396,2.00,5.82,1.94,-12.20,10.00,0.50,0.70,99.00,0,0,0,0,0,0.00,999.00
17:06:13.195,399755.3231,4091879.3996,global,148.98,172.66,0.396,2.00,5.82,2.42,-12.20,10.00,0.50,0.70,99.00,0,0,0,0,0,0.00,999.00
17:06:13.245,399755.3231,4091879.3996,global,149.57,172.66,0.396,2.00,5.39,4.78,-11.26,10.00,0.50,0.70,99.00,0,0,0,0,0,0.00,999.00
17:06:13.295,399755.3231,4091879.3996,global,149.93,172.66,0.396,2.00,5.39,5.13,-11.26,10.00,0.50,0.70,99.00,0,0,0,0,0,0.00,999.00
17:06:13.345,399755.3231,4091879.3996,global,150.00,172.66,0.396,2.00,5.39,5.21,-11.26,10.00,0.50,0.70,99.00,0,0,0,0,0,0.00,999.00
17:06:13.395,399754.9395,4091879.3376,global,149.58,169.89,0.507,2.00,5.74,12.16,3.58,10.00,0.50,0.70,99.00,0,0,0,0,0,0.00,999.00
17:06:13.445,399754.9395,4091879.3376,global,148.20,169.89,0.507,2.00,5.74,10.77,3.58,10.00,0.50,0.70,99.00,0,0,0,0,0,0.00,999.00
17:06:13.495,399754.9395,4091879.3376,global,146.94,169.89,0.507,2.00,6.05,8.18,15.12,10.00,0.50,0.70,99.00,0,0,0,0,0,0.00,999.00
17:06:13.545,399754.9395,4091879.3376,global,144.45,169.89,0.507,2.00,6.05,5.69,15.12,10.00,0.50,0.70,99.00,0,0,0,0,0,0.00,999.00
17:06:13.595,399754.9395,4091879.3376,global,142.55,169.89,0.507,2.00,6.05,3.78,15.12,10.00,0.50,0.70,99.00,0,0,0,0,0,0.00,999.00
17:06:13.646,399754.5480,4091879.3533,global,140.01,162.02,0.572,2.00,5.29,15.87,7.77,10.00,0.50,0.70,99.00,0,0,0,0,0,0.00,999.00
17:06:13.695,399754.5480,4091879.3533,global,139.07,162.02,0.572,2.00,5.29,14.94,7.77,10.00,0.50,0.70,99.00,0,0,0,0,0,0.00,999.00
17:06:13.745,399754.5480,4091879.3533,global,138.64,162.02,0.572,2.00,5.29,14.51,7.77,10.00,0.50,0.70,99.00,0,0,0,0,0,0.00,999.00
17:06:13.795,399754.5480,4091879.3533,global,138.61,162.02,0.572,2.00,6.05,10.82,-8.53,10.00,0.50,0.70,99.00,0,0,0,0,0,0.00,999.00
17:06:13.845,399754.5480,4091879.3533,global,139.01,162.02,0.572,2.00,6.05,11.22,-8.53,10.00,0.50,0.70,99.00,0,0,0,0,0,0.00,999.00
17:06:13.895,399754.1657,4091879.4022,global,139.57,167.20,0.603,2.00,5.24,11.99,-12.88,10.00,0.50,0.70,99.00,0,0,0,0,0,0.00,999.00
17:06:13.945,399754.1657,4091879.4022,global,140.42,167.20,0.603,2.00,5.24,12.85,-12.88,10.00,0.50,0.70,99.00,0,0,0,0,0,0.00,999.00
17:06:13.995,399754.1657,4091879.4022,global,140.79,167.20,0.603,2.00,6.45,7.52,-4.79,10.00,0.50,0.70,99.00,0,0,0,0,0,0.00,999.00
17:06:14.045,399754.1657,4091879.4022,global,140.61,167.20,0.603,2.00,6.45,7.34,-4.79,10.00,0.50,0.70,99.00,0,0,0,0,0,0.00,999.00
17:06:14.095,399754.1657,4091879.4022,global,139.99,167.20,0.603,2.00,6.45,6.72,-4.79,10.00,0.50,0.70,99.00,0,0,0,0,0,0.00,999.00
17:06:14.146,399753.7921,4091879.4288,global,138.56,171.98,0.652,2.00,5.64,6.37,6.33,10.00,0.50,0.70,99.00,0,0,0,0,0,0.00,999.00
17:06:14.195,399753.7921,4091879.4288,global,137.60,171.98,0.652,2.00,5.64,5.41,6.33,10.00,0.50,0.70,99.00,0,0,0,0,0,0.00,999.00
17:06:14.245,399753.7921,4091879.4288,global,136.00,171.98,0.652,2.00,6.19,1.22,14.00,10.00,0.50,0.70,99.00,0,0,0,0,0,0.00,999.00
17:06:14.295,399753.7921,4091879.4288,global,134.70,171.98,0.652,2.00,6.19,-0.08,14.00,10.00,0.50,0.70,99.00,0,0,0,0,0,0.00,999.00
17:06:14.345,399753.7921,4091879.4288,global,132.47,171.98,0.652,2.00,6.19,-2.30,14.00,10.00,0.50,0.70,99.00,0,0,0,0,0,0.00,999.00
17:06:14.395,399753.4192,4091879.5109,global,131.32,174.87,0.624,2.00,5.60,-4.84,1.32,10.00,0.50,0.70,99.00,0,0,0,0,0,0.00,999.00
17:06:14.445,399753.4192,4091879.5109,global,130.85,174.87,0.624,2.00,5.60,-5.31,1.32,10.00,0.50,0.70,99.00,0,0,0,0,0,0.00,999.00
17:06:14.495,399753.4192,4091879.5109,global,131.02,174.87,0.624,2.00,5.04,-2.15,-10.16,10.00,0.50,0.70,99.00,0,0,0,0,0,0.00,999.00
17:06:14.546,399753.4192,4091879.5109,global,131.57,174.87,0.624,2.00,5.04,-1.59,-10.16,10.00,0.50,0.70,99.00,0,0,0,0,0,0.00,999.00
17:06:14.595,399753.4192,4091879.5109,global,132.15,174.87,0.624,2.00,6.45,-7.88,-8.07,10.00,0.50,0.70,99.00,0,0,0,0,0,0.00,999.00
17:06:14.645,399753.0374,4091879.6042,global,132.63,174.73,0.565,2.00,6.45,-9.85,-8.07,10.00,0.50,0.70,99.00,0,0,0,0,0,0.00,999.00
17:06:14.695,399753.0374,4091879.6042,global,132.32,174.73,0.565,2.00,6.45,-10.16,-8.07,10.00,0.50,0.70,99.00,0,0,0,0,0,0.00,999.00
17:06:14.757,399753.0374,4091879.6042,global,132.04,174.73,0.565,2.00,6.45,-10.44,-8.07,10.00,0.50,0.70,99.00,0,0,0,0,0,0.00,999.00
17:06:14.795,399753.0374,4091879.6042,global,130.26,174.73,0.565,2.00,5.40,-7.47,3.38,10.00,0.50,0.70,99.00,0,0,0,0,0,0.00,999.00
17:06:14.845,399753.0374,4091879.6042,global,129.45,174.73,0.565,2.00,5.19,-7.18,-1.26,10.00,0.50,0.70,99.00,0,0,0,0,0,0.00,999.00
17:06:14.895,399752.6645,4091879.6863,global,129.20,174.41,0.529,2.00,5.19,-8.92,-1.26,10.00,0.50,0.70,99.00,0,0,0,0,0,0.00,999.00
17:06:14.945,399752.6645,4091879.6863,global,128.90,174.41,0.529,2.00,5.50,-10.78,-2.73,10.00,0.50,0.70,99.00,0,0,0,0,0,0.00,999.00
17:06:14.995,399752.6645,4091879.6863,global,128.68,174.41,0.529,2.00,5.50,-11.00,-2.73,10.00,0.50,0.70,99.00,0,0,0,0,0,0.00,999.00
17:06:15.045,399752.6645,4091879.6863,global,128.36,174.41,0.529,2.00,5.50,-11.33,-2.73,10.00,0.50,0.70,99.00,0,0,0,0,0,0.00,999.00
17:06:15.095,399752.6645,4091879.6863,global,128.29,174.41,0.529,2.00,5.23,-10.04,-7.95,10.00,0.50,0.70,99.00,0,0,0,0,0,0.00,999.00
17:06:15.145,399752.3096,4091879.7903,global,128.45,170.47,0.462,2.00,5.23,-9.55,-7.95,10.00,0.50,0.70,99.00,0,0,0,0,0,0.00,999.00
17:06:15.195,399752.3096,4091879.7903,global,128.80,170.47,0.462,2.00,5.39,-9.99,-13.09,10.00,0.50,0.70,99.00,0,0,0,0,0,0.00,999.00
17:06:15.245,399752.3096,4091879.7903,global,129.61,170.47,0.462,2.00,5.39,-9.18,-13.09,10.00,0.50,0.70,99.00,0,0,0,0,0,0.00,999.00
17:06:15.295,399752.3096,4091879.7903,global,130.19,170.47,0.462,2.00,5.39,-8.60,-13.09,10.00,0.50,0.70,99.00,0,0,0,0,0,0.00,999.00
17:06:15.345,399752.3096,4091879.7903,global,130.85,170.47,0.462,2.00,5.91,-10.28,-9.24,10.00,0.50,0.70,99.00,0,0,0,0,0,0.00,999.00
17:06:15.395,399751.9453,4091879.8501,global,131.07,175.00,0.455,2.00,5.91,-14.98,-9.24,10.00,0.50,0.70,99.00,0,0,0,0,0,0.00,999.00
17:06:15.446,399751.9453,4091879.8501,global,130.97,175.00,0.455,2.00,5.19,-11.79,-3.25,10.00,0.50,0.70,99.00,0,0,0,0,0,0.00,999.00
17:06:15.495,399751.9453,4091879.8501,global,130.69,175.00,0.455,2.00,5.19,-12.07,-3.25,10.00,0.50,0.70,99.00,0,0,0,0,0,0.00,999.00
17:06:15.545,399751.9453,4091879.8501,global,130.30,175.00,0.455,2.00,5.19,-12.46,-3.25,10.00,0.50,0.70,99.00,0,0,0,0,0,0.00,999.00
17:06:15.595,399751.9453,4091879.8501,global,130.27,175.00,0.455,2.00,5.50,-13.99,-8.95,10.00,0.50,0.70,99.00,0,0,0,0,0,0.00,999.00
17:06:15.646,399751.5813,4091879.9432,global,130.68,173.55,0.399,2.00,5.50,-15.32,-8.95,10.00,0.50,0.70,99.00,0,0,0,0,0,0.00,999.00
17:06:15.695,399751.5813,4091879.9432,global,131.13,173.55,0.399,2.00,5.04,-12.76,-15.05,10.00,0.50,0.70,99.00,0,0,0,0,0,0.00,999.00
17:06:15.745,399751.5813,4091879.9432,global,132.13,173.55,0.399,2.00,5.04,-11.76,-15.05,10.00,0.50,0.70,99.00,0,0,0,0,0,0.00,999.00
17:06:15.795,399751.5813,4091879.9432,global,133.04,173.55,0.399,2.00,5.44,-12.71,-19.04,10.00,0.50,0.70,99.00,0,0,0,0,0,0.00,999.00
17:06:15.845,399751.5813,4091879.9432,global,134.60,173.55,0.399,2.00,5.44,-11.15,-19.04,10.00,0.50,0.70,99.00,0,0,0,0,0,0.00,999.00
17:06:15.895,399751.2170,4091880.0030,global,135.44,175.13,0.383,2.00,5.44,-12.83,-19.04,10.00,0.50,0.70,99.00,0,0,0,0,0,0.00,999.00
17:06:15.945,399751.2170,4091880.0030,global,136.29,175.13,0.383,2.00,5.87,-13.71,-10.69,10.00,0.50,0.70,99.00,0,0,0,0,0,0.00,999.00
17:06:15.996,399751.2170,4091880.0030,global,136.62,175.13,0.383,2.00,5.87,-13.38,-10.69,10.00,0.50,0.70,99.00,0,0,0,0,0,0.00,999.00
17:06:16.045,399751.2170,4091880.0030,global,136.61,175.13,0.383,2.00,5.39,-11.43,-3.76,10.00,0.50,0.70,99.00,0,0,0,0,0,0.00,999.00
17:06:16.095,399751.2170,4091880.0030,global,136.39,175.13,0.383,2.00,5.39,-11.66,-3.76,10.00,0.50,0.70,99.00,0,0,0,0,0,0.00,999.00
17:06:16.145,399750.8348,4091880.0519,global,136.14,175.47,0.366,2.00,5.39,-13.24,-3.76,10.00,0.50,0.70,99.00,0,0,0,0,0,0.00,999.00
17:06:16.195,399750.8348,4091880.0519,global,136.38,175.47,0.366,2.00,5.36,-12.89,-13.18,10.00,0.50,0.70,99.00,0,0,0,0,0,0.00,999.00
17:06:16.245,399750.8348,4091880.0519,global,137.16,175.47,0.366,2.00,5.36,-12.12,-13.18,10.00,0.50,0.70,99.00,0,0,0,0,0,0.00,999.00
17:06:16.295,399750.8348,4091880.0519,global,137.97,175.47,0.366,2.00,5.24,-10.78,-21.99,10.00,0.50,0.70,99.00,0,0,0,0,0,0.00,999.00
17:06:16.345,399750.8348,4091880.0519,global,139.71,175.47,0.366,2.00,5.24,-9.03,-21.99,10.00,0.50,0.70,99.00,0,0,0,0,0,0.00,999.00
17:06:16.395,399750.4610,4091880.0674,global,141.05,175.13,0.381,2.00,5.24,-6.46,-21.99,10.00,0.50,0.70,99.00,0,0,0,0,0,0.00,999.00
17:06:16.447,399750.4610,4091880.0674,global,142.39,175.13,0.381,2.00,5.78,-7.35,-10.73,10.00,0.50,0.70,99.00,0,0,0,0,0,0.00,999.00
17:06:16.495,399750.4610,4091880.0674,global,142.59,175.13,0.381,2.00,5.78,-7.15,-10.73,10.00,0.50,0.70,99.00,0,0,0,0,0,0.00,999.00
17:06:16.545,399750.4610,4091880.0674,global,142.13,175.13,0.381,2.00,5.39,-6.04,0.53,10.00,0.50,0.70,99.00,0,0,0,0,0,0.00,999.00
17:06:16.595,399750.4610,4091880.0674,global,141.50,175.13,0.381,2.00,5.39,-6.67,0.53,10.00,0.50,0.70,99.00,0,0,0,0,0,0.00,999.00
17:06:16.645,399750.0960,4091880.0717,global,140.11,173.55,0.410,2.00,5.64,-5.84,3.18,10.00,0.50,0.70,99.00,0,0,0,0,0,0.00,999.00
17:06:16.695,399750.0960,4091880.0717,global,139.21,173.55,0.410,2.00,5.64,-6.74,3.18,10.00,0.50,0.70,99.00,0,0,0,0,0,0.00,999.00
17:06:16.745,399750.0960,4091880.0717,global,138.79,173.55,0.410,2.00,5.64,-7.16,3.18,10.00,0.50,0.70,99.00,0,0,0,0,0,0.00,999.00
17:06:16.795,399750.0960,4091880.0717,global,138.97,173.55,0.410,2.00,5.26,-5.30,-9.82,10.00,0.50,0.70,99.00,0,0,0,0,0,0.00,999.00
17:06:16.845,399750.0960,4091880.0717,global,139.40,173.55,0.410,2.00,5.26,-4.87,-9.82,10.00,0.50,0.70,99.00,0,0,0,0,0,0.00,999.00
17:06:16.895,399749.7316,4091880.1204,global,139.90,173.23,0.403,2.00,5.39,-5.02,-17.38,10.00,0.50,0.70,99.00,0,0,0,0,0,0.00,999.00
17:06:16.945,399749.7316,4091880.1204,global,141.16,173.23,0.403,2.00,5.39,-3.75,-17.38,10.00,0.50,0.70,99.00,0,0,0,0,0,0.00,999.00
17:06:16.995,399749.7316,4091880.1204,global,141.99,173.23,0.403,2.00,5.39,-2.93,-17.38,10.00,0.50,0.70,99.00,0,0,0,0,0,0.00,999.00
17:06:17.045,399749.7316,4091880.1204,global,142.28,173.23,0.403,2.00,6.46,-6.76,-3.93,10.00,0.50,0.70,99.00,0,0,0,0,0,0.00,999.00
17:06:17.095,399749.7316,4091880.1204,global,141.88,173.23,0.403,2.00,6.46,-7.16,-3.93,10.00,0.50,0.70,99.00,0,0,0,0,0,0.00,999.00
17:06:17.145,399749.3664,4091880.1025,global,140.75,168.94,0.475,2.00,5.99,1.55,7.53,10.00,0.50,0.70,99.00,0,0,0,0,0,0.00,999.00
17:06:17.195,399749.3664,4091880.1025,global,139.63,168.94,0.475,2.00,5.99,0.43,7.53,10.00,0.50,0.70,99.00,0,0,0,0,0,0.00,999.00
17:06:17.245,399749.3664,4091880.1025,global,137.84,168.94,0.475,2.00,5.99,-1.36,7.53,10.00,0.50,0.70,99.00,0,0,0,0,0,0.00,999.00
17:06:17.295,399749.3664,4091880.1025,global,137.54,168.94,0.475,2.00,4.95,3.24,-4.81,10.00,0.50,0.70,99.00,0,0,0,0,0,0.00,999.00
17:06:17.347,399749.3664,4091880.1025,global,137.93,168.94,0.475,2.00,4.95,3.63,-4.81,10.00,0.50,0.70,99.00,0,0,0,0,0,0.00,999.00
17:06:17.395,399748.9842,4091880.1625,global,138.21,170.24,0.476,2.00,5.19,1.43,-11.69,10.00,0.50,0.70,99.00,0,0,0,0,0,0.00,999.00
17:06:17.446,399748.9842,4091880.1625,global,138.70,170.24,0.476,2.00,5.19,1.92,-11.69,10.00,0.50,0.70,99.00,0,0,0,0,0,0.00,999.00
17:06:17.495,399748.9842,4091880.1625,global,139.34,170.24,0.476,2.00,5.44,1.32,-7.25,10.00,0.50,0.70,99.00,0,0,0,0,0,0.00,999.00
17:06:17.545,399748.9842,4091880.1625,global,139.71,170.24,0.476,2.00,5.44,1.69,-7.25,10.00,0.50,0.70,99.00,0,0,0,0,0,0.00,999.00
17:06:17.595,399748.9842,4091880.1625,global,139.42,170.24,0.476,2.00,5.44,1.40,-7.25,10.00,0.50,0.70,99.00,0,0,0,0,0,0.00,999.00
17:06:17.645,399748.6284,4091880.1889,global,138.14,164.24,0.497,2.00,5.36,7.58,3.90,10.00,0.50,0.70,99.00,0,0,0,0,0,0.00,999.00
17:06:17.695,399748.6284,4091880.1889,global,137.34,164.24,0.497,2.00,5.36,6.78,3.90,10.00,0.50,0.70,99.00,0,0,0,0,0,0.00,999.00
17:06:17.745,399748.6284,4091880.1889,global,136.17,164.24,0.497,2.00,5.50,4.97,7.79,10.00,0.50,0.70,99.00,0,0,0,0,0,0.00,999.00
17:06:17.795,399748.6284,4091880.1889,global,135.27,164.24,0.497,2.00,5.50,4.07,7.79,10.00,0.50,0.70,99.00,0,0,0,0,0,0.00,999.00
17:06:17.845,399748.6284,4091880.1889,global,133.68,164.24,0.497,2.00,5.50,2.48,7.79,10.00,0.50,0.70,99.00,0,0,0,0,0,0.00,999.00
17:06:17.895,399748.2642,4091880.2598,global,132.67,166.39,0.532,2.00,5.06,3.42,4.66,10.00,0.50,0.70,99.00,0,0,0,0,0,0.00,999.00
17:06:17.945,399748.2642,4091880.2598,global,131.62,166.39,0.532,2.00,5.06,2.37,4.66,10.00,0.50,0.70,99.00,0,0,0,0,0,0.00,999.00
17:06:17.995,399748.2642,4091880.2598,global,131.17,166.39,0.532,2.00,5.44,-0.09,-1.13,10.00,0.50,0.70,99.00,0,0,0,0,0,0.00,999.00
17:06:18.045,399748.2642,4091880.2598,global,130.69,166.39,0.532,2.00,5.44,-0.57,-1.13,10.00,0.50,0.70,99.00,0,0,0,0,0,0.00,999.00
17:06:18.095,399748.2642,4091880.2598,global,130.46,166.39,0.532,2.00,5.44,-0.80,-1.13,10.00,0.50,0.70,99.00,0,0,0,0,0,0.00,999.00
17:06:18.145,399747.8915,4091880.3640,global,130.15,167.90,0.520,2.00,5.33,-2.66,-1.69,10.00,0.50,0.70,99.00,0,0,0,0,0,0.00,999.00
17:06:18.195,399747.8915,4091880.3640,global,129.84,167.90,0.520,2.00,5.33,-2.97,-1.69,10.00,0.50,0.70,99.00,0,0,0,0,0,0.00,999.00
17:06:18.245,399747.8915,4091880.3640,global,129.19,167.90,0.520,2.00,5.59,-4.89,0.19,10.00,0.50,0.70,99.00,0,0,0,0,0,0.00,999.00
17:06:18.295,399747.8915,4091880.3640,global,128.79,167.90,0.520,2.00,5.59,-5.29,0.19,10.00,0.50,0.70,99.00,0,0,0,0,0,0.00,999.00
17:06:18.345,399747.8915,4091880.3640,global,128.21,167.90,0.520,2.00,5.59,-5.87,0.19,10.00,0.50,0.70,99.00,0,0,0,0,0,0.00,999.00
17:06:18.395,399747.5187,4091880.4572,global,127.81,165.70,0.506,2.00,5.36,-3.70,-3.67,10.00,0.50,0.70,99.00,0,0,0,0,0,0.00,999.00
17:06:18.445,399747.5187,4091880.4572,global,127.57,165.70,0.506,2.00,5.36,-3.94,-3.67,10.00,0.50,0.70,99.00,0,0,0,0,0,0.00,999.00
17:06:18.495,399747.5187,4091880.4572,global,127.71,165.70,0.506,2.00,5.59,-4.88,-9.47,10.00,0.50,0.70,99.00,0,0,0,0,0,0.00,999.00
17:06:18.545,399747.5187,4091880.4572,global,128.15,165.70,0.506,2.00,5.59,-4.44,-9.47,10.00,0.50,0.70,99.00,0,0,0,0,0,0.00,999.00
17:06:18.595,399747.5187,4091880.4572,global,128.38,165.70,0.506,2.00,5.59,-4.21,-9.47,10.00,0.50,0.70,99.00,0,0,0,0,0,0.00,999.00
17:06:18.645,399747.1460,4091880.5615,global,128.55,166.06,0.497,2.00,5.23,-3.11,-3.56,10.00,0.50,0.70,99.00,0,0,0,0,0,0.00,999.00
17:06:18.695,399747.1460,4091880.5615,global,128.40,166.06,0.497,2.00,5.23,-3.26,-3.56,10.00,0.50,0.70,99.00,0,0,0,0,0,0.00,999.00
17:06:18.745,399747.1460,4091880.5615,global,127.65,166.06,0.497,2.00,5.79,-6.67,3.22,10.00,0.50,0.70,99.00,0,0,0,0,0,0.00,999.00
17:06:18.795,399747.1460,4091880.5615,global,126.88,166.06,0.497,2.00,5.79,-7.45,3.22,10.00,0.50,0.70,99.00,0,0,0,0,0,0.00,999.00
17:06:18.845,399747.1460,4091880.5615,global,125.79,166.06,0.497,2.00,5.79,-8.53,3.22,10.00,0.50,0.70,99.00,0,0,0,0,0,0.00,999.00
17:06:18.895,399746.7823,4091880.6767,global,125.34,169.23,0.468,2.00,5.36,-11.75,-5.48,10.00,0.50,0.70,99.00,0,0,0,0,0,0.00,999.00
17:06:18.945,399746.7823,4091880.6767,global,125.38,169.23,0.468,2.00,5.36,-11.71,-5.48,10.00,0.50,0.70,99.00,0,0,0,0,0,0.00,999.00
17:06:18.995,399746.7823,4091880.6767,global,125.87,169.23,0.468,2.00,5.64,-12.51,-15.35,10.00,0.50,0.70,99.00,0,0,0,0,0,0.00,999.00
17:06:19.045,399746.7823,4091880.6767,global,127.13,169.23,0.468,2.00,5.64,-11.25,-15.35,10.00,0.50,0.70,99.00,0,0,0,0,0,0.00,999.00
17:06:19.095,399746.7823,4091880.6767,global,128.27,169.23,0.468,2.00,5.44,-9.18,-22.00,10.00,0.50,0.70,99.00,0,0,0,0,0,0.00,999.00
17:06:19.145,399746.4185,4091880.7809,global,130.05,165.33,0.444,2.00,5.44,-4.87,-22.00,10.00,0.50,0.70,99.00,0,0,0,0,0,0.00,999.00
17:06:19.195,399746.4185,4091880.7809,global,131.14,165.33,0.444,2.00,6.25,-7.11,-15.07,10.00,0.50,0.70,99.00,0,0,0,0,0,0.00,999.00
17:06:19.259,399746.4185,4091880.7809,global,131.61,165.33,0.444,2.00,6.25,-6.65,-15.07,10.00,0.50,0.70,99.00,0,0,0,0,0,0.00,999.00
17:06:19.295,399746.4185,4091880.7809,global,132.39,165.33,0.444,2.00,5.69,-3.61,-2.34,10.00,0.50,0.70,99.00,0,0,0,0,0,0.00,999.00
17:06:19.345,399746.4185,4091880.7809,global,131.89,165.33,0.444,2.00,5.69,-4.12,-2.34,10.00,0.50,0.70,99.00,0,0,0,0,0,0.00,999.00
17:06:19.395,399746.0363,4091880.8298,global,131.11,166.56,0.507,2.00,5.69,-2.76,-2.34,10.00,0.50,0.70,99.00,0,0,0,0,0,0.00,999.00
17:06:19.445,399746.0363,4091880.8298,global,129.83,166.56,0.507,2.00,5.94,-5.19,2.81,10.00,0.50,0.70,99.00,0,0,0,0,0,0.00,999.00
17:06:19.495,399746.0363,4091880.8298,global,129.09,166.56,0.507,2.00,5.94,-5.93,2.81,10.00,0.50,0.70,99.00,0,0,0,0,0,0.00,999.00
17:06:19.545,399746.0363,4091880.8298,global,128.58,166.56,0.507,2.00,5.50,-4.41,-3.73,10.00,0.50,0.70,99.00,0,0,0,0,0,0.00,999.00
17:06:19.596,399746.0363,4091880.8298,global,128.52,166.56,0.507,2.00,5.50,-4.47,-3.73,10.00,0.50,0.70,99.00,0,0,0,0,0,0.00,999.00
17:06:19.645,399745.6548,4091880.9453,global,128.56,165.76,0.483,2.00,5.59,-5.33,-10.45,10.00,0.50,0.70,99.00,0,0,0,0,0,0.00,999.00
17:06:19.695,399745.6548,4091880.9453,global,128.89,165.76,0.483,2.00,5.59,-5.00,-10.45,10.00,0.50,0.70,99.00,0,0,0,0,0,0.00,999.00
17:06:19.745,399745.6548,4091880.9453,global,129.58,165.76,0.483,2.00,5.59,-4.31,-10.45,10.00,0.50,0.70,99.00,0,0,0,0,0,0.00,999.00
17:06:19.795,399745.6548,4091880.9453,global,129.81,165.76,0.483,2.00,5.64,-4.32,-4.28,10.00,0.50,0.70,99.00,0,0,0,0,0,0.00,999.00
17:06:19.845,399745.6548,4091880.9453,global,129.52,165.76,0.483,2.00,5.64,-4.60,-4.28,10.00,0.50,0.70,99.00,0,0,0,0,0,0.00,999.00
17:06:19.895,399745.2819,4091881.0273,global,128.91,169.89,0.489,2.00,5.79,-9.67,3.64,10.00,0.50,0.70,99.00,0,0,0,0,0,0.00,999.00
17:06:19.945,399745.2819,4091881.0273,global,127.58,169.89,0.489,2.00,5.79,-11.00,3.64,10.00,0.50,0.70,99.00,0,0,0,0,0,0.00,999.00
17:06:19.995,399745.2819,4091881.0273,global,126.61,169.89,0.489,2.00,5.79,-11.97,3.64,10.00,0.50,0.70,99.00,0,0,0,0,0,0.00,999.00
17:06:20.045,399745.2819,4091881.0273,global,125.77,169.89,0.489,2.00,5.64,-12.15,-5.66,10.00,0.50,0.70,99.00,0,0,0,0,0,0.00,999.00
17:06:20.095,399745.2819,4091881.0273,global,125.87,169.89,0.489,2.00,5.64,-12.05,-5.66,10.00,0.50,0.70,99.00,0,0,0,0,0,0.00,999.00
17:06:20.145,399744.9096,4091881.1649,global,126.73,166.78,0.437,2.00,5.59,-10.66,-16.06,10.00,0.50,0.70,99.00,0,0,0,0,0,0.00,999.00
17:06:20.195,399744.9096,4091881.1649,global,127.59,166.78,0.437,2.00,5.59,-9.80,-16.06,10.00,0.50,0.70,99.00,0,0,0,0,0,0.00,999.00
17:06:20.245,399744.9096,4091881.1649,global,129.18,166.78,0.437,2.00,5.59,-8.21,-16.06,10.00,0.50,0.70,99.00,0,0,0,0,0,0.00,999.00
17:06:20.295,399744.9096,4091881.1649,global,130.02,166.78,0.437,2.00,5.36,-6.36,-10.90,10.00,0.50,0.70,99.00,0,0,0,0,0,0.00,999.00
17:06:20.345,399744.9096,4091881.1649,global,130.44,166.78,0.437,2.00,5.36,-5.94,-10.90,10.00,0.50,0.70,99.00,0,0,0,0,0,0.00,999.00
17:06:20.395,399744.5276,4091881.2360,global,130.25,168.47,0.453,2.00,5.85,-9.03,-0.97,10.00,0.50,0.70,99.00,0,0,0,0,0,0.00,999.00
17:06:20.445,399744.5276,4091881.2360,global,129.43,168.47,0.453,2.00,5.85,-9.85,-0.97,10.00,0.50,0.70,99.00,0,0,0,0,0,0.00,999.00
17:06:20.495,399744.5276,4091881.2360,global,128.70,168.47,0.453,2.00,5.44,-8.81,5.15,10.00,0.50,0.70,99.00,0,0,0,0,0,0.00,999.00
17:06:20.545,399744.5276,4091881.2360,global,127.36,168.47,0.453,2.00,5.44,-10.15,5.15,10.00,0.50,0.70,99.00,0,0,0,0,0,0.00,999.00
17:06:20.597,399744.5276,4091881.2360,global,126.51,168.47,0.453,2.00,5.44,-10.99,5.15,10.00,0.50,0.70,99.00,0,0,0,0,0,0.00,999.00
17:06:20.645,399744.1550,4091881.3513,global,125.66,173.85,0.427,2.00,5.93,-20.78,-4.55,10.00,0.50,0.70,99.00,0,0,0,0,0,0.00,999.00
17:06:20.695,399744.1550,4091881.3513,global,125.65,173.85,0.427,2.00,5.93,-20.78,-4.55,10.00,0.50,0.70,99.00,0,0,0,0,0,0.00,999.00
17:06:20.745,399744.1550,4091881.3513,global,126.23,173.85,0.427,2.00,5.93,-20.20,-4.55,10.00,0.50,0.70,99.00,0,0,0,0,0,0.00,999.00
17:06:20.795,399744.1550,4091881.3513,global,126.85,173.85,0.427,2.00,5.40,-17.33,-19.78,10.00,0.50,0.70,99.00,0,0,0,0,0,0.00,999.00
17:06:20.846,399744.1550,4091881.3513,global,128.28,173.85,0.427,2.00,5.40,-15.90,-19.78,10.00,0.50,0.70,99.00,0,0,0,0,0,0.00,999.00
17:06:20.895,399743.7737,4091881.4779,global,129.79,173.85,0.319,2.00,5.99,-22.00,-21.98,10.00,0.50,0.70,99.00,0,0,0,0,0,0.00,999.00
17:06:20.945,399743.7737,4091881.4779,global,132.77,173.85,0.319,2.00,5.99,-20.07,-21.98,10.00,0.50,0.70,99.00,0,0,0,0,0,0.00,999.00
17:06:20.995,399743.7737,4091881.4779,global,134.87,173.85,0.319,2.00,5.99,-17.96,-21.98,10.00,0.50,0.70,99.00,0,0,0,0,0,0.00,999.00
17:06:21.045,399743.7737,4091881.4779,global,137.92,173.85,0.319,2.00,5.23,-12.18,-21.45,10.00,0.50,0.70,99.00,0,0,0,0,0,0.00,999.00
17:06:21.095,399743.7737,4091881.4779,global,139.86,173.85,0.319,2.00,5.23,-10.24,-21.45,10.00,0.50,0.70,99.00,0,0,0,0,0,0.00,999.00
17:06:21.145,399743.4084,4091881.4600,global,142.70,-178.03,0.348,2.00,5.79,-15.88,-22.00,10.00,0.50,0.70,99.00,0,0,0,0,0,0.00,999.00
17:06:21.195,399743.4084,4091881.4600,global,144.49,-178.03,0.348,2.00,5.79,-14.09,-22.00,10.00,0.50,0.70,99.00,0,0,0,0,0,0.00,999.00
17:06:21.245,399743.4084,4091881.4600,global,146.89,-178.03,0.348,2.00,6.31,-13.43,-22.00,10.00,0.50,0.70,99.00,0,0,0,0,0,0.00,999.00
17:06:21.296,399743.4084,4091881.4600,global,148.17,-178.03,0.348,2.00,6.31,-12.16,-22.00,10.00,0.50,0.70,99.00,0,0,0,0,0,0.00,999.00
17:06:21.346,399743.4084,4091881.4600,global,149.42,-178.03,0.348,2.00,6.31,-10.91,-22.00,10.00,0.50,0.70,99.00,0,0,0,0,0,0.00,999.00
17:06:21.395,399743.0425,4091881.3867,global,150.03,173.14,0.412,2.00,5.33,5.99,-8.87,10.00,0.50,0.70,99.00,0,0,0,0,0,0.00,999.00
17:06:21.445,399743.0425,4091881.3867,global,150.13,173.14,0.412,2.00,5.33,6.10,-8.87,10.00,0.50,0.70,99.00,0,0,0,0,0,0.00,999.00
17:06:21.495,399743.0425,4091881.3867,global,149.86,173.14,0.412,2.00,6.59,0.97,-0.34,10.00,0.50,0.70,99.00,0,0,0,0,0,0.00,999.00
17:06:21.545,399743.0425,4091881.3867,global,149.28,173.14,0.412,2.00,6.59,0.39,-0.34,10.00,0.50,0.70,99.00,0,0,0,0,0,0.00,999.00
17:06:21.595,399743.0425,4091881.3867,global,148.42,173.14,0.412,2.00,6.59,-0.47,-0.34,10.00,0.50,0.70,99.00,0,0,0,0,0,0.00,999.00
17:06:21.645,399742.6503,4091881.3469,global,146.79,170.09,0.505,2.00,5.43,10.52,0.38,10.00,0.50,0.70,99.00,0,0,0,0,0,0.00,999.00
17:06:21.695,399742.6503,4091881.3469,global,146.08,170.09,0.505,2.00,5.43,9.82,0.38,10.00,0.50,0.70,99.00,0,0,0,0,0,0.00,999.00
17:06:21.745,399742.6503,4091881.3469,global,146.02,170.09,0.505,2.00,5.43,9.75,0.38,10.00,0.50,0.70,99.00,0,0,0,0,0,0.00,999.00
17:06:21.795,399742.6503,4091881.3469,global,146.30,170.09,0.505,2.00,5.78,8.40,-4.06,10.00,0.50,0.70,99.00,0,0,0,0,0,0.00,999.00
17:06:21.845,399742.6503,4091881.3469,global,146.36,170.09,0.505,2.00,5.78,8.47,-4.06,10.00,0.50,0.70,99.00,0,0,0,0,0,0.00,999.00
17:06:21.895,399742.2495,4091881.3295,global,145.76,165.97,0.598,2.00,5.64,17.12,6.20,10.00,0.50,0.70,99.00,0,0,0,0,0,0.00,999.00
17:06:21.945,399742.2495,4091881.3295,global,144.14,165.97,0.598,2.00,5.64,15.51,6.20,10.00,0.50,0.70,99.00,0,0,0,0,0,0.00,999.00
17:06:21.995,399742.2495,4091881.3295,global,142.77,165.97,0.598,2.00,5.85,13.17,15.86,10.00,0.50,0.70,99.00,0,0,0,0,0,0.00,999.00
17:06:22.045,399742.2495,4091881.3295,global,140.41,165.97,0.598,2.00,5.85,10.80,15.86,10.00,0.50,0.70,99.00,0,0,0,0,0,0.00,999.00
17:06:22.095,399742.2495,4091881.3295,global,138.52,165.97,0.598,2.00,5.85,8.92,15.86,10.00,0.50,0.70,99.00,0,0,0,0,0,0.00,999.00
17:06:22.145,399741.8586,4091881.4007,global,135.63,167.59,0.594,2.00,5.78,4.55,12.63,10.00,0.50,0.70,99.00,0,0,0,0,0,0.00,999.00
