time,utm_x,utm_y,path_type,vehicle_yaw_deg,path_yaw_deg,cte_meter,k_gain,v_kmh,target_steer_deg,current_steer_deg,kp,ki,kd,closest_cluster_dist,r_state,y_state,g_state,f_state,l_state,light_area,stopline_dist
17:09:24.938,399739.3575,4091874.6842,global,-6.59,-6.61,0.072,2.00,0.00,8.18,15.12,9.50,0.20,0.50,99.00,0,0,0,0,0,0.00,999.00
17:09:24.988,399739.3575,4091874.6842,global,-6.59,-6.61,0.072,2.00,0.00,8.18,15.12,9.50,0.20,0.50,99.00,0,0,0,0,0,0.00,999.00
17:09:25.039,399739.3575,4091874.6842,global,-6.60,-6.61,0.072,2.00,0.20,8.17,15.35,9.50,0.20,0.50,99.00,0,0,0,0,0,0.00,999.00
17:09:25.089,399739.3663,4091874.6730,global,-6.60,-6.61,0.062,2.00,0.20,7.03,15.35,9.50,0.20,0.50,99.00,0,0,0,0,0,0.00,999.00
17:09:25.139,399739.3663,4091874.6730,global,-6.61,-6.61,0.062,2.00,0.20,7.02,13.61,9.50,0.20,0.50,99.00,0,0,0,0,0,0.00,999.00
17:09:25.189,399739.3663,4091874.6730,global,-6.61,-6.61,0.062,2.00,0.20,7.02,13.61,9.50,0.20,0.50,99.00,0,0,0,0,0,0.00,999.00
17:09:25.238,399739.3663,4091874.6730,global,-6.52,-6.61,0.062,2.00,0.20,7.11,13.61,9.50,0.20,0.50,99.00,0,0,0,0,0,0.00,999.00
17:09:25.288,399739.3663,4091874.6730,global,-6.45,-6.61,0.062,2.00,0.55,7.19,9.62,9.50,0.20,0.50,99.00,0,0,0,0,0,0.00,999.00
17:09:25.338,399739.3929,4091874.6616,global,-6.41,-6.61,0.053,2.00,0.55,6.28,9.62,9.50,0.20,0.50,99.00,0,0,0,0,0,0.00,999.00
17:09:25.388,399739.3929,4091874.6616,global,-6.27,-6.61,0.053,2.00,0.60,6.42,8.93,9.50,0.20,0.50,99.00,0,0,0,0,0,0.00,999.00
17:09:25.438,399739.3929,4091874.6616,global,-6.14,-6.61,0.053,2.00,0.60,6.55,8.93,9.50,0.20,0.50,99.00,0,0,0,0,0,0.00,999.00
17:09:25.489,399739.3929,4091874.6616,global,-5.90,-6.61,0.053,2.00,0.81,6.79,9.09,9.50,0.20,0.50,99.00,0,0,0,0,0,0.00,999.00
17:09:25.538,399739.3929,4091874.6616,global,-5.81,-6.61,0.053,2.00,0.81,6.88,9.09,9.50,0.20,0.50,99.00,0,0,0,0,0,0.00,999.00
17:09:25.588,399739.4641,4091874.6608,global,-5.58,-6.61,0.061,2.00,0.81,7.94,9.09,9.50,0.20,0.50,99.00,0,0,0,0,0,0.00,999.00
17:09:25.639,399739.4641,4091874.6608,global,-5.43,-6.61,0.061,2.00,1.11,8.10,9.17,9.50,0.20,0.50,99.00,0,0,0,0,0,0.00,999.00
17:09:25.689,399739.4641,4091874.6608,global,-5.32,-6.61,0.061,2.00,1.11,8.21,9.17,9.50,0.20,0.50,99.00,0,0,0,0,0,0.00,999.00
17:09:25.738,399739.4641,4091874.6608,global,-5.22,-6.61,0.061,2.00,1.01,8.30,8.81,9.50,0.20,0.50,99.00,0,0,0,0,0,0.00,999.00
17:09:25.788,399739.4641,4091874.6608,global,-4.98,-6.61,0.061,2.00,1.01,8.55,8.81,9.50,0.20,0.50,99.00,0,0,0,0,0,0.00,999.00
17:09:25.839,399739.5441,4091874.6487,global,-4.83,-0.68,0.055,2.00,1.41,2.18,9.10,9.50,0.20,0.50,99.00,0,0,0,0,0,0.00,999.00
17:09:25.889,399739.5441,4091874.6487,global,-4.70,-0.68,0.055,2.00,1.41,2.31,9.10,9.50,0.20,0.50,99.00,0,0,0,0,0,0.00,999.00
17:09:25.939,399739.5441,4091874.6487,global,-4.55,-0.68,0.055,2.00,1.41,2.46,9.10,9.50,0.20,0.50,99.00,0,0,0,0,0,0.00,999.00
17:09:25.988,399739.5441,4091874.6487,global,-4.29,-0.68,0.055,2.00,1.50,2.72,4.08,9.50,0.20,0.50,99.00,0,0,0,0,0,0.00,999.00
17:09:26.038,399739.5441,4091874.6487,global,-4.07,-0.68,0.055,2.00,1.50,2.94,4.08,9.50,0.20,0.50,99.00,0,0,0,0,0,0.00,999.00
17:09:26.089,399739.6509,4091874.6475,global,-3.44,-16.72,0.056,2.00,1.81,19.65,-2.56,9.50,0.20,0.50,99.00,0,0,0,0,0,0.00,999.00
17:09:26.138,399739.6509,4091874.6475,global,-2.92,-16.72,0.056,2.00,1.81,20.17,-2.56,9.50,0.20,0.50,99.00,0,0,0,0,0,0.00,999.00
17:09:26.191,399739.6509,4091874.6475,global,-2.40,-16.72,0.056,2.00,1.80,20.69,-2.46,9.50,0.20,0.50,99.00,0,0,0,0,0,0.00,999.00
17:09:26.238,399739.6509,4091874.6475,global,-1.69,-16.72,0.056,2.00,1.80,21.40,-2.46,9.50,0.20,0.50,99.00,0,0,0,0,0,0.00,999.00
17:09:26.289,399739.6509,4091874.6475,global,-0.96,-16.72,0.056,2.00,1.80,22.00,-2.46,9.50,0.20,0.50,99.00,0,0,0,0,0,0.00,999.00
17:09:26.339,399739.7580,4091874.6684,global,-0.57,-13.44,0.108,2.00,1.80,22.00,8.55,9.50,0.20,0.50,99.00,0,0,0,0,0,0.00,999.00
17:09:26.388,399739.7580,4091874.6684,global,-0.34,-13.44,0.108,2.00,1.80,22.00,8.55,9.50,0.20,0.50,99.00,0,0,0,0,0,0.00,999.00
17:09:26.438,399739.7580,4091874.6684,global,-0.28,-13.44,0.108,2.00,2.99,22.00,20.42,9.50,0.20,0.50,99.00,0,0,0,0,0,0.00,999.00
17:09:26.488,399739.7580,4091874.6684,global,-0.39,-13.44,0.108,2.00,2.99,22.00,20.42,9.50,0.20,0.50,99.00,0,0,0,0,0,0.00,999.00
17:09:26.538,399739.7580,4091874.6684,global,-0.67,-13.44,0.108,2.00,2.99,22.00,20.42,9.50,0.20,0.50,99.00,0,0,0,0,0,0.00,999.00
17:09:26.589,399739.9093,4091874.6666,global,-1.07,-20.28,0.143,2.00,2.06,22.00,21.99,9.50,0.20,0.50,99.00,0,0,0,0,0,0.00,999.00
17:09:26.639,399739.9093,4091874.6666,global,-1.27,-20.28,0.143,2.00,2.06,22.00,21.99,9.50,0.20,0.50,99.00,0,0,0,0,0,0.00,999.00
17:09:26.689,399739.9093,4091874.6666,global,-1.62,-20.28,0.143,2.00,2.40,22.00,21.99,9.50,0.20,0.50,99.00,0,0,0,0,0,0.00,999.00
17:09:26.743,399739.9093,4091874.6666,global,-1.84,-20.28,0.143,2.00,2.40,22.00,21.99,9.50,0.20,0.50,99.00,0,0,0,0,0,0.00,999.00
17:09:26.811,399739.9093,4091874.6666,global,-1.96,-20.28,0.143,2.00,2.40,22.00,21.99,9.50,0.20,0.50,99.00,0,0,0,0,0,0.00,999.00
17:09:26.839,399740.0786,4091874.6757,global,-2.49,-26.29,0.212,2.00,2.17,22.00,21.99,9.50,0.20,0.50,99.00,0,0,0,0,0,0.00,999.00
17:09:26.888,399740.0786,4091874.6757,global,-2.85,-26.29,0.212,2.00,2.17,22.00,21.99,9.50,0.20,0.50,99.00,0,0,0,0,0,0.00,999.00
17:09:26.938,399740.0786,4091874.6757,global,-3.09,-26.29,0.212,2.00,2.54,22.00,21.99,9.50,0.20,0.50,99.00,0,0,0,0,0,0.00,999.00
17:09:26.988,399740.0786,4091874.6757,global,-3.51,-26.29,0.212,2.00,2.54,22.00,21.99,9.50,0.20,0.50,99.00,0,0,0,0,0,0.00,999.00
17:09:27.038,399740.0786,4091874.6757,global,-3.76,-26.29,0.212,2.00,2.42,22.00,21.99,9.50,0.20,0.50,99.00,0,0,0,0,0,0.00,999.00
17:09:27.089,399740.2565,4091874.6625,global,-4.12,-6.61,0.269,2.00,2.42,22.00,21.99,9.50,0.20,0.50,99.00,0,0,0,0,0,0.00,999.00
17:09:27.138,399740.2565,4091874.6625,global,-4.38,-6.61,0.269,2.00,2.59,22.00,21.99,9.50,0.20,0.50,99.00,0,0,0,0,0,0.00,999.00
17:09:27.190,399740.2565,4091874.6625,global,-4.64,-6.61,0.269,2.00,2.59,22.00,21.99,9.50,0.20,0.50,99.00,0,0,0,0,0,0.00,999.00
17:09:27.238,399740.2565,4091874.6625,global,-5.03,-6.61,0.269,2.00,2.82,22.00,21.99,9.50,0.20,0.50,99.00,0,0,0,0,0,0.00,999.00
17:09:27.289,399740.2565,4091874.6625,global,-5.42,-6.61,0.269,2.00,2.82,22.00,21.99,9.50,0.20,0.50,99.00,0,0,0,0,0,0.00,999.00
17:09:27.338,399740.4521,4091874.6380,global,-5.75,-14.67,0.276,2.00,2.82,22.00,21.99,9.50,0.20,0.50,99.00,0,0,0,0,0,0.00,999.00
17:09:27.389,399740.4521,4091874.6380,global,-6.25,-14.67,0.276,2.00,2.63,22.00,21.99,9.50,0.20,0.50,99.00,0,0,0,0,0,0.00,999.00
17:09:27.439,399740.4521,4091874.6380,global,-6.46,-14.67,0.276,2.00,2.63,22.00,21.99,9.50,0.20,0.50,99.00,0,0,0,0,0,0.00,999.00
17:09:27.489,399740.4521,4091874.6380,global,-6.88,-14.67,0.276,2.00,2.79,22.00,21.99,9.50,0.20,0.50,99.00,0,0,0,0,0,0.00,999.00
17:09:27.539,399740.4521,4091874.6380,global,-7.14,-14.67,0.276,2.00,2.79,22.00,21.99,9.50,0.20,0.50,99.00,0,0,0,0,0,0.00,999.00
17:09:27.589,399740.6476,4091874.6135,global,-7.58,-24.67,0.300,2.00,2.79,22.00,21.99,9.50,0.20,0.50,99.00,0,0,0,0,0,0.00,999.00
17:09:27.638,399740.6476,4091874.6135,global,-7.85,-24.67,0.300,2.00,2.89,22.00,21.99,9.50,0.20,0.50,99.00,0,0,0,0,0,0.00,999.00
17:09:27.688,399740.6476,4091874.6135,global,-8.24,-24.67,0.300,2.00,2.89,22.00,21.99,9.50,0.20,0.50,99.00,0,0,0,0,0,0.00,999.00
17:09:27.738,399740.6476,4091874.6135,global,-8.52,-24.67,0.300,2.00,2.99,22.00,21.99,9.50,0.20,0.50,99.00,0,0,0,0,0,0.00,999.00
17:09:27.788,399740.6476,4091874.6135,global,-8.94,-24.67,0.300,2.00,2.99,22.00,21.99,9.50,0.20,0.50,99.00,0,0,0,0,0,0.00,999.00
17:09:27.840,399740.8520,4091874.5778,global,-9.25,-5.43,0.323,2.00,2.99,22.00,21.99,9.50,0.20,0.50,99.00,0,0,0,0,0,0.00,999.00
17:09:27.888,399740.8520,4091874.5778,global,-9.67,-5.43,0.323,2.00,3.01,22.00,21.99,9.50,0.20,0.50,99.00,0,0,0,0,0,0.00,999.00
17:09:27.938,399740.8520,4091874.5778,global,-9.98,-5.43,0.323,2.00,3.01,22.00,21.99,9.50,0.20,0.50,99.00,0,0,0,0,0,0.00,999.00
17:09:27.988,399740.8520,4091874.5778,global,-10.46,-5.43,0.323,2.00,3.02,22.00,21.99,9.50,0.20,0.50,99.00,0,0,0,0,0,0.00,999.00
17:09:28.038,399740.8520,4091874.5778,global,-10.77,-5.43,0.323,2.00,3.02,22.00,21.99,9.50,0.20,0.50,99.00,0,0,0,0,0,0.00,999.00
17:09:28.089,399741.0651,4091874.5309,global,-11.22,-10.32,0.277,2.00,3.02,22.00,21.99,9.50,0.20,0.50,99.00,0,0,0,0,0,0.00,999.00
17:09:28.138,399741.0651,4091874.5309,global,-11.55,-10.32,0.277,2.00,3.03,22.00,21.99,9.50,0.20,0.50,99.00,0,0,0,0,0,0.00,999.00
17:09:28.188,399741.0651,4091874.5309,global,-12.00,-10.32,0.277,2.00,3.03,22.00,21.99,9.50,0.20,0.50,99.00,0,0,0,0,0,0.00,999.00
17:09:28.239,399741.0651,4091874.5309,global,-12.30,-10.32,0.277,2.00,3.22,22.00,21.99,9.50,0.20,0.50,99.00,0,0,0,0,0,0.00,999.00
17:09:28.289,399741.0651,4091874.5309,global,-12.75,-10.32,0.277,2.00,3.22,22.00,21.99,9.50,0.20,0.50,99.00,0,0,0,0,0,0.00,999.00
17:09:28.339,399741.2870,4091874.4728,global,-13.05,-6.15,0.263,2.00,3.22,20.88,21.99,9.50,0.20,0.50,99.00,0,0,0,0,0,0.00,999.00
17:09:28.389,399741.2870,4091874.4728,global,-13.51,-6.15,0.263,2.00,3.28,20.42,21.99,9.50,0.20,0.50,99.00,0,0,0,0,0,0.00,999.00
17:09:28.438,399741.2870,4091874.4728,global,-13.84,-6.15,0.263,2.00,3.28,20.08,21.99,9.50,0.20,0.50,99.00,0,0,0,0,0,0.00,999.00
17:09:28.488,399741.2870,4091874.4728,global,-14.28,-6.15,0.263,2.00,3.19,19.65,21.99,9.50,0.20,0.50,99.00,0,0,0,0,0,0.00,999.00
17:09:28.538,399741.2870,4091874.4728,global,-14.55,-6.15,0.263,2.00,3.19,19.38,21.99,9.50,0.20,0.50,99.00,0,0,0,0,0,0.00,999.00
17:09:28.588,399741.5088,4091874.4036,global,-15.00,-9.53,0.203,2.00,3.19,16.61,21.99,9.50,0.20,0.50,99.00,0,0,0,0,0,0.00,999.00
17:09:28.638,399741.5088,4091874.4036,global,-15.29,-9.53,0.203,2.00,3.32,16.32,21.99,9.50,0.20,0.50,99.00,0,0,0,0,0,0.00,999.00
17:09:28.688,399741.5088,4091874.4036,global,-15.76,-9.53,0.203,2.00,3.32,15.85,21.99,9.50,0.20,0.50,99.00,0,0,0,0,0,0.00,999.00
17:09:28.738,399741.5088,4091874.4036,global,-16.07,-9.53,0.203,2.00,3.36,15.54,21.99,9.50,0.20,0.50,99.00,0,0,0,0,0,0.00,999.00
17:09:28.788,399741.5088,4091874.4036,global,-16.60,-9.53,0.203,2.00,3.36,15.01,21.99,9.50,0.20,0.50,99.00,0,0,0,0,0,0.00,999.00
17:09:28.838,399741.7393,4091874.3232,global,-16.96,-5.76,0.159,2.00,3.36,6.49,21.99,9.50,0.20,0.50,99.00,0,0,0,0,0,0.00,999.00
17:09:28.888,399741.7393,4091874.3232,global,-17.39,-5.76,0.159,2.00,3.44,6.06,21.99,9.50,0.20,0.50,99.00,0,0,0,0,0,0.00,999.00
17:09:28.938,399741.7393,4091874.3232,global,-17.56,-5.76,0.159,2.00,3.44,5.89,21.99,9.50,0.20,0.50,99.00,0,0,0,0,0,0.00,999.00
17:09:28.988,399741.7393,4091874.3232,global,-17.76,-5.76,0.159,2.00,3.59,5.70,19.15,9.50,0.20,0.50,99.00,0,0,0,0,0,0.00,999.00
17:09:29.038,399741.7393,4091874.3232,global,-17.81,-5.76,0.159,2.00,3.59,5.64,19.15,9.50,0.20,0.50,99.00,0,0,0,0,0,0.00,999.00
17:09:29.089,399741.9698,4091874.2428,global,-17.64,-17.02,0.122,2.00,3.59,13.10,19.15,9.50,0.20,0.50,99.00,0,0,0,0,0,0.00,999.00
17:09:29.138,399741.9698,4091874.2428,global,-17.33,-17.02,0.122,2.00,3.44,13.42,8.26,9.50,0.20,0.50,99.00,0,0,0,0,0,0.00,999.00
17:09:29.189,399741.9698,4091874.2428,global,-16.61,-17.02,0.122,2.00,3.44,14.14,8.26,9.50,0.20,0.50,99.00,0,0,0,0,0,0.00,999.00
17:09:29.238,399741.9698,4091874.2428,global,-16.00,-17.02,0.122,2.00,3.56,14.75,0.50,9.50,0.20,0.50,99.00,0,0,0,0,0,0.00,999.00
17:09:29.288,399741.9698,4091874.2428,global,-14.77,-17.02,0.122,2.00,3.56,15.98,0.50,9.50,0.20,0.50,99.00,0,0,0,0,0,0.00,999.00
17:09:29.338,399742.2096,4091874.1956,global,-13.89,-13.08,0.137,2.00,3.56,14.52,0.50,9.50,0.20,0.50,99.00,0,0,0,0,0,0.00,999.00
17:09:29.389,399742.2096,4091874.1956,global,-13.17,-13.08,0.137,2.00,3.46,15.24,11.23,9.50,0.20,0.50,99.00,0,0,0,0,0,0.00,999.00
17:09:29.438,399742.2096,4091874.1956,global,-13.05,-13.08,0.137,2.00,3.46,15.36,11.23,9.50,0.20,0.50,99.00,0,0,0,0,0,0.00,999.00
17:09:29.488,399742.2096,4091874.1956,global,-13.16,-13.08,0.137,2.00,3.79,14.50,21.67,9.50,0.20,0.50,99.00,0,0,0,0,0,0.00,999.00
17:09:29.538,399742.2096,4091874.1956,global,-13.41,-13.08,0.137,2.00,3.79,14.25,21.67,9.50,0.20,0.50,99.00,0,0,0,0,0,0.00,999.00
17:09:29.589,399742.4404,4091874.1374,global,-13.91,-16.16,0.134,2.00,3.79,16.55,21.67,9.50,0.20,0.50,99.00,0,0,0,0,0,0.00,999.00
17:09:29.638,399742.4404,4091874.1374,global,-14.09,-16.16,0.134,2.00,3.55,17.09,17.92,9.50,0.20,0.50,99.00,0,0,0,0,0,0.00,999.00
17:09:29.688,399742.4404,4091874.1374,global,-13.98,-16.16,0.134,2.00,3.55,17.20,17.92,9.50,0.20,0.50,99.00,0,0,0,0,0,0.00,999.00
17:09:29.738,399742.4404,4091874.1374,global,-13.67,-16.16,0.134,2.00,3.63,17.41,8.34,9.50,0.20,0.50,99.00,0,0,0,0,0,0.00,999.00
17:09:29.788,399742.4404,4091874.1374,global,-12.89,-16.16,0.134,2.00,3.63,18.19,8.34,9.50,0.20,0.50,99.00,0,0,0,0,0,0.00,999.00
17:09:29.839,399742.6890,4091874.0790,global,-12.33,-12.41,0.152,2.00,3.63,16.88,8.34,9.50,0.20,0.50,99.00,0,0,0,0,0,0.00,999.00
17:09:29.888,399742.6890,4091874.0790,global,-11.66,-12.41,0.152,2.00,3.71,17.18,12.82,9.50,0.20,0.50,99.00,0,0,0,0,0,0.00,999.00
17:09:29.938,399742.6890,4091874.0790,global,-11.51,-12.41,0.152,2.00,3.71,17.33,12.82,9.50,0.20,0.50,99.00,0,0,0,0,0,0.00,999.00
17:09:29.988,399742.6890,4091874.0790,global,-11.64,-12.41,0.152,2.00,3.19,17.69,21.99,9.50,0.20,0.50,99.00,0,0,0,0,0,0.00,999.00
17:09:30.038,399742.6890,4091874.0790,global,-12.00,-12.41,0.152,2.00,3.19,17.33,21.99,9.50,0.20,0.50,99.00,0,0,0,0,0,0.00,999.00
17:09:30.088,399742.9287,4091874.0207,global,-12.69,-17.02,0.150,2.00,3.19,21.07,21.99,9.50,0.20,0.50,99.00,0,0,0,0,0,0.00,999.00
17:09:30.160,399742.9287,4091874.0207,global,-12.91,-17.02,0.150,2.00,3.19,20.84,21.99,9.50,0.20,0.50,99.00,0,0,0,0,0,0.00,999.00
17:09:30.189,399742.9287,4091874.0207,global,-13.35,-17.02,0.150,2.00,3.71,19.92,21.99,9.50,0.20,0.50,99.00,0,0,0,0,0,0.00,999.00
17:09:30.238,399742.9287,4091874.0207,global,-13.31,-17.02,0.150,2.00,3.79,19.64,16.16,9.50,0.20,0.50,99.00,0,0,0,0,0,0.00,999.00
17:09:30.289,399742.9287,4091874.0207,global,-13.08,-17.02,0.150,2.00,3.79,19.87,16.16,9.50,0.20,0.50,99.00,0,0,0,0,0,0.00,999.00
17:09:30.339,399743.1861,4091873.9510,global,-12.86,-8.15,0.123,2.00,3.79,8.47,16.16,9.50,0.20,0.50,99.00,0,0,0,0,0,0.00,999.00
17:09:30.388,399743.1861,4091873.9510,global,-12.49,-8.15,0.123,2.00,3.71,9.11,12.63,9.50,0.20,0.50,99.00,0,0,0,0,0,0.00,999.00
17:09:30.439,399743.1861,4091873.9510,global,-12.31,-8.15,0.123,2.00,3.71,9.29,12.63,9.50,0.20,0.50,99.00,0,0,0,0,0,0.00,999.00
17:09:30.488,399743.1861,4091873.9510,global,-12.05,-8.15,0.123,2.00,3.59,9.96,16.70,9.50,0.20,0.50,99.00,0,0,0,0,0,0.00,999.00
17:09:30.538,399743.1861,4091873.9510,global,-12.04,-8.15,0.123,2.00,3.59,9.96,16.70,9.50,0.20,0.50,99.00,0,0,0,0,0,0.00,999.00
17:09:30.589,399743.4350,4091873.9148,global,-12.02,-10.77,0.126,2.00,3.59,12.94,16.70,9.50,0.20,0.50,99.00,0,0,0,0,0,0.00,999.00
17:09:30.638,399743.4350,4091873.9148,global,-12.00,-10.77,0.126,2.00,3.85,12.07,13.84,9.50,0.20,0.50,99.00,0,0,0,0,0,0.00,999.00
17:09:30.688,399743.4350,4091873.9148,global,-11.64,-10.77,0.126,2.00,3.85,12.43,13.84,9.50,0.20,0.50,99.00,0,0,0,0,0,0.00,999.00
17:09:30.738,399743.4350,4091873.9148,global,-11.26,-10.77,0.126,2.00,3.79,13.01,7.13,9.50,0.20,0.50,99.00,0,0,0,0,0,0.00,999.00
17:09:30.788,399743.4350,4091873.9148,global,-10.43,-10.77,0.126,2.00,3.79,13.84,7.13,9.50,0.20,0.50,99.00,0,0,0,0,0,0.00,999.00
17:09:30.838,399743.6923,4091873.8452,global,-9.82,-16.16,0.124,2.00,3.79,19.53,7.13,9.50,0.20,0.50,99.00,0,0,0,0,0,0.00,999.00
17:09:30.888,399743.6923,4091873.8452,global,-9.04,-16.16,0.124,2.00,3.85,20.13,10.24,9.50,0.20,0.50,99.00,0,0,0,0,0,0.00,999.00
17:09:30.938,399743.6923,4091873.8452,global,-8.77,-16.16,0.124,2.00,3.85,20.40,10.24,9.50,0.20,0.50,99.00,0,0,0,0,0,0.00,999.00
17:09:30.988,399743.6923,4091873.8452,global,-8.68,-16.16,0.124,2.00,3.99,20.04,18.15,9.50,0.20,0.50,99.00,0,0,0,0,0,0.00,999.00
17:09:31.038,399743.6923,4091873.8452,global,-8.78,-16.16,0.124,2.00,3.99,19.95,18.15,9.50,0.20,0.50,99.00,0,0,0,0,0,0.00,999.00
17:09:31.089,399743.9500,4091873.7978,global,-9.14,-16.16,0.150,2.00,3.99,22.00,18.15,9.50,0.20,0.50,99.00,0,0,0,0,0,0.00,999.00
17:09:31.138,399743.9500,4091873.7978,global,-9.36,-16.16,0.150,2.00,3.99,21.91,21.54,9.50,0.20,0.50,99.00,0,0,0,0,0,0.00,999.00
17:09:31.193,399743.9500,4091873.7978,global,-9.56,-16.16,0.150,2.00,3.99,21.71,21.54,9.50,0.20,0.50,99.00,0,0,0,0,0,0.00,999.00
17:09:31.238,399743.9500,4091873.7978,global,-9.65,-16.16,0.150,2.00,3.68,22.00,19.97,9.50,0.20,0.50,99.00,0,0,0,0,0,0.00,999.00
17:09:31.289,399743.9500,4091873.7978,global,-9.81,-16.16,0.150,2.00,3.68,22.00,19.97,9.50,0.20,0.50,99.00,0,0,0,0,0,0.00,999.00
17:09:31.339,399744.2254,4091873.7501,global,-9.99,-15.38,0.170,2.00,3.68,22.00,19.97,9.50,0.20,0.50,99.00,0,0,0,0,0,0.00,999.00
17:09:31.389,399744.2254,4091873.7501,global,-10.20,-15.38,0.170,2.00,4.07,21.92,20.02,9.50,0.20,0.50,99.00,0,0,0,0,0,0.00,999.00
17:09:31.438,399744.2254,4091873.7501,global,-10.30,-15.38,0.170,2.00,4.07,21.81,20.02,9.50,0.20,0.50,99.00,0,0,0,0,0,0.00,999.00
17:09:31.488,399744.2254,4091873.7501,global,-10.51,-15.38,0.170,2.00,3.99,21.91,20.27,9.50,0.20,0.50,99.00,0,0,0,0,0,0.00,999.00
17:09:31.539,399744.2254,4091873.7501,global,-10.62,-15.38,0.170,2.00,3.99,21.81,20.27,9.50,0.20,0.50,99.00,0,0,0,0,0,0.00,999.00
17:09:31.589,399744.5004,4091873.6692,global,-10.73,-8.15,0.131,2.00,3.99,10.70,20.27,9.50,0.20,0.50,99.00,0,0,0,0,0,0.00,999.00
17:09:31.638,399744.5004,4091873.6692,global,-10.82,-8.15,0.131,2.00,3.85,11.08,20.62,9.50,0.20,0.50,99.00,0,0,0,0,0,0.00,999.00
17:09:31.689,399744.5004,4091873.6692,global,-10.99,-8.15,0.131,2.00,3.85,10.90,20.62,9.50,0.20,0.50,99.00,0,0,0,0,0,0.00,999.00
17:09:31.738,399744.5004,4091873.6692,global,-11.12,-8.15,0.131,2.00,4.07,10.05,20.59,9.50,0.20,0.50,99.00,0,0,0,0,0,0.00,999.00
17:09:31.789,399744.5004,4091873.6692,global,-11.28,-8.15,0.131,2.00,4.07,9.90,20.59,9.50,0.20,0.50,99.00,0,0,0,0,0,0.00,999.00
17:09:31.839,399744.7668,4091873.6106,global,-11.43,-4.24,0.105,2.00,3.95,3.66,18.52,9.50,0.20,0.50,99.00,0,0,0,0,0,0.00,999.00
17:09:31.889,399744.7668,4091873.6106,global,-11.47,-4.24,0.105,2.00,3.95,3.62,18.52,9.50,0.20,0.50,99.00,0,0,0,0,0,0.00,999.00
17:09:31.938,399744.7668,4091873.6106,global,-11.30,-4.24,0.105,2.00,3.95,3.79,18.52,9.50,0.20,0.50,99.00,0,0,0,0,0,0.00,999.00
17:09:31.988,399744.7668,4091873.6106,global,-10.71,-4.24,0.105,2.00,4.15,3.87,6.49,9.50,0.20,0.50,99.00,0,0,0,0,0,0.00,999.00
17:09:32.038,399744.7668,4091873.6106,global,-10.02,-4.24,0.105,2.00,4.15,4.55,6.49,9.50,0.20,0.50,99.00,0,0,0,0,0,0.00,999.00
17:09:32.089,399745.0423,4091873.5629,global,-8.69,-13.44,0.078,2.00,4.19,12.36,-3.53,9.50,0.20,0.50,99.00,0,0,0,0,0,0.00,999.00
17:09:32.139,399745.0423,4091873.5629,global,-7.51,-13.44,0.078,2.00,4.19,13.54,-3.53,9.50,0.20,0.50,99.00,0,0,0,0,0,0.00,999.00
17:09:32.189,399745.0423,4091873.5629,global,-6.25,-13.44,0.078,2.00,4.03,15.10,-3.79,9.50,0.20,0.50,99.00,0,0,0,0,0,0.00,999.00
17:09:32.238,399745.0423,4091873.5629,global,-4.57,-13.44,0.078,2.00,4.03,16.78,-3.79,9.50,0.20,0.50,99.00,0,0,0,0,0,0.00,999.00
17:09:32.288,399745.0423,4091873.5629,global,-3.06,-13.44,0.078,2.00,4.03,18.29,-3.79,9.50,0.20,0.50,99.00,0,0,0,0,0,0.00,999.00
17:09:32.338,399745.3004,4091873.5599,global,-2.24,2.42,0.118,2.00,4.02,7.28,6.53,9.50,0.20,0.50,99.00,0,0,0,0,0,0.00,999.00
17:09:32.388,399745.3004,4091873.5599,global,-1.60,2.42,0.118,2.00,4.02,7.92,6.53,9.50,0.20,0.50,99.00,0,0,0,0,0,0.00,999.00
17:09:32.440,399745.3004,4091873.5599,global,-1.48,2.42,0.118,2.00,4.59,6.58,18.21,9.50,0.20,0.50,99.00,0,0,0,0,0,0.00,999.00
17:09:32.488,399745.3004,4091873.5599,global,-1.65,2.42,0.118,2.00,4.59,6.42,18.21,9.50,0.20,0.50,99.00,0,0,0,0,0,0.00,999.00
17:09:32.538,399745.3004,4091873.5599,global,-1.69,2.42,0.118,2.00,4.59,6.37,18.21,9.50,0.20,0.50,99.00,0,0,0,0,0,0.00,999.00
17:09:32.589,399745.5764,4091873.5566,global,-1.28,-3.42,0.130,2.00,4.13,14.92,13.08,9.50,0.20,0.50,99.00,0,0,0,0,0,0.00,999.00
17:09:32.639,399745.5764,4091873.5566,global,-0.95,-3.42,0.130,2.00,4.13,15.25,13.08,9.50,0.20,0.50,99.00,0,0,0,0,0,0.00,999.00
17:09:32.689,399745.5764,4091873.5566,global,-0.60,-3.42,0.130,2.00,3.87,16.43,9.86,9.50,0.20,0.50,99.00,0,0,0,0,0,0.00,999.00
17:09:32.739,399745.5764,4091873.5566,global,-0.16,-3.42,0.130,2.00,3.87,16.86,9.86,9.50,0.20,0.50,99.00,0,0,0,0,0,0.00,999.00
17:09:32.789,399745.5764,4091873.5566,global,0.65,-3.42,0.130,2.00,5.79,13.26,11.38,9.50,0.20,0.50,99.00,0,0,0,0,0,0.00,999.00
17:09:32.839,399745.8614,4091873.5644,global,0.97,-6.15,0.154,2.00,5.79,17.95,11.38,9.50,0.20,0.50,99.00,0,0,0,0,0,0.00,999.00
17:09:32.888,399745.8614,4091873.5644,global,0.97,-6.15,0.154,2.00,5.79,17.96,11.38,9.50,0.20,0.50,99.00,0,0,0,0,0,0.00,999.00
17:09:32.939,399745.8614,4091873.5644,global,0.85,-6.15,0.154,2.00,4.26,21.55,18.36,9.50,0.20,0.50,99.00,0,0,0,0,0,0.00,999.00
17:09:32.988,399745.8614,4091873.5644,global,0.84,-6.15,0.154,2.00,4.26,21.55,18.36,9.50,0.20,0.50,99.00,0,0,0,0,0,0.00,999.00
17:09:33.038,399745.8614,4091873.5644,global,0.89,-6.15,0.154,2.00,3.99,22.00,20.62,9.50,0.20,0.50,99.00,0,0,0,0,0,0.00,999.00
17:09:33.088,399746.1461,4091873.5499,global,0.65,-6.15,0.170,2.00,3.99,22.00,20.62,9.50,0.20,0.50,99.00,0,0,0,0,0,0.00,999.00
17:09:33.138,399746.1461,4091873.5499,global,0.36,-6.15,0.170,2.00,3.99,22.00,20.62,9.50,0.20,0.50,99.00,0,0,0,0,0,0.00,999.00
17:09:33.189,399746.1461,4091873.5499,global,-0.08,-6.15,0.170,2.00,4.13,22.00,21.99,9.50,0.20,0.50,99.00,0,0,0,0,0,0.00,999.00
17:09:33.238,399746.1461,4091873.5499,global,-0.32,-6.15,0.170,2.00,4.13,22.00,21.99,9.50,0.20,0.50,99.00,0,0,0,0,0,0.00,999.00
17:09:33.289,399746.1461,4091873.5499,global,-0.72,-6.15,0.170,2.00,4.19,21.71,21.99,9.50,0.20,0.50,99.00,0,0,0,0,0,0.00,999.00
17:09:33.339,399746.4309,4091873.5465,global,-1.02,-8.28,0.200,2.00,4.19,22.00,21.99,9.50,0.20,0.50,99.00,0,0,0,0,0,0.00,999.00
17:09:33.389,399746.4309,4091873.5465,global,-1.42,-8.28,0.200,2.00,4.19,22.00,21.99,9.50,0.20,0.50,99.00,0,0,0,0,0,0.00,999.00
17:09:33.438,399746.4309,4091873.5465,global,-1.68,-8.28,0.200,2.00,4.10,22.00,21.99,9.50,0.20,0.50,99.00,0,0,0,0,0,0.00,999.00
17:09:33.488,399746.4309,4091873.5465,global,-2.08,-8.28,0.200,2.00,4.10,22.00,21.99,9.50,0.20,0.50,99.00,0,0,0,0,0,0.00,999.00
17:09:33.539,399746.4309,4091873.5465,global,-2.35,-8.28,0.200,2.00,4.23,22.00,21.99,9.50,0.20,0.50,99.00,0,0,0,0,0,0.00,999.00
17:09:33.588,399746.7244,4091873.5209,global,-2.83,-5.59,0.211,2.00,4.23,22.00,21.99,9.50,0.20,0.50,99.00,0,0,0,0,0,0.00,999.00
17:09:33.638,399746.7244,4091873.5209,global,-3.11,-5.59,0.211,2.00,4.23,22.00,21.99,9.50,0.20,0.50,99.00,0,0,0,0,0,0.00,999.00
17:09:33.688,399746.7244,4091873.5209,global,-3.54,-5.59,0.211,2.00,4.13,22.00,21.99,9.50,0.20,0.50,99.00,0,0,0,0,0,0.00,999.00
17:09:33.738,399746.7244,4091873.5209,global,-3.83,-5.59,0.211,2.00,4.13,21.99,21.99,9.50,0.20,0.50,99.00,0,0,0,0,0,0.00,999.00
17:09:33.788,399746.7244,4091873.5209,global,-4.26,-5.59,0.211,2.00,4.19,21.27,21.99,9.50,0.20,0.50,99.00,0,0,0,0,0,0.00,999.00
17:09:33.839,399747.0089,4091873.4842,global,-4.53,-7.78,0.210,2.00,4.19,22.00,21.99,9.50,0.20,0.50,99.00,0,0,0,0,0,0.00,999.00
17:09:33.888,399747.0089,4091873.4842,global,-4.95,-7.78,0.210,2.00,4.07,22.00,21.99,9.50,0.20,0.50,99.00,0,0,0,0,0,0.00,999.00
17:09:33.938,399747.0089,4091873.4842,global,-5.25,-7.78,0.210,2.00,4.07,22.00,21.99,9.50,0.20,0.50,99.00,0,0,0,0,0,0.00,999.00
17:09:33.988,399747.0089,4091873.4842,global,-5.69,-7.78,0.210,2.00,4.07,22.00,21.99,9.50,0.20,0.50,99.00,0,0,0,0,0,0.00,999.00
17:09:34.038,399747.0089,4091873.4842,global,-6.01,-7.78,0.210,2.00,4.26,21.32,21.99,9.50,0.20,0.50,99.00,0,0,0,0,0,0.00,999.00
17:09:34.088,399747.2934,4091873.4476,global,-6.46,-5.27,0.216,2.00,4.26,18.87,21.99,9.50,0.20,0.50,99.00,0,0,0,0,0,0.00,999.00
17:09:34.138,399747.2934,4091873.4476,global,-6.78,-5.27,0.216,2.00,4.19,18.87,21.99,9.50,0.20,0.50,99.00,0,0,0,0,0,0.00,999.00
17:09:34.189,399747.2934,4091873.4476,global,-7.34,-5.27,0.216,2.00,4.19,18.31,21.99,9.50,0.20,0.50,99.00,0,0,0,0,0,0.00,999.00
17:09:34.238,399747.2934,4091873.4476,global,-7.62,-5.27,0.216,2.00,4.23,17.84,21.99,9.50,0.20,0.50,99.00,0,0,0,0,0,0.00,999.00
17:09:34.288,399747.2934,4091873.4476,global,-7.88,-5.27,0.216,2.00,4.23,17.59,21.99,9.50,0.20,0.50,99.00,0,0,0,0,0,0.00,999.00
17:09:34.339,399747.6044,4091873.3995,global,-8.17,-8.02,0.195,2.00,4.23,18.18,21.99,9.50,0.20,0.50,99.00,0,0,0,0,0,0.00,999.00
17:09:34.389,399747.6044,4091873.3995,global,-8.49,-8.02,0.195,2.00,4.26,17.73,21.99,9.50,0.20,0.50,99.00,0,0,0,0,0,0.00,999.00
17:09:34.439,399747.6044,4091873.3995,global,-8.71,-8.02,0.195,2.00,4.26,17.51,21.99,9.50,0.20,0.50,99.00,0,0,0,0,0,0.00,999.00
17:09:34.488,399747.6044,4091873.3995,global,-9.28,-8.02,0.195,2.00,4.19,17.23,21.99,9.50,0.20,0.50,99.00,0,0,0,0,0,0.00,999.00
17:09:34.538,399747.6044,4091873.3995,global,-9.60,-8.02,0.195,2.00,4.19,16.92,21.99,9.50,0.20,0.50,99.00,0,0,0,0,0,0.00,999.00
17:09:34.588,399747.8975,4091873.3406,global,-10.00,-12.80,0.175,2.00,4.19,19.58,21.99,9.50,0.20,0.50,99.00,0,0,0,0,0,0.00,999.00
17:09:34.665,399747.8975,4091873.3406,global,-10.12,-12.80,0.175,2.00,4.19,19.46,21.99,9.50,0.20,0.50,99.00,0,0,0,0,0,0.00,999.00
17:09:34.689,399747.8975,4091873.3406,global,-10.65,-12.80,0.175,2.00,4.29,18.55,21.99,9.50,0.20,0.50,99.00,0,0,0,0,0,0.00,999.00
17:09:34.739,399747.8975,4091873.3406,global,-10.85,-12.80,0.175,2.00,4.39,18.00,21.45,9.50,0.20,0.50,99.00,0,0,0,0,0,0.00,999.00
17:09:34.789,399747.8975,4091873.3406,global,-11.10,-12.80,0.175,2.00,4.39,17.75,21.45,9.50,0.20,0.50,99.00,0,0,0,0,0,0.00,999.00
17:09:34.839,399748.1817,4091873.2817,global,-11.29,-8.02,0.181,2.00,4.28,13.65,21.33,9.50,0.20,0.50,99.00,0,0,0,0,0,0.00,999.00
17:09:34.889,399748.1817,4091873.2817,global,-11.77,-8.02,0.181,2.00,4.28,13.17,21.33,9.50,0.20,0.50,99.00,0,0,0,0,0,0.00,999.00
17:09:34.939,399748.1817,4091873.2817,global,-11.99,-8.02,0.181,2.00,4.28,12.95,21.33,9.50,0.20,0.50,99.00,0,0,0,0,0,0.00,999.00
17:09:34.989,399748.1817,4091873.2817,global,-12.38,-8.02,0.181,2.00,4.24,12.71,19.73,9.50,0.20,0.50,99.00,0,0,0,0,0,0.00,999.00
17:09:35.038,399748.1817,4091873.2817,global,-12.45,-8.02,0.181,2.00,4.24,12.64,19.73,9.50,0.20,0.50,99.00,0,0,0,0,0,0.00,999.00
17:09:35.088,399748.4837,4091873.2227,global,-12.17,-11.53,0.168,2.00,4.43,14.59,13.34,9.50,0.20,0.50,99.00,0,0,0,0,0,0.00,999.00
17:09:35.138,399748.4837,4091873.2227,global,-11.85,-11.53,0.168,2.00,4.43,14.91,13.34,9.50,0.20,0.50,99.00,0,0,0,0,0,0.00,999.00
17:09:35.189,399748.4837,4091873.2227,global,-11.28,-11.53,0.168,2.00,4.43,15.48,13.34,9.50,0.20,0.50,99.00,0,0,0,0,0,0.00,999.00
17:09:35.239,399748.4837,4091873.2227,global,-10.84,-11.53,0.168,2.00,4.24,16.60,13.18,9.50,0.20,0.50,99.00,0,0,0,0,0,0.00,999.00
17:09:35.288,399748.4837,4091873.2227,global,-10.39,-11.53,0.168,2.00,4.24,17.04,13.18,9.50,0.20,0.50,99.00,0,0,0,0,0,0.00,999.00
17:09:35.339,399748.7768,4091873.1637,global,-10.37,-10.43,0.166,2.00,4.43,15.17,17.76,9.50,0.20,0.50,99.00,0,0,0,0,0,0.00,999.00
17:09:35.388,399748.7768,4091873.1637,global,-10.43,-10.43,0.166,2.00,4.43,15.11,17.76,9.50,0.20,0.50,99.00,0,0,0,0,0,0.00,999.00
17:09:35.439,399748.7768,4091873.1637,global,-10.51,-10.43,0.166,2.00,4.43,15.03,17.76,9.50,0.20,0.50,99.00,0,0,0,0,0,0.00,999.00
17:09:35.488,399748.7768,4091873.1637,global,-10.53,-10.43,0.166,2.00,4.34,15.31,16.71,9.50,0.20,0.50,99.00,0,0,0,0,0,0.00,999.00
17:09:35.538,399748.7768,4091873.1637,global,-10.40,-10.43,0.166,2.00,4.34,15.44,16.71,9.50,0.20,0.50,99.00,0,0,0,0,0,0.00,999.00
17:09:35.588,399749.0698,4091873.0937,global,-10.05,-16.16,0.125,2.00,4.34,17.80,16.71,9.50,0.20,0.50,99.00,0,0,0,0,0,0.00,999.00
17:09:35.638,399749.0698,4091873.0937,global,-9.68,-16.16,0.125,2.00,4.26,18.37,11.92,9.50,0.20,0.50,99.00,0,0,0,0,0,0.00,999.00
17:09:35.689,399749.0698,4091873.0937,global,-9.16,-16.16,0.125,2.00,4.26,18.89,11.92,9.50,0.20,0.50,99.00,0,0,0,0,0,0.00,999.00
17:09:35.739,399749.0698,4091873.0937,global,-8.86,-16.16,0.125,2.00,4.35,18.97,11.91,9.50,0.20,0.50,99.00,0,0,0,0,0,0.00,999.00
17:09:35.788,399749.0698,4091873.0937,global,-8.43,-16.16,0.125,2.00,4.35,19.40,11.91,9.50,0.20,0.50,99.00,0,0,0,0,0,0.00,999.00
17:09:35.839,399749.3631,4091873.0459,global,-8.17,-15.14,0.161,2.00,4.35,21.91,11.91,9.50,0.20,0.50,99.00,0,0,0,0,0,0.00,999.00
17:09:35.888,399749.3631,4091873.0459,global,-8.03,-15.14,0.161,2.00,4.54,21.45,18.04,9.50,0.20,0.50,99.00,0,0,0,0,0,0.00,999.00
17:09:35.940,399749.3631,4091873.0459,global,-8.09,-15.14,0.161,2.00,4.54,21.38,18.04,9.50,0.20,0.50,99.00,0,0,0,0,0,0.00,999.00
17:09:35.988,399749.3631,4091873.0459,global,-8.31,-15.14,0.161,2.00,4.64,20.88,21.99,9.50,0.20,0.50,99.00,0,0,0,0,0,0.00,999.00
17:09:36.039,399749.3631,4091873.0459,global,-8.64,-15.14,0.161,2.00,4.64,20.54,21.99,9.50,0.20,0.50,99.00,0,0,0,0,0,0.00,999.00
17:09:36.089,399749.6652,4091872.9979,global,-9.26,-8.86,0.193,2.00,4.48,16.84,21.99,9.50,0.20,0.50,99.00,0,0,0,0,0,0.00,999.00
17:09:36.139,399749.6652,4091872.9979,global,-9.66,-8.86,0.193,2.00,4.48,16.44,21.99,9.50,0.20,0.50,99.00,0,0,0,0,0,0.00,999.00
17:09:36.189,399749.6652,4091872.9979,global,-10.21,-8.86,0.193,2.00,4.48,15.89,21.99,9.50,0.20,0.50,99.00,0,0,0,0,0,0.00,999.00
17:09:36.238,399749.6652,4091872.9979,global,-10.46,-8.86,0.193,2.00,4.37,16.04,20.61,9.50,0.20,0.50,99.00,0,0,0,0,0,0.00,999.00
17:09:36.288,399749.6652,4091872.9979,global,-10.59,-8.86,0.193,2.00,4.37,15.91,20.61,9.50,0.20,0.50,99.00,0,0,0,0,0,0.00,999.00
17:09:36.339,399749.9762,4091872.9498,global,-10.51,-13.67,0.201,2.00,4.43,21.24,16.03,9.50,0.20,0.50,99.00,0,0,0,0,0,0.00,999.00
17:09:36.388,399749.9762,4091872.9498,global,-10.29,-13.67,0.201,2.00,4.43,21.45,16.03,9.50,0.20,0.50,99.00,0,0,0,0,0,0.00,999.00
17:09:36.439,399749.9762,4091872.9498,global,-10.11,-13.67,0.201,2.00,4.43,21.64,16.03,9.50,0.20,0.50,99.00,0,0,0,0,0,0.00,999.00
17:09:36.488,399749.9762,4091872.9498,global,-9.95,-13.67,0.201,2.00,5.33,18.91,20.09,9.50,0.20,0.50,99.00,0,0,0,0,0,0.00,999.00
17:09:36.538,399749.9762,4091872.9498,global,-10.17,-13.67,0.201,2.00,5.33,18.70,20.09,9.50,0.20,0.50,99.00,0,0,0,0,0,0.00,999.00
17:09:36.588,399750.2871,4091872.8907,global,-10.88,-18.58,0.216,2.00,4.64,22.00,21.99,9.50,0.20,0.50,99.00,0,0,0,0,0,0.00,999.00
17:09:36.639,399750.2871,4091872.8907,global,-11.50,-18.58,0.216,2.00,4.64,22.00,21.99,9.50,0.20,0.50,99.00,0,0,0,0,0,0.00,999.00
17:09:36.688,399750.2871,4091872.8907,global,-12.42,-18.58,0.216,2.00,4.39,22.00,21.99,9.50,0.20,0.50,99.00,0,0,0,0,0,0.00,999.00
17:09:36.738,399750.2871,4091872.8907,global,-12.97,-18.58,0.216,2.00,4.39,22.00,21.99,9.50,0.20,0.50,99.00,0,0,0,0,0,0.00,999.00
17:09:36.788,399750.2871,4091872.8907,global,-13.77,-18.58,0.216,2.00,4.39,22.00,21.99,9.50,0.20,0.50,99.00,0,0,0,0,0,0.00,999.00
17:09:36.838,399750.5979,4091872.8204,global,-14.33,-13.67,0.253,2.00,4.60,20.91,21.99,9.50,0.20,0.50,99.00,0,0,0,0,0,0.00,999.00
17:09:36.889,399750.5979,4091872.8204,global,-15.18,-13.67,0.253,2.00,4.60,20.06,21.99,9.50,0.20,0.50,99.00,0,0,0,0,0,0.00,999.00
17:09:36.938,399750.5979,4091872.8204,global,-15.75,-13.67,0.253,2.00,4.55,19.73,21.99,9.50,0.20,0.50,99.00,0,0,0,0,0,0.00,999.00
17:09:36.988,399750.5979,4091872.8204,global,-16.62,-13.67,0.253,2.00,4.55,18.86,21.99,9.50,0.20,0.50,99.00,0,0,0,0,0,0.00,999.00
17:09:37.038,399750.5979,4091872.8204,global,-17.17,-13.67,0.253,2.00,4.55,18.31,21.99,9.50,0.20,0.50,99.00,0,0,0,0,0,0.00,999.00
17:09:37.088,399750.8995,4091872.7281,global,-18.01,-19.23,0.236,2.00,4.57,21.60,21.99,9.50,0.20,0.50,99.00,0,0,0,0,0,0.00,999.00
17:09:37.138,399750.8995,4091872.7281,global,-18.59,-19.23,0.236,2.00,4.57,21.02,21.99,9.50,0.20,0.50,99.00,0,0,0,0,0,0.00,999.00
17:09:37.188,399750.8995,4091872.7281,global,-19.51,-19.23,0.236,2.00,4.59,20.02,21.99,9.50,0.20,0.50,99.00,0,0,0,0,0,0.00,999.00
17:09:37.238,399750.8995,4091872.7281,global,-20.06,-19.23,0.236,2.00,4.59,19.47,21.99,9.50,0.20,0.50,99.00,0,0,0,0,0,0.00,999.00
17:09:37.288,399750.8995,4091872.7281,global,-20.91,-19.23,0.236,2.00,4.59,18.62,21.99,9.50,0.20,0.50,99.00,0,0,0,0,0,0.00,999.00
17:09:37.338,399751.2008,4091872.6025,global,-21.49,-11.53,0.203,2.00,4.51,7.99,21.99,9.50,0.20,0.50,99.00,0,0,0,0,0,0.00,999.00
17:09:37.389,399751.2008,4091872.6025,global,-22.06,-11.53,0.203,2.00,4.51,7.42,21.99,9.50,0.20,0.50,99.00,0,0,0,0,0,0.00,999.00
17:09:37.440,399751.2008,4091872.6025,global,-22.88,-11.53,0.203,2.00,4.79,5.61,21.99,9.50,0.20,0.50,99.00,0,0,0,0,0,0.00,999.00
17:09:37.488,399751.2008,4091872.6025,global,-23.75,-11.53,0.203,2.00,4.79,4.74,21.99,9.50,0.20,0.50,99.00,0,0,0,0,0,0.00,999.00
17:09:37.538,399751.2008,4091872.6025,global,-24.16,-11.53,0.203,2.00,4.79,4.33,21.99,9.50,0.20,0.50,99.00,0,0,0,0,0,0.00,999.00
17:09:37.588,399751.5017,4091872.4547,global,-24.31,-9.91,0.142,2.00,4.54,-1.68,17.05,9.50,0.20,0.50,99.00,0,0,0,0,0,0.00,999.00
17:09:37.638,399751.5017,4091872.4547,global,-24.11,-9.91,0.142,2.00,4.54,-1.47,17.05,9.50,0.20,0.50,99.00,0,0,0,0,0,0.00,999.00
17:09:37.689,399751.5017,4091872.4547,global,-23.38,-9.91,0.142,2.00,4.84,-1.50,5.70,9.50,0.20,0.50,99.00,0,0,0,0,0,0.00,999.00
17:09:37.739,399751.5017,4091872.4547,global,-22.65,-9.91,0.142,2.00,4.84,-0.78,5.70,9.50,0.20,0.50,99.00,0,0,0,0,0,0.00,999.00
17:09:37.788,399751.5017,4091872.4547,global,-21.06,-9.91,0.142,2.00,4.84,0.82,5.70,9.50,0.20,0.50,99.00,0,0,0,0,0,0.00,999.00
17:09:37.838,399751.7762,4091872.3294,global,-19.78,-3.65,0.059,2.00,4.40,-10.61,-2.33,9.50,0.20,0.50,99.00,0,0,0,0,0,0.00,999.00
17:09:37.888,399751.7762,4091872.3294,global,-17.97,-3.65,0.059,2.00,4.40,-8.80,-2.33,9.50,0.20,0.50,99.00,0,0,0,0,0,0.00,999.00
17:09:37.939,399751.7762,4091872.3294,global,-16.89,-3.65,0.059,2.00,4.79,-8.17,-2.70,9.50,0.20,0.50,99.00,0,0,0,0,0,0.00,999.00
17:09:38.004,399751.7762,4091872.3294,global,-16.36,-3.65,0.059,2.00,4.79,-7.63,-2.70,9.50,0.20,0.50,99.00,0,0,0,0,0,0.00,999.00
17:09:38.038,399751.7762,4091872.3294,global,-13.91,-3.65,0.059,2.00,5.00,-5.40,-5.02,9.50,0.20,0.50,99.00,0,0,0,0,0,0.00,999.00
17:09:38.088,399752.0784,4091872.2815,global,-11.84,-3.78,0.031,2.00,5.00,-5.48,-5.02,9.50,0.20,0.50,99.00,0,0,0,0,0,0.00,999.00
17:09:38.138,399752.0784,4091872.2815,global,-10.49,-3.78,0.031,2.00,5.00,-4.13,-5.02,9.50,0.20,0.50,99.00,0,0,0,0,0,0.00,999.00
17:09:38.189,399752.0784,4091872.2815,global,-8.53,-3.78,0.031,2.00,4.52,-1.90,-4.82,9.50,0.20,0.50,99.00,0,0,0,0,0,0.00,999.00
17:09:38.238,399752.0784,4091872.2815,global,-7.22,-3.78,0.031,2.00,4.52,-0.59,-4.82,9.50,0.20,0.50,99.00,0,0,0,0,0,0.00,999.00
17:09:38.288,399752.0784,4091872.2815,global,-5.37,-3.78,0.031,2.00,4.84,1.08,-3.30,9.50,0.20,0.50,99.00,0,0,0,0,0,0.00,999.00
17:09:38.338,399752.3721,4091872.2780,global,-4.18,-6.61,0.050,2.00,4.84,6.65,-3.30,9.50,0.20,0.50,99.00,0,0,0,0,0,0.00,999.00
17:09:38.389,399752.3721,4091872.2780,global,-2.40,-6.61,0.050,2.00,4.84,8.43,-3.30,9.50,0.20,0.50,99.00,0,0,0,0,0,0.00,999.00
17:09:38.439,399752.3721,4091872.2780,global,-1.26,-6.61,0.050,2.00,4.65,9.75,-1.21,9.50,0.20,0.50,99.00,0,0,0,0,0,0.00,999.00
17:09:38.488,399752.3721,4091872.2780,global,0.32,-6.61,0.050,2.00,4.65,11.33,-1.21,9.50,0.20,0.50,99.00,0,0,0,0,0,0.00,999.00
17:09:38.539,399752.3721,4091872.2780,global,1.33,-6.61,0.050,2.00,4.59,12.39,3.58,9.50,0.20,0.50,99.00,0,0,0,0,0,0.00,999.00
17:09:38.588,399752.6753,4091872.3188,global,2.46,-12.41,0.141,2.00,4.59,22.00,3.58,9.50,0.20,0.50,99.00,0,0,0,0,0,0.00,999.00
17:09:38.640,399752.6753,4091872.3188,global,2.94,-12.41,0.141,2.00,4.59,22.00,3.58,9.50,0.20,0.50,99.00,0,0,0,0,0,0.00,999.00
17:09:38.688,399752.6753,4091872.3188,global,3.35,-12.41,0.141,2.00,4.81,22.00,14.58,9.50,0.20,0.50,99.00,0,0,0,0,0,0.00,999.00
17:09:38.739,399752.6753,4091872.3188,global,3.50,-12.41,0.141,2.00,4.81,22.00,14.58,9.50,0.20,0.50,99.00,0,0,0,0,0,0.00,999.00
17:09:38.788,399752.6753,4091872.3188,global,3.41,-12.41,0.141,2.00,4.55,22.00,21.99,9.50,0.20,0.50,99.00,0,0,0,0,0,0.00,999.00
17:09:38.838,399752.9962,4091872.3483,global,2.94,-11.53,0.239,2.00,4.55,22.00,21.99,9.50,0.20,0.50,99.00,0,0,0,0,0,0.00,999.00
17:09:38.888,399752.9962,4091872.3483,global,1.68,-11.53,0.239,2.00,4.55,22.00,21.99,9.50,0.20,0.50,99.00,0,0,0,0,0,0.00,999.00
17:09:38.939,399752.9962,4091872.3483,global,0.59,-11.53,0.239,2.00,4.74,22.00,21.99,9.50,0.20,0.50,99.00,0,0,0,0,0,0.00,999.00
17:09:38.988,399752.9962,4091872.3483,global,-0.99,-11.53,0.239,2.00,4.74,22.00,21.99,9.50,0.20,0.50,99.00,0,0,0,0,0,0.00,999.00
17:09:39.038,399752.9962,4091872.3483,global,-1.90,-11.53,0.239,2.00,4.99,22.00,21.99,9.50,0.20,0.50,99.00,0,0,0,0,0,0.00,999.00
17:09:39.088,399753.3165,4091872.3334,global,-3.22,-8.28,0.274,2.00,4.99,22.00,21.99,9.50,0.20,0.50,99.00,0,0,0,0,0,0.00,999.00
17:09:39.138,399753.3165,4091872.3334,global,-4.20,-8.28,0.274,2.00,4.07,22.00,21.99,9.50,0.20,0.50,99.00,0,0,0,0,0,0.00,999.00
17:09:39.188,399753.3165,4091872.3334,global,-5.63,-8.28,0.274,2.00,4.07,22.00,21.99,9.50,0.20,0.50,99.00,0,0,0,0,0,0.00,999.00
17:09:39.239,399753.3165,4091872.3334,global,-6.56,-8.28,0.274,2.00,4.07,22.00,21.99,9.50,0.20,0.50,99.00,0,0,0,0,0,0.00,999.00
17:09:39.288,399753.3165,4091872.3334,global,-7.87,-8.28,0.274,2.00,4.92,22.00,21.99,9.50,0.20,0.50,99.00,0,0,0,0,0,0.00,999.00
17:09:39.338,399753.6455,4091872.2962,global,-8.76,-8.28,0.285,2.00,4.92,22.00,21.99,9.50,0.20,0.50,99.00,0,0,0,0,0,0.00,999.00
17:09:39.388,399753.6455,4091872.2962,global,-10.08,-8.28,0.285,2.00,4.43,22.00,21.99,9.50,0.20,0.50,99.00,0,0,0,0,0,0.00,999.00
17:09:39.439,399753.6455,4091872.2962,global,-10.96,-8.28,0.285,2.00,4.43,22.00,21.99,9.50,0.20,0.50,99.00,0,0,0,0,0,0.00,999.00
17:09:39.488,399753.6455,4091872.2962,global,-12.29,-8.28,0.285,2.00,4.43,20.80,21.99,9.50,0.20,0.50,99.00,0,0,0,0,0,0.00,999.00
17:09:39.539,399753.6455,4091872.2962,global,-13.18,-8.28,0.285,2.00,4.95,17.60,21.99,9.50,0.20,0.50,99.00,0,0,0,0,0,0.00,999.00
17:09:39.588,399753.9561,4091872.2149,global,-14.47,-5.43,0.248,2.00,4.95,10.76,21.99,9.50,0.20,0.50,99.00,0,0,0,0,0,0.00,999.00
17:09:39.638,399753.9561,4091872.2149,global,-15.34,-5.43,0.248,2.00,4.43,12.00,21.99,9.50,0.20,0.50,99.00,0,0,0,0,0,0.00,999.00
17:09:39.689,399753.9561,4091872.2149,global,-16.65,-5.43,0.248,2.00,4.43,10.68,21.99,9.50,0.20,0.50,99.00,0,0,0,0,0,0.00,999.00
17:09:39.738,399753.9561,4091872.2149,global,-17.56,-5.43,0.248,2.00,4.79,8.29,21.99,9.50,0.20,0.50,99.00,0,0,0,0,0,0.00,999.00
17:09:39.789,399753.9561,4091872.2149,global,-18.80,-5.43,0.248,2.00,4.79,7.05,21.99,9.50,0.20,0.50,99.00,0,0,0,0,0,0.00,999.00
17:09:39.840,399754.2664,4091872.1003,global,-19.46,-10.11,0.169,2.00,4.64,5.39,21.99,9.50,0.20,0.50,99.00,0,0,0,0,0,0.00,999.00
17:09:39.889,399754.2664,4091872.1003,global,-20.07,-10.11,0.169,2.00,4.64,4.77,21.99,9.50,0.20,0.50,99.00,0,0,0,0,0,0.00,999.00
17:09:39.943,399754.2664,4091872.1003,global,-20.24,-10.11,0.169,2.00,4.64,4.60,21.99,9.50,0.20,0.50,99.00,0,0,0,0,0,0.00,999.00
17:09:39.989,399754.2664,4091872.1003,global,-20.04,-10.11,0.169,2.00,4.58,4.96,11.97,9.50,0.20,0.50,99.00,0,0,0,0,0,0.00,999.00
17:09:40.038,399754.2664,4091872.1003,global,-19.65,-10.11,0.169,2.00,4.58,5.35,11.97,9.50,0.20,0.50,99.00,0,0,0,0,0,0.00,999.00
17:09:40.088,399754.5768,4091871.9967,global,-18.56,-12.80,0.128,2.00,4.58,5.57,11.97,9.50,0.20,0.50,99.00,0,0,0,0,0,0.00,999.00
17:09:40.139,399754.5768,4091871.9967,global,-17.51,-12.80,0.128,2.00,4.74,6.26,-1.63,9.50,0.20,0.50,99.00,0,0,0,0,0,0.00,999.00
17:09:40.189,399754.5768,4091871.9967,global,-15.62,-12.80,0.128,2.00,4.74,8.15,-1.63,9.50,0.20,0.50,99.00,0,0,0,0,0,0.00,999.00
17:09:40.238,399754.5768,4091871.9967,global,-14.41,-12.80,0.128,2.00,4.39,10.21,-2.84,9.50,0.20,0.50,99.00,0,0,0,0,0,0.00,999.00
17:09:40.288,399754.5768,4091871.9967,global,-12.65,-12.80,0.128,2.00,4.39,11.97,-2.84,9.50,0.20,0.50,99.00,0,0,0,0,0,0.00,999.00
17:09:40.338,399754.8701,4091871.9600,global,-11.63,-8.28,0.164,2.00,4.39,11.72,-2.84,9.50,0.20,0.50,99.00,0,0,0,0,0,0.00,999.00
17:09:40.388,399754.8701,4091871.9600,global,-10.71,-8.28,0.164,2.00,4.40,12.60,9.75,9.50,0.20,0.50,99.00,0,0,0,0,0,0.00,999.00
17:09:40.439,399754.8701,4091871.9600,global,-10.44,-8.28,0.164,2.00,4.40,12.87,9.75,9.50,0.20,0.50,99.00,0,0,0,0,0,0.00,999.00
17:09:40.489,399754.8701,4091871.9600,global,-10.41,-8.28,0.164,2.00,4.74,11.86,20.67,9.50,0.20,0.50,99.00,0,0,0,0,0,0.00,999.00
17:09:40.539,399754.8701,4091871.9600,global,-10.68,-8.28,0.164,2.00,4.74,11.59,20.67,9.50,0.20,0.50,99.00,0,0,0,0,0,0.00,999.00
17:09:40.589,399755.1901,4091871.9118,global,-11.36,-12.80,0.159,2.00,4.74,15.01,20.67,9.50,0.20,0.50,99.00,0,0,0,0,0,0.00,999.00
17:09:40.638,399755.1901,4091871.9118,global,-11.73,-12.80,0.159,2.00,4.57,15.13,20.24,9.50,0.20,0.50,99.00,0,0,0,0,0,0.00,999.00
17:09:40.689,399755.1901,4091871.9118,global,-11.76,-12.80,0.159,2.00,4.57,15.10,20.24,9.50,0.20,0.50,99.00,0,0,0,0,0,0.00,999.00
17:09:40.738,399755.1901,4091871.9118,global,-11.54,-12.80,0.159,2.00,4.74,14.83,10.94,9.50,0.20,0.50,99.00,0,0,0,0,0,0.00,999.00
17:09:40.788,399755.1901,4091871.9118,global,-10.78,-12.80,0.159,2.00,4.74,15.59,10.94,9.50,0.20,0.50,99.00,0,0,0,0,0,0.00,999.00
17:09:40.838,399755.5009,4091871.8416,global,-10.05,-12.80,0.159,2.00,4.74,16.35,10.94,9.50,0.20,0.50,99.00,0,0,0,0,0,0.00,999.00
17:09:40.889,399755.5009,4091871.8416,global,-8.81,-12.80,0.159,2.00,4.43,18.51,4.36,9.50,0.20,0.50,99.00,0,0,0,0,0,0.00,999.00
17:09:40.942,399755.5009,4091871.8416,global,-8.04,-12.80,0.159,2.00,4.43,19.28,4.36,9.50,0.20,0.50,99.00,0,0,0,0,0,0.00,999.00
17:09:40.988,399755.5009,4091871.8416,global,-7.36,-12.80,0.159,2.00,4.70,19.17,10.97,9.50,0.20,0.50,99.00,0,0,0,0,0,0.00,999.00
17:09:41.038,399755.5009,4091871.8416,global,-7.05,-12.80,0.159,2.00,4.70,19.48,10.97,9.50,0.20,0.50,99.00,0,0,0,0,0,0.00,999.00
17:09:41.088,399755.8031,4091871.8047,global,-6.76,-13.22,0.191,2.00,4.70,22.00,10.97,9.50,0.20,0.50,99.00,0,0,0,0,0,0.00,999.00
17:09:41.138,399755.8031,4091871.8047,global,-6.80,-13.22,0.191,2.00,5.19,21.23,21.14,9.50,0.20,0.50,99.00,0,0,0,0,0,0.00,999.00
17:09:41.189,399755.8031,4091871.8047,global,-7.24,-13.22,0.191,2.00,5.19,20.79,21.14,9.50,0.20,0.50,99.00,0,0,0,0,0,0.00,999.00
17:09:41.238,399755.8031,4091871.8047,global,-7.67,-13.22,0.191,2.00,4.55,22.00,21.99,9.50,0.20,0.50,99.00,0,0,0,0,0,0.00,999.00
17:09:41.289,399755.8031,4091871.8047,global,-8.34,-13.22,0.191,2.00,4.55,21.69,21.99,9.50,0.20,0.50,99.00,0,0,0,0,0,0.00,999.00
17:09:41.339,399756.1320,4091871.7564,global,-8.78,-16.16,0.171,2.00,4.55,22.00,21.99,9.50,0.20,0.50,99.00,0,0,0,0,0,0.00,999.00
17:09:41.389,399756.1320,4091871.7564,global,-9.28,-16.16,0.171,2.00,4.68,21.63,21.99,9.50,0.20,0.50,99.00,0,0,0,0,0,0.00,999.00
17:09:41.439,399756.1320,4091871.7564,global,-9.64,-16.16,0.171,2.00,4.68,21.27,21.99,9.50,0.20,0.50,99.00,0,0,0,0,0,0.00,999.00
17:09:41.489,399756.1320,4091871.7564,global,-10.17,-16.16,0.171,2.00,4.59,21.01,21.99,9.50,0.20,0.50,99.00,0,0,0,0,0,0.00,999.00
17:09:41.538,399756.1320,4091871.7564,global,-10.52,-16.16,0.171,2.00,4.59,20.65,21.99,9.50,0.20,0.50,99.00,0,0,0,0,0,0.00,999.00
17:09:41.588,399756.4429,4091871.6973,global,-11.04,-3.32,0.210,2.00,4.59,10.52,21.99,9.50,0.20,0.50,99.00,0,0,0,0,0,0.00,999.00
17:09:41.638,399756.4429,4091871.6973,global,-11.41,-3.32,0.210,2.00,4.54,10.35,21.99,9.50,0.20,0.50,99.00,0,0,0,0,0,0.00,999.00
17:09:41.691,399756.4429,4091871.6973,global,-11.78,-3.32,0.210,2.00,4.54,9.97,21.99,9.50,0.20,0.50,99.00,0,0,0,0,0,0.00,999.00
17:09:41.738,399756.4429,4091871.6973,global,-12.34,-3.32,0.210,2.00,4.55,9.39,21.99,9.50,0.20,0.50,99.00,0,0,0,0,0,0.00,999.00
17:09:41.788,399756.4429,4091871.6973,global,-12.89,-3.32,0.210,2.00,4.55,8.84,21.99,9.50,0.20,0.50,99.00,0,0,0,0,0,0.00,999.00
17:09:41.838,399756.7626,4091871.6269,global,-13.24,-13.83,0.167,2.00,4.55,15.45,21.99,9.50,0.20,0.50,99.00,0,0,0,0,0,0.00,999.00
17:09:41.889,399756.7626,4091871.6269,global,-13.51,-13.83,0.167,2.00,4.57,15.10,18.06,9.50,0.20,0.50,99.00,0,0,0,0,0,0.00,999.00
17:09:41.939,399756.7626,4091871.6269,global,-13.43,-13.83,0.167,2.00,4.57,15.18,18.06,9.50,0.20,0.50,99.00,0,0,0,0,0,0.00,999.00
17:09:41.988,399756.7626,4091871.6269,global,-12.94,-13.83,0.167,2.00,4.64,15.47,11.98,9.50,0.20,0.50,99.00,0,0,0,0,0,0.00,999.00
17:09:42.038,399756.7626,4091871.6269,global,-12.57,-13.83,0.167,2.00,4.64,15.84,11.98,9.50,0.20,0.50,99.00,0,0,0,0,0,0.00,999.00
17:09:42.088,399757.2790,4091871.6319,global,-12.08,-9.53,0.266,2.00,4.64,19.88,11.63,9.50,0.20,0.50,99.00,0,0,0,0,0,0.00,999.00
17:09:42.140,399757.2790,4091871.6319,global,-11.74,-9.53,0.266,2.00,4.64,20.23,11.63,9.50,0.20,0.50,99.00,0,0,0,0,0,0.00,999.00
17:09:42.188,399757.2790,4091871.6319,global,-11.26,-9.53,0.266,2.00,4.64,20.71,15.58,9.50,0.20,0.50,99.00,0,0,0,0,0,0.00,999.00
17:09:42.243,399757.2790,4091871.6319,global,-11.13,-9.53,0.266,2.00,4.64,20.83,15.58,9.50,0.20,0.50,99.00,0,0,0,0,0,0.00,999.00
17:09:42.288,399757.2790,4091871.6319,global,-11.38,-9.53,0.266,2.00,4.43,21.50,21.99,9.50,0.20,0.50,99.00,0,0,0,0,0,0.00,999.00
17:09:42.338,399757.5897,4091871.5506,global,-11.77,-5.13,0.236,2.00,4.43,14.31,21.99,9.50,0.20,0.50,99.00,0,0,0,0,0,0.00,999.00
17:09:42.388,399757.5897,4091871.5506,global,-12.55,-5.13,0.236,2.00,4.43,13.53,21.99,9.50,0.20,0.50,99.00,0,0,0,0,0,0.00,999.00
17:09:42.440,399757.5897,4091871.5506,global,-13.20,-5.13,0.236,2.00,4.60,12.18,21.99,9.50,0.20,0.50,99.00,0,0,0,0,0,0.00,999.00
17:09:42.504,399757.5897,4091871.5506,global,-13.53,-5.13,0.236,2.00,4.60,11.85,21.99,9.50,0.20,0.50,99.00,0,0,0,0,0,0.00,999.00
17:09:42.538,399757.5897,4091871.5506,global,-14.65,-5.13,0.236,2.00,4.78,10.03,21.65,9.50,0.20,0.50,99.00,0,0,0,0,0,0.00,999.00
17:09:42.588,399757.9003,4091871.4692,global,-14.93,-8.78,0.186,2.00,4.78,9.48,21.65,9.50,0.20,0.50,99.00,0,0,0,0,0,0.00,999.00
17:09:42.639,399757.9003,4091871.4692,global,-14.80,-8.78,0.186,2.00,4.78,9.62,21.65,9.50,0.20,0.50,99.00,0,0,0,0,0,0.00,999.00
17:09:42.689,399757.9003,4091871.4692,global,-14.49,-8.78,0.186,2.00,4.52,10.77,10.50,9.50,0.20,0.50,99.00,0,0,0,0,0,0.00,999.00
17:09:42.738,399757.9003,4091871.4692,global,-13.77,-8.78,0.186,2.00,4.52,11.48,10.50,9.50,0.20,0.50,99.00,0,0,0,0,0,0.00,999.00
17:09:42.788,399757.9003,4091871.4692,global,-12.65,-8.78,0.186,2.00,4.59,12.38,0.81,9.50,0.20,0.50,99.00,0,0,0,0,0,0.00,999.00
17:09:42.838,399758.2111,4091871.3990,global,-11.55,-7.14,0.162,2.00,4.59,9.88,0.81,9.50,0.20,0.50,99.00,0,0,0,0,0,0.00,999.00
17:09:42.888,399758.2111,4091871.3990,global,-9.86,-7.14,0.162,2.00,4.59,11.57,0.81,9.50,0.20,0.50,99.00,0,0,0,0,0,0.00,999.00
17:09:42.939,399758.2111,4091871.3990,global,-8.98,-7.14,0.162,2.00,5.09,11.09,9.87,9.50,0.20,0.50,99.00,0,0,0,0,0,0.00,999.00
17:09:42.988,399758.2111,4091871.3990,global,-8.48,-7.14,0.162,2.00,5.09,11.60,9.87,9.50,0.20,0.50,99.00,0,0,0,0,0,0.00,999.00
17:09:43.038,399758.2111,4091871.3990,global,-8.66,-7.14,0.162,2.00,5.19,11.17,20.16,9.50,0.20,0.50,99.00,0,0,0,0,0,0.00,999.00
17:09:43.088,399758.5224,4091871.3731,global,-9.14,-12.41,0.181,2.00,5.19,17.37,20.16,9.50,0.20,0.50,99.00,0,0,0,0,0,0.00,999.00
17:09:43.138,399758.5224,4091871.3731,global,-9.38,-12.41,0.181,2.00,5.19,17.14,20.16,9.50,0.20,0.50,99.00,0,0,0,0,0,0.00,999.00
17:09:43.188,399758.5224,4091871.3731,global,-9.46,-12.41,0.181,2.00,4.65,18.63,13.62,9.50,0.20,0.50,99.00,0,0,0,0,0,0.00,999.00
17:09:43.239,399758.5224,4091871.3731,global,-9.15,-12.41,0.181,2.00,4.65,18.94,13.62,9.50,0.20,0.50,99.00,0,0,0,0,0,0.00,999.00
17:09:43.289,399758.5224,4091871.3731,global,-8.13,-12.41,0.181,2.00,4.65,19.96,13.62,9.50,0.20,0.50,99.00,0,0,0,0,0,0.00,999.00
17:09:43.339,399758.8244,4091871.3141,global,-7.32,-7.14,0.184,2.00,4.48,16.33,6.81,9.50,0.20,0.50,99.00,0,0,0,0,0,0.00,999.00
17:09:43.388,399758.8244,4091871.3141,global,-6.37,-7.14,0.184,2.00,4.48,17.29,6.81,9.50,0.20,0.50,99.00,0,0,0,0,0,0.00,999.00
17:09:43.439,399758.8244,4091871.3141,global,-6.07,-7.14,0.184,2.00,5.24,15.29,13.55,9.50,0.20,0.50,99.00,0,0,0,0,0,0.00,999.00
17:09:43.488,399758.8244,4091871.3141,global,-5.84,-7.14,0.184,2.00,5.24,15.52,13.55,9.50,0.20,0.50,99.00,0,0,0,0,0,0.00,999.00
17:09:43.538,399758.8244,4091871.3141,global,-5.80,-7.14,0.184,2.00,5.24,15.56,13.55,9.50,0.20,0.50,99.00,0,0,0,0,0,0.00,999.00
17:09:43.588,399759.1449,4091871.3103,global,-5.98,-14.67,0.228,2.00,4.81,22.00,21.99,9.50,0.20,0.50,99.00,0,0,0,0,0,0.00,999.00
17:09:43.639,399759.1449,4091871.3103,global,-6.37,-14.67,0.228,2.00,4.81,22.00,21.99,9.50,0.20,0.50,99.00,0,0,0,0,0,0.00,999.00
17:09:43.689,399759.1449,4091871.3103,global,-7.32,-14.67,0.228,2.00,4.79,22.00,21.99,9.50,0.20,0.50,99.00,0,0,0,0,0,0.00,999.00
17:09:43.738,399759.1449,4091871.3103,global,-8.03,-14.67,0.228,2.00,4.79,22.00,21.99,9.50,0.20,0.50,99.00,0,0,0,0,0,0.00,999.00
17:09:43.788,399759.1449,4091871.3103,global,-9.09,-14.67,0.228,2.00,4.79,22.00,21.99,9.50,0.20,0.50,99.00,0,0,0,0,0,0.00,999.00
17:09:43.838,399759.4737,4091871.2620,global,-9.72,-2.98,0.249,2.00,4.40,15.38,21.99,9.50,0.20,0.50,99.00,0,0,0,0,0,0.00,999.00
17:09:43.889,399759.4737,4091871.2620,global,-10.79,-2.98,0.249,2.00,4.40,14.31,21.99,9.50,0.20,0.50,99.00,0,0,0,0,0,0.00,999.00
17:09:43.939,399759.4737,4091871.2620,global,-11.46,-2.98,0.249,2.00,4.84,11.82,21.99,9.50,0.20,0.50,99.00,0,0,0,0,0,0.00,999.00
17:09:43.989,399759.4737,4091871.2620,global,-12.43,-2.98,0.249,2.00,4.84,10.85,21.99,9.50,0.20,0.50,99.00,0,0,0,0,0,0.00,999.00
17:09:44.038,399759.4737,4091871.2620,global,-13.10,-2.98,0.249,2.00,4.64,10.99,21.99,9.50,0.20,0.50,99.00,0,0,0,0,0,0.00,999.00
17:09:44.088,399759.8021,4091871.1805,global,-13.87,-7.14,0.188,2.00,4.64,9.58,21.99,9.50,0.20,0.50,99.00,0,0,0,0,0,0.00,999.00
17:09:44.138,399759.8021,4091871.1805,global,-14.12,-7.14,0.188,2.00,4.64,9.34,21.99,9.50,0.20,0.50,99.00,0,0,0,0,0,0.00,999.00
17:09:44.189,399759.8021,4091871.1805,global,-14.09,-7.14,0.188,2.00,4.54,9.69,16.66,9.50,0.20,0.50,99.00,0,0,0,0,0,0.00,999.00
17:09:44.238,399759.8021,4091871.1805,global,-13.92,-7.14,0.188,2.00,4.54,9.86,16.66,9.50,0.20,0.50,99.00,0,0,0,0,0,0.00,999.00
17:09:44.288,399759.8021,4091871.1805,global,-13.27,-7.14,0.188,2.00,4.39,11.04,8.07,9.50,0.20,0.50,99.00,0,0,0,0,0,0.00,999.00
17:09:44.338,399760.1038,4091871.0881,global,-12.67,-7.55,0.134,2.00,4.39,7.24,8.07,9.50,0.20,0.50,99.00,0,0,0,0,0,0.00,999.00
17:09:44.388,399760.1038,4091871.0881,global,-11.48,-7.55,0.134,2.00,4.39,8.43,8.07,9.50,0.20,0.50,99.00,0,0,0,0,0,0.00,999.00
17:09:44.440,399760.1038,4091871.0881,global,-10.75,-7.55,0.134,2.00,4.81,8.11,7.87,9.50,0.20,0.50,99.00,0,0,0,0,0,0.00,999.00
17:09:44.488,399760.1038,4091871.0881,global,-9.99,-7.55,0.134,2.00,4.81,8.86,7.87,9.50,0.20,0.50,99.00,0,0,0,0,0,0.00,999.00
17:09:44.538,399760.1038,4091871.0881,global,-9.73,-7.55,0.134,2.00,4.59,9.65,12.19,9.50,0.20,0.50,99.00,0,0,0,0,0,0.00,999.00
17:09:44.589,399760.4151,4091871.0623,global,-9.32,-12.41,0.143,2.00,4.59,15.74,12.19,9.50,0.20,0.50,99.00,0,0,0,0,0,0.00,999.00
17:09:44.638,399760.4151,4091871.0623,global,-8.94,-12.41,0.143,2.00,4.59,16.11,12.19,9.50,0.20,0.50,99.00,0,0,0,0,0,0.00,999.00
17:09:44.689,399760.4151,4091871.0623,global,-8.38,-12.41,0.143,2.00,4.54,16.82,10.84,9.50,0.20,0.50,99.00,0,0,0,0,0,0.00,999.00
17:09:44.739,399760.4151,4091871.0623,global,-7.99,-12.41,0.143,2.00,4.54,17.21,10.84,9.50,0.20,0.50,99.00,0,0,0,0,0,0.00,999.00
17:09:44.788,399760.4151,4091871.0623,global,-7.33,-12.41,0.143,2.00,4.84,17.10,11.37,9.50,0.20,0.50,99.00,0,0,0,0,0,0.00,999.00
17:09:44.838,399760.7172,4091871.0143,global,-6.94,-2.98,0.166,2.00,4.84,9.91,11.37,9.50,0.20,0.50,99.00,0,0,0,0,0,0.00,999.00
17:09:44.889,399760.7172,4091871.0143,global,-6.71,-2.98,0.166,2.00,4.43,11.35,17.13,9.50,0.20,0.50,99.00,0,0,0,0,0,0.00,999.00
17:09:44.939,399760.7172,4091871.0143,global,-6.74,-2.98,0.166,2.00,4.43,11.32,17.13,9.50,0.20,0.50,99.00,0,0,0,0,0,0.00,999.00
17:09:44.988,399760.7172,4091871.0143,global,-6.92,-2.98,0.166,2.00,4.64,10.51,19.34,9.50,0.20,0.50,99.00,0,0,0,0,0,0.00,999.00
17:09:45.038,399760.7172,4091871.0143,global,-7.01,-2.98,0.166,2.00,4.64,10.42,19.34,9.50,0.20,0.50,99.00,0,0,0,0,0,0.00,999.00
17:09:45.088,399761.0552,4091870.9881,global,-6.91,-15.14,0.164,2.00,4.64,22.00,19.34,9.50,0.20,0.50,99.00,0,0,0,0,0,0.00,999.00
17:09:45.139,399761.0552,4091870.9881,global,-6.75,-15.14,0.164,2.00,4.57,22.00,13.19,9.50,0.20,0.50,99.00,0,0,0,0,0,0.00,999.00
17:09:45.188,399761.0552,4091870.9881,global,-6.27,-15.14,0.164,2.00,4.57,22.00,13.19,9.50,0.20,0.50,99.00,0,0,0,0,0,0.00,999.00
17:09:45.239,399761.0552,4091870.9881,global,-5.75,-15.14,0.164,2.00,4.59,22.00,6.08,9.50,0.20,0.50,99.00,0,0,0,0,0,0.00,999.00
17:09:45.288,399761.0552,4091870.9881,global,-4.60,-15.14,0.164,2.00,4.59,22.00,6.08,9.50,0.20,0.50,99.00,0,0,0,0,0,0.00,999.00
17:09:45.339,399761.3665,4091870.9623,global,-3.90,-5.59,0.208,2.00,4.59,19.77,6.08,9.50,0.20,0.50,99.00,0,0,0,0,0,0.00,999.00
17:09:45.389,399761.3665,4091870.9623,global,-3.29,-5.59,0.208,2.00,5.09,18.71,14.25,9.50,0.20,0.50,99.00,0,0,0,0,0,0.00,999.00
17:09:45.440,399761.3665,4091870.9623,global,-3.18,-5.59,0.208,2.00,5.09,18.81,14.25,9.50,0.20,0.50,99.00,0,0,0,0,0,0.00,999.00
17:09:45.488,399761.3665,4091870.9623,global,-3.40,-5.59,0.208,2.00,5.53,17.34,21.99,9.50,0.20,0.50,99.00,0,0,0,0,0,0.00,999.00
17:09:45.539,399761.3665,4091870.9623,global,-3.84,-5.59,0.208,2.00,5.53,16.90,21.99,9.50,0.20,0.50,99.00,0,0,0,0,0,0.00,999.00
17:09:45.588,399761.6689,4091870.9365,global,-4.84,-9.81,0.221,2.00,5.53,21.03,21.99,9.50,0.20,0.50,99.00,0,0,0,0,0,0.00,999.00
17:09:45.640,399761.6689,4091870.9365,global,-5.70,-9.81,0.221,2.00,4.43,22.00,21.99,9.50,0.20,0.50,99.00,0,0,0,0,0,0.00,999.00
17:09:45.690,399761.6689,4091870.9365,global,-6.55,-9.81,0.221,2.00,4.43,22.00,21.99,9.50,0.20,0.50,99.00,0,0,0,0,0,0.00,999.00
17:09:45.738,399761.6689,4091870.9365,global,-7.32,-9.81,0.221,2.00,4.64,21.45,21.99,9.50,0.20,0.50,99.00,0,0,0,0,0,0.00,999.00
17:09:45.788,399761.6689,4091870.9365,global,-7.79,-9.81,0.221,2.00,4.64,20.99,21.99,9.50,0.20,0.50,99.00,0,0,0,0,0,0.00,999.00
17:09:45.864,399762.0067,4091870.8881,global,-7.90,-8.28,0.248,2.00,4.64,21.46,21.99,9.50,0.20,0.50,99.00,0,0,0,0,0,0.00,999.00
17:09:45.888,399762.0067,4091870.8881,global,-8.39,-8.28,0.248,2.00,4.64,20.97,21.30,9.50,0.20,0.50,99.00,0,0,0,0,0,0.00,999.00
17:09:45.939,399762.0067,4091870.8881,global,-8.59,-8.28,0.248,2.00,4.64,20.78,21.30,9.50,0.20,0.50,99.00,0,0,0,0,0,0.00,999.00
17:09:45.988,399762.0067,4091870.8881,global,-8.85,-8.28,0.248,2.00,4.51,21.06,21.15,9.50,0.20,0.50,99.00,0,0,0,0,0,0.00,999.00
17:09:46.038,399762.0067,4091870.8881,global,-8.98,-8.28,0.248,2.00,4.51,20.93,21.15,9.50,0.20,0.50,99.00,0,0,0,0,0,0.00,999.00
17:09:46.089,399762.3265,4091870.8289,global,-9.22,-17.98,0.233,2.00,4.84,22.00,21.17,9.50,0.20,0.50,99.00,0,0,0,0,0,0.00,999.00
17:09:46.138,399762.3265,4091870.8289,global,-9.45,-17.98,0.233,2.00,4.84,22.00,21.17,9.50,0.20,0.50,99.00,0,0,0,0,0,0.00,999.00
17:09:46.189,399762.3265,4091870.8289,global,-9.71,-17.98,0.233,2.00,4.84,22.00,21.17,9.50,0.20,0.50,99.00,0,0,0,0,0,0.00,999.00
17:09:46.239,399762.3265,4091870.8289,global,-9.88,-17.98,0.233,2.00,4.54,22.00,21.21,9.50,0.20,0.50,99.00,0,0,0,0,0,0.00,999.00
17:09:46.288,399762.3265,4091870.8289,global,-10.17,-17.98,0.233,2.00,4.54,22.00,21.21,9.50,0.20,0.50,99.00,0,0,0,0,0,0.00,999.00
17:09:46.338,399762.6463,4091870.7696,global,-10.34,-23.24,0.277,2.00,4.79,22.00,21.14,9.50,0.20,0.50,99.00,0,0,0,0,0,0.00,999.00
17:09:46.389,399762.6463,4091870.7696,global,-10.65,-23.24,0.277,2.00,4.79,22.00,21.14,9.50,0.20,0.50,99.00,0,0,0,0,0,0.00,999.00
17:09:46.439,399762.6463,4091870.7696,global,-10.86,-23.24,0.277,2.00,4.68,22.00,21.23,9.50,0.20,0.50,99.00,0,0,0,0,0,0.00,999.00
17:09:46.488,399762.6463,4091870.7696,global,-11.17,-23.24,0.277,2.00,4.68,22.00,21.23,9.50,0.20,0.50,99.00,0,0,0,0,0,0.00,999.00
17:09:46.538,399762.6463,4091870.7696,global,-11.37,-23.24,0.277,2.00,4.68,22.00,21.23,9.50,0.20,0.50,99.00,0,0,0,0,0,0.00,999.00
17:09:46.589,399762.9749,4091870.6992,global,-11.75,-24.84,0.296,2.00,4.68,22.00,21.25,9.50,0.20,0.50,99.00,0,0,0,0,0,0.00,999.00
17:09:46.639,399762.9749,4091870.6992,global,-11.98,-24.84,0.296,2.00,4.68,22.00,21.25,9.50,0.20,0.50,99.00,0,0,0,0,0,0.00,999.00
17:09:46.688,399762.9749,4091870.6992,global,-12.24,-24.84,0.296,2.00,4.84,22.00,21.16,9.50,0.20,0.50,99.00,0,0,0,0,0,0.00,999.00
17:09:46.739,399762.9749,4091870.6992,global,-12.47,-24.84,0.296,2.00,4.84,22.00,21.16,9.50,0.20,0.50,99.00,0,0,0,0,0,0.00,999.00
17:09:46.788,399762.9749,4091870.6992,global,-12.80,-24.84,0.296,2.00,4.79,22.00,21.19,9.50,0.20,0.50,99.00,0,0,0,0,0,0.00,999.00
17:09:46.839,399763.3122,4091870.6175,global,-12.97,-17.33,0.368,2.00,4.79,22.00,21.19,9.50,0.20,0.50,99.00,0,0,0,0,0,0.00,999.00
17:09:46.888,399763.3122,4091870.6175,global,-13.25,-17.33,0.368,2.00,4.79,22.00,21.19,9.50,0.20,0.50,99.00,0,0,0,0,0,0.00,999.00
17:09:46.939,399763.3122,4091870.6175,global,-13.45,-17.33,0.368,2.00,4.71,22.00,21.23,9.50,0.20,0.50,99.00,0,0,0,0,0,0.00,999.00
17:09:46.988,399763.3122,4091870.6175,global,-13.80,-17.33,0.368,2.00,4.71,22.00,21.23,9.50,0.20,0.50,99.00,0,0,0,0,0,0.00,999.00
17:09:47.038,399763.3122,4091870.6175,global,-14.01,-17.33,0.368,2.00,4.79,22.00,21.26,9.50,0.20,0.50,99.00,0,0,0,0,0,0.00,999.00
17:09:47.088,399763.6408,4091870.5470,global,-14.35,-15.23,0.395,2.00,4.79,22.00,21.26,9.50,0.20,0.50,99.00,0,0,0,0,0,0.00,999.00
17:09:47.138,399763.6408,4091870.5470,global,-14.58,-15.23,0.395,2.00,4.79,22.00,21.26,9.50,0.20,0.50,99.00,0,0,0,0,0,0.00,999.00
17:09:47.188,399763.6408,4091870.5470,global,-14.81,-15.23,0.395,2.00,4.68,22.00,21.28,9.50,0.20,0.50,99.00,0,0,0,0,0,0.00,999.00
17:09:47.238,399763.6408,4091870.5470,global,-14.94,-15.23,0.395,2.00,4.68,22.00,21.28,9.50,0.20,0.50,99.00,0,0,0,0,0,0.00,999.00
17:09:47.289,399763.6408,4091870.5470,global,-15.20,-15.23,0.395,2.00,4.79,22.00,21.27,9.50,0.20,0.50,99.00,0,0,0,0,0,0.00,999.00
17:09:47.338,399763.9602,4091870.4545,global,-15.46,-28.78,0.419,2.00,4.79,22.00,21.27,9.50,0.20,0.50,99.00,0,0,0,0,0,0.00,999.00
17:09:47.389,399763.9602,4091870.4545,global,-15.84,-28.78,0.419,2.00,4.79,22.00,21.27,9.50,0.20,0.50,99.00,0,0,0,0,0,0.00,999.00
17:09:47.438,399763.9602,4091870.4545,global,-16.04,-28.78,0.419,2.00,4.78,22.00,21.17,9.50,0.20,0.50,99.00,0,0,0,0,0,0.00,999.00
17:09:47.489,399763.9602,4091870.4545,global,-16.31,-28.78,0.419,2.00,4.78,22.00,21.17,9.50,0.20,0.50,99.00,0,0,0,0,0,0.00,999.00
17:09:47.538,399763.9602,4091870.4545,global,-16.50,-28.78,0.419,2.00,4.64,22.00,21.19,9.50,0.20,0.50,99.00,0,0,0,0,0,0.00,999.00
17:09:47.588,399764.2796,4091870.3620,global,-16.76,-14.67,0.500,2.00,4.64,22.00,21.19,9.50,0.20,0.50,99.00,0,0,0,0,0,0.00,999.00
17:09:47.638,399764.2796,4091870.3620,global,-16.96,-14.67,0.500,2.00,4.64,22.00,21.19,9.50,0.20,0.50,99.00,0,0,0,0,0,0.00,999.00
17:09:47.691,399764.2796,4091870.3620,global,-17.31,-14.67,0.500,2.00,4.81,22.00,21.15,9.50,0.20,0.50,99.00,0,0,0,0,0,0.00,999.00
17:09:47.738,399764.2796,4091870.3620,global,-17.59,-14.67,0.500,2.00,4.81,22.00,21.15,9.50,0.20,0.50,99.00,0,0,0,0,0,0.00,999.00
17:09:47.789,399764.2796,4091870.3620,global,-17.97,-14.67,0.500,2.00,5.19,22.00,21.18,9.50,0.20,0.50,99.00,0,0,0,0,0,0.00,999.00
17:09:47.838,399764.5988,4091870.2472,global,-18.14,-24.67,0.479,2.00,5.19,22.00,21.18,9.50,0.20,0.50,99.00,0,0,0,0,0,0.00,999.00
17:09:47.889,399764.5988,4091870.2472,global,-18.30,-24.67,0.479,2.00,5.19,22.00,21.18,9.50,0.20,0.50,99.00,0,0,0,0,0,0.00,999.00
17:09:47.940,399764.5988,4091870.2472,global,-18.46,-24.67,0.479,2.00,4.65,22.00,21.28,9.50,0.20,0.50,99.00,0,0,0,0,0,0.00,999.00
17:09:47.988,399764.5988,4091870.2472,global,-18.81,-24.67,0.479,2.00,4.65,22.00,21.28,9.50,0.20,0.50,99.00,0,0,0,0,0,0.00,999.00
17:09:48.038,399764.5988,4091870.2472,global,-18.99,-24.67,0.479,2.00,5.04,22.00,21.29,9.50,0.20,0.50,99.00,0,0,0,0,0,0.00,999.00
17:09:48.088,399764.9269,4091870.1324,global,-19.23,-23.93,0.510,2.00,5.04,22.00,21.29,9.50,0.20,0.50,99.00,0,0,0,0,0,0.00,999.00
17:09:48.138,399764.9269,4091870.1324,global,-19.42,-23.93,0.510,2.00,5.04,22.00,21.29,9.50,0.20,0.50,99.00,0,0,0,0,0,0.00,999.00
17:09:48.188,399764.9269,4091870.1324,global,-19.69,-23.93,0.510,2.00,4.68,22.00,21.30,9.50,0.20,0.50,99.00,0,0,0,0,0,0.00,999.00
17:09:48.239,399764.9269,4091870.1324,global,-19.87,-23.93,0.510,2.00,4.68,22.00,21.30,9.50,0.20,0.50,99.00,0,0,0,0,0,0.00,999.00
17:09:48.288,399764.9269,4091870.1324,global,-20.18,-23.93,0.510,2.00,4.84,22.00,21.17,9.50,0.20,0.50,99.00,0,0,0,0,0,0.00,999.00
17:09:48.338,399765.2370,4091870.0067,global,-20.41,-23.93,0.497,2.00,4.84,22.00,21.17,9.50,0.20,0.50,99.00,0,0,0,0,0,0.00,999.00
17:09:48.388,399765.2370,4091870.0067,global,-20.70,-23.93,0.497,2.00,4.84,22.00,21.32,9.50,0.20,0.50,99.00,0,0,0,0,0,0.00,999.00
17:09:48.439,399765.2370,4091870.0067,global,-20.91,-23.93,0.497,2.00,4.84,22.00,21.32,9.50,0.20,0.50,99.00,0,0,0,0,0,0.00,999.00
17:09:48.488,399765.2370,4091870.0067,global,-21.17,-23.93,0.497,2.00,4.79,22.00,21.17,9.50,0.20,0.50,99.00,0,0,0,0,0,0.00,999.00
17:09:48.539,399765.2370,4091870.0067,global,-21.33,-23.93,0.497,2.00,4.79,22.00,21.17,9.50,0.20,0.50,99.00,0,0,0,0,0,0.00,999.00
17:09:48.589,399765.5561,4091869.8920,global,-21.64,-29.13,0.512,2.00,4.79,22.00,21.17,9.50,0.20,0.50,99.00,0,0,0,0,0,0.00,999.00
17:09:48.638,399765.5561,4091869.8920,global,-21.85,-29.13,0.512,2.00,4.85,22.00,21.19,9.50,0.20,0.50,99.00,0,0,0,0,0,0.00,999.00
17:09:48.689,399765.5561,4091869.8920,global,-22.11,-29.13,0.512,2.00,4.85,22.00,21.19,9.50,0.20,0.50,99.00,0,0,0,0,0,0.00,999.00
17:09:48.738,399765.5561,4091869.8920,global,-22.27,-29.13,0.512,2.00,5.04,22.00,21.16,9.50,0.20,0.50,99.00,0,0,0,0,0,0.00,999.00
17:09:48.788,399765.5561,4091869.8920,global,-22.54,-29.13,0.512,2.00,5.04,22.00,21.16,9.50,0.20,0.50,99.00,0,0,0,0,0,0.00,999.00
17:09:48.838,399765.8660,4091869.7441,global,-22.70,-17.98,0.527,2.00,5.04,22.00,21.16,9.50,0.20,0.50,99.00,0,0,0,0,0,0.00,999.00
17:09:48.888,399765.8660,4091869.7441,global,-22.97,-17.98,0.527,2.00,4.68,22.00,21.31,9.50,0.20,0.50,99.00,0,0,0,0,0,0.00,999.00
17:09:48.939,399765.8660,4091869.7441,global,-23.18,-17.98,0.527,2.00,4.68,22.00,21.31,9.50,0.20,0.50,99.00,0,0,0,0,0,0.00,999.00
17:09:48.988,399765.8660,4091869.7441,global,-23.53,-17.98,0.527,2.00,5.04,22.00,21.27,9.50,0.20,0.50,99.00,0,0,0,0,0,0.00,999.00
17:09:49.038,399765.8660,4091869.7441,global,-23.76,-17.98,0.527,2.00,5.04,22.00,21.27,9.50,0.20,0.50,99.00,0,0,0,0,0,0.00,999.00
17:09:49.088,399766.1759,4091869.5962,global,-24.07,-18.58,0.483,2.00,4.84,22.00,21.28,9.50,0.20,0.50,99.00,0,0,0,0,0,0.00,999.00
17:09:49.138,399766.1759,4091869.5962,global,-24.25,-18.58,0.483,2.00,4.84,22.00,21.28,9.50,0.20,0.50,99.00,0,0,0,0,0,0.00,999.00
17:09:49.188,399766.1759,4091869.5962,global,-24.57,-18.58,0.483,2.00,4.84,22.00,21.28,9.50,0.20,0.50,99.00,0,0,0,0,0,0.00,999.00
17:09:49.239,399766.1759,4091869.5962,global,-24.82,-18.58,0.483,2.00,4.81,22.00,21.30,9.50,0.20,0.50,99.00,0,0,0,0,0,0.00,999.00
17:09:49.289,399766.1759,4091869.5962,global,-25.15,-18.58,0.483,2.00,4.81,22.00,21.30,9.50,0.20,0.50,99.00,0,0,0,0,0,0.00,999.00
17:09:49.338,399766.4858,4091869.4594,global,-25.31,-14.24,0.476,2.00,5.04,22.00,21.18,9.50,0.20,0.50,99.00,0,0,0,0,0,0.00,999.00
17:09:49.389,399766.4858,4091869.4594,global,-25.59,-14.24,0.476,2.00,5.04,22.00,21.18,9.50,0.20,0.50,99.00,0,0,0,0,0,0.00,999.00
17:09:49.439,399766.4858,4091869.4594,global,-25.77,-14.24,0.476,2.00,4.64,22.00,21.18,9.50,0.20,0.50,99.00,0,0,0,0,0,0.00,999.00
17:09:49.489,399766.4858,4091869.4594,global,-26.06,-14.24,0.476,2.00,4.64,22.00,21.18,9.50,0.20,0.50,99.00,0,0,0,0,0,0.00,999.00
17:09:49.539,399766.4858,4091869.4594,global,-26.26,-14.24,0.476,2.00,4.64,22.00,21.18,9.50,0.20,0.50,99.00,0,0,0,0,0,0.00,999.00
17:09:49.588,399766.8047,4091869.3224,global,-26.61,-8.28,0.415,2.00,4.92,12.94,21.18,9.50,0.20,0.50,99.00,0,0,0,0,0,0.00,999.00
17:09:49.638,399766.8047,4091869.3224,global,-26.82,-8.28,0.415,2.00,4.92,12.72,21.18,9.50,0.20,0.50,99.00,0,0,0,0,0,0.00,999.00
17:09:49.689,399766.8047,4091869.3224,global,-27.13,-8.28,0.415,2.00,4.84,12.84,21.12,9.50,0.20,0.50,99.00,0,0,0,0,0,0.00,999.00
17:09:49.738,399766.8047,4091869.3224,global,-27.36,-8.28,0.415,2.00,4.84,12.61,21.12,9.50,0.20,0.50,99.00,0,0,0,0,0,0.00,999.00
17:09:49.788,399766.8047,4091869.3224,global,-27.34,-8.28,0.415,2.00,4.84,12.63,21.12,9.50,0.20,0.50,99.00,0,0,0,0,0,0.00,999.00
17:09:49.838,399767.1145,4091869.1634,global,-27.09,6.93,0.273,2.00,4.95,-12.34,12.08,9.50,0.20,0.50,99.00,0,0,0,0,0,0.00,999.00
17:09:49.889,399767.1145,4091869.1634,global,-26.45,6.93,0.273,2.00,4.95,-11.71,12.08,9.50,0.20,0.50,99.00,0,0,0,0,0,0.00,999.00
17:09:49.940,399767.1145,4091869.1634,global,-25.81,6.93,0.273,2.00,4.84,-10.59,4.79,9.50,0.20,0.50,99.00,0,0,0,0,0,0.00,999.00
17:09:49.988,399767.1145,4091869.1634,global,-24.53,6.93,0.273,2.00,4.84,-9.32,4.79,9.50,0.20,0.50,99.00,0,0,0,0,0,0.00,999.00
17:09:50.038,399767.1145,4091869.1634,global,-23.49,6.93,0.273,2.00,4.84,-8.27,-4.45,9.50,0.20,0.50,99.00,0,0,0,0,0,0.00,999.00
17:09:50.089,399767.4245,4091869.0266,global,-21.39,15.97,0.098,2.00,4.84,-22.00,-4.45,9.50,0.20,0.50,99.00,0,0,0,0,0,0.00,999.00
17:09:50.138,399767.4245,4091869.0266,global,-19.66,15.97,0.098,2.00,5.29,-22.00,-8.00,9.50,0.20,0.50,99.00,0,0,0,0,0,0.00,999.00
17:09:50.190,399767.4245,4091869.0266,global,-17.11,15.97,0.098,2.00,5.29,-22.00,-8.00,9.50,0.20,0.50,99.00,0,0,0,0,0,0.00,999.00
17:09:50.239,399767.4245,4091869.0266,global,-15.54,15.97,0.098,2.00,4.39,-22.00,-12.17,9.50,0.20,0.50,99.00,0,0,0,0,0,0.00,999.00
17:09:50.288,399767.4245,4091869.0266,global,-13.01,15.97,0.098,2.00,4.39,-19.84,-12.17,9.50,0.20,0.50,99.00,0,0,0,0,0,0.00,999.00
17:09:50.364,399767.7355,4091868.9786,global,-12.14,28.61,-0.049,2.00,4.39,-22.00,-12.17,9.50,0.20,0.50,99.00,0,0,0,0,0,0.00,999.00
17:09:50.388,399767.7355,4091868.9786,global,-8.51,28.61,-0.049,2.00,4.39,-22.00,-15.36,9.50,0.20,0.50,99.00,0,0,0,0,0,0.00,999.00
17:09:50.439,399767.7355,4091868.9786,global,-6.78,28.61,-0.049,2.00,4.97,-22.00,-15.36,9.50,0.20,0.50,99.00,0,0,0,0,0,0.00,999.00
17:09:50.488,399767.7355,4091868.9786,global,-4.17,28.61,-0.049,2.00,4.97,-22.00,-15.36,9.50,0.20,0.50,99.00,0,0,0,0,0,0.00,999.00
17:09:50.538,399767.7355,4091868.9786,global,-2.41,28.61,-0.049,2.00,5.25,-22.00,-15.25,9.50,0.20,0.50,99.00,0,0,0,0,0,0.00,999.00
17:09:50.588,399768.0206,4091868.9974,global,0.17,30.21,-0.153,2.00,5.25,-22.00,-15.25,9.50,0.20,0.50,99.00,0,0,0,0,0,0.00,999.00
17:09:50.638,399768.0206,4091868.9974,global,1.84,30.21,-0.153,2.00,4.79,-22.00,-15.87,9.50,0.20,0.50,99.00,0,0,0,0,0,0.00,999.00
17:09:50.689,399768.0206,4091868.9974,global,4.44,30.21,-0.153,2.00,4.79,-22.00,-15.87,9.50,0.20,0.50,99.00,0,0,0,0,0,0.00,999.00
17:09:50.738,399768.0206,4091868.9974,global,6.18,30.21,-0.153,2.00,4.64,-22.00,-15.65,9.50,0.20,0.50,99.00,0,0,0,0,0,0.00,999.00
17:09:50.789,399768.0206,4091868.9974,global,8.67,30.21,-0.153,2.00,4.64,-22.00,-15.65,9.50,0.20,0.50,99.00,0,0,0,0,0,0.00,999.00
17:09:50.838,399768.3152,4091869.0605,global,10.36,37.74,-0.233,2.00,4.84,-22.00,-15.76,9.50,0.20,0.50,99.00,0,0,0,0,0,0.00,999.00
17:09:50.888,399768.3152,4091869.0605,global,12.91,37.74,-0.233,2.00,4.84,-22.00,-15.76,9.50,0.20,0.50,99.00,0,0,0,0,0,0.00,999.00
17:09:50.939,399768.3152,4091869.0605,global,14.73,37.74,-0.233,2.00,4.84,-22.00,-15.76,9.50,0.20,0.50,99.00,0,0,0,0,0,0.00,999.00
17:09:50.988,399768.3152,4091869.0605,global,17.34,37.74,-0.233,2.00,5.09,-22.00,-15.73,9.50,0.20,0.50,99.00,0,0,0,0,0,0.00,999.00
17:09:51.038,399768.3152,4091869.0605,global,19.05,37.74,-0.233,2.00,5.09,-22.00,-15.73,9.50,0.20,0.50,99.00,0,0,0,0,0,0.00,999.00
17:09:51.089,399768.5930,4091869.2125,global,21.65,42.84,-0.277,2.00,5.09,-22.00,-15.73,9.50,0.20,0.50,99.00,0,0,0,0,0,0.00,999.00
17:09:51.139,399768.5930,4091869.2125,global,23.38,42.84,-0.277,2.00,4.10,-22.00,-15.57,9.50,0.20,0.50,99.00,0,0,0,0,0,0.00,999.00
17:09:51.188,399768.5930,4091869.2125,global,25.95,42.84,-0.277,2.00,4.10,-22.00,-15.57,9.50,0.20,0.50,99.00,0,0,0,0,0,0.00,999.00
17:09:51.239,399768.5930,4091869.2125,global,27.61,42.84,-0.277,2.00,5.64,-22.00,-15.78,9.50,0.20,0.50,99.00,0,0,0,0,0,0.00,999.00
17:09:51.288,399768.5930,4091869.2125,global,30.14,42.84,-0.277,2.00,5.64,-22.00,-15.78,9.50,0.20,0.50,99.00,0,0,0,0,0,0.00,999.00
17:09:51.338,399768.8262,4091869.3651,global,31.87,38.33,-0.328,2.00,5.19,-22.00,-15.69,9.50,0.20,0.50,99.00,0,0,0,0,0,0.00,999.00
17:09:51.388,399768.8262,4091869.3651,global,34.45,38.33,-0.328,2.00,5.19,-22.00,-15.69,9.50,0.20,0.50,99.00,0,0,0,0,0,0.00,999.00
17:09:51.439,399768.8262,4091869.3651,global,36.12,38.33,-0.328,2.00,5.19,-22.00,-15.69,9.50,0.20,0.50,99.00,0,0,0,0,0,0.00,999.00
17:09:51.488,399768.8262,4091869.3651,global,38.72,38.33,-0.328,2.00,4.57,-22.00,-16.42,9.50,0.20,0.50,99.00,0,0,0,0,0,0.00,999.00
17:09:51.539,399768.8262,4091869.3651,global,40.44,38.33,-0.328,2.00,4.57,-22.00,-16.42,9.50,0.20,0.50,99.00,0,0,0,0,0,0.00,999.00
17:09:51.588,399769.0243,4091869.5514,global,42.98,54.02,-0.294,2.00,5.19,-22.00,-15.74,9.50,0.20,0.50,99.00,0,0,0,0,0,0.00,999.00
17:09:51.638,399769.0243,4091869.5514,global,44.68,54.02,-0.294,2.00,5.19,-22.00,-15.74,9.50,0.20,0.50,99.00,0,0,0,0,0,0.00,999.00
17:09:51.688,399769.0243,4091869.5514,global,47.22,54.02,-0.294,2.00,5.19,-22.00,-15.74,9.50,0.20,0.50,99.00,0,0,0,0,0,0.00,999.00
17:09:51.738,399769.0243,4091869.5514,global,48.96,54.02,-0.294,2.00,4.81,-22.00,-15.72,9.50,0.20,0.50,99.00,0,0,0,0,0,0.00,999.00
17:09:51.788,399769.0243,4091869.5514,global,51.51,54.02,-0.294,2.00,4.81,-22.00,-15.72,9.50,0.20,0.50,99.00,0,0,0,0,0,0.00,999.00
17:09:51.838,399769.1877,4091869.8158,global,53.18,52.08,-0.271,2.00,4.03,-22.00,-15.32,9.50,0.20,0.50,99.00,0,0,0,0,0,0.00,999.00
17:09:51.888,399769.1877,4091869.8158,global,55.69,52.08,-0.271,2.00,4.03,-22.00,-15.32,9.50,0.20,0.50,99.00,0,0,0,0,0,0.00,999.00
17:09:51.940,399769.1877,4091869.8158,global,57.36,52.08,-0.271,2.00,5.04,-15.90,-15.72,9.50,0.20,0.50,99.00,0,0,0,0,0,0.00,999.00
17:09:51.988,399769.1877,4091869.8158,global,59.84,52.08,-0.271,2.00,5.04,-13.42,-15.72,9.50,0.20,0.50,99.00,0,0,0,0,0,0.00,999.00
17:09:52.038,399769.1877,4091869.8158,global,61.52,52.08,-0.271,2.00,5.04,-11.75,-15.72,9.50,0.20,0.50,99.00,0,0,0,0,0,0.00,999.00
17:09:52.088,399769.3157,4091870.1027,global,64.11,58.73,-0.200,2.00,5.26,-9.96,-15.35,9.50,0.20,0.50,99.00,0,0,0,0,0,0.00,999.00
17:09:52.138,399769.3157,4091870.1027,global,65.86,58.73,-0.200,2.00,5.26,-8.20,-15.35,9.50,0.20,0.50,99.00,0,0,0,0,0,0.00,999.00
17:09:52.188,399769.3157,4091870.1027,global,68.24,58.73,-0.200,2.00,4.07,-10.01,-13.52,9.50,0.20,0.50,99.00,0,0,0,0,0,0.00,999.00
17:09:52.238,399769.3157,4091870.1027,global,69.72,58.73,-0.200,2.00,4.07,-8.53,-13.52,9.50,0.20,0.50,99.00,0,0,0,0,0,0.00,999.00
17:09:52.289,399769.3157,4091870.1027,global,71.82,58.73,-0.200,2.00,4.74,-3.83,-10.36,9.50,0.20,0.50,99.00,0,0,0,0,0,0.00,999.00
17:09:52.339,399769.3728,4091870.4127,global,73.06,52.37,-0.079,2.00,4.74,13.84,-10.36,9.50,0.20,0.50,99.00,0,0,0,0,0,0.00,999.00
17:09:52.389,399769.3728,4091870.4127,global,74.65,52.37,-0.079,2.00,4.74,15.43,-10.36,9.50,0.20,0.50,99.00,0,0,0,0,0,0.00,999.00
17:09:52.439,399769.3728,4091870.4127,global,75.76,52.37,-0.079,2.00,5.64,17.62,-5.74,9.50,0.20,0.50,99.00,0,0,0,0,0,0.00,999.00
17:09:52.488,399769.3728,4091870.4127,global,77.21,52.37,-0.079,2.00,5.64,19.07,-5.74,9.50,0.20,0.50,99.00,0,0,0,0,0,0.00,999.00
17:09:52.538,399769.3728,4091870.4127,global,77.87,52.37,-0.079,2.00,5.24,19.29,2.98,9.50,0.20,0.50,99.00,0,0,0,0,0,0.00,999.00
17:09:52.588,399769.4300,4091870.7338,global,78.22,65.13,0.062,2.00,5.24,17.96,2.98,9.50,0.20,0.50,99.00,0,0,0,0,0,0.00,999.00
17:09:52.638,399769.4300,4091870.7338,global,78.18,65.13,0.062,2.00,5.24,17.92,2.98,9.50,0.20,0.50,99.00,0,0,0,0,0,0.00,999.00
17:09:52.689,399769.4300,4091870.7338,global,77.80,65.13,0.062,2.00,5.78,17.10,18.22,9.50,0.20,0.50,99.00,0,0,0,0,0,0.00,999.00
17:09:52.739,399769.4300,4091870.7338,global,77.23,65.13,0.062,2.00,5.78,16.53,18.22,9.50,0.20,0.50,99.00,0,0,0,0,0,0.00,999.00
17:09:52.788,399769.4300,4091870.7338,global,75.85,65.13,0.062,2.00,5.29,15.56,21.99,9.50,0.20,0.50,99.00,0,0,0,0,0,0.00,999.00
17:09:52.839,399769.5139,4091871.0546,global,74.77,65.83,0.122,2.00,5.29,18.36,21.99,9.50,0.20,0.50,99.00,0,0,0,0,0,0.00,999.00
17:09:52.889,399769.5139,4091871.0546,global,72.84,65.83,0.122,2.00,5.29,16.43,21.99,9.50,0.20,0.50,99.00,0,0,0,0,0,0.00,999.00
17:09:52.941,399769.5139,4091871.0546,global,71.51,65.83,0.122,2.00,5.40,14.90,21.99,9.50,0.20,0.50,99.00,0,0,0,0,0,0.00,999.00
17:09:52.988,399769.5139,4091871.0546,global,69.45,65.83,0.122,2.00,5.40,12.84,21.99,9.50,0.20,0.50,99.00,0,0,0,0,0,0.00,999.00
17:09:53.038,399769.5139,4091871.0546,global,68.35,65.83,0.122,2.00,4.84,12.80,21.99,9.50,0.20,0.50,99.00,0,0,0,0,0,0.00,999.00
17:09:53.088,399769.6603,4091871.3857,global,67.11,62.91,0.123,2.00,4.84,14.61,21.99,9.50,0.20,0.50,99.00,0,0,0,0,0,0.00,999.00
17:09:53.139,399769.6603,4091871.3857,global,66.41,62.91,0.123,2.00,5.04,13.50,20.71,9.50,0.20,0.50,99.00,0,0,0,0,0,0.00,999.00
17:09:53.189,399769.6603,4091871.3857,global,65.74,62.91,0.123,2.00,5.04,12.83,20.71,9.50,0.20,0.50,99.00,0,0,0,0,0,0.00,999.00
17:09:53.238,399769.6603,4091871.3857,global,65.52,62.91,0.123,2.00,5.04,12.61,20.71,9.50,0.20,0.50,99.00,0,0,0,0,0,0.00,999.00
17:09:53.288,399769.6603,4091871.3857,global,65.28,62.91,0.123,2.00,5.23,12.02,12.50,9.50,0.20,0.50,99.00,0,0,0,0,0,0.00,999.00
17:09:53.338,399769.8154,4091871.7056,global,65.33,61.18,0.133,2.00,5.23,14.57,12.50,9.50,0.20,0.50,99.00,0,0,0,0,0,0.00,999.00
17:09:53.389,399769.8154,4091871.7056,global,65.60,61.18,0.133,2.00,4.99,15.32,6.34,9.50,0.20,0.50,99.00,0,0,0,0,0,0.00,999.00
17:09:53.439,399769.8154,4091871.7056,global,66.03,61.18,0.133,2.00,4.99,15.75,6.34,9.50,0.20,0.50,99.00,0,0,0,0,0,0.00,999.00
17:09:53.488,399769.8154,4091871.7056,global,66.93,61.18,0.133,2.00,5.24,16.14,8.16,9.50,0.20,0.50,99.00,0,0,0,0,0,0.00,999.00
17:09:53.539,399769.8154,4091871.7056,global,67.34,61.18,0.133,2.00,5.24,16.55,8.16,9.50,0.20,0.50,99.00,0,0,0,0,0,0.00,999.00
17:09:53.588,399769.9529,4091872.0369,global,67.25,67.46,0.140,2.00,5.24,10.71,8.16,9.50,0.20,0.50,99.00,0,0,0,0,0,0.00,999.00
17:09:53.638,399769.9529,4091872.0369,global,66.74,67.46,0.140,2.00,4.74,11.32,19.51,9.50,0.20,0.50,99.00,0,0,0,0,0,0.00,999.00
17:09:53.707,399769.9529,4091872.0369,global,66.48,67.46,0.140,2.00,4.74,11.06,19.51,9.50,0.20,0.50,99.00,0,0,0,0,0,0.00,999.00
17:09:53.739,399769.9529,4091872.0369,global,65.01,67.46,0.140,2.00,4.83,9.37,21.99,9.50,0.20,0.50,99.00,0,0,0,0,0,0.00,999.00
17:09:53.788,399769.9529,4091872.0369,global,63.75,67.46,0.140,2.00,4.83,8.11,21.99,9.50,0.20,0.50,99.00,0,0,0,0,0,0.00,999.00
17:09:53.838,399770.0900,4091872.3348,global,62.72,67.46,0.128,2.00,4.83,6.07,21.99,9.50,0.20,0.50,99.00,0,0,0,0,0,0.00,999.00
17:09:53.888,399770.0900,4091872.3348,global,61.28,67.46,0.128,2.00,5.09,4.09,19.98,9.50,0.20,0.50,99.00,0,0,0,0,0,0.00,999.00
17:09:53.938,399770.0900,4091872.3348,global,60.83,67.46,0.128,2.00,5.09,3.64,19.98,9.50,0.20,0.50,99.00,0,0,0,0,0,0.00,999.00
17:09:53.988,399770.0900,4091872.3348,global,60.78,67.46,0.128,2.00,5.24,3.30,9.58,9.50,0.20,0.50,99.00,0,0,0,0,0,0.00,999.00
17:09:54.038,399770.0900,4091872.3348,global,60.97,67.46,0.128,2.00,5.24,3.48,9.58,9.50,0.20,0.50,99.00,0,0,0,0,0,0.00,999.00
17:09:54.088,399770.2808,4091872.6654,global,61.72,67.46,0.078,2.00,4.84,0.92,-1.00,9.50,0.20,0.50,99.00,0,0,0,0,0,0.00,999.00
17:09:54.139,399770.2808,4091872.6654,global,62.46,67.46,0.078,2.00,4.84,1.66,-1.00,9.50,0.20,0.50,99.00,0,0,0,0,0,0.00,999.00
17:09:54.190,399770.2808,4091872.6654,global,63.85,67.46,0.078,2.00,4.84,3.05,-1.00,9.50,0.20,0.50,99.00,0,0,0,0,0,0.00,999.00
17:09:54.239,399770.2808,4091872.6654,global,64.85,67.46,0.078,2.00,4.99,3.85,-1.26,9.50,0.20,0.50,99.00,0,0,0,0,0,0.00,999.00
17:09:54.288,399770.2808,4091872.6654,global,65.98,67.46,0.078,2.00,4.99,4.99,-1.26,9.50,0.20,0.50,99.00,0,0,0,0,0,0.00,999.00
17:09:54.339,399770.4093,4091872.9857,global,66.46,72.17,0.077,2.00,4.99,0.65,-1.26,9.50,0.20,0.50,99.00,0,0,0,0,0,0.00,999.00
17:09:54.389,399770.4093,4091872.9857,global,67.00,72.17,0.077,2.00,5.09,1.06,5.98,9.50,0.20,0.50,99.00,0,0,0,0,0,0.00,999.00
17:09:54.439,399770.4093,4091872.9857,global,67.31,72.17,0.077,2.00,5.09,1.37,5.98,9.50,0.20,0.50,99.00,0,0,0,0,0,0.00,999.00
17:09:54.488,399770.4093,4091872.9857,global,67.44,72.17,0.077,2.00,4.94,1.69,10.66,9.50,0.20,0.50,99.00,0,0,0,0,0,0.00,999.00
17:09:54.538,399770.4093,4091872.9857,global,67.41,72.17,0.077,2.00,4.94,1.66,10.66,9.50,0.20,0.50,99.00,0,0,0,0,0,0.00,999.00
17:09:54.588,399770.5376,4091873.2949,global,67.33,72.17,0.050,2.00,4.94,-0.70,10.66,9.50,0.20,0.50,99.00,0,0,0,0,0,0.00,999.00
17:09:54.638,399770.5376,4091873.2949,global,67.35,72.17,0.050,2.00,5.02,-0.74,5.49,9.50,0.20,0.50,99.00,0,0,0,0,0,0.00,999.00
17:09:54.688,399770.5376,4091873.2949,global,67.97,72.17,0.050,2.00,5.02,-0.12,5.49,9.50,0.20,0.50,99.00,0,0,0,0,0,0.00,999.00
17:09:54.739,399770.5376,4091873.2949,global,68.65,72.17,0.050,2.00,4.84,0.71,-1.91,9.50,0.20,0.50,99.00,0,0,0,0,0,0.00,999.00
17:09:54.789,399770.5376,4091873.2949,global,69.81,72.17,0.050,2.00,4.84,1.87,-1.91,9.50,0.20,0.50,99.00,0,0,0,0,0,0.00,999.00
17:09:54.838,399770.6483,4091873.6264,global,70.79,72.77,0.044,2.00,4.84,1.78,-1.91,9.50,0.20,0.50,99.00,0,0,0,0,0,0.00,999.00
17:09:54.889,399770.6483,4091873.6264,global,72.48,72.77,0.044,2.00,5.16,3.24,-5.77,9.50,0.20,0.50,99.00,0,0,0,0,0,0.00,999.00
17:09:54.939,399770.6483,4091873.6264,global,73.51,72.77,0.044,2.00,5.16,4.28,-5.77,9.50,0.20,0.50,99.00,0,0,0,0,0,0.00,999.00
17:09:54.988,399770.6483,4091873.6264,global,74.80,72.77,0.044,2.00,4.89,5.76,-1.45,9.50,0.20,0.50,99.00,0,0,0,0,0,0.00,999.00
17:09:55.038,399770.6483,4091873.6264,global,75.52,72.77,0.044,2.00,4.89,6.48,-1.45,9.50,0.20,0.50,99.00,0,0,0,0,0,0.00,999.00
17:09:55.088,399770.7236,4091873.9695,global,76.45,74.35,0.066,2.00,4.79,7.76,4.24,9.50,0.20,0.50,99.00,0,0,0,0,0,0.00,999.00
17:09:55.138,399770.7236,4091873.9695,global,76.79,74.35,0.066,2.00,4.79,8.10,4.24,9.50,0.20,0.50,99.00,0,0,0,0,0,0.00,999.00
17:09:55.189,399770.7236,4091873.9695,global,76.89,74.35,0.066,2.00,4.79,8.20,4.24,9.50,0.20,0.50,99.00,0,0,0,0,0,0.00,999.00
17:09:55.238,399770.7236,4091873.9695,global,76.93,74.35,0.066,2.00,5.06,7.95,10.66,9.50,0.20,0.50,99.00,0,0,0,0,0,0.00,999.00
17:09:55.288,399770.7236,4091873.9695,global,77.06,74.35,0.066,2.00,5.06,8.08,10.66,9.50,0.20,0.50,99.00,0,0,0,0,0,0.00,999.00
17:09:55.338,399770.7808,4091874.2906,global,77.03,78.99,0.101,2.00,4.84,6.60,10.75,9.50,0.20,0.50,99.00,0,0,0,0,0,0.00,999.00
17:09:55.388,399770.7808,4091874.2906,global,77.14,78.99,0.101,2.00,4.84,6.71,10.75,9.50,0.20,0.50,99.00,0,0,0,0,0,0.00,999.00
17:09:55.439,399770.7808,4091874.2906,global,77.25,78.99,0.101,2.00,4.84,6.82,10.75,9.50,0.20,0.50,99.00,0,0,0,0,0,0.00,999.00
17:09:55.488,399770.7808,4091874.2906,global,77.47,78.99,0.101,2.00,4.92,6.90,5.50,9.50,0.20,0.50,99.00,0,0,0,0,0,0.00,999.00
17:09:55.538,399770.7808,4091874.2906,global,77.75,78.99,0.101,2.00,4.92,7.18,5.50,9.50,0.20,0.50,99.00,0,0,0,0,0,0.00,999.00
17:09:55.588,399770.8560,4091874.6225,global,78.47,81.71,0.088,2.00,5.24,3.68,2.60,9.50,0.20,0.50,99.00,0,0,0,0,0,0.00,999.00
17:09:55.638,399770.8560,4091874.6225,global,79.07,81.71,0.088,2.00,5.24,4.27,2.60,9.50,0.20,0.50,99.00,0,0,0,0,0,0.00,999.00
17:09:55.688,399770.8560,4091874.6225,global,79.85,81.71,0.088,2.00,5.24,5.06,2.60,9.50,0.20,0.50,99.00,0,0,0,0,0,0.00,999.00
17:09:55.739,399770.8560,4091874.6225,global,80.26,81.71,0.088,2.00,4.81,6.07,2.50,9.50,0.20,0.50,99.00,0,0,0,0,0,0.00,999.00
17:09:55.789,399770.8560,4091874.6225,global,81.02,81.71,0.088,2.00,4.81,6.83,2.50,9.50,0.20,0.50,99.00,0,0,0,0,0,0.00,999.00
17:09:55.838,399770.9045,4091874.9659,global,81.56,98.91,0.092,2.00,5.39,-10.35,2.56,9.50,0.20,0.50,99.00,0,0,0,0,0,0.00,999.00
17:09:55.889,399770.9045,4091874.9659,global,82.29,98.91,0.092,2.00,5.39,-9.62,2.56,9.50,0.20,0.50,99.00,0,0,0,0,0,0.00,999.00
17:09:55.939,399770.9045,4091874.9659,global,82.73,98.91,0.092,2.00,5.39,-9.18,2.56,9.50,0.20,0.50,99.00,0,0,0,0,0,0.00,999.00
17:09:55.988,399770.9045,4091874.9659,global,83.90,98.91,0.092,2.00,4.78,-7.13,-6.46,9.50,0.20,0.50,99.00,0,0,0,0,0,0.00,999.00
17:09:56.038,399770.9045,4091874.9659,global,85.07,98.91,0.092,2.00,4.78,-5.96,-6.46,9.50,0.20,0.50,99.00,0,0,0,0,0,0.00,999.00
17:09:56.088,399770.9178,4091875.3319,global,87.30,105.14,0.013,2.00,5.29,-16.81,-13.34,9.50,0.20,0.50,99.00,0,0,0,0,0,0.00,999.00
17:09:56.138,399770.9178,4091875.3319,global,88.92,105.14,0.013,2.00,5.29,-15.20,-13.34,9.50,0.20,0.50,99.00,0,0,0,0,0,0.00,999.00
17:09:56.188,399770.9178,4091875.3319,global,91.32,105.14,0.013,2.00,5.29,-12.79,-13.34,9.50,0.20,0.50,99.00,0,0,0,0,0,0.00,999.00
17:09:56.238,399770.9178,4091875.3319,global,92.87,105.14,0.013,2.00,4.92,-11.16,-11.89,9.50,0.20,0.50,99.00,0,0,0,0,0,0.00,999.00
17:09:56.290,399770.9178,4091875.3319,global,95.16,105.14,0.013,2.00,4.92,-8.87,-11.89,9.50,0.20,0.50,99.00,0,0,0,0,0,0.00,999.00
17:09:56.338,399770.8593,4091875.6544,global,96.69,117.47,-0.029,2.00,4.85,-22.00,-11.63,9.50,0.20,0.50,99.00,0,0,0,0,0,0.00,999.00
17:09:56.388,399770.8593,4091875.6544,global,98.85,117.47,-0.029,2.00,4.85,-21.07,-11.63,9.50,0.20,0.50,99.00,0,0,0,0,0,0.00,999.00
17:09:56.439,399770.8593,4091875.6544,global,100.26,117.47,-0.029,2.00,4.85,-19.65,-11.63,9.50,0.20,0.50,99.00,0,0,0,0,0,0.00,999.00
17:09:56.488,399770.8593,4091875.6544,global,102.39,117.47,-0.029,2.00,5.62,-17.19,-14.79,9.50,0.20,0.50,99.00,0,0,0,0,0,0.00,999.00
17:09:56.538,399770.8593,4091875.6544,global,104.02,117.47,-0.029,2.00,5.62,-15.56,-14.79,9.50,0.20,0.50,99.00,0,0,0,0,0,0.00,999.00
17:09:56.588,399770.7649,4091875.9551,global,106.77,124.40,-0.093,2.00,4.59,-22.00,-18.21,9.50,0.20,0.50,99.00,0,0,0,0,0,0.00,999.00
17:09:56.638,399770.7649,4091875.9551,global,108.66,124.40,-0.093,2.00,4.59,-22.00,-18.21,9.50,0.20,0.50,99.00,0,0,0,0,0,0.00,999.00
17:09:56.689,399770.7649,4091875.9551,global,111.47,124.40,-0.093,2.00,4.59,-21.22,-18.21,9.50,0.20,0.50,99.00,0,0,0,0,0,0.00,999.00
17:09:56.739,399770.7649,4091875.9551,global,113.18,124.40,-0.093,2.00,5.09,-18.70,-18.26,9.50,0.20,0.50,99.00,0,0,0,0,0,0.00,999.00
17:09:56.788,399770.7649,4091875.9551,global,115.78,124.40,-0.093,2.00,5.09,-16.10,-18.26,9.50,0.20,0.50,99.00,0,0,0,0,0,0.00,999.00
17:09:56.838,399770.6078,4091876.2232,global,117.55,148.64,-0.111,2.00,5.79,-22.00,-18.01,9.50,0.20,0.50,99.00,0,0,0,0,0,0.00,999.00
17:09:56.889,399770.6078,4091876.2232,global,120.29,148.64,-0.111,2.00,5.79,-22.00,-18.01,9.50,0.20,0.50,99.00,0,0,0,0,0,0.00,999.00
17:09:56.938,399770.6078,4091876.2232,global,122.07,148.64,-0.111,2.00,5.79,-22.00,-18.01,9.50,0.20,0.50,99.00,0,0,0,0,0,0.00,999.00
17:09:56.988,399770.6078,4091876.2232,global,124.70,148.64,-0.111,2.00,4.54,-22.00,-18.27,9.50,0.20,0.50,99.00,0,0,0,0,0,0.00,999.00
17:09:57.038,399770.6078,4091876.2232,global,126.43,148.64,-0.111,2.00,4.54,-22.00,-18.27,9.50,0.20,0.50,99.00,0,0,0,0,0,0.00,999.00
17:09:57.089,399770.3969,4091876.4587,global,129.08,139.60,-0.202,2.00,4.99,-22.00,-18.09,9.50,0.20,0.50,99.00,0,0,0,0,0,0.00,999.00
17:09:57.139,399770.3969,4091876.4587,global,130.84,139.60,-0.202,2.00,4.99,-22.00,-18.09,9.50,0.20,0.50,99.00,0,0,0,0,0,0.00,999.00
17:09:57.189,399770.3969,4091876.4587,global,133.50,139.60,-0.202,2.00,4.99,-22.00,-18.09,9.50,0.20,0.50,99.00,0,0,0,0,0,0.00,999.00
17:09:57.238,399770.3969,4091876.4587,global,135.30,139.60,-0.202,2.00,5.64,-18.76,-18.21,9.50,0.20,0.50,99.00,0,0,0,0,0,0.00,999.00
17:09:57.289,399770.3969,4091876.4587,global,138.05,139.60,-0.202,2.00,5.64,-16.01,-18.21,9.50,0.20,0.50,99.00,0,0,0,0,0,0.00,999.00
17:09:57.338,399770.1499,4091876.6503,global,139.85,149.79,-0.206,2.00,3.99,-22.00,-17.82,9.50,0.20,0.50,99.00,0,0,0,0,0,0.00,999.00
17:09:57.388,399770.1499,4091876.6503,global,141.66,149.79,-0.206,2.00,3.99,-22.00,-17.82,9.50,0.20,0.50,99.00,0,0,0,0,0,0.00,999.00
17:09:57.439,399770.1499,4091876.6503,global,144.35,149.79,-0.206,2.00,3.99,-22.00,-17.82,9.50,0.20,0.50,99.00,0,0,0,0,0,0.00,999.00
17:09:57.489,399770.1499,4091876.6503,global,146.96,149.79,-0.206,2.00,5.23,-18.69,-18.52,9.50,0.20,0.50,99.00,0,0,0,0,0,0.00,999.00
17:09:57.538,399770.1499,4091876.6503,global,148.69,149.79,-0.206,2.00,5.23,-16.96,-18.52,9.50,0.20,0.50,99.00,0,0,0,0,0,0.00,999.00
17:09:57.588,399769.8754,4091876.7755,global,151.31,152.31,-0.179,2.00,5.79,-13.57,-18.11,9.50,0.20,0.50,99.00,0,0,0,0,0,0.00,999.00
17:09:57.638,399769.8754,4091876.7755,global,153.10,152.31,-0.179,2.00,5.79,-11.78,-18.11,9.50,0.20,0.50,99.00,0,0,0,0,0,0.00,999.00
17:09:57.689,399769.8754,4091876.7755,global,155.75,152.31,-0.179,2.00,5.79,-9.13,-18.11,9.50,0.20,0.50,99.00,0,0,0,0,0,0.00,999.00
17:09:57.738,399769.8754,4091876.7755,global,157.48,152.31,-0.179,2.00,4.51,-10.81,-15.72,9.50,0.20,0.50,99.00,0,0,0,0,0,0.00,999.00
17:09:57.789,399769.8754,4091876.7755,global,160.05,152.31,-0.179,2.00,4.51,-8.23,-15.72,9.50,0.20,0.50,99.00,0,0,0,0,0,0.00,999.00
17:09:57.838,399769.5736,4091876.8568,global,161.64,145.30,-0.107,2.00,4.64,6.91,-11.04,9.50,0.20,0.50,99.00,0,0,0,0,0,0.00,999.00
17:09:57.889,399769.5736,4091876.8568,global,163.57,145.30,-0.107,2.00,4.64,8.84,-11.04,9.50,0.20,0.50,99.00,0,0,0,0,0,0.00,999.00
17:09:57.939,399769.5736,4091876.8568,global,164.65,145.30,-0.107,2.00,4.64,9.93,-11.04,9.50,0.20,0.50,99.00,0,0,0,0,0,0.00,999.00
17:09:57.988,399769.5736,4091876.8568,global,166.31,145.30,-0.107,2.00,6.15,13.87,-3.00,9.50,0.20,0.50,99.00,0,0,0,0,0,0.00,999.00
17:09:58.038,399769.5736,4091876.8568,global,167.08,145.30,-0.107,2.00,6.15,14.64,-3.00,9.50,0.20,0.50,99.00,0,0,0,0,0,0.00,999.00
17:09:58.088,399769.2716,4091876.9158,global,167.53,148.44,0.013,2.00,3.83,20.49,9.09,9.50,0.20,0.50,99.00,0,0,0,0,0,0.00,999.00
17:09:58.138,399769.2716,4091876.9158,global,167.45,148.44,0.013,2.00,3.83,20.41,9.09,9.50,0.20,0.50,99.00,0,0,0,0,0,0.00,999.00
17:09:58.209,399769.2716,4091876.9158,global,167.34,148.44,0.013,2.00,3.83,20.30,9.09,9.50,0.20,0.50,99.00,0,0,0,0,0,0.00,999.00
17:09:58.238,399769.2716,4091876.9158,global,166.54,148.44,0.013,2.00,4.97,19.18,21.65,9.50,0.20,0.50,99.00,0,0,0,0,0,0.00,999.00
17:09:58.288,399769.2716,4091876.9158,global,165.55,148.44,0.013,2.00,4.97,18.19,21.65,9.50,0.20,0.50,99.00,0,0,0,0,0,0.00,999.00
17:09:58.338,399768.9432,4091876.9974,global,164.81,153.24,0.104,2.00,4.97,20.17,21.65,9.50,0.20,0.50,99.00,0,0,0,0,0,0.00,999.00
17:09:58.388,399768.9432,4091876.9974,global,163.59,153.24,0.104,2.00,4.85,19.14,21.99,9.50,0.20,0.50,99.00,0,0,0,0,0,0.00,999.00
17:09:58.439,399768.9432,4091876.9974,global,162.60,153.24,0.104,2.00,4.85,18.15,21.99,9.50,0.20,0.50,99.00,0,0,0,0,0,0.00,999.00
17:09:58.488,399768.9432,4091876.9974,global,160.76,153.24,0.104,2.00,5.90,14.77,21.99,9.50,0.20,0.50,99.00,0,0,0,0,0,0.00,999.00
17:09:58.539,399768.9432,4091876.9974,global,159.57,153.24,0.104,2.00,5.90,13.58,21.99,9.50,0.20,0.50,99.00,0,0,0,0,0,0.00,999.00
17:09:58.589,399768.6240,4091877.1121,global,157.99,156.07,0.143,2.00,4.35,15.22,21.99,9.50,0.20,0.50,99.00,0,0,0,0,0,0.00,999.00
17:09:58.639,399768.6240,4091877.1121,global,157.01,156.07,0.143,2.00,4.35,14.24,21.99,9.50,0.20,0.50,99.00,0,0,0,0,0,0.00,999.00
17:09:58.690,399768.6240,4091877.1121,global,156.09,156.07,0.143,2.00,4.35,13.31,21.99,9.50,0.20,0.50,99.00,0,0,0,0,0,0.00,999.00
17:09:58.738,399768.6240,4091877.1121,global,154.91,156.07,0.143,2.00,5.19,10.03,21.99,9.50,0.20,0.50,99.00,0,0,0,0,0,0.00,999.00
17:09:58.788,399768.6240,4091877.1121,global,153.84,156.07,0.143,2.00,5.19,8.97,21.99,9.50,0.20,0.50,99.00,0,0,0,0,0,0.00,999.00
17:09:58.839,399768.3142,4091877.2600,global,153.21,160.35,0.133,2.00,5.19,3.30,21.99,9.50,0.20,0.50,99.00,0,0,0,0,0,0.00,999.00
17:09:58.889,399768.3142,4091877.2600,global,152.54,160.35,0.133,2.00,4.54,4.08,16.79,9.50,0.20,0.50,99.00,0,0,0,0,0,0.00,999.00
17:09:58.939,399768.3142,4091877.2600,global,152.29,160.35,0.133,2.00,4.54,3.83,16.79,9.50,0.20,0.50,99.00,0,0,0,0,0,0.00,999.00
17:09:58.988,399768.3142,4091877.2600,global,152.24,160.35,0.133,2.00,5.19,2.33,8.64,9.50,0.20,0.50,99.00,0,0,0,0,0,0.00,999.00
17:09:59.038,399768.3142,4091877.2600,global,152.44,160.35,0.133,2.00,5.19,2.52,8.64,9.50,0.20,0.50,99.00,0,0,0,0,0,0.00,999.00
17:09:59.088,399768.0044,4091877.4190,global,153.06,157.49,0.091,2.00,5.19,2.78,8.64,9.50,0.20,0.50,99.00,0,0,0,0,0,0.00,999.00
17:09:59.138,399768.0044,4091877.4190,global,153.71,157.49,0.091,2.00,4.68,4.21,-2.65,9.50,0.20,0.50,99.00,0,0,0,0,0,0.00,999.00
17:09:59.189,399768.0044,4091877.4190,global,155.03,157.49,0.091,2.00,4.68,5.53,-2.65,9.50,0.20,0.50,99.00,0,0,0,0,0,0.00,999.00
17:09:59.239,399768.0044,4091877.4190,global,156.15,157.49,0.091,2.00,5.44,5.54,-9.69,9.50,0.20,0.50,99.00,0,0,0,0,0,0.00,999.00
17:09:59.288,399768.0044,4091877.4190,global,158.15,157.49,0.091,2.00,5.44,7.54,-9.69,9.50,0.20,0.50,99.00,0,0,0,0,0,0.00,999.00
17:09:59.338,399767.7031,4091877.5335,global,159.65,167.59,0.087,2.00,4.64,-0.25,-6.39,9.50,0.20,0.50,99.00,0,0,0,0,0,0.00,999.00
17:09:59.389,399767.7031,4091877.5335,global,160.76,167.59,0.087,2.00,4.64,0.86,-6.39,9.50,0.20,0.50,99.00,0,0,0,0,0,0.00,999.00
17:09:59.439,399767.7031,4091877.5335,global,161.70,167.59,0.087,2.00,4.64,1.79,-6.39,9.50,0.20,0.50,99.00,0,0,0,0,0,0.00,999.00
17:09:59.488,399767.7031,4091877.5335,global,162.37,167.59,0.087,2.00,4.95,1.98,1.35,9.50,0.20,0.50,99.00,0,0,0,0,0,0.00,999.00
17:09:59.539,399767.7031,4091877.5335,global,162.93,167.59,0.087,2.00,4.95,2.55,1.35,9.50,0.20,0.50,99.00,0,0,0,0,0,0.00,999.00
17:09:59.588,399767.3835,4091877.6150,global,163.53,159.06,0.065,2.00,5.39,9.42,1.56,9.50,0.20,0.50,99.00,0,0,0,0,0,0.00,999.00
17:09:59.638,399767.3835,4091877.6150,global,164.40,159.06,0.065,2.00,5.39,10.29,1.56,9.50,0.20,0.50,99.00,0,0,0,0,0,0.00,999.00
17:09:59.689,399767.3835,4091877.6150,global,164.97,159.06,0.065,2.00,5.39,10.86,1.56,9.50,0.20,0.50,99.00,0,0,0,0,0,0.00,999.00
17:09:59.738,399767.3835,4091877.6150,global,165.23,159.06,0.065,2.00,4.40,12.22,7.90,9.50,0.20,0.50,99.00,0,0,0,0,0,0.00,999.00
17:09:59.788,399767.3835,4091877.6150,global,165.42,159.06,0.065,2.00,4.40,12.41,7.90,9.50,0.20,0.50,99.00,0,0,0,0,0,0.00,999.00
17:09:59.838,399767.0638,4091877.6853,global,165.37,167.96,0.114,2.00,5.59,5.77,15.21,9.50,0.20,0.50,99.00,0,0,0,0,0,0.00,999.00
17:09:59.888,399767.0638,4091877.6853,global,165.04,167.96,0.114,2.00,5.59,5.44,15.21,9.50,0.20,0.50,99.00,0,0,0,0,0,0.00,999.00
17:09:59.938,399767.0638,4091877.6853,global,164.43,167.96,0.114,2.00,5.59,4.83,15.21,9.50,0.20,0.50,99.00,0,0,0,0,0,0.00,999.00
17:09:59.988,399767.0638,4091877.6853,global,164.20,167.96,0.114,2.00,4.68,6.20,8.94,9.50,0.20,0.50,99.00,0,0,0,0,0,0.00,999.00
17:10:00.038,399767.0638,4091877.6853,global,164.49,167.96,0.114,2.00,4.68,6.49,8.94,9.50,0.20,0.50,99.00,0,0,0,0,0,0.00,999.00
17:10:00.088,399766.7178,4091877.7893,global,165.43,162.51,0.092,2.00,4.99,10.48,-1.73,9.50,0.20,0.50,99.00,0,0,0,0,0,0.00,999.00
17:10:00.138,399766.7178,4091877.7893,global,166.25,162.51,0.092,2.00,4.99,11.31,-1.73,9.50,0.20,0.50,99.00,0,0,0,0,0,0.00,999.00
17:10:00.189,399766.7178,4091877.7893,global,167.70,162.51,0.092,2.00,4.99,12.75,-1.73,9.50,0.20,0.50,99.00,0,0,0,0,0,0.00,999.00
17:10:00.239,399766.7178,4091877.7893,global,168.52,162.51,0.092,2.00,5.87,12.45,5.58,9.50,0.20,0.50,99.00,0,0,0,0,0,0.00,999.00
17:10:00.291,399766.7178,4091877.7893,global,168.92,162.51,0.092,2.00,5.87,12.84,5.58,9.50,0.20,0.50,99.00,0,0,0,0,0,0.00,999.00
17:10:00.338,399766.3980,4091877.8485,global,168.64,147.39,0.151,2.00,4.79,22.00,17.64,9.50,0.20,0.50,99.00,0,0,0,0,0,0.00,999.00
17:10:00.388,399766.3980,4091877.8485,global,167.73,147.39,0.151,2.00,4.79,22.00,17.64,9.50,0.20,0.50,99.00,0,0,0,0,0,0.00,999.00
17:10:00.439,399766.3980,4091877.8485,global,166.95,147.39,0.151,2.00,4.79,22.00,17.64,9.50,0.20,0.50,99.00,0,0,0,0,0,0.00,999.00
17:10:00.488,399766.3980,4091877.8485,global,165.75,147.39,0.151,2.00,4.85,22.00,21.99,9.50,0.20,0.50,99.00,0,0,0,0,0,0.00,999.00
17:10:00.539,399766.3980,4091877.8485,global,164.88,147.39,0.151,2.00,4.85,22.00,21.99,9.50,0.20,0.50,99.00,0,0,0,0,0,0.00,999.00
17:10:00.588,399766.0608,4091877.9413,global,163.63,154.02,0.242,2.00,5.19,22.00,21.99,9.50,0.20,0.50,99.00,0,0,0,0,0,0.00,999.00
17:10:00.638,399766.0608,4091877.9413,global,162.83,154.02,0.242,2.00,5.19,22.00,21.99,9.50,0.20,0.50,99.00,0,0,0,0,0,0.00,999.00
17:10:00.688,399766.0608,4091877.9413,global,161.55,154.02,0.242,2.00,5.19,22.00,21.99,9.50,0.20,0.50,99.00,0,0,0,0,0,0.00,999.00
17:10:00.738,399766.0608,4091877.9413,global,160.65,154.02,0.242,2.00,4.81,22.00,21.99,9.50,0.20,0.50,99.00,0,0,0,0,0,0.00,999.00
17:10:00.788,399766.0608,4091877.9413,global,159.42,154.02,0.242,2.00,4.81,22.00,21.99,9.50,0.20,0.50,99.00,0,0,0,0,0,0.00,999.00
17:10:00.838,399765.7329,4091878.0672,global,158.64,172.45,0.242,2.00,5.19,4.77,21.99,9.50,0.20,0.50,99.00,0,0,0,0,0,0.00,999.00
17:10:00.888,399765.7329,4091878.0672,global,157.39,172.45,0.242,2.00,5.19,3.53,21.99,9.50,0.20,0.50,99.00,0,0,0,0,0,0.00,999.00
17:10:00.938,399765.7329,4091878.0672,global,156.48,172.45,0.242,2.00,5.19,2.62,21.99,9.50,0.20,0.50,99.00,0,0,0,0,0,0.00,999.00
17:10:00.988,399765.7329,4091878.0672,global,155.71,172.45,0.242,2.00,4.81,3.19,14.89,9.50,0.20,0.50,99.00,0,0,0,0,0,0.00,999.00
17:10:01.038,399765.7329,4091878.0672,global,155.64,172.45,0.242,2.00,4.81,3.11,14.89,9.50,0.20,0.50,99.00,0,0,0,0,0,0.00,999.00
17:10:01.088,399765.4054,4091878.2264,global,156.16,174.41,0.126,2.00,4.99,-7.93,2.56,9.50,0.20,0.50,99.00,0,0,0,0,0,0.00,999.00
17:10:01.138,399765.4054,4091878.2264,global,156.79,174.41,0.126,2.00,4.99,-7.30,2.56,9.50,0.20,0.50,99.00,0,0,0,0,0,0.00,999.00
17:10:01.188,399765.4054,4091878.2264,global,158.23,174.41,0.126,2.00,4.99,-5.86,2.56,9.50,0.20,0.50,99.00,0,0,0,0,0,0.00,999.00
17:10:01.239,399765.4054,4091878.2264,global,159.32,174.41,0.126,2.00,4.81,-4.40,-9.41,9.50,0.20,0.50,99.00,0,0,0,0,0,0.00,999.00
17:10:01.288,399765.4054,4091878.2264,global,161.11,174.41,0.126,2.00,4.81,-2.61,-9.41,9.50,0.20,0.50,99.00,0,0,0,0,0,0.00,999.00
17:10:01.338,399765.1039,4091878.3298,global,162.56,179.32,0.044,2.00,4.99,-13.10,-13.34,9.50,0.20,0.50,99.00,0,0,0,0,0,0.00,999.00
17:10:01.389,399765.1039,4091878.3298,global,164.97,179.32,0.044,2.00,4.99,-10.69,-13.34,9.50,0.20,0.50,99.00,0,0,0,0,0,0.00,999.00
17:10:01.439,399765.1039,4091878.3298,global,166.56,179.32,0.044,2.00,5.85,-9.63,-10.28,9.50,0.20,0.50,99.00,0,0,0,0,0,0.00,999.00
17:10:01.488,399765.1039,4091878.3298,global,168.36,179.32,0.044,2.00,5.85,-7.84,-10.28,9.50,0.20,0.50,99.00,0,0,0,0,0,0.00,999.00
17:10:01.562,399765.1039,4091878.3298,global,168.99,179.32,0.044,2.00,5.85,-7.20,-10.28,9.50,0.20,0.50,99.00,0,0,0,0,0,0.00,999.00
17:10:01.588,399764.7748,4091878.3559,global,171.65,-175.93,0.012,2.00,5.85,-11.59,-9.26,9.50,0.20,0.50,99.00,0,0,0,0,0,0.00,999.00
17:10:01.638,399764.7748,4091878.3559,global,172.83,-175.93,0.012,2.00,4.52,-10.17,-9.26,9.50,0.20,0.50,99.00,0,0,0,0,0,0.00,999.00
17:10:01.688,399764.7748,4091878.3559,global,174.56,-175.93,0.012,2.00,4.52,-8.44,-9.26,9.50,0.20,0.50,99.00,0,0,0,0,0,0.00,999.00
17:10:01.738,399764.7748,4091878.3559,global,175.83,-175.93,0.012,2.00,5.49,-7.36,-9.30,9.50,0.20,0.50,99.00,0,0,0,0,0,0.00,999.00
17:10:01.788,399764.7748,4091878.3559,global,177.80,-175.93,0.012,2.00,5.49,-5.39,-9.30,9.50,0.20,0.50,99.00,0,0,0,0,0,0.00,999.00
17:10:01.838,399764.4542,4091878.3486,global,179.12,174.73,0.005,2.00,4.59,4.81,-10.74,9.50,0.20,0.50,99.00,0,0,0,0,0,0.00,999.00
17:10:01.889,399764.4542,4091878.3486,global,-178.94,174.73,0.005,2.00,4.59,6.75,-10.74,9.50,0.20,0.50,99.00,0,0,0,0,0,0.00,999.00
17:10:01.939,399764.4542,4091878.3486,global,-177.57,174.73,0.005,2.00,4.64,8.12,-6.69,9.50,0.20,0.50,99.00,0,0,0,0,0,0.00,999.00
17:10:01.988,399764.4542,4091878.3486,global,-175.84,174.73,0.005,2.00,4.64,9.85,-6.69,9.50,0.20,0.50,99.00,0,0,0,0,0,0.00,999.00
17:10:02.038,399764.4542,4091878.3486,global,-175.23,174.73,0.005,2.00,4.64,10.45,-6.69,9.50,0.20,0.50,99.00,0,0,0,0,0,0.00,999.00
17:10:02.089,399764.1420,4091878.2968,global,-174.84,179.32,0.089,2.00,5.54,12.42,9.93,9.50,0.20,0.50,99.00,0,0,0,0,0,0.00,999.00
17:10:02.138,399764.1420,4091878.2968,global,-174.86,179.32,0.089,2.00,5.54,12.40,9.93,9.50,0.20,0.50,99.00,0,0,0,0,0,0.00,999.00
17:10:02.189,399764.1420,4091878.2968,global,-175.40,179.32,0.089,2.00,4.99,12.57,19.71,9.50,0.20,0.50,99.00,0,0,0,0,0,0.00,999.00
17:10:02.239,399764.1420,4091878.2968,global,-176.02,179.32,0.089,2.00,4.99,11.95,19.71,9.50,0.20,0.50,99.00,0,0,0,0,0,0.00,999.00
17:10:02.288,399764.1420,4091878.2968,global,-176.95,179.32,0.089,2.00,5.04,10.96,18.86,9.50,0.20,0.50,99.00,0,0,0,0,0,0.00,999.00
17:10:02.338,399763.8035,4091878.2897,global,-177.45,172.22,0.103,2.00,5.04,18.74,18.86,9.50,0.20,0.50,99.00,0,0,0,0,0,0.00,999.00
17:10:02.389,399763.8035,4091878.2897,global,-178.07,172.22,0.103,2.00,5.04,18.12,18.86,9.50,0.20,0.50,99.00,0,0,0,0,0,0.00,999.00
17:10:02.439,399763.8035,4091878.2897,global,-178.42,172.22,0.103,2.00,4.95,17.92,14.67,9.50,0.20,0.50,99.00,0,0,0,0,0,0.00,999.00
17:10:02.488,399763.8035,4091878.2897,global,-178.58,172.22,0.103,2.00,4.95,17.76,14.67,9.50,0.20,0.50,99.00,0,0,0,0,0,0.00,999.00
17:10:02.538,399763.8035,4091878.2897,global,-178.60,172.22,0.103,2.00,4.84,17.94,12.94,9.50,0.20,0.50,99.00,0,0,0,0,0,0.00,999.00
17:10:02.589,399763.4561,4091878.2716,global,-178.75,167.59,0.176,2.00,4.84,22.00,12.94,9.50,0.20,0.50,99.00,0,0,0,0,0,0.00,999.00
17:10:02.638,399763.4561,4091878.2716,global,-178.96,167.59,0.176,2.00,4.89,22.00,16.36,9.50,0.20,0.50,99.00,0,0,0,0,0,0.00,999.00
17:10:02.688,399763.4561,4091878.2716,global,-179.34,167.59,0.176,2.00,4.89,22.00,16.36,9.50,0.20,0.50,99.00,0,0,0,0,0,0.00,999.00
17:10:02.738,399763.4561,4091878.2716,global,-179.82,167.59,0.176,2.00,5.31,22.00,21.69,9.50,0.20,0.50,99.00,0,0,0,0,0,0.00,999.00
17:10:02.789,399763.4561,4091878.2716,global,179.09,167.59,0.176,2.00,5.31,22.00,21.69,9.50,0.20,0.50,99.00,0,0,0,0,0,0.00,999.00
17:10:02.839,399763.1002,4091878.2869,global,178.24,163.61,0.248,2.00,5.31,22.00,21.69,9.50,0.20,0.50,99.00,0,0,0,0,0,0.00,999.00
17:10:02.888,399763.1002,4091878.2869,global,177.06,163.61,0.248,2.00,4.90,22.00,21.99,9.50,0.20,0.50,99.00,0,0,0,0,0,0.00,999.00
17:10:02.938,399763.1002,4091878.2869,global,176.26,163.61,0.248,2.00,4.90,22.00,21.99,9.50,0.20,0.50,99.00,0,0,0,0,0,0.00,999.00
17:10:02.988,399763.1002,4091878.2869,global,175.01,163.61,0.248,2.00,4.90,22.00,21.99,9.50,0.20,0.50,99.00,0,0,0,0,0,0.00,999.00
17:10:03.038,399763.1002,4091878.2869,global,174.25,163.61,0.248,2.00,5.02,22.00,21.99,9.50,0.20,0.50,99.00,0,0,0,0,0,0.00,999.00
17:10:03.089,399762.7444,4091878.3133,global,173.10,166.78,0.313,2.00,5.02,22.00,21.99,9.50,0.20,0.50,99.00,0,0,0,0,0,0.00,999.00
17:10:03.138,399762.7444,4091878.3133,global,172.30,166.78,0.313,2.00,4.89,22.00,21.99,9.50,0.20,0.50,99.00,0,0,0,0,0,0.00,999.00
17:10:03.189,399762.7444,4091878.3133,global,171.14,166.78,0.313,2.00,4.89,22.00,21.99,9.50,0.20,0.50,99.00,0,0,0,0,0,0.00,999.00
17:10:03.239,399762.7444,4091878.3133,global,170.42,166.78,0.313,2.00,5.14,22.00,21.99,9.50,0.20,0.50,99.00,0,0,0,0,0,0.00,999.00
17:10:03.288,399762.7444,4091878.3133,global,169.26,166.78,0.313,2.00,5.14,22.00,21.99,9.50,0.20,0.50,99.00,0,0,0,0,0,0.00,999.00
17:10:03.338,399762.3981,4091878.3951,global,168.42,160.77,0.319,2.00,5.14,22.00,21.99,9.50,0.20,0.50,99.00,0,0,0,0,0,0.00,999.00
17:10:03.389,399762.3981,4091878.3951,global,167.35,160.77,0.319,2.00,5.40,22.00,21.99,9.50,0.20,0.50,99.00,0,0,0,0,0,0.00,999.00
17:10:03.438,399762.3981,4091878.3951,global,166.60,160.77,0.319,2.00,5.40,22.00,21.99,9.50,0.20,0.50,99.00,0,0,0,0,0,0.00,999.00
17:10:03.490,399762.3981,4091878.3951,global,165.40,160.77,0.319,2.00,4.59,22.00,21.99,9.50,0.20,0.50,99.00,0,0,0,0,0,0.00,999.00
17:10:03.538,399762.3981,4091878.3951,global,164.58,160.77,0.319,2.00,4.59,22.00,21.99,9.50,0.20,0.50,99.00,0,0,0,0,0,0.00,999.00
17:10:03.589,399762.0431,4091878.4881,global,163.38,168.05,0.348,2.00,4.59,22.00,21.99,9.50,0.20,0.50,99.00,0,0,0,0,0,0.00,999.00
17:10:03.638,399762.0431,4091878.4881,global,162.58,168.05,0.348,2.00,5.23,20.13,21.99,9.50,0.20,0.50,99.00,0,0,0,0,0,0.00,999.00
17:10:03.689,399762.0431,4091878.4881,global,161.40,168.05,0.348,2.00,5.23,18.95,21.99,9.50,0.20,0.50,99.00,0,0,0,0,0,0.00,999.00
17:10:03.738,399762.0431,4091878.4881,global,160.60,168.05,0.348,2.00,4.94,19.43,21.99,9.50,0.20,0.50,99.00,0,0,0,0,0,0.00,999.00
17:10:03.789,399762.0431,4091878.4881,global,159.76,168.05,0.348,2.00,4.94,18.59,21.99,9.50,0.20,0.50,99.00,0,0,0,0,0,0.00,999.00
17:10:03.838,399761.7061,4091878.6030,global,158.62,174.05,0.303,2.00,4.94,8.38,21.99,9.50,0.20,0.50,99.00,0,0,0,0,0,0.00,999.00
17:10:03.888,399761.7061,4091878.6030,global,157.42,174.05,0.303,2.00,5.26,5.87,21.99,9.50,0.20,0.50,99.00,0,0,0,0,0,0.00,999.00
17:10:03.938,399761.7061,4091878.6030,global,156.57,174.05,0.303,2.00,5.26,5.02,21.99,9.50,0.20,0.50,99.00,0,0,0,0,0,0.00,999.00
17:10:03.989,399761.7061,4091878.6030,global,155.89,174.05,0.303,2.00,5.39,3.87,21.08,9.50,0.20,0.50,99.00,0,0,0,0,0,0.00,999.00
17:10:04.038,399761.7061,4091878.6030,global,154.93,174.05,0.303,2.00,5.39,2.91,21.08,9.50,0.20,0.50,99.00,0,0,0,0,0,0.00,999.00
17:10:04.088,399761.3787,4091878.7733,global,154.27,169.23,0.167,2.00,5.39,-2.38,21.08,9.50,0.20,0.50,99.00,0,0,0,0,0,0.00,999.00
17:10:04.138,399761.3787,4091878.7733,global,154.24,169.23,0.167,2.00,4.81,-0.97,9.01,9.50,0.20,0.50,99.00,0,0,0,0,0,0.00,999.00
17:10:04.188,399761.3787,4091878.7733,global,154.58,169.23,0.167,2.00,4.81,-0.63,9.01,9.50,0.20,0.50,99.00,0,0,0,0,0,0.00,999.00
17:10:04.238,399761.3787,4091878.7733,global,155.13,169.23,0.167,2.00,5.39,-1.53,-1.55,9.50,0.20,0.50,99.00,0,0,0,0,0,0.00,999.00
17:10:04.289,399761.3787,4091878.7733,global,156.42,169.23,0.167,2.00,5.39,-0.23,-1.55,9.50,0.20,0.50,99.00,0,0,0,0,0,0.00,999.00
17:10:04.338,399761.0511,4091878.9214,global,157.49,171.44,0.079,2.00,5.39,-7.89,-1.55,9.50,0.20,0.50,99.00,0,0,0,0,0,0.00,999.00
17:10:04.388,399761.0511,4091878.9214,global,159.15,171.44,0.079,2.00,4.81,-5.52,-2.30,9.50,0.20,0.50,99.00,0,0,0,0,0,0.00,999.00
17:10:04.438,399761.0511,4091878.9214,global,159.91,171.44,0.079,2.00,4.81,-4.76,-2.30,9.50,0.20,0.50,99.00,0,0,0,0,0,0.00,999.00
17:10:04.488,399761.0511,4091878.9214,global,160.70,171.44,0.079,2.00,5.59,-4.90,2.50,9.50,0.20,0.50,99.00,0,0,0,0,0,0.00,999.00
17:10:04.538,399761.0511,4091878.9214,global,161.20,171.44,0.079,2.00,5.59,-4.40,2.50,9.50,0.20,0.50,99.00,0,0,0,0,0,0.00,999.00
17:10:04.588,399760.7138,4091879.0142,global,161.97,172.66,0.023,2.00,5.59,-9.01,2.50,9.50,0.20,0.50,99.00,0,0,0,0,0,0.00,999.00
17:10:04.638,399760.7138,4091879.0142,global,162.53,172.66,0.023,2.00,4.81,-8.18,-1.29,9.50,0.20,0.50,99.00,0,0,0,0,0,0.00,999.00
17:10:04.689,399760.7138,4091879.0142,global,163.68,172.66,0.023,2.00,4.81,-7.04,-1.29,9.50,0.20,0.50,99.00,0,0,0,0,0,0.00,999.00
17:10:04.738,399760.7138,4091879.0142,global,164.72,172.66,0.023,2.00,5.44,-6.21,-7.65,9.50,0.20,0.50,99.00,0,0,0,0,0,0.00,999.00
17:10:04.790,399760.7138,4091879.0142,global,166.63,172.66,0.023,2.00,5.44,-4.31,-7.65,9.50,0.20,0.50,99.00,0,0,0,0,0,0.00,999.00
17:10:04.838,399760.3765,4091879.0958,global,168.01,168.30,-0.018,2.00,4.64,-1.86,-10.12,9.50,0.20,0.50,99.00,0,0,0,0,0,0.00,999.00
17:10:04.889,399760.3765,4091879.0958,global,170.08,168.30,-0.018,2.00,4.64,0.20,-10.12,9.50,0.20,0.50,99.00,0,0,0,0,0,0.00,999.00
17:10:04.938,399760.3765,4091879.0958,global,171.39,168.30,-0.018,2.00,4.84,1.57,-9.73,9.50,0.20,0.50,99.00,0,0,0,0,0,0.00,999.00
17:10:04.989,399760.3765,4091879.0958,global,172.69,168.30,-0.018,2.00,4.84,2.88,-9.73,9.50,0.20,0.50,99.00,0,0,0,0,0,0.00,999.00
17:10:05.038,399760.3765,4091879.0958,global,174.57,168.30,-0.018,2.00,4.84,4.75,-9.73,9.50,0.20,0.50,99.00,0,0,0,0,0,0.00,999.00
17:10:05.088,399760.0472,4091879.1108,global,175.85,171.22,0.034,2.00,6.09,6.95,-0.69,9.50,0.20,0.50,99.00,0,0,0,0,0,0.00,999.00
17:10:05.138,399760.0472,4091879.1108,global,176.46,171.22,0.034,2.00,6.09,7.56,-0.69,9.50,0.20,0.50,99.00,0,0,0,0,0,0.00,999.00
17:10:05.188,399760.0472,4091879.1108,global,177.03,171.22,0.034,2.00,5.39,8.43,8.38,9.50,0.20,0.50,99.00,0,0,0,0,0,0.00,999.00
17:10:05.239,399760.0472,4091879.1108,global,177.08,171.22,0.034,2.00,5.39,8.48,8.38,9.50,0.20,0.50,99.00,0,0,0,0,0,0.00,999.00
17:10:05.288,399760.0472,4091879.1108,global,176.86,171.22,0.034,2.00,5.04,8.44,12.82,9.50,0.20,0.50,99.00,0,0,0,0,0,0.00,999.00
17:10:05.338,399759.7001,4091879.1149,global,176.66,166.92,0.085,2.00,5.04,16.70,12.82,9.50,0.20,0.50,99.00,0,0,0,0,0,0.00,999.00
17:10:05.390,399759.7001,4091879.1149,global,176.62,166.92,0.085,2.00,5.04,16.66,12.82,9.50,0.20,0.50,99.00,0,0,0,0,0,0.00,999.00
17:10:05.438,399759.7001,4091879.1149,global,176.66,166.92,0.085,2.00,5.19,16.50,9.57,9.50,0.20,0.50,99.00,0,0,0,0,0,0.00,999.00
17:10:05.488,399759.7001,4091879.1149,global,176.86,166.92,0.085,2.00,5.19,16.70,9.57,9.50,0.20,0.50,99.00,0,0,0,0,0,0.00,999.00
17:10:05.538,399759.7001,4091879.1149,global,177.09,166.92,0.085,2.00,5.19,16.93,9.57,9.50,0.20,0.50,99.00,0,0,0,0,0,0.00,999.00
17:10:05.588,399759.3265,4091879.1415,global,177.24,167.26,0.144,2.00,5.23,21.16,12.86,9.50,0.20,0.50,99.00,0,0,0,0,0,0.00,999.00
17:10:05.638,399759.3265,4091879.1415,global,177.04,167.26,0.144,2.00,5.23,20.96,12.86,9.50,0.20,0.50,99.00,0,0,0,0,0,0.00,999.00
17:10:05.688,399759.3265,4091879.1415,global,176.52,167.26,0.144,2.00,5.19,20.52,17.66,9.50,0.20,0.50,99.00,0,0,0,0,0,0.00,999.00
17:10:05.739,399759.3265,4091879.1415,global,176.10,167.26,0.144,2.00,5.19,20.10,17.66,9.50,0.20,0.50,99.00,0,0,0,0,0,0.00,999.00
17:10:05.789,399759.3265,4091879.1415,global,175.16,167.26,0.144,2.00,5.24,19.05,20.90,9.50,0.20,0.50,99.00,0,0,0,0,0,0.00,999.00
17:10:05.838,399758.9708,4091879.1790,global,174.51,170.01,0.179,2.00,5.24,18.33,20.90,9.50,0.20,0.50,99.00,0,0,0,0,0,0.00,999.00
17:10:05.888,399758.9708,4091879.1790,global,173.63,170.01,0.179,2.00,5.24,17.45,20.90,9.50,0.20,0.50,99.00,0,0,0,0,0,0.00,999.00
17:10:05.938,399758.9708,4091879.1790,global,173.01,170.01,0.179,2.00,5.26,16.77,20.99,9.50,0.20,0.50,99.00,0,0,0,0,0,0.00,999.00
17:10:05.988,399758.9708,4091879.1790,global,172.02,170.01,0.179,2.00,5.26,15.78,20.99,9.50,0.20,0.50,99.00,0,0,0,0,0,0.00,999.00
17:10:06.055,399758.9708,4091879.1790,global,172.02,170.01,0.179,2.00,5.26,15.78,20.99,9.50,0.20,0.50,99.00,0,0,0,0,0,0.00,999.00
17:10:06.088,399758.5974,4091879.2278,global,170.91,161.07,0.219,2.00,5.39,22.00,18.38,9.50,0.20,0.50,99.00,0,0,0,0,0,0.00,999.00
17:10:06.138,399758.5974,4091879.2278,global,170.51,161.07,0.219,2.00,5.39,22.00,18.38,9.50,0.20,0.50,99.00,0,0,0,0,0,0.00,999.00
17:10:06.188,399758.5974,4091879.2278,global,170.05,161.07,0.219,2.00,5.09,22.00,14.85,9.50,0.20,0.50,99.00,0,0,0,0,0,0.00,999.00
17:10:06.238,399758.5974,4091879.2278,global,169.85,161.07,0.219,2.00,5.09,22.00,14.85,9.50,0.20,0.50,99.00,0,0,0,0,0,0.00,999.00
17:10:06.289,399758.5974,4091879.2278,global,169.66,161.07,0.219,2.00,5.39,22.00,15.82,9.50,0.20,0.50,99.00,0,0,0,0,0,0.00,999.00
17:10:06.339,399758.2421,4091879.2986,global,169.39,161.07,0.238,2.00,5.39,22.00,15.82,9.50,0.20,0.50,99.00,0,0,0,0,0,0.00,999.00
17:10:06.389,399758.2421,4091879.2986,global,168.64,161.07,0.238,2.00,5.29,22.00,21.34,9.50,0.20,0.50,99.00,0,0,0,0,0,0.00,999.00
17:10:06.438,399758.2421,4091879.2986,global,167.89,161.07,0.238,2.00,5.29,22.00,21.34,9.50,0.20,0.50,99.00,0,0,0,0,0,0.00,999.00
17:10:06.488,399758.2421,4091879.2986,global,166.44,161.07,0.238,2.00,5.29,22.00,21.34,9.50,0.20,0.50,99.00,0,0,0,0,0,0.00,999.00
17:10:06.538,399758.2421,4091879.2986,global,165.42,161.07,0.238,2.00,5.23,22.00,21.99,9.50,0.20,0.50,99.00,0,0,0,0,0,0.00,999.00
17:10:06.588,399757.8783,4091879.4027,global,163.97,166.17,0.266,2.00,5.23,17.93,21.99,9.50,0.20,0.50,99.00,0,0,0,0,0,0.00,999.00
17:10:06.638,399757.8783,4091879.4027,global,163.03,166.17,0.266,2.00,5.59,15.78,21.99,9.50,0.20,0.50,99.00,0,0,0,0,0,0.00,999.00
17:10:06.689,399757.8783,4091879.4027,global,161.72,166.17,0.266,2.00,5.59,14.46,21.99,9.50,0.20,0.50,99.00,0,0,0,0,0,0.00,999.00
17:10:06.739,399757.8783,4091879.4027,global,160.86,166.17,0.266,2.00,4.84,16.30,21.99,9.50,0.20,0.50,99.00,0,0,0,0,0,0.00,999.00
17:10:06.789,399757.8783,4091879.4027,global,160.00,166.17,0.266,2.00,4.84,15.43,21.99,9.50,0.20,0.50,99.00,0,0,0,0,0,0.00,999.00
17:10:06.838,399757.5059,4091879.5292,global,158.94,-178.58,0.219,2.00,5.64,-6.87,19.27,9.50,0.20,0.50,99.00,0,0,0,0,0,0.00,999.00
17:10:06.889,399757.5059,4091879.5292,global,158.18,-178.58,0.219,2.00,5.64,-7.63,19.27,9.50,0.20,0.50,99.00,0,0,0,0,0,0.00,999.00
17:10:06.938,399757.5059,4091879.5292,global,157.92,-178.58,0.219,2.00,5.64,-7.88,19.27,9.50,0.20,0.50,99.00,0,0,0,0,0,0.00,999.00
17:10:06.988,399757.5059,4091879.5292,global,157.80,-178.58,0.219,2.00,5.30,-7.04,9.28,9.50,0.20,0.50,99.00,0,0,0,0,0,0.00,999.00
17:10:07.038,399757.5059,4091879.5292,global,158.01,-178.58,0.219,2.00,5.30,-6.83,9.28,9.50,0.20,0.50,99.00,0,0,0,0,0,0.00,999.00
17:10:07.088,399757.1604,4091879.6775,global,158.90,-174.21,0.053,2.00,5.30,-22.00,9.28,9.50,0.20,0.50,99.00,0,0,0,0,0,0.00,999.00
17:10:07.138,399757.1604,4091879.6775,global,159.93,-174.21,0.053,2.00,5.43,-21.83,-8.12,9.50,0.20,0.50,99.00,0,0,0,0,0,0.00,999.00
17:10:07.189,399757.1604,4091879.6775,global,162.08,-174.21,0.053,2.00,5.43,-19.68,-8.12,9.50,0.20,0.50,99.00,0,0,0,0,0,0.00,999.00
17:10:07.238,399757.1604,4091879.6775,global,163.71,-174.21,0.053,2.00,4.84,-17.55,-14.73,9.50,0.20,0.50,99.00,0,0,0,0,0,0.00,999.00
17:10:07.288,399757.1604,4091879.6775,global,166.44,-174.21,0.053,2.00,4.84,-14.83,-14.73,9.50,0.20,0.50,99.00,0,0,0,0,0,0.00,999.00
17:10:07.338,399756.8141,4091879.7482,global,168.44,172.45,-0.058,2.00,5.44,-8.39,-16.12,9.50,0.20,0.50,99.00,0,0,0,0,0,0.00,999.00
17:10:07.389,399756.8141,4091879.7482,global,171.42,172.45,-0.058,2.00,5.44,-5.40,-16.12,9.50,0.20,0.50,99.00,0,0,0,0,0,0.00,999.00
17:10:07.438,399756.8141,4091879.7482,global,173.15,172.45,-0.058,2.00,5.79,-3.42,-10.77,9.50,0.20,0.50,99.00,0,0,0,0,0,0.00,999.00
17:10:07.489,399756.8141,4091879.7482,global,175.21,172.45,-0.058,2.00,5.79,-1.35,-10.77,9.50,0.20,0.50,99.00,0,0,0,0,0,0.00,999.00
17:10:07.538,399756.8141,4091879.7482,global,176.18,172.45,-0.058,2.00,5.79,-0.38,-10.77,9.50,0.20,0.50,99.00,0,0,0,0,0,0.00,999.00
17:10:07.589,399756.4844,4091879.7299,global,177.28,170.98,0.002,2.00,5.54,6.45,1.87,9.50,0.20,0.50,99.00,0,0,0,0,0,0.00,999.00
17:10:07.638,399756.4844,4091879.7299,global,177.74,170.98,0.002,2.00,5.54,6.90,1.87,9.50,0.20,0.50,99.00,0,0,0,0,0,0.00,999.00
17:10:07.689,399756.4844,4091879.7299,global,178.16,170.98,0.002,2.00,4.84,7.34,8.79,9.50,0.20,0.50,99.00,0,0,0,0,0,0.00,999.00
17:10:07.739,399756.4844,4091879.7299,global,178.20,170.98,0.002,2.00,4.84,7.39,8.79,9.50,0.20,0.50,99.00,0,0,0,0,0,0.00,999.00
17:10:07.793,399756.4844,4091879.7299,global,178.08,170.98,0.002,2.00,5.24,7.25,12.97,9.50,0.20,0.50,99.00,0,0,0,0,0,0.00,999.00
17:10:07.838,399756.1105,4091879.7343,global,177.99,176.94,0.056,2.00,5.24,5.43,12.97,9.50,0.20,0.50,99.00,0,0,0,0,0,0.00,999.00
17:10:07.888,399756.1105,4091879.7343,global,177.72,176.94,0.056,2.00,5.24,5.16,12.97,9.50,0.20,0.50,99.00,0,0,0,0,0,0.00,999.00
17:10:07.938,399756.1105,4091879.7343,global,177.58,176.94,0.056,2.00,5.12,5.12,12.94,9.50,0.20,0.50,99.00,0,0,0,0,0,0.00,999.00
17:10:07.988,399756.1105,4091879.7343,global,177.36,176.94,0.056,2.00,5.12,4.90,12.94,9.50,0.20,0.50,99.00,0,0,0,0,0,0.00,999.00
17:10:08.038,399756.1105,4091879.7343,global,177.47,176.94,0.056,2.00,5.50,4.70,6.66,9.50,0.20,0.50,99.00,0,0,0,0,0,0.00,999.00
17:10:08.088,399755.7547,4091879.7607,global,177.99,179.32,0.044,2.00,5.50,1.99,6.66,9.50,0.20,0.50,99.00,0,0,0,0,0,0.00,999.00
17:10:08.138,399755.7547,4091879.7607,global,178.58,179.32,0.044,2.00,5.19,2.78,0.39,9.50,0.20,0.50,99.00,0,0,0,0,0,0.00,999.00
17:10:08.190,399755.7547,4091879.7607,global,179.71,179.32,0.044,2.00,5.19,3.91,0.39,9.50,0.20,0.50,99.00,0,0,0,0,0,0.00,999.00
17:10:08.242,399755.7547,4091879.7607,global,-179.50,179.32,0.044,2.00,5.19,4.70,-0.72,9.50,0.20,0.50,99.00,0,0,0,0,0,0.00,999.00
17:10:08.288,399755.7547,4091879.7607,global,-178.46,179.32,0.044,2.00,5.19,5.75,-0.72,9.50,0.20,0.50,99.00,0,0,0,0,0,0.00,999.00
17:10:08.338,399755.3984,4091879.7427,global,-177.92,172.66,0.046,2.00,5.19,13.06,-0.72,9.50,0.20,0.50,99.00,0,0,0,0,0,0.00,999.00
17:10:08.388,399755.3984,4091879.7427,global,-177.51,172.66,0.046,2.00,5.44,13.30,4.91,9.50,0.20,0.50,99.00,0,0,0,0,0,0.00,999.00
17:10:08.438,399755.3984,4091879.7427,global,-176.92,172.66,0.046,2.00,5.44,13.89,4.91,9.50,0.20,0.50,99.00,0,0,0,0,0,0.00,999.00
17:10:08.489,399755.3984,4091879.7427,global,-176.78,172.66,0.046,2.00,5.44,14.04,4.91,9.50,0.20,0.50,99.00,0,0,0,0,0,0.00,999.00
17:10:08.538,399755.3984,4091879.7427,global,-176.55,172.66,0.046,2.00,5.04,14.54,9.14,9.50,0.20,0.50,99.00,0,0,0,0,0,0.00,999.00
17:10:08.588,399755.0419,4091879.7136,global,-176.65,169.89,0.119,2.00,6.32,21.17,16.93,9.50,0.20,0.50,99.00,0,0,0,0,0,0.00,999.00
17:10:08.638,399755.0419,4091879.7136,global,-177.05,169.89,0.119,2.00,6.32,20.77,16.93,9.50,0.20,0.50,99.00,0,0,0,0,0,0.00,999.00
17:10:08.689,399755.0419,4091879.7136,global,-178.19,169.89,0.119,2.00,6.32,19.63,16.93,9.50,0.20,0.50,99.00,0,0,0,0,0,0.00,999.00
17:10:08.738,399755.0419,4091879.7136,global,-179.19,169.89,0.119,2.00,5.12,20.41,21.99,9.50,0.20,0.50,99.00,0,0,0,0,0,0.00,999.00
17:10:08.788,399755.0419,4091879.7136,global,179.32,169.89,0.119,2.00,5.12,18.92,21.99,9.50,0.20,0.50,99.00,0,0,0,0,0,0.00,999.00
17:10:08.838,399754.6679,4091879.7070,global,178.38,162.02,0.199,2.00,5.44,22.00,21.99,9.50,0.20,0.50,99.00,0,0,0,0,0,0.00,999.00
17:10:08.888,399754.6679,4091879.7070,global,176.95,162.02,0.199,2.00,5.44,22.00,21.99,9.50,0.20,0.50,99.00,0,0,0,0,0,0.00,999.00
17:10:08.938,399754.6679,4091879.7070,global,175.99,162.02,0.199,2.00,5.44,22.00,21.99,9.50,0.20,0.50,99.00,0,0,0,0,0,0.00,999.00
17:10:08.988,399754.6679,4091879.7070,global,174.64,162.02,0.199,2.00,5.23,22.00,21.99,9.50,0.20,0.50,99.00,0,0,0,0,0,0.00,999.00
17:10:09.039,399754.6679,4091879.7070,global,173.75,162.02,0.199,2.00,5.23,22.00,21.99,9.50,0.20,0.50,99.00,0,0,0,0,0,0.00,999.00
17:10:09.088,399754.3037,4091879.7778,global,172.38,167.20,0.206,2.00,5.14,21.26,21.99,9.50,0.20,0.50,99.00,0,0,0,0,0,0.00,999.00
17:10:09.139,399754.3037,4091879.7778,global,171.43,167.20,0.206,2.00,5.14,20.31,21.99,9.50,0.20,0.50,99.00,0,0,0,0,0,0.00,999.00
17:10:09.189,399754.3037,4091879.7778,global,170.05,167.20,0.206,2.00,5.14,18.94,21.99,9.50,0.20,0.50,99.00,0,0,0,0,0,0.00,999.00
17:10:09.238,399754.3037,4091879.7778,global,169.15,167.20,0.206,2.00,5.50,17.02,21.99,9.50,0.20,0.50,99.00,0,0,0,0,0,0.00,999.00
17:10:09.288,399754.3037,4091879.7778,global,167.78,167.20,0.206,2.00,5.50,15.65,21.99,9.50,0.20,0.50,99.00,0,0,0,0,0,0.00,999.00
17:10:09.338,399753.9306,4091879.8488,global,166.91,171.98,0.217,2.00,4.84,12.84,21.99,9.50,0.20,0.50,99.00,0,0,0,0,0,0.00,999.00
17:10:09.412,399753.9306,4091879.8488,global,166.46,171.98,0.217,2.00,4.84,12.38,21.99,9.50,0.20,0.50,99.00,0,0,0,0,0,0.00,999.00
17:10:09.439,399753.9306,4091879.8488,global,164.58,171.98,0.217,2.00,5.34,8.92,20.67,9.50,0.20,0.50,99.00,0,0,0,0,0,0.00,999.00
17:10:09.489,399753.9306,4091879.8488,global,163.56,171.98,0.217,2.00,5.34,7.90,20.67,9.50,0.20,0.50,99.00,0,0,0,0,0,0.00,999.00
17:10:09.538,399753.9306,4091879.8488,global,163.19,171.98,0.217,2.00,5.34,7.53,20.67,9.50,0.20,0.50,99.00,0,0,0,0,0,0.00,999.00
17:10:09.588,399753.5761,4091879.9862,global,162.96,174.87,0.136,2.00,5.17,-1.17,10.98,9.50,0.20,0.50,99.00,0,0,0,0,0,0.00,999.00
17:10:09.638,399753.5761,4091879.9862,global,163.09,174.87,0.136,2.00,5.17,-1.04,10.98,9.50,0.20,0.50,99.00,0,0,0,0,0,0.00,999.00
17:10:09.689,399753.5761,4091879.9862,global,163.69,174.87,0.136,2.00,5.14,-0.37,1.21,9.50,0.20,0.50,99.00,0,0,0,0,0,0.00,999.00
17:10:09.738,399753.5761,4091879.9862,global,164.37,174.87,0.136,2.00,5.14,0.30,1.21,9.50,0.20,0.50,99.00,0,0,0,0,0,0.00,999.00
17:10:09.788,399753.5761,4091879.9862,global,165.81,174.87,0.136,2.00,5.14,1.75,1.21,9.50,0.20,0.50,99.00,0,0,0,0,0,0.00,999.00
17:10:09.838,399753.2298,4091880.0568,global,166.93,174.73,0.097,2.00,5.12,-0.06,-3.46,9.50,0.20,0.50,99.00,0,0,0,0,0,0.00,999.00
17:10:09.889,399753.2298,4091880.0568,global,168.35,174.73,0.097,2.00,5.12,1.36,-3.46,9.50,0.20,0.50,99.00,0,0,0,0,0,0.00,999.00
17:10:09.939,399753.2298,4091880.0568,global,169.00,174.73,0.097,2.00,5.24,1.84,-0.11,9.50,0.20,0.50,99.00,0,0,0,0,0,0.00,999.00
17:10:09.988,399753.2298,4091880.0568,global,170.00,174.73,0.097,2.00,5.24,2.84,-0.11,9.50,0.20,0.50,99.00,0,0,0,0,0,0.00,999.00
17:10:10.038,399753.2298,4091880.0568,global,170.67,174.73,0.097,2.00,5.39,3.31,0.97,9.50,0.20,0.50,99.00,0,0,0,0,0,0.00,999.00
17:10:10.089,399752.9105,4091880.1605,global,171.54,172.22,0.023,2.00,5.39,1.09,0.97,9.50,0.20,0.50,99.00,0,0,0,0,0,0.00,999.00
17:10:10.139,399752.9105,4091880.1605,global,172.11,172.22,0.023,2.00,5.39,1.66,0.97,9.50,0.20,0.50,99.00,0,0,0,0,0,0.00,999.00
17:10:10.190,399752.9105,4091880.1605,global,173.06,172.22,0.023,2.00,4.95,2.77,1.47,9.50,0.20,0.50,99.00,0,0,0,0,0,0.00,999.00
17:10:10.238,399752.9105,4091880.1605,global,173.70,172.22,0.023,2.00,4.95,3.41,1.47,9.50,0.20,0.50,99.00,0,0,0,0,0,0.00,999.00
17:10:10.288,399752.9105,4091880.1605,global,174.57,172.22,0.023,2.00,5.19,4.19,1.30,9.50,0.20,0.50,99.00,0,0,0,0,0,0.00,999.00
17:10:10.338,399752.5634,4091880.1757,global,175.22,174.41,0.052,2.00,5.19,4.93,1.30,9.50,0.20,0.50,99.00,0,0,0,0,0,0.00,999.00
17:10:10.390,399752.5634,4091880.1757,global,176.13,174.41,0.052,2.00,5.19,5.84,1.30,9.50,0.20,0.50,99.00,0,0,0,0,0,0.00,999.00
17:10:10.438,399752.5634,4091880.1757,global,176.70,174.41,0.052,2.00,5.06,6.52,1.35,9.50,0.20,0.50,99.00,0,0,0,0,0,0.00,999.00
17:10:10.489,399752.5634,4091880.1757,global,177.61,174.41,0.052,2.00,5.06,7.42,1.35,9.50,0.20,0.50,99.00,0,0,0,0,0,0.00,999.00
17:10:10.538,399752.5634,4091880.1757,global,178.21,174.41,0.052,2.00,4.84,8.21,1.57,9.50,0.20,0.50,99.00,0,0,0,0,0,0.00,999.00
17:10:10.588,399752.2072,4091880.1688,global,179.08,175.00,0.114,2.00,4.84,13.73,1.57,9.50,0.20,0.50,99.00,0,0,0,0,0,0.00,999.00
17:10:10.638,399752.2072,4091880.1688,global,179.63,175.00,0.114,2.00,4.84,14.28,1.57,9.50,0.20,0.50,99.00,0,0,0,0,0,0.00,999.00
17:10:10.689,399752.2072,4091880.1688,global,-179.68,175.00,0.114,2.00,5.26,14.21,4.37,9.50,0.20,0.50,99.00,0,0,0,0,0,0.00,999.00
17:10:10.738,399752.2072,4091880.1688,global,-179.28,175.00,0.114,2.00,5.26,14.61,4.37,9.50,0.20,0.50,99.00,0,0,0,0,0,0.00,999.00
17:10:10.788,399752.2072,4091880.1688,global,-178.89,175.00,0.114,2.00,5.19,15.12,10.74,9.50,0.20,0.50,99.00,0,0,0,0,0,0.00,999.00
17:10:10.838,399751.8598,4091880.1507,global,-178.94,173.55,0.161,2.00,5.19,20.11,10.74,9.50,0.20,0.50,99.00,0,0,0,0,0,0.00,999.00
17:10:10.889,399751.8598,4091880.1507,global,-179.43,173.55,0.161,2.00,5.19,19.61,10.74,9.50,0.20,0.50,99.00,0,0,0,0,0,0.00,999.00
17:10:10.938,399751.8598,4091880.1507,global,-179.87,173.55,0.161,2.00,5.06,19.50,18.10,9.50,0.20,0.50,99.00,0,0,0,0,0,0.00,999.00
17:10:10.993,399751.8598,4091880.1507,global,179.92,173.55,0.161,2.00,5.06,19.29,18.10,9.50,0.20,0.50,99.00,0,0,0,0,0,0.00,999.00
17:10:11.038,399751.8598,4091880.1507,global,179.04,173.55,0.161,2.00,5.09,18.33,21.23,9.50,0.20,0.50,99.00,0,0,0,0,0,0.00,999.00
17:10:11.088,399751.5127,4091880.1659,global,178.03,173.55,0.185,2.00,5.09,19.14,21.23,9.50,0.20,0.50,99.00,0,0,0,0,0,0.00,999.00
17:10:11.138,399751.5127,4091880.1659,global,177.15,173.55,0.185,2.00,5.09,18.26,21.23,9.50,0.20,0.50,99.00,0,0,0,0,0,0.00,999.00
17:10:11.188,399751.5127,4091880.1659,global,175.86,173.55,0.185,2.00,5.02,17.17,21.99,9.50,0.20,0.50,99.00,0,0,0,0,0,0.00,999.00
17:10:11.239,399751.5127,4091880.1659,global,175.14,173.55,0.185,2.00,5.02,16.45,21.99,9.50,0.20,0.50,99.00,0,0,0,0,0,0.00,999.00
17:10:11.289,399751.5127,4091880.1659,global,174.21,173.55,0.185,2.00,4.99,15.60,20.08,9.50,0.20,0.50,99.00,0,0,0,0,0,0.00,999.00
17:10:11.338,399751.1660,4091880.2033,global,173.66,175.13,0.187,2.00,4.99,13.67,20.08,9.50,0.20,0.50,99.00,0,0,0,0,0,0.00,999.00
17:10:11.389,399751.1660,4091880.2033,global,172.94,175.13,0.187,2.00,4.99,12.94,20.08,9.50,0.20,0.50,99.00,0,0,0,0,0,0.00,999.00
17:10:11.439,399751.1660,4091880.2033,global,172.63,175.13,0.187,2.00,5.06,12.45,16.88,9.50,0.20,0.50,99.00,0,0,0,0,0,0.00,999.00
17:10:11.489,399751.1660,4091880.2033,global,172.15,175.13,0.187,2.00,5.06,11.97,16.88,9.50,0.20,0.50,99.00,0,0,0,0,0,0.00,999.00
17:10:11.538,399751.1660,4091880.2033,global,171.84,175.13,0.187,2.00,5.04,11.70,14.03,9.50,0.20,0.50,99.00,0,0,0,0,0,0.00,999.00
17:10:11.588,399750.8105,4091880.2630,global,171.66,175.47,0.158,2.00,5.04,8.91,14.03,9.50,0.20,0.50,99.00,0,0,0,0,0,0.00,999.00
17:10:11.638,399750.8105,4091880.2630,global,171.67,175.47,0.158,2.00,5.04,8.92,14.03,9.50,0.20,0.50,99.00,0,0,0,0,0,0.00,999.00
17:10:11.689,399750.8105,4091880.2630,global,171.63,175.47,0.158,2.00,4.95,9.10,11.70,9.50,0.20,0.50,99.00,0,0,0,0,0,0.00,999.00
17:10:11.739,399750.8105,4091880.2630,global,171.58,175.47,0.158,2.00,4.95,9.04,11.70,9.50,0.20,0.50,99.00,0,0,0,0,0,0.00,999.00
17:10:11.788,399750.8105,4091880.2630,global,171.53,175.47,0.158,2.00,4.99,8.91,9.61,9.50,0.20,0.50,99.00,0,0,0,0,0,0.00,999.00
17:10:11.839,399750.4550,4091880.3115,global,171.61,175.13,0.138,2.00,4.99,7.75,9.61,9.50,0.20,0.50,99.00,0,0,0,0,0,0.00,999.00
17:10:11.889,399750.4550,4091880.3115,global,171.84,175.13,0.138,2.00,4.99,7.97,9.61,9.50,0.20,0.50,99.00,0,0,0,0,0,0.00,999.00
17:10:11.938,399750.4550,4091880.3115,global,171.99,175.13,0.138,2.00,5.23,7.63,8.21,9.50,0.20,0.50,99.00,0,0,0,0,0,0.00,999.00
17:10:11.988,399750.4550,4091880.3115,global,172.18,175.13,0.138,2.00,5.23,7.81,8.21,9.50,0.20,0.50,99.00,0,0,0,0,0,0.00,999.00
17:10:12.038,399750.4550,4091880.3115,global,172.32,175.13,0.138,2.00,4.99,8.45,8.39,9.50,0.20,0.50,99.00,0,0,0,0,0,0.00,999.00
17:10:12.089,399750.0994,4091880.3601,global,172.59,173.55,0.123,2.00,4.99,9.10,8.39,9.50,0.20,0.50,99.00,0,0,0,0,0,0.00,999.00
17:10:12.138,399750.0994,4091880.3601,global,172.85,173.55,0.123,2.00,4.99,9.35,8.39,9.50,0.20,0.50,99.00,0,0,0,0,0,0.00,999.00
17:10:12.188,399750.0994,4091880.3601,global,173.09,173.55,0.123,2.00,5.09,9.40,8.22,9.50,0.20,0.50,99.00,0,0,0,0,0,0.00,999.00
17:10:12.238,399750.0994,4091880.3601,global,173.23,173.55,0.123,2.00,5.09,9.54,8.22,9.50,0.20,0.50,99.00,0,0,0,0,0,0.00,999.00
17:10:12.291,399750.0994,4091880.3601,global,173.40,173.55,0.123,2.00,5.19,9.52,8.25,9.50,0.20,0.50,99.00,0,0,0,0,0,0.00,999.00
17:10:12.338,399749.7525,4091880.3864,global,173.70,173.23,0.136,2.00,5.19,11.20,8.25,9.50,0.20,0.50,99.00,0,0,0,0,0,0.00,999.00
17:10:12.390,399749.7525,4091880.3864,global,173.97,173.23,0.136,2.00,5.19,11.47,8.25,9.50,0.20,0.50,99.00,0,0,0,0,0,0.00,999.00
17:10:12.438,399749.7525,4091880.3864,global,174.10,173.23,0.136,2.00,5.06,11.88,8.44,9.50,0.20,0.50,99.00,0,0,0,0,0,0.00,999.00
17:10:12.489,399749.7525,4091880.3864,global,174.21,173.23,0.136,2.00,5.06,11.99,8.44,9.50,0.20,0.50,99.00,0,0,0,0,0,0.00,999.00
17:10:12.539,399749.7525,4091880.3864,global,174.54,173.23,0.136,2.00,5.24,11.93,8.25,9.50,0.20,0.50,99.00,0,0,0,0,0,0.00,999.00
17:10:12.589,399749.3791,4091880.4241,global,174.72,171.65,0.163,2.00,5.24,15.68,8.25,9.50,0.20,0.50,99.00,0,0,0,0,0,0.00,999.00
17:10:12.638,399749.3791,4091880.4241,global,174.69,171.65,0.163,2.00,5.24,15.66,8.25,9.50,0.20,0.50,99.00,0,0,0,0,0,0.00,999.00
17:10:12.689,399749.3791,4091880.4241,global,174.96,171.65,0.163,2.00,5.09,16.28,8.26,9.50,0.20,0.50,99.00,0,0,0,0,0,0.00,999.00
17:10:12.738,399749.3791,4091880.4241,global,175.29,171.65,0.163,2.00,5.09,16.61,8.26,9.50,0.20,0.50,99.00,0,0,0,0,0,0.00,999.00
17:10:12.788,399749.3791,4091880.4241,global,175.61,171.65,0.163,2.00,5.19,16.69,10.63,9.50,0.20,0.50,99.00,0,0,0,0,0,0.00,999.00
17:10:12.838,399749.0231,4091880.4394,global,175.59,170.24,0.197,2.00,5.19,20.63,10.63,9.50,0.20,0.50,99.00,0,0,0,0,0,0.00,999.00
17:10:12.889,399749.0231,4091880.4394,global,175.37,170.24,0.197,2.00,5.19,20.41,10.63,9.50,0.20,0.50,99.00,0,0,0,0,0,0.00,999.00
17:10:12.938,399749.0231,4091880.4394,global,175.13,170.24,0.197,2.00,4.92,20.96,17.79,9.50,0.20,0.50,99.00,0,0,0,0,0,0.00,999.00
17:10:12.988,399749.0231,4091880.4394,global,174.58,170.24,0.197,2.00,4.92,20.41,17.79,9.50,0.20,0.50,99.00,0,0,0,0,0,0.00,999.00
17:10:13.038,399749.0231,4091880.4394,global,173.82,170.24,0.197,2.00,5.09,19.14,21.99,9.50,0.20,0.50,99.00,0,0,0,0,0,0.00,999.00
17:10:13.088,399748.6587,4091880.4881,global,172.18,164.24,0.200,2.00,5.09,22.00,21.99,9.50,0.20,0.50,99.00,0,0,0,0,0,0.00,999.00
17:10:13.138,399748.6587,4091880.4881,global,171.07,164.24,0.200,2.00,5.09,22.00,21.99,9.50,0.20,0.50,99.00,0,0,0,0,0,0.00,999.00
17:10:13.189,399748.6587,4091880.4881,global,169.59,164.24,0.200,2.00,5.33,20.49,21.99,9.50,0.20,0.50,99.00,0,0,0,0,0,0.00,999.00
17:10:13.238,399748.6587,4091880.4881,global,168.75,164.24,0.200,2.00,5.33,19.66,21.99,9.50,0.20,0.50,99.00,0,0,0,0,0,0.00,999.00
17:10:13.288,399748.6587,4091880.4881,global,167.82,164.24,0.200,2.00,5.19,19.11,20.66,9.50,0.20,0.50,99.00,0,0,0,0,0,0.00,999.00
17:10:13.338,399748.3035,4091880.5700,global,167.17,166.39,0.221,2.00,5.19,17.83,20.66,9.50,0.20,0.50,99.00,0,0,0,0,0,0.00,999.00
17:10:13.389,399748.3035,4091880.5700,global,166.57,166.39,0.221,2.00,5.19,17.23,20.66,9.50,0.20,0.50,99.00,0,0,0,0,0,0.00,999.00
17:10:13.438,399748.3035,4091880.5700,global,165.70,166.39,0.221,2.00,5.36,15.83,19.93,9.50,0.20,0.50,99.00,0,0,0,0,0,0.00,999.00
17:10:13.489,399748.3035,4091880.5700,global,164.84,166.39,0.221,2.00,5.36,14.97,19.93,9.50,0.20,0.50,99.00,0,0,0,0,0,0.00,999.00
17:10:13.538,399748.3035,4091880.5700,global,164.27,166.39,0.221,2.00,4.79,16.26,19.78,9.50,0.20,0.50,99.00,0,0,0,0,0,0.00,999.00
17:10:13.588,399747.9486,4091880.6740,global,163.39,167.90,0.205,2.00,4.79,12.61,19.78,9.50,0.20,0.50,99.00,0,0,0,0,0,0.00,999.00
17:10:13.638,399747.9486,4091880.6740,global,162.82,167.90,0.205,2.00,4.79,12.03,19.78,9.50,0.20,0.50,99.00,0,0,0,0,0,0.00,999.00
17:10:13.688,399747.9486,4091880.6740,global,162.07,167.90,0.205,2.00,5.50,9.18,18.15,9.50,0.20,0.50,99.00,0,0,0,0,0,0.00,999.00
17:10:13.738,399747.9486,4091880.6740,global,161.56,167.90,0.205,2.00,5.50,8.67,18.15,9.50,0.20,0.50,99.00,0,0,0,0,0,0.00,999.00
17:10:13.788,399747.9486,4091880.6740,global,160.88,167.90,0.205,2.00,4.99,9.46,15.24,9.50,0.20,0.50,99.00,0,0,0,0,0,0.00,999.00
17:10:13.838,399747.5940,4091880.8003,global,160.69,165.70,0.155,2.00,4.99,7.61,15.24,9.50,0.20,0.50,99.00,0,0,0,0,0,0.00,999.00
17:10:13.912,399747.5940,4091880.8003,global,160.69,165.70,0.155,2.00,4.99,7.61,15.24,9.50,0.20,0.50,99.00,0,0,0,0,0,0.00,999.00
17:10:13.938,399747.5940,4091880.8003,global,161.05,165.70,0.155,2.00,4.99,7.97,6.92,9.50,0.20,0.50,99.00,0,0,0,0,0,0.00,999.00
17:10:13.988,399747.5940,4091880.8003,global,161.38,165.70,0.155,2.00,5.36,7.45,6.92,9.50,0.20,0.50,99.00,0,0,0,0,0,0.00,999.00
17:10:14.038,399747.5940,4091880.8003,global,161.67,165.70,0.155,2.00,5.36,7.74,6.92,9.50,0.20,0.50,99.00,0,0,0,0,0,0.00,999.00
17:10:14.088,399747.2481,4091880.9153,global,162.27,166.06,0.129,2.00,5.13,6.48,4.77,9.50,0.20,0.50,99.00,0,0,0,0,0,0.00,999.00
17:10:14.138,399747.2481,4091880.9153,global,162.67,166.06,0.129,2.00,5.13,6.87,4.77,9.50,0.20,0.50,99.00,0,0,0,0,0,0.00,999.00
17:10:14.189,399747.2481,4091880.9153,global,163.00,166.06,0.129,2.00,5.39,6.72,8.12,9.50,0.20,0.50,99.00,0,0,0,0,0,0.00,999.00
17:10:14.239,399747.2481,4091880.9153,global,163.10,166.06,0.129,2.00,5.39,6.82,8.12,9.50,0.20,0.50,99.00,0,0,0,0,0,0.00,999.00
17:10:14.288,399747.2481,4091880.9153,global,163.33,166.06,0.129,2.00,5.24,7.32,8.15,9.50,0.20,0.50,99.00,0,0,0,0,0,0.00,999.00
17:10:14.338,399746.8931,4091881.0083,global,163.53,169.23,0.122,2.00,5.24,3.79,8.15,9.50,0.20,0.50,99.00,0,0,0,0,0,0.00,999.00
17:10:14.388,399746.8931,4091881.0083,global,163.88,169.23,0.122,2.00,5.24,4.15,8.15,9.50,0.20,0.50,99.00,0,0,0,0,0,0.00,999.00
17:10:14.438,399746.8931,4091881.0083,global,164.25,169.23,0.122,2.00,5.26,4.48,4.92,9.50,0.20,0.50,99.00,0,0,0,0,0,0.00,999.00
17:10:14.489,399746.8931,4091881.0083,global,164.81,169.23,0.122,2.00,5.26,5.04,4.92,9.50,0.20,0.50,99.00,0,0,0,0,0,0.00,999.00
17:10:14.538,399746.8931,4091881.0083,global,165.14,169.23,0.122,2.00,5.44,5.06,3.27,9.50,0.20,0.50,99.00,0,0,0,0,0,0.00,999.00
17:10:14.588,399746.5292,4091881.1013,global,165.92,165.33,0.105,2.00,5.44,8.54,3.27,9.50,0.20,0.50,99.00,0,0,0,0,0,0.00,999.00
17:10:14.638,399746.5292,4091881.1013,global,166.58,165.33,0.105,2.00,5.44,9.20,3.27,9.50,0.20,0.50,99.00,0,0,0,0,0,0.00,999.00
17:10:14.688,399746.5292,4091881.1013,global,167.56,165.33,0.105,2.00,5.33,10.35,1.25,9.50,0.20,0.50,99.00,0,0,0,0,0,0.00,999.00
17:10:14.738,399746.5292,4091881.1013,global,168.14,165.33,0.105,2.00,5.33,10.93,1.25,9.50,0.20,0.50,99.00,0,0,0,0,0,0.00,999.00
17:10:14.789,399746.5292,4091881.1013,global,168.69,165.33,0.105,2.00,5.59,11.10,3.95,9.50,0.20,0.50,99.00,0,0,0,0,0,0.00,999.00
17:10:14.839,399746.1648,4091881.1611,global,169.40,163.42,0.145,2.00,5.59,16.55,3.95,9.50,0.20,0.50,99.00,0,0,0,0,0,0.00,999.00
17:10:14.889,399746.1648,4091881.1611,global,169.64,163.42,0.145,2.00,5.59,16.78,3.95,9.50,0.20,0.50,99.00,0,0,0,0,0,0.00,999.00
17:10:14.938,399746.1648,4091881.1611,global,169.65,163.42,0.145,2.00,5.78,16.46,14.25,9.50,0.20,0.50,99.00,0,0,0,0,0,0.00,999.00
17:10:14.990,399746.1648,4091881.1611,global,169.45,163.42,0.145,2.00,5.78,16.26,14.25,9.50,0.20,0.50,99.00,0,0,0,0,0,0.00,999.00
17:10:15.038,399746.1648,4091881.1611,global,168.60,163.42,0.145,2.00,5.53,15.85,21.99,9.50,0.20,0.50,99.00,0,0,0,0,0,0.00,999.00
17:10:15.089,399745.8007,4091881.2320,global,167.08,165.76,0.169,2.00,5.53,13.70,21.99,9.50,0.20,0.50,99.00,0,0,0,0,0,0.00,999.00
17:10:15.138,399745.8007,4091881.2320,global,166.00,165.76,0.169,2.00,5.53,12.63,21.99,9.50,0.20,0.50,99.00,0,0,0,0,0,0.00,999.00
17:10:15.188,399745.8007,4091881.2320,global,164.71,165.76,0.169,2.00,5.40,11.63,19.57,9.50,0.20,0.50,99.00,0,0,0,0,0,0.00,999.00
17:10:15.239,399745.8007,4091881.2320,global,164.36,165.76,0.169,2.00,5.40,11.28,19.57,9.50,0.20,0.50,99.00,0,0,0,0,0,0.00,999.00
17:10:15.289,399745.8007,4091881.2320,global,164.22,165.76,0.169,2.00,5.40,11.13,19.57,9.50,0.20,0.50,99.00,0,0,0,0,0,0.00,999.00
17:10:15.338,399745.4192,4091881.3475,global,164.25,169.89,0.150,2.00,5.29,5.87,7.17,9.50,0.20,0.50,99.00,0,0,0,0,0,0.00,999.00
17:10:15.390,399745.4192,4091881.3475,global,164.67,169.89,0.150,2.00,5.29,6.28,7.17,9.50,0.20,0.50,99.00,0,0,0,0,0,0.00,999.00
17:10:15.438,399745.4192,4091881.3475,global,165.22,169.89,0.150,2.00,5.59,6.24,0.55,9.50,0.20,0.50,99.00,0,0,0,0,0,0.00,999.00
17:10:15.489,399745.4192,4091881.3475,global,165.95,169.89,0.150,2.00,5.59,6.97,0.55,9.50,0.20,0.50,99.00,0,0,0,0,0,0.00,999.00
17:10:15.538,399745.4192,4091881.3475,global,167.25,169.89,0.150,2.00,5.59,8.27,0.55,9.50,0.20,0.50,99.00,0,0,0,0,0,0.00,999.00
17:10:15.588,399745.0550,4091881.4184,global,168.74,165.33,0.153,2.00,5.36,15.01,-2.84,9.50,0.20,0.50,99.00,0,0,0,0,0,0.00,999.00
17:10:15.638,399745.0550,4091881.4184,global,169.71,165.33,0.153,2.00,5.36,15.97,-2.84,9.50,0.20,0.50,99.00,0,0,0,0,0,0.00,999.00
17:10:15.689,399745.0550,4091881.4184,global,170.72,165.33,0.153,2.00,5.19,17.37,2.93,9.50,0.20,0.50,99.00,0,0,0,0,0,0.00,999.00
17:10:15.739,399745.0550,4091881.4184,global,171.12,165.33,0.153,2.00,5.19,17.77,2.93,9.50,0.20,0.50,99.00,0,0,0,0,0,0.00,999.00
17:10:15.788,399745.0550,4091881.4184,global,171.19,165.33,0.153,2.00,5.19,17.84,2.93,9.50,0.20,0.50,99.00,0,0,0,0,0,0.00,999.00
17:10:15.838,399744.6906,4091881.4670,global,170.90,168.47,0.194,2.00,5.68,16.29,18.98,9.50,0.20,0.50,99.00,0,0,0,0,0,0.00,999.00
17:10:15.889,399744.6906,4091881.4670,global,169.94,168.47,0.194,2.00,5.68,15.33,18.98,9.50,0.20,0.50,99.00,0,0,0,0,0,0.00,999.00
17:10:15.938,399744.6906,4091881.4670,global,169.00,168.47,0.194,2.00,5.73,14.26,21.99,9.50,0.20,0.50,99.00,0,0,0,0,0,0.00,999.00
17:10:15.989,399744.6906,4091881.4670,global,167.78,168.47,0.194,2.00,5.73,13.04,21.99,9.50,0.20,0.50,99.00,0,0,0,0,0,0.00,999.00
17:10:16.038,399744.6906,4091881.4670,global,165.32,168.47,0.194,2.00,5.34,11.55,21.99,9.50,0.20,0.50,99.00,0,0,0,0,0,0.00,999.00
17:10:16.088,399744.3179,4091881.5713,global,162.93,164.77,0.173,2.00,5.34,11.31,21.99,9.50,0.20,0.50,99.00,0,0,0,0,0,0.00,999.00
17:10:16.138,399744.3179,4091881.5713,global,161.47,164.77,0.173,2.00,5.34,9.85,21.99,9.50,0.20,0.50,99.00,0,0,0,0,0,0.00,999.00
17:10:16.188,399744.3179,4091881.5713,global,159.94,164.77,0.173,2.00,5.34,8.32,21.99,9.50,0.20,0.50,99.00,0,0,0,0,0,0.00,999.00
17:10:16.238,399744.3179,4091881.5713,global,159.24,164.77,0.173,2.00,5.34,7.62,21.99,9.50,0.20,0.50,99.00,0,0,0,0,0,0.00,999.00
17:10:16.290,399744.3179,4091881.5713,global,158.30,164.77,0.173,2.00,5.99,5.30,17.26,9.50,0.20,0.50,99.00,0,0,0,0,0,0.00,999.00
17:10:16.338,399743.9547,4091881.7309,global,157.87,179.32,0.067,2.00,5.99,-16.88,17.26,9.50,0.20,0.50,99.00,0,0,0,0,0,0.00,999.00
17:10:16.389,399743.9547,4091881.7309,global,157.98,179.32,0.067,2.00,5.99,-16.76,17.26,9.50,0.20,0.50,99.00,0,0,0,0,0,0.00,999.00
17:10:16.438,399743.9547,4091881.7309,global,158.54,179.32,0.067,2.00,5.09,-15.40,3.08,9.50,0.20,0.50,99.00,0,0,0,0,0,0.00,999.00
17:10:16.489,399743.9547,4091881.7309,global,158.99,179.32,0.067,2.00,5.09,-14.95,3.08,9.50,0.20,0.50,99.00,0,0,0,0,0,0.00,999.00
17:10:16.538,399743.9547,4091881.7309,global,160.17,179.32,0.067,2.00,5.64,-14.30,-8.07,9.50,0.20,0.50,99.00,0,0,0,0,0,0.00,999.00
17:10:16.588,399743.6091,4091881.8682,global,162.19,-174.75,-0.037,2.00,5.64,-22.00,-8.07,9.50,0.20,0.50,99.00,0,0,0,0,0,0.00,999.00
17:10:16.638,399743.6091,4091881.8682,global,163.96,-174.75,-0.037,2.00,5.24,-22.00,-15.71,9.50,0.20,0.50,99.00,0,0,0,0,0,0.00,999.00
17:10:16.690,399743.6091,4091881.8682,global,166.91,-174.75,-0.037,2.00,5.24,-21.23,-15.71,9.50,0.20,0.50,99.00,0,0,0,0,0,0.00,999.00
17:10:16.738,399743.6091,4091881.8682,global,168.89,-174.75,-0.037,2.00,6.05,-18.87,-13.99,9.50,0.20,0.50,99.00,0,0,0,0,0,0.00,999.00
17:10:16.788,399743.6091,4091881.8682,global,171.65,-174.75,-0.037,2.00,6.05,-16.11,-13.99,9.50,0.20,0.50,99.00,0,0,0,0,0,0.00,999.00
17:10:16.839,399743.2618,4091881.8612,global,173.24,-178.03,-0.058,2.00,6.05,-12.70,-13.99,9.50,0.20,0.50,99.00,0,0,0,0,0,0.00,999.00
17:10:16.888,399743.2618,4091881.8612,global,175.70,-178.03,-0.058,2.00,5.26,-10.83,-12.70,9.50,0.20,0.50,99.00,0,0,0,0,0,0.00,999.00
17:10:16.938,399743.2618,4091881.8612,global,177.33,-178.03,-0.058,2.00,5.26,-9.19,-12.70,9.50,0.20,0.50,99.00,0,0,0,0,0,0.00,999.00
17:10:16.989,399743.2618,4091881.8612,global,179.61,-178.03,-0.058,2.00,5.79,-6.50,-12.90,9.50,0.20,0.50,99.00,0,0,0,0,0,0.00,999.00
17:10:17.038,399743.2618,4091881.8612,global,-178.67,-178.03,-0.058,2.00,5.79,-4.79,-12.90,9.50,0.20,0.50,99.00,0,0,0,0,0,0.00,999.00
17:10:17.088,399742.9053,4091881.8321,global,-176.02,170.47,-0.015,2.00,5.79,12.44,-12.90,9.50,0.20,0.50,99.00,0,0,0,0,0,0.00,999.00
17:10:17.138,399742.9053,4091881.8321,global,-174.47,170.47,-0.015,2.00,5.36,13.91,-8.96,9.50,0.20,0.50,99.00,0,0,0,0,0,0.00,999.00
17:10:17.189,399742.9053,4091881.8321,global,-172.82,170.47,-0.015,2.00,5.36,15.55,-8.96,9.50,0.20,0.50,99.00,0,0,0,0,0,0.00,999.00
17:10:17.259,399742.9053,4091881.8321,global,-172.32,170.47,-0.015,2.00,5.36,16.05,-3.41,9.50,0.20,0.50,99.00,0,0,0,0,0,0.00,999.00
17:10:17.288,399742.9053,4091881.8321,global,-170.22,170.47,-0.015,2.00,5.39,18.16,-3.41,9.50,0.20,0.50,99.00,0,0,0,0,0,0.00,999.00
17:10:17.338,399742.5660,4091881.7474,global,-169.62,170.09,0.125,2.00,5.39,22.00,-3.41,9.50,0.20,0.50,99.00,0,0,0,0,0,0.00,999.00
17:10:17.388,399742.5660,4091881.7474,global,-169.42,170.09,0.125,2.00,5.23,22.00,12.60,9.50,0.20,0.50,99.00,0,0,0,0,0,0.00,999.00
17:10:17.438,399742.5660,4091881.7474,global,-169.76,170.09,0.125,2.00,5.23,22.00,12.60,9.50,0.20,0.50,99.00,0,0,0,0,0,0.00,999.00
17:10:17.489,399742.5660,4091881.7474,global,-170.74,170.09,0.125,2.00,5.59,22.00,21.99,9.50,0.20,0.50,99.00,0,0,0,0,0,0.00,999.00
17:10:17.538,399742.5660,4091881.7474,global,-171.73,170.09,0.125,2.00,5.59,22.00,21.99,9.50,0.20,0.50,99.00,0,0,0,0,0,0.00,999.00
17:10:17.588,399742.2001,4091881.6740,global,-173.31,170.82,0.274,2.00,5.59,22.00,21.99,9.50,0.20,0.50,99.00,0,0,0,0,0,0.00,999.00
17:10:17.638,399742.2001,4091881.6740,global,-174.33,170.82,0.274,2.00,5.23,22.00,21.99,9.50,0.20,0.50,99.00,0,0,0,0,0,0.00,999.00
17:10:17.689,399742.2001,4091881.6740,global,-176.03,170.82,0.274,2.00,5.23,22.00,21.99,9.50,0.20,0.50,99.00,0,0,0,0,0,0.00,999.00
17:10:17.738,399742.2001,4091881.6740,global,-177.15,170.82,0.274,2.00,5.24,22.00,21.99,9.50,0.20,0.50,99.00,0,0,0,0,0,0.00,999.00
17:10:17.790,399742.2001,4091881.6740,global,-178.66,170.82,0.274,2.00,5.24,22.00,21.99,9.50,0.20,0.50,99.00,0,0,0,0,0,0.00,999.00
17:10:17.838,399741.8172,4091881.6674,global,-179.65,167.59,0.342,2.00,5.99,22.00,21.99,9.50,0.20,0.50,99.00,0,0,0,0,0,0.00,999.00
17:10:17.890,399741.8172,4091881.6674,global,179.31,167.59,0.342,2.00,5.99,22.00,21.99,9.50,0.20,0.50,99.00,0,0,0,0,0,0.00,999.00
17:10:17.939,399741.8172,4091881.6674,global,177.64,167.59,0.342,2.00,5.99,22.00,21.99,9.50,0.20,0.50,99.00,0,0,0,0,0,0.00,999.00
17:10:17.988,399741.8172,4091881.6674,global,176.03,167.59,0.342,2.00,4.99,22.00,21.99,9.50,0.20,0.50,99.00,0,0,0,0,0,0.00,999.00
17:10:18.038,399741.8172,4091881.6674,global,174.99,167.59,0.342,2.00,4.99,22.00,21.99,9.50,0.20,0.50,99.00,0,0,0,0,0,0.00,999.00
17:10:18.089,399741.4261,4091881.7165,global,173.37,173.39,0.351,2.00,5.59,22.00,21.99,9.50,0.20,0.50,99.00,0,0,0,0,0,0.00,999.00
17:10:18.139,399741.4261,4091881.7165,global,172.25,173.39,0.351,2.00,5.59,22.00,21.99,9.50,0.20,0.50,99.00,0,0,0,0,0,0.00,999.00
17:10:18.189,399741.4261,4091881.7165,global,170.58,173.39,0.351,2.00,5.59,21.53,21.99,9.50,0.20,0.50,99.00,0,0,0,0,0,0.00,999.00
17:10:18.239,399741.4261,4091881.7165,global,169.44,173.39,0.351,2.00,5.60,20.34,21.99,9.50,0.20,0.50,99.00,0,0,0,0,0,0.00,999.00
17:10:18.288,399741.4261,4091881.7165,global,167.77,173.39,0.351,2.00,5.60,18.68,21.99,9.50,0.20,0.50,99.00,0,0,0,0,0,0.00,999.00
17:10:18.338,399741.0534,4091881.8207,global,166.68,166.68,0.312,2.00,5.44,22.00,21.99,9.50,0.20,0.50,99.00,0,0,0,0,0,0.00,999.00
17:10:18.388,399741.0534,4091881.8207,global,165.05,165.05,0.317,2.00,5.44,22.00,21.99,9.50,0.20,0.50,99.00,0,0,0,0,0,0.00,999.00
17:10:18.438,399741.0534,4091881.8207,global,163.93,163.93,0.321,2.00,5.44,22.00,21.99,9.50,0.20,0.50,99.00,0,0,0,0,0,0.00,999.00
17:10:18.491,399741.0534,4091881.8207,global,162.87,162.87,0.323,2.00,5.50,22.00,21.99,9.50,0.20,0.50,99.00,0,0,0,0,0,0.00,999.00
17:10:18.538,399741.0534,4091881.8207,global,161.24,161.24,0.328,2.00,5.50,22.00,21.99,9.50,0.20,0.50,99.00,0,0,0,0,0,0.00,999.00
17:10:18.588,399740.6989,4091881.9581,global,159.53,159.53,0.327,2.00,5.39,22.00,21.99,9.50,0.20,0.50,99.00,0,0,0,0,0,0.00,999.00
17:10:18.639,399740.6989,4091881.9581,global,158.42,158.42,0.337,2.00,5.39,22.00,21.99,9.50,0.20,0.50,99.00,0,0,0,0,0,0.00,999.00
17:10:18.688,399740.6989,4091881.9581,global,156.74,156.74,0.352,2.00,5.39,22.00,21.99,9.50,0.20,0.50,99.00,0,0,0,0,0,0.00,999.00
17:10:18.738,399740.6989,4091881.9581,global,155.61,155.61,0.362,2.00,5.64,22.00,21.99,9.50,0.20,0.50,99.00,0,0,0,0,0,0.00,999.00
17:10:18.789,399740.6989,4091881.9581,global,153.89,153.89,0.376,2.00,5.64,22.00,21.99,9.50,0.20,0.50,99.00,0,0,0,0,0,0.00,999.00
17:10:18.839,399740.3360,4091882.1399,global,152.73,152.73,0.391,2.00,5.79,22.00,21.99,9.50,0.20,0.50,99.00,0,0,0,0,0,0.00,999.00
17:10:18.888,399740.3360,4091882.1399,global,150.96,150.96,0.418,2.00,5.79,22.00,21.99,9.50,0.20,0.50,99.00,0,0,0,0,0,0.00,999.00
17:10:18.938,399740.3360,4091882.1399,global,149.82,149.82,0.435,2.00,5.79,22.00,21.99,9.50,0.20,0.50,99.00,0,0,0,0,0,0.00,999.00
