-2.04530616403256,-0.000287070981942048
-2.05907944225896,-0.000732928244629819
-2.07295820431624,-0.0011795067834878
-2.08697220929197,-0.00163132150341652
-1.77151406167793,0.00849636819207096
-1.78335022279189,0.00812070759388751
-1.79528234007095,0.0077532558931918
-1.80750595515615,0.00738173753190251
-1.81961377988622,0.00701896224220989
-1.83191997794547,0.00665275375043271
-1.84416031168643,0.00628594501762821
-1.85667778033025,0.00590495305959117
-1.86907973250255,0.00553057726154397
-1.88164376440691,0.00515759949938248
-1.89400457169859,0.00479372748197024
-1.90652291892083,0.00443172225822503
-1.91917035056067,0.00407019794312027
-1.93207124488295,0.00370114133089856
-1.94492650383023,0.00333593708704084
-1.95787855256814,0.00297101666606891
-1.97104071842163,0.00259708943766154
-1.98386146217287,0.00223736721120809
-1.99668576937874,0.00187680351052054
-2.00968407332633,0.00150165022223491
-2.02305140031877,0.00111568252190134
-2.0363344323578,0.000737959225763107
-2.04974636252511,0.000355193039598383
-2.06304584357578,-2.82E-05
-2.07680164645099,-0.000431190305895591
-1.77118687386438,0.00853172117594072
-1.78282448114677,0.00817885508222761
-1.79447243876269,0.00783303504132709
-1.80614455667109,0.00749151226693432
-1.81784181062271,0.00715845199576489
-1.82981117495014,0.00683122432433489
-1.84172226500408,0.0065007710684168
-1.85357919787484,0.00615712234617675
-1.86596267556658,0.00579916644530013
-1.87772855133656,0.00546769912023425
-1.89007688597436,0.00514533987579035
-1.9024105451304,0.00483591003383899
-1.9146128670101,0.00453093310229758
-1.92698020009585,0.00423944317883022
-1.93998578383032,0.00393515889856706
-1.9525140103972,0.00361485437650193
-1.9649429552273,0.00328448257599212
-1.97779439576716,0.00296056537114273
-1.99055103407538,0.00264131836494212
-2.00362775829413,0.00229346948335778
-2.01637354805956,0.00195819352333958
-2.0294182159089,0.001619802067733
-2.04251764399204,0.00127642303754656
-2.05569455878093,0.000934261450036053
-2.06927141624522,0.000588210069550004
-1.77109056779574,0.00857430180196759
-1.78255657049123,0.00827772690733508
-1.79391709627745,0.00798503954971692
-1.80551081518838,0.00768874760964611
-1.81701997900192,0.00738709606147387
-1.82879627299248,0.00706790263145412
-1.84037040720837,0.00674984921984984
-1.85210228795194,0.00643276385811693
-1.86417721032034,0.00611730707757728
-1.87598384381331,0.00581272903280692
-1.88804530033687,0.0054972171016978
-1.90004099697996,0.00518154219368753
-1.91224840535879,0.00487125630382717
-1.92449070181608,0.00455393845743074
-1.93698400357946,0.00423115018989849
-1.94941833997857,0.00393420990881371
-1.96160625692177,0.00361036651473229
-1.97414919132804,0.00325695370481027
-1.98665615946865,0.00294175248362319
-1.9991613823495,0.0025923893941867
-2.01185677775214,0.00214261609645258
-2.02425758184724,0.00168086682412444
-2.03673549754253,0.00125554878588081
-2.04955967647426,0.000827456450428277
-2.06264879639901,0.000351521991605756
-1.77062808532566,0.00851598122844226
-1.78179475172467,0.0080943241773119
-1.79298493632319,0.00765349291867402
-1.80431213975916,0.00719072031150523
-1.81553923797041,0.00672459429606545
-1.82734811306145,0.00623287056255643
-1.83865218729124,0.00574124174455622
-1.85023687087949,0.00523410002736991
-1.86201329887841,0.00471507457470039
-1.87381696878845,0.00417445618556287
-1.88538013383576,0.00364036223968329
-1.89740748622938,0.00312176774398422
-1.90939755796643,0.00261521171907438
-1.92133666195418,0.00209384719970743
-1.93337273917663,0.00156270601911211
-1.94608573445971,0.00100069405873566
-1.95822778320089,0.000454404909551178
-1.97098836546849,-0.000131570803073979
-1.98312311291554,-0.000694755359897176
-1.99533245564723,-0.0012701154309132
-2.00781267328498,-0.00182944905367434
-2.02044656277977,-0.0023953643511153
-2.03319050626979,-0.00301578789133141
-2.04589676353798,-0.00364481779087257
-2.05836148572748,-0.00423899258486501
-1.77089659253713,0.00836750248640244
-1.78170716256472,0.00780584720368278
-1.79259009943762,0.00722766478590179
-1.80353696281097,0.00663464541057541
-1.81453239553089,0.00601634739600842
-1.82563058832717,0.0053840357943641
-1.83677359751352,0.00475928500694541
-1.84784611830578,0.00412665368444595
-1.85923672240253,0.00346344371922012
-1.87026699036795,0.00282359534835737
-1.88175549044903,0.00214620374853071
-1.89327547106147,0.00144002023996144
-1.90518870548623,0.000701845156816023
-1.91622209904502,1.23E-05
-1.92802479973607,-0.000752454677918087
-1.93973053502435,-0.00153449912323931
-1.951706266958,-0.00236261195477159
-1.96327742395852,-0.00320714302991825
-1.97501637353523,-0.00408043492027346
-1.98687704813298,-0.00498084212006308
-1.99914544130373,-0.00595178840303744
-2.01109927628484,-0.00692840809404744
-2.02320019195501,-0.00794611443484572
-2.03560336259968,-0.00901786532809734
-2.0480574133232,-0.0101152736041342
-1.77052382547257,0.00804747976481166
-1.78092360850989,0.00704087739588539
-1.7916760627671,0.00597401752319654
-1.80233648145847,0.00487765970991668
-1.81302865809278,0.00372361757139597
-1.82411277442615,0.00250206666274455
-1.83530603616872,0.00125389536586005
-1.84608952390123,2.16E-05
-1.85732101522135,-0.00133968942128444
-1.86865006460321,-0.00279784202643557
-1.87976026875105,-0.00415897000519092
-1.8909888698344,-0.00539308612231091
-1.90221937723214,-0.0066006120935713
-1.91380824651989,-0.00791815635094792
-1.92545725540224,-0.00928924708974712
-1.93669138892457,-0.0105984721915355
-1.94819174247604,-0.0119214407502373
-1.95981600709645,-0.0132718249569399
-1.97149460016704,-0.0146410752035468
-1.98336613460198,-0.0160350534267385
-1.99522490439524,-0.0174255861614551
-2.00715599591602,-0.0188217366574824
-2.0189695079279,-0.0202062197264875
-2.03104720698888,-0.0216343482373841
-2.04296886270265,-0.0230518019335366
-1.7701808179588,0.00777474296703539
-1.78047800166367,0.0065367777279355
-1.79085455344882,0.0052895568748524
-1.80135971537116,0.00402707888255699
-1.8119002509822,0.00275213257507725
-1.82255239264048,0.00145820536488589
-1.8334007814842,0.000145562847954529
-1.84394870999305,-0.00113322098316721
-1.85483394488788,-0.00246090922487555
-1.86559447204886,-0.00377097434726271
-1.87667521950914,-0.00511416888993556
-1.88754311522081,-0.00643452893425111
-1.8988114734881,-0.00780387988059203
-1.90986906324329,-0.0091399708581682
-1.92115725487801,-0.0105062006963667
-1.93249485319047,-0.011891748717363
-1.94376904374761,-0.0132747327667316
-1.95506743250851,-0.0146566718795934
-1.96639967253982,-0.0160429589853485
-1.97790929058732,-0.0174598230074688
-1.98980632289945,-0.0189227371179608
-2.00153072318664,-0.0203593643136433
-2.01311543483918,-0.0217825901901858
-2.02476529040324,-0.0232202566451605
-2.03677371918878,-0.0246928184662164
-1.76990970397081,0.0077644795083022
-1.78025787083205,0.00648874668045525
-1.79034997342627,0.00523583381856367
-1.80065237884257,0.00396389537995338
-1.81096278787794,0.00270184667596525
-1.82161693966846,0.00138960619528117
-1.83208355805655,9.87E-05
-1.84265188826474,-0.00118961224906574
-1.8533431678031,-0.00248446152894892
-1.86385641700851,-0.00377691316292253
-1.87462508069954,-0.00510531710246858
-1.88555443041836,-0.00643257163347916
-1.89655798247433,-0.00777125321491231
-1.90730198964417,-0.00909210088569193
-1.91843850966879,-0.010452906348055
-1.92940912151985,-0.0117724500149606
-1.94046455706132,-0.0131119185316523
-1.95169546514703,-0.0144889023277682
-1.96293128986937,-0.0158581547959497
-1.97439309600943,-0.0172388398136102
-1.98586491201009,-0.0186347648620869
-1.99737096010405,-0.0200436336011393
-2.00874590375975,-0.0214176786022156
-2.02024014484811,-0.0227946681095837
-2.03186697379194,-0.0242103225514976
-1.76992781467241,0.00776120558203166
-1.77982271939551,0.00655784348954516
-1.78989515362768,0.00532994897695424
-1.79990688710669,0.00408859019256188
-1.81023752148426,0.00281135477956289
-1.82045875439475,0.00156086610214082
-1.83071061487088,0.000289921379249086
-1.84108669690893,-0.00101467187761994
-1.85145653909537,-0.00230965126861691
-1.86195496641178,-0.00361532343083516
-1.87249747757351,-0.00495256201453657
-1.88328212867452,-0.00632478650552642
-1.89403253515168,-0.00767480514895413
-1.90468288155923,-0.00901427046452636
-1.91550339763034,-0.0103986894535091
-1.92624300799844,-0.0117727125708657
-1.93732152716857,-0.0131834446763262
-1.94838339580242,-0.0146056752511596
-1.9592917362938,-0.016012477682451
-1.97039808707584,-0.0174279385096187
-1.98152284224495,-0.0188405550532421
-1.99274341619068,-0.0202858374221209
-2.0041488111798,-0.0217630506970423
-2.01559106189484,-0.0232316695834927
-2.02705427290713,-0.0247039480587212
-1.7697358128495,0.00773708293495161
-1.77969410664172,0.00647041880406277
-1.78950342095826,0.00523222898306451
-1.79951411354016,0.00395686885178026
-1.80933347590671,0.00270083438489347
-1.81959962737274,0.00139730066239556
-1.82979095522867,0.000107302591736515
-1.83983103817152,-0.00116869860110933
-1.85008416148812,-0.00246492292236779
-1.86049206650503,-0.00377445048978467
-1.87074956214642,-0.00506846158674861
-1.88144080119103,-0.00641985265158419
-1.89187310013484,-0.00773014641996568
-1.90259662968035,-0.00907314013647768
-1.91311532229281,-0.0103938296848081
-1.92394004364442,-0.0117555859173642
-1.93446030845604,-0.0130755496813194
-1.94528776461217,-0.0144416725759235
-1.95612869914839,-0.0158146850152489
-1.96712140736862,-0.0172038305016634
-1.97824800352745,-0.0186138053732416
-1.98938728455924,-0.0200311109833029
-2.00039732106676,-0.02143288015484
-2.01174708563956,-0.0228772042082831
-2.02290297818417,-0.0242989076779621
-1.76964483205429,0.00775162963148442
-1.77917987222357,0.00653138783379829
-1.78906184407109,0.00526681645220103
-1.79872294728672,0.0040281058166057
-1.80860286316865,0.00276049917848444
-1.81872629765564,0.00146415184672167
-1.82881404517463,0.000169266072627885
-1.83861443875924,-0.00109066139457781
-1.84897383701793,-0.00241937601768326
-1.85884700066166,-0.00368471997653897
-1.86917743665615,-0.00501153484349058
-1.87945813999679,-0.00632645171072761
-1.88979579860741,-0.0076403935033217
-1.90060762404676,-0.00901117945082687
-1.91108661187092,-0.0103414338946969
-1.92146005803413,-0.0116564268024832
-1.93230346490985,-0.0130260396412326
-1.94272799933547,-0.0143397856163148
-1.9533530220179,-0.0156736386202512
-1.96447240995049,-0.0170635505672428
-1.97527323376587,-0.0184132475839074
-1.98587685621787,-0.01974181572281
-1.99708628794589,-0.0211487170729216
-2.00810040156446,-0.022533383753898
-2.01946175698838,-0.0239607033096026
-1.77009455477061,0.00770751439299753
-1.77923456091428,0.00656642240952289
-1.788692280127,0.00538574959054935
-1.79846453223191,0.00416337432793218
-1.80807748269041,0.00296196984093887
-1.81792146042911,0.00173342256878481
-1.82795725305148,0.000485537838287759
-1.83755062895224,-0.000701120010666683
-1.84771378258959,-0.0019574740182091
-1.85756950212727,-0.00317702353114177
-1.86809034963246,-0.00447520757427672
-1.87789705237608,-0.00567358299401075
-1.8881573258815,-0.00692379294421519
-1.89856725320537,-0.00818944028182022
-1.90884813774308,-0.00942957713670128
-1.91933142229086,-0.010693643091856
-1.92976937328063,-0.0119632764284898
-1.94043918522483,-0.0132583837789791
-1.95103831611666,-0.0145330898581917
-1.96166920766089,-0.0158097965774714
-1.97234634792871,-0.0170924683795997
-1.98303833040311,-0.0183720684228414
-1.9942211575483,-0.0197068370547379
-2.00504747242517,-0.0210048716018601
-2.0158035176255,-0.0222913001764098
-1.76069206136135,0.0065293554574263
-1.77020402351365,0.00540141350286359
-1.77960669220133,0.00427737030987021
-1.7891752968098,0.00311480161022809
-1.79864149891373,0.00196093130189063
-1.80829400874748,0.000792222443431882
-1.81762951964937,-0.000335991730218831
-1.82731608905853,-0.00150252761121785
-1.83720968623934,-0.00269337394506267
-1.84711094463245,-0.00388746339320912
-1.85705481711628,-0.00507770187567569
-1.86688135935856,-0.00624212607142311
-1.87700109183279,-0.00744239897880622
-1.88715507602448,-0.00865084181215983
-1.89708037437601,-0.00983130720430254
-1.90737759100435,-0.0110572275215939
-1.91786970393819,-0.012313404586872
-1.92825649433845,-0.0135520804207997
-1.93862093471442,-0.0147762505099532
-1.94924180000486,-0.0160321567125637
-1.95978648228287,-0.0172824828203433
-1.97025042066838,-0.0185160441788478
-1.98076720217901,-0.0197489852677493
-1.99150228678645,-0.021008796833107
-2.00227033691665,-0.0222617378169701
-1.76199978134742,-0.00428857699161609
-1.77129293062177,-0.00540426669139342
-1.78064743596156,-0.00651897220735454
-1.78999378216608,-0.00761540923554854
-1.79940496594378,-0.00869953998205857
-1.80879665630934,-0.00977070952303072
-1.81857321810963,-0.0108637591194844
-1.82830997190509,-0.0119160279244304
-1.83774877845026,-0.0129158739900654
-1.84745906159881,-0.0139336591964643
-1.85716842406863,-0.0149225298552376
-1.86697982014818,-0.0158887550667316
-1.87682252911323,-0.0168387059947422
-1.8865229763362,-0.0177533158250696
-1.89643383354756,-0.0186470212909774
-1.90662169636851,-0.0195341406498787
-1.91659163123187,-0.0203840876354333
-1.92662911581498,-0.0212056959861695
-1.93657023609266,-0.0219819100216666
-1.94687757625592,-0.0227630940761106
-1.95711274423523,-0.0235112057793687
-1.96731522657089,-0.02421616113395
-1.97745284979629,-0.0248864189730342
-1.98781074010142,-0.025552602027508
-1.9983850707208,-0.0261995471332064
-1.73726682189328,-0.0188159958611596
-1.74632886936651,-0.0193738667664224
-1.75474866530064,-0.0198732722313334
-1.76360654779972,-0.0203660191086813
-1.77244465110458,-0.0208266123585103
-1.78126894315645,-0.0212677336057871
-1.7903014348936,-0.0216925763599135
-1.79932996496076,-0.0220867301738596
-1.80837515276221,-0.0224651544566017
-1.81742885502247,-0.0228288843602473
-1.82664174414054,-0.0231682830045545
-1.83590050880423,-0.0234781178452459
-1.8448667478808,-0.0237575392788714
-1.85454475764719,-0.0240345272880181
-1.86378647933617,-0.0242696138154347
-1.87315843105974,-0.024488615639252
-1.882510924797,-0.0246856771755754
-1.89208404244717,-0.0248562457659541
-1.90185945447384,-0.0249989308278674
-1.91120059112429,-0.0251098948108401
-1.92085313593286,-0.0251948682001356
-1.93065212127946,-0.0252529655591259
-1.94025928664733,-0.0252935008565467
-1.94978907828747,-0.0253137354710523
-1.95993789344606,-0.025300322921079
-1.70174513277389,-0.0237433063997202
-1.7099083625951,-0.0236736470598531
-1.7181453734953,-0.0235773700593307
-1.72620912675173,-0.0234537238410119
-1.73465375746493,-0.0233009511158348
-1.74295749848597,-0.0231296668554991
-1.75155009815828,-0.0229161847256073
-1.75979209404415,-0.022680838699661
-1.76832949183093,-0.0224169748466861
-1.77691857139368,-0.022124257299877
-1.78556212627154,-0.0217952910382798
-1.79413567518333,-0.0214490255257646
-1.80280615663078,-0.0210759837831343
-1.81170366292548,-0.0206554245260237
-1.82050444892967,-0.0202114306098189
-1.82913240459053,-0.0197560017544265
-1.8380876935019,-0.019249706561901
-1.84694377813889,-0.0187158608581132
-1.8557405592313,-0.0181623484923566
-1.86487084985412,-0.0175563598073717
-1.87377888824394,-0.0169280235765741
-1.88278521905542,-0.0162693900281235
-1.89208990902612,-0.0155624361026985
-1.90106204147277,-0.0148412975847485
-1.91024146512198,-0.0140729052644881
-1.59248714940565,-0.0729681222137053
-1.59973927194495,-0.0725006612418041
-1.60706312542565,-0.0719876966403391
-1.61423559499043,-0.0714588805312258
-1.62159931657294,-0.0708806098691202
-1.62875201034944,-0.0702744085990869
-1.63603051971593,-0.0696255341781417
-1.64358017767788,-0.0689161317756063
-1.65104732520928,-0.0681673262846746
-1.65839996386111,-0.0673989120326631
-1.66600305027158,-0.0665708818292255
-1.67351504947043,-0.0657067327650615
-1.68091900187956,-0.0648233384555764
-1.68878146281043,-0.0638557800517124
-1.69645916055681,-0.0628653716015373
-1.70414381813005,-0.0618390162985743
-1.71192623685592,-0.0607712140716731
-1.71981309039227,-0.059643145688124
-1.72760491807926,-0.0584894236596587
-1.73517719417653,-0.0573410266664075
-1.74334241233564,-0.0560658805989672
-1.75125440222483,-0.0547964926715085
-1.75905202662013,-0.0535231672658061
-1.7670766303043,-0.0521826209151977
-1.7751508941844,-0.0507968161961358
-1.50383831501043,-0.0861312850047092
-1.51027410593076,-0.0848918200642928
-1.51672542571125,-0.0836114509576072
-1.52308643850576,-0.082328902043434
-1.52953467313014,-0.0810082488449812
-1.53607397813512,-0.0796354782070072
-1.54271179418706,-0.0782208196262426
-1.54932685984862,-0.0767905141626033
-1.55602598800128,-0.0753077619196766
-1.56253694283516,-0.0738493208658228
-1.56939539526204,-0.0722963191842776
-1.57618054244604,-0.0707241731502434
-1.58307272507389,-0.0690994212587732
-1.5898729835856,-0.0674781205949433
-1.59673456038322,-0.0658157383653836
-1.60384882309135,-0.0640684902620585
-1.61079047320183,-0.0623446549664653
-1.61789489491346,-0.0605535310622072
-1.62486818406256,-0.0587716775690276
-1.63209028290864,-0.0569119343011659
-1.63920854850078,-0.0550580220004901
-1.64641777407989,-0.053149405227674
-1.65364972100531,-0.0512180445832262
-1.66094066544658,-0.0492523812059124
-1.66822723921067,-0.0472581455511872
-1.36964499697042,-0.150180687913501
-1.37526199564554,-0.148739442612648
-1.3806736155916,-0.147320304503308
-1.38630115637805,-0.145826086853677
-1.39196932915341,-0.14430623601936
-1.39755361918821,-0.142778687520983
-1.40325623476419,-0.141197068972323
-1.40895250548095,-0.139604120623971
-1.41466604480912,-0.137981384225465
-1.42049409053427,-0.136302952421693
-1.42636607534323,-0.134600177725291
-1.43228282734595,-0.132860588628738
-1.43799709986187,-0.131154846671949
-1.44400109235879,-0.129351739074347
-1.45006800628696,-0.127514784569167
-1.45621413337149,-0.125624069032397
-1.46232272424308,-0.123727834223396
-1.46851196309842,-0.121799055716934
-1.4747390402253,-0.119836061209559
-1.48103228543081,-0.117834819377461
-1.48736039860962,-0.115817132569601
-1.49404916097675,-0.113666382287174
-1.50041853938817,-0.111601488506869
-1.50680119228229,-0.109524692607151
-1.51345850543914,-0.107340175156195
-1.21528337078409,-0.207158117954249
-1.2198501436542,-0.205650530431868
-1.22455348872835,-0.204094431211582
-1.22930561494842,-0.202503131452801
-1.23401460440122,-0.20091650312211
-1.23892612843572,-0.199258354951546
-1.24394197704535,-0.197547690261821
-1.24885968262507,-0.195855108054023
-1.25388396390993,-0.194126687545651
-1.25890031525514,-0.192389976562146
-1.2640312625014,-0.190595105055545
-1.26905552099614,-0.188832376268533
-1.27425949956255,-0.187000907550973
-1.27959352459959,-0.185106905701266
-1.28473273367574,-0.183278297869778
-1.29007994964638,-0.181384733267699
-1.29547457661798,-0.179462088598062
-1.30096281316237,-0.177489989604314
-1.30640466239776,-0.175536244904235
-1.3119978298386,-0.173521953260767
-1.31753292484302,-0.171512675222873
-1.32322567269613,-0.169447339894386
-1.32884947183771,-0.167410325553261
-1.33464383690938,-0.165297796303689
-1.34029837516746,-0.163225511647629
-1.05415646541428,-0.276213567364154
-1.05802445400663,-0.274836049133318
-1.06204160013002,-0.273391769383523
-1.06610847717542,-0.271929963725628
-1.07029856597906,-0.270422844842846
-1.07447276530202,-0.268906218223023
-1.07868012678714,-0.267370660186765
-1.08291966503918,-0.265823022541937
-1.08725162380928,-0.264229792916056
-1.09159813725647,-0.26262385541903
-1.09609762124181,-0.26096999234406
-1.1004742830363,-0.259359945311845
-1.1051118034368,-0.257639661952172
-1.10962834668516,-0.255963828369857
-1.11423116638153,-0.254265700181471
-1.11887570987861,-0.252543093685282
-1.12363520236775,-0.250767999626037
-1.12836438209036,-0.249012310782899
-1.13323409052129,-0.247205495395222
-1.13812074299839,-0.245383890596393
-1.14307526182497,-0.243538381598608
-1.14804832440203,-0.241695328499045
-1.15312637254915,-0.239808200577007
-1.15825074320282,-0.237897156037918
-1.16348172479929,-0.235952337777665
-0.881612356988914,-0.324912737134942
-0.885042166510936,-0.32351994272529
-0.888403841788542,-0.322155516894566
-0.891979915062095,-0.320709551209128
-0.895573038875418,-0.319251740394788
-0.899051479585845,-0.317833632840004
-0.902750196191037,-0.316331162650492
-0.906549238096257,-0.314785620319222
-0.910294244556346,-0.313251889569412
-0.914078786060848,-0.31170098393242
-0.917853883513209,-0.310159241459099
-0.921823839994317,-0.308533110472991
-0.925740149585664,-0.306923481614063
-0.933841235930474,-0.303606977511173
-0.937949413363,-0.301918252285136
-0.942020290091697,-0.300244341074043
-0.946269603796618,-0.298504690739806
-0.950568136171343,-0.29674362943395
-0.954918717482221,-0.294957704801415
-0.959280891589532,-0.293174961075345
-0.963639955405262,-0.291393997153203
-0.968056559959056,-0.289586820080828
-0.972556433652884,-0.287748660429582
-0.977069602736387,-0.285906905735576
-0.683877193457008,-0.388321489523293
-0.686590641435633,-0.387107506568826
-0.689409994640796,-0.385860579651994
-0.692315027670113,-0.384577075707726
-0.695250631309543,-0.383276632115367
-0.698213444313963,-0.38197493806852
-0.701214606788388,-0.380664653734356
-0.704310253133445,-0.379306521388762
-0.707502801687517,-0.377906021160821
-0.710628691810526,-0.376552054458245
-0.713964344576177,-0.375113900240326
-0.717245343722863,-0.373694394479496
-0.720632238133389,-0.372237234131131
-0.724102402252715,-0.370750090056887
-0.727621226908257,-0.36923724719422
-0.731063121486324,-0.367760865283067
-0.734729846773387,-0.366203114403945
-0.7383939718858,-0.364646603935191
-0.742105437852757,-0.363064944884749
-0.745776577337077,-0.361509280203392
-0.749670923645798,-0.359871167682535
-0.75349508123044,-0.358266067439199
-0.757437544761634,-0.356617738923851
-0.761378319914098,-0.354986484969691
-0.765395266525314,-0.353330461093021
-0.438710534633542,-0.492389644847259
-0.440684627993441,-0.491614326062449
-0.442725995767875,-0.49082317509987
-0.444832928318809,-0.490014721106157
-0.446987322383972,-0.489195351698564
-0.449224655459476,-0.488354415758804
-0.451485331414128,-0.487508867731676
-0.453800757080451,-0.486649298448471
-0.456201771352091,-0.485771976659503
-0.458630413282429,-0.484893451872641
-0.461072775693071,-0.48401391582719
-0.463628047367828,-0.48310052637753
-0.466207614521308,-0.482193518860024
-0.468914225557566,-0.481249878009386
-0.471660850109331,-0.480295402262114
-0.474448900494991,-0.479337372663297
-0.47729280760942,-0.478372412643255
-0.48019834057821,-0.477390212169728
-0.483160853300531,-0.47639621645719
-0.486182628728769,-0.475397983253938
-0.489250612681955,-0.474392096216036
-0.492359979186909,-0.473374017867477
-0.495526080980845,-0.472345510853629
-0.498813425300566,-0.471288382487777
-0.502137080178668,-0.470218728417556
-0.212253882040289,-0.549959773330445
-0.213781750746204,-0.549396589814728
-0.215385389662319,-0.548815568353725
-0.217032192654061,-0.548217751474861
-0.21873643234039,-0.547606376782581
-0.220516457263052,-0.546980340023954
-0.222335969655044,-0.546342210314131
-0.224211611068343,-0.545683746415507
-0.226159259236305,-0.545007929267983
-0.228151581599526,-0.54432183597379
-0.230221536399162,-0.543609046121159
-0.232357728373556,-0.542878627586676
-0.234514581654272,-0.542151599445932
-0.236766546774661,-0.541390136447084
-0.239049340911406,-0.540615818985764
-0.241421543712305,-0.539823307196367
-0.243827256766597,-0.539028259371359
-0.246321172011325,-0.538201781844204
-0.248873089657362,-0.537352959994953
-0.251428340000516,-0.536507882483022
-0.254105178070847,-0.535618789744432
-0.256774197965784,-0.53472680378601
-0.259533843277563,-0.533808162565363
-0.26229822197805,-0.53289048163181
-0.265164128483764,-0.531933452588249
0.0419141270971184,-0.655240107299935
0.0409761268307883,-0.655061076992062
0.0399825319180886,-0.654852851090157
0.0389507364419528,-0.654620798475452
0.0378771495025825,-0.654380311659843
0.0367368441441786,-0.654121289558161
0.0355555681856366,-0.653839945316622
0.0343436386753059,-0.653551004357197
0.0330908183043613,-0.653257924665877
0.0317245621075965,-0.652930590095871
0.0304036646670773,-0.652611722085976
0.0289924469479401,-0.652282208618437
0.0275466718448588,-0.651942689550582
0.0260201050316605,-0.651573778257193
0.0244623740095992,-0.651203823295528
0.0228418470305977,-0.650823995694695
0.0211894939821397,-0.650423149774041
0.0194720209192784,-0.650004947070629
0.0177105178092784,-0.649587457303374
0.0158230548765667,-0.649132247152142
0.0139392080352208,-0.648666381462327
0.0119941272979753,-0.648190368358602
0.00997633460242712,-0.647694116433441
0.0078818860617377,-0.647164747377743
0.00576246477284878,-0.646628962413946
0.311822407531899,-0.719214411679862
0.311553667648503,-0.719095641321766
0.31124218065145,-0.718955679435465
0.310873130872612,-0.718807066768454
0.310411020278768,-0.718623999735654
0.309897597932575,-0.718413194397046
0.309339545037853,-0.718192962528068
0.308706609877284,-0.717956555273302
0.307987244642937,-0.717681610340002
0.307248251765583,-0.717394376849097
0.306442031896174,-0.71709368670035
0.305557874466581,-0.716766961845785
0.304634664399301,-0.716424164141947
0.303665627488384,-0.716078353312585
0.302596052302155,-0.71570383778225
0.301484889566856,-0.715309668138883
0.30033376093249,-0.71491076645903
0.299115052573144,-0.714502016717214
0.297817510082933,-0.714060882979862
0.29650602931155,-0.713616295353911
0.295129675981484,-0.713162089236044
0.293679216304574,-0.712679697995241
0.292203149117555,-0.712184332685853
0.29069926601383,-0.711692720604861
0.289123923934683,-0.711178847533587
0.58235091951958,-0.83795908308321
0.582600378180592,-0.838246316819486
0.582774403929402,-0.838511693777965
0.582897861176099,-0.838751099266524
0.582990035116415,-0.838984296164966
0.583018418988108,-0.839204429337061
0.58299028023783,-0.839398572304672
0.582933001273106,-0.839582971859731
0.582809043454715,-0.839752698205894
0.582615545736601,-0.839889373715989
0.582393658314442,-0.840018942566291
0.582112388404279,-0.840134393958206
0.58176067966758,-0.840213244454345
0.581378484922853,-0.840278194778724
0.580935247376058,-0.840335093663405
0.580411299260288,-0.840363625733698
0.579847689621948,-0.840370020500393
0.579235214469267,-0.840365635594306
0.578546413807133,-0.84033504293475
0.577814623527132,-0.840282870281925
0.577030944622034,-0.840223467772039
0.576164962406237,-0.840135262482522
0.575245809787732,-0.840009177246727
0.574273978403529,-0.839864107937376
0.573244194688528,-0.839702779965721
0.890913998003536,-0.941161806597996
0.891828721358672,-0.941613794938205
0.892658079761037,-0.942039783955408
0.893437914166221,-0.942441273114787
0.894167610824143,-0.94282468181966
0.894836717484286,-0.943190776664625
0.895439063658052,-0.943516916061923
0.896006283599678,-0.943825921418432
0.896510098067917,-0.944117755249068
0.896951966680541,-0.94437861369668
0.897352586652207,-0.944618959946312
0.897700981589702,-0.94484178858585
0.897993446272295,-0.9450304293684
0.898247140194638,-0.945197847830346
0.898440261833445,-0.94534867653903
0.898583270426016,-0.945476363695743
0.898681188346312,-0.945576652895822
0.89872882411812,-0.945652584506677
0.898736228998781,-0.945704624420448
0.898697016698323,-0.945727427554586
0.898604173984723,-0.945723184045418
0.898478919672467,-0.945704531560847
0.898305747416891,-0.945667923909343
0.898071543530435,-0.945597921526856
0.89780490737573,-0.945498139496618
1.21749588948883,-1.0466064407012
1.21920422348987,-1.04711072523048
1.22086333558537,-1.04758705609014
1.22247396345347,-1.0480302064763
1.22401877961796,-1.04843729871762
1.22554917203508,-1.0488228988695
1.22700287024528,-1.0491779564035
1.2284187399676,-1.04951053528692
1.22979921900604,-1.04981183046836
1.23110889749901,-1.05006674572797
1.23238510185108,-1.05029198030553
1.23360100971479,-1.05048098786635
1.23475100673197,-1.05062979822077
1.23586813342834,-1.05074904745208
1.23693598615057,-1.05083363257887
1.2379644512198,-1.05088200017507
1.23892382326312,-1.05088975739212
1.23988406281925,-1.05085790702907
1.24072334232305,-1.05079415603783
1.24156172127222,-1.0506936310354
1.24235005059769,-1.05055918397739
1.2430928214438,-1.05039685112899
1.24378586055789,-1.05019809063164
1.24444019011004,-1.04996163802307
1.24505555607196,-1.04969190987625
1.56654983432401,-1.17727965623179
1.56912484921291,-1.17776084442816
1.57170682915588,-1.17821511123556
1.57422686582712,-1.17862676010547
1.57670118067736,-1.17900314468294
1.57912036916761,-1.1793408166569
1.5815429601592,-1.1796446348913
1.58388171156029,-1.17990588120634
1.58618840462069,-1.18012804549039
1.58847327889721,-1.180313811026
1.59071826776844,-1.18046156513211
1.59289107954035,-1.18056666446399
1.5950271740171,-1.1806297137289
1.59712757897819,-1.18065022933364
1.59917538114148,-1.18063258055613
1.60117434747367,-1.18057134760082
1.60313199118191,-1.18046269049576
1.60501999480817,-1.18030879805257
1.60684783977609,-1.18010925936267
1.60863472667598,-1.179872596499
1.61039092973067,-1.17959567675318
1.61207000438913,-1.17928688030057
1.61368250992051,-1.17893896110363
1.61526732037153,-1.17853528689187
1.61678814221151,-1.17809920187904
1.94012922329003,-1.27905339819642
1.94364172858115,-1.27920394435716
1.94712012858302,-1.27931809203745
1.95053695276591,-1.27939013352886
1.95385249415213,-1.27942926060811
1.957201620967,-1.27943762878198
1.96049146661582,-1.279413055755
1.96373777236589,-1.27935890798427
1.96692248362831,-1.27926462150384
1.97003198655123,-1.27913043670675
1.97319767019646,-1.27895887712717
1.97626668943508,-1.27876563989873
1.97925032641361,-1.27855029523647
1.98227980249807,-1.27828850404648
1.98522650694699,-1.27799363077708
1.9881773010126,-1.27765916043412
1.99101431650438,-1.27730205523023
1.99387161001078,-1.27691225944914
1.99668931748773,-1.27648555377074
1.99945791807696,-1.2760301358472
2.00219006438559,-1.27554048989927
2.00486548428688,-1.27501832225816
2.00746507089355,-1.27447406693906
2.010113735284,-1.27387969512613
2.01265464029753,-1.27327177471384
2.3547839343353,-1.44118943166407
2.35941886430701,-1.44160081727837
2.36407717554648,-1.44198875626572
2.36862523821348,-1.4423347000058
2.37313240414292,-1.44264362984145
2.37762785371906,-1.44291896567653
2.38204308123638,-1.44316643135973
2.38639416101888,-1.44338722213266
2.39074681027612,-1.44357814861188
2.39501250608379,-1.44373828498621
2.39919663060608,-1.44386269651543
2.40342505264929,-1.44396003674927
2.40747890115112,-1.44403394541591
2.41159076709699,-1.44408660093526
2.41558959679731,-1.44411473442385
2.41955321443358,-1.4441098521556
2.42347710235201,-1.44407589340741
2.42730272214041,-1.4440188743017
2.43111176326265,-1.4439328057966
2.43489029952,-1.44382405993327
2.43861817819636,-1.44369219012323
2.44228622314296,-1.44353853244689
2.44586388652976,-1.44335999290754
2.44942443356738,-1.44315237669212
2.45293785282217,-1.44291916468437
2.78797855673343,-1.56378328502888
2.79356574194396,-1.56428450598627
2.79904075724918,-1.56475908655207
2.80445168400925,-1.56521377718951
2.80992090050478,-1.56565185500473
2.81530837238108,-1.56605684246504
2.82061034337302,-1.56643612874871
2.82591583706699,-1.56679042134129
2.83127368623622,-1.56711203489122
2.83631668355352,-1.56738278543718
2.84155165990923,-1.56764207020932
2.84666975396805,-1.56787107637401
2.85166326606105,-1.56807224533373
2.85671825023775,-1.5682593926749
2.86164906418277,-1.56842140601364
2.86656612004605,-1.56856217451844
2.8714166632723,-1.56868234918709
2.87626184794965,-1.56877968787507
2.88099235419612,-1.56885326780364
2.88581305648061,-1.56890742391001
2.89046090656904,-1.56894114626436
2.89511719916635,-1.56895951984544
2.89974139477843,-1.56896301433771
2.90431172321646,-1.56894414465499
2.90885372668599,-1.56889715543447
3.25138850935336,-1.71189836406665
3.2579793201627,-1.7127412654995
3.26456671321888,-1.71357661258286
3.27108997942883,-1.71438518929243
3.27760648929107,-1.71517840823969
3.28401319905391,-1.71595535882805
3.29039645907579,-1.71672377388107
3.29673553573889,-1.71747705830789
3.30302628134414,-1.71821519901307
3.30929918270556,-1.71894133159433
3.31547998569765,-1.71964501587623
3.3216118708368,-1.72033325593971
3.32768669564542,-1.72100882836131
3.33372990389061,-1.72166989516359
3.33975104369239,-1.72231512405721
3.34570604565881,-1.72294156353077
3.35153917659885,-1.72354855831413
3.3573645774266,-1.72414716182107
3.36318405461425,-1.72473086825702
3.3688776169538,-1.72528659830037
3.37462150259886,-1.72583518378145
3.38024931750094,-1.72635861944783
3.38580380542265,-1.72685996176672
3.39133171542037,-1.72734573064167
3.39677497541283,-1.72781296970152
3.72295531433517,-1.87305036048444
3.73030609538393,-1.87440691453729
3.73779821941225,-1.87577657493004
3.74507681300606,-1.87708781449588
3.75240343592718,-1.87839169842063
3.75965091014394,-1.87967704015943
3.76679773522299,-1.88094296658163
3.77382255854632,-1.88218107083608
3.78095706521074,-1.88342598842474
3.78794289518432,-1.8846295214881
3.79489351285792,-1.88580897166355
3.80181003540644,-1.88696771078603
3.80857482617058,-1.88809289558597
3.81539609276309,-1.88922096976249
3.82215416494758,-1.89033287259638
3.82882566260045,-1.89141846024408
3.83544477261733,-1.89248651837528
3.84204555698017,-1.89354376319421
3.84860764873783,-1.89459458296397
3.85510738901282,-1.89563607543349
3.86153932302247,-1.89666194410479
3.86789102102975,-1.89767196800778
3.87422899112485,-1.8986800530469
3.88055795355154,-1.89968707853721
3.8867862369786,-1.90068296767752
4.20318802170213,-2.03575130313948
4.21130652551938,-2.03760130967575
4.2194347138456,-2.03945502748999
4.22741702970987,-2.04127643169496
4.23538008328103,-2.04309613074885
4.24335435615125,-2.04492046994831
4.25123060536004,-2.04673082714222
4.25907670907486,-2.04854401808438
4.26679351485249,-2.05033022303168
4.27449932634838,-2.05211980824383
4.28215211233469,-2.05390300735822
4.28982728601765,-2.05569563732076
4.2972698789207,-2.05744076996028
4.30490673289529,-2.05924175812871
4.312127576563,-2.06094833097632
4.3195682877826,-2.062715329747
4.3269347592467,-2.0644760887829
4.33415419813127,-2.06620745035952
4.34133293198957,-2.06793006254866
4.34842119125339,-2.06963997397591
4.35553073016616,-2.07137644094259
4.36255652430285,-2.07310630311506
4.36940995301064,-2.07479865874447
4.37626402247388,-2.07649464475715
4.38298302059529,-2.07817124030256
4.68563405267728,-2.1880194176533
4.69423123890575,-2.19043103851034
4.70267172018551,-2.19282401483072
4.71109554227148,-2.19523036806747
4.71942323423357,-2.19762378844886
4.72772551528177,-2.20001941574418
4.73578915045536,-2.20236110048595
4.74392706291289,-2.20474027008908
4.75197341057999,-2.20711410509257
4.75999864455596,-2.20949927924838
4.7679123134365,-2.21187006294228
4.77580120075213,-2.21424868096259
4.78359530541313,-2.21662041096407
4.79127506984767,-2.21898659988685
4.79891915155353,-2.22136735581394
4.80651807062888,-2.22376122397947
4.81410549051946,-2.22617689338653
4.82155579441776,-2.22857884682706
4.82902334612206,-2.2310147856538
4.83634149844159,-2.23343022671922
4.84369797336885,-2.23588838414838
4.85092909993769,-2.23833260430252
4.85808111417621,-2.2407834265016
4.86520391818655,-2.24326274166014
4.87228173936998,-2.2457646475744
5.17421074052488,-2.35204795977331
5.18297765783443,-2.35521020529915
5.19182274065736,-2.35843255009859
5.20053776163384,-2.36164480161373
5.20919791110341,-2.36487968710051
5.21783896757195,-2.36815066209251
5.22627353324904,-2.37138451058602
5.23469203909738,-2.37464482970105
5.24309223320448,-2.37793052311389
5.25139049178193,-2.38121424474593
5.25962169903252,-2.38451127414317
5.26774947813488,-2.38781363238731
5.27577251487697,-2.39112306649871
5.2839621980661,-2.39454304406586
5.29197925131589,-2.39792773682733
5.29971788005016,-2.40123506905624
5.30753859551471,-2.40461984228308
5.31523829413751,-2.40798616818965
5.32294405331407,-2.41139934478825
5.33048841100465,-2.41478709350448
5.33801646054842,-2.41821398145529
5.34547734232105,-2.42165385043709
5.35288380534577,-2.42511537272304
5.36018315340925,-2.42857885629686
5.36742076582345,-2.43205784683233
5.65815993768042,-2.49365241367431
5.66697667762509,-2.49749300236998
5.67582900535781,-2.50139216823373
5.68462883645587,-2.50530683489431
5.6933465891052,-2.5092177574277
5.70193053906876,-2.51309142219864
5.710524091882,-2.516984241154
5.71899244684977,-2.52085407076435
5.72741605006961,-2.52473963450278
5.73566825072885,-2.52859617971079
5.74388645578233,-2.53249232273673
5.75210556600581,-2.53643840649439
5.76001556909889,-2.54027642918541
5.76805974767563,-2.54420871277402
5.77601572099739,-2.54813035860477
5.78400093627848,-2.55210502738465
5.79175441713524,-2.55600803746946
5.79950810876591,-2.55995623191863
5.80730153407909,-2.56397572881063
5.81497155640207,-2.56797572970385
5.82261936144864,-2.57201261923658
5.83015462721304,-2.57604229385946
5.83765222299015,-2.58009761167682
5.84519241878859,-2.58421557652094
5.85250835459194,-2.58825342246472
6.1389776135405,-2.64515744730156
6.14802381191945,-2.64961746375764
6.15708044806207,-2.65413129280669
6.16613428669146,-2.65868906942759
6.17504298433443,-2.66322423470328
6.18389586216401,-2.66778048363065
6.19273660941977,-2.67237897437872
6.20139908253198,-2.67692888367352
6.21017344827617,-2.68157907682511
6.21873681851741,-2.68616022202646
6.22735817023631,-2.69081752175867
6.23586326594704,-2.69545748130512
6.24420479222051,-2.70006052870643
6.25267103880929,-2.70478841599789
6.2609827961087,-2.70947449454242
6.26921976261367,-2.71415433859429
6.277349486786,-2.71881544552329
6.2855037975027,-2.72354460396998
6.29358829120215,-2.72828691686283
6.30160132784407,-2.73303171533279
6.3094743020205,-2.73773976947419
6.31727747089376,-2.74245319209151
6.32501605471791,-2.7471664189539
6.33272233626324,-2.75189673576524
6.34033731458525,-2.75661777958016
6.62051845641172,-2.79698653205656
6.62975533305071,-2.8019311190233
6.63885447194586,-2.80683081848352
6.64803739524676,-2.81180532682539
6.65703709694701,-2.81671182628451
6.66597197576829,-2.82161743485603
6.6749007537035,-2.82654853898526
6.68384902095079,-2.83151561222964
6.69261632289423,-2.83640612228604
6.70135831202448,-2.84130974905666
6.71015495024011,-2.8462654218829
6.71882178923528,-2.85117241448526
6.72728757744634,-2.85598390197303
6.73592727840419,-2.86090855008934
6.7444387992848,-2.86577905141548
6.75289547271085,-2.87063266027455
6.7613440920509,-2.87548814122082
6.76972454838612,-2.88030809184754
6.77813832121141,-2.88514868821226
6.78638489071705,-2.88989272076587
6.79465766962371,-2.89465651578515
6.80299478367358,-2.89946049381131
6.81110587511182,-2.90413158013186
6.81929827796904,-2.90884516916919
6.82745446843215,-2.91353636886124
7.10696392838286,-2.97111701467583
7.11675559595615,-2.9760733488476
7.12656547378795,-2.9810294237185
7.13632271805595,-2.9859401207582
7.1459855325719,-2.9907873332796
7.15562586236464,-2.99561143888463
7.16537407554248,-3.00047581172362
7.17472399265336,-3.00512859213602
7.18427500281713,-3.00986050117011
7.19360558657136,-3.01446370431143
7.20309565076751,-3.0191252996886
7.21241270661451,-3.02368674289831
7.22155557172612,-3.02814526063202
7.23093456577669,-3.03270603464312
7.24010874804119,-3.03715506603167
7.24924500040532,-3.04156339472021
7.258397318872,-3.0459663166544
7.26749835817285,-3.05032997680017
7.27650938696416,-3.05463536956347
7.28551715384037,-3.05891591853947
7.29439912096021,-3.06311805957166
7.30338538678841,-3.06735590125391
7.31224324719138,-3.07151997858405
7.32110163915796,-3.07566453071725
7.32985530213541,-3.07973996200397
7.64002372637695,-3.1411560912763
7.65057621599322,-3.14550985323386
7.66137745772374,-3.14994377023137
7.67186799626651,-3.15423141240274
7.682424989853,-3.15853289283117
7.69300177018249,-3.16282430491634
7.70344041142435,-3.1670398588789
7.71393804847102,-3.17126242076562
7.72435399712037,-3.17543272663097
7.73465898853442,-3.17953275701653
7.74511216757281,-3.18366390593902
7.75538193077432,-3.18770088947132
7.76556026279192,-3.19168247561042
7.77582385275466,-3.1956689684609
7.78606550680532,-3.19961467322264
7.79621247402156,-3.20349430138165
7.8063259053673,-3.20733936891201
7.81627239380933,-3.21110206532555
7.82645510367441,-3.21492911597666
7.83642174191702,-3.21864681905187
7.8463095511111,-3.22230190108936
7.85624777617031,-3.22594784356547
7.86608255038067,-3.2295253086888
7.87590966879684,-3.23307442546515
7.88570993421493,-3.23658743764174
8.20735319054964,-3.3159998282268
8.21918908045172,-3.3199188321011
8.23085609211167,-3.32375286749648
8.24249997356543,-3.32754947007941
8.25409852605415,-3.3312954999596
8.26571292271689,-3.33500916813457
8.277311755893,-3.33867720337534
8.28874966381834,-3.34225255283181
8.30025319325236,-3.3458151889188
8.31164434972704,-3.34931256571049
8.32313738817207,-3.35280311227835
8.33444626549483,-3.35620374819018
8.34570807978857,-3.35955893697225
8.3571139259129,-3.36293197221315
8.36830135654989,-3.36620916570879
8.37948539872061,-3.369454529241
8.39062525966019,-3.37264780682092
8.40164251014293,-3.37578861423688
8.41265846938845,-3.3789117836411
8.42366702238392,-3.38200562052567
8.43454144364488,-3.38501020809602
8.44541197455322,-3.38798520262074
8.45611984192534,-3.39091482852029
8.46689525544061,-3.39386228077866
8.47742432298596,-3.39671178230136
8.78447342025097,-3.49231694103393
8.79696821572639,-3.49572306441078
8.80946939369164,-3.49912030643193
8.82157239565294,-3.50240491246499
8.83384700167364,-3.50573609173202
8.84609254882422,-3.50905139715776
8.85822958025902,-3.51231120113154
8.8704178553789,-3.51557073356614
8.88256929309427,-3.51881623674347
8.89461365730739,-3.52203582924882
8.90676565102032,-3.52527051882474
8.91870612899708,-3.52844398980486
8.9305779571738,-3.5315931442967
8.94262883902252,-3.53477816883557
8.95455409339831,-3.53791708108509
8.96639345043259,-3.54102618607018
8.97821336416667,-3.54412053908958
8.99002267288842,-3.54719547092574
9.00175416635495,-3.55023448133362
9.01348366396291,-3.55325553544711
9.02514835170611,-3.55624581437388
9.03676257075836,-3.55919849082796
9.04825246632387,-3.5621122963592
9.05980558751114,-3.56502880320829
9.07128252251916,-3.56790035902034
9.3860620711475,-3.68385870062672
9.39952336687978,-3.68742622947712
9.41274143753596,-3.6909192114386
9.42615388337446,-3.69444300197319
9.43927227437648,-3.69786856775773
9.45271295449163,-3.70135150584942
9.46558981537365,-3.70466491585815
9.47865401658051,-3.70799656260551
9.49159714909079,-3.711275209832
9.5044928527045,-3.71452242115419
9.51762084211723,-3.71781078286567
9.53025045970421,-3.72094824148321
9.54286402737496,-3.7240524059872
9.5557443558036,-3.72720643555086
9.568407964025,-3.73028309800118
9.58097549700283,-3.73330514660022
9.59359024547819,-3.73630552893914
9.60604910149265,-3.73923905592119
9.61846534398193,-3.74214043738767
9.63081320892944,-3.7450017676541
9.6431487437734,-3.7478295696143
9.65557077950417,-3.75064430919267
9.66781577204644,-3.7533914924808
9.68003207342909,-3.75611292367399
9.69213553336236,-3.75877065430821
10.0424040997503,-3.87291251957848
10.056570059969,-3.8761797926335
10.0708737224572,-3.87944549265173
10.0850748883113,-3.88264806063092
10.0992527878918,-3.88580834328536
10.1134289474601,-3.88894089395488
10.1275441220501,-3.89202715747098
10.141373644072,-3.89501674658933
10.1556308856058,-3.89805635334518
10.1695260984988,-3.90098250742383
10.1834229067751,-3.90386104965915
10.1973762209277,-3.90671870912412
10.2111346063043,-3.90950680433008
10.2249992536336,-3.91228223444871
10.2388064198521,-3.91500359505074
10.252455946792,-3.91766205495567
10.2662416459499,-3.92031850474819
10.2798575172812,-3.92289857268359
10.2935393953007,-3.92545562105506
10.3071224972881,-3.92795414887214
10.3206410064841,-3.93040372439563
10.3341315577135,-3.93280637685515
10.3474814155577,-3.93516001532521
10.360974212462,-3.93750815639818
10.3742420328756,-3.9397750740625
10.7147835394359,-4.07492579266075
10.7301099666092,-4.07798385599229
10.7454629648559,-4.08101273746972
10.7606976127373,-4.0839710598963
10.7756489628213,-4.08683632765403
10.79095763315,-4.08973978059177
10.8060196930941,-4.09256072528181
10.8211196617008,-4.09535842548281
10.8360473550657,-4.09810599956644
10.8509827811063,-4.10084419857171
10.8658277706741,-4.10355540329971
10.8805664732402,-4.1062266377733
10.8953173399485,-4.10887564503161
10.9100632703222,-4.11149226565838
10.9247880794656,-4.11408627693246
10.9394040458184,-4.11663652224268
10.9539197831957,-4.11915090573117
10.9685584483905,-4.12167435470986
10.9830645424508,-4.12415552388497
10.9973635866212,-4.1265833624318
11.0117637759476,-4.12901309732941
11.0261639941943,-4.13143364144175
11.0403805493671,-4.13382045709883
11.0545210686126,-4.13619864029506
11.0686960321088,-4.1385864583621
11.4091999394033,-4.3026735823248
11.4253411404515,-4.30607021902284
11.4411964730123,-4.3094041330951
11.4572412206274,-4.31277557126067
11.4730172020846,-4.31609816733832
11.4889004621541,-4.31945703697161
11.5044344187526,-4.32275115374261
11.5200534861718,-4.32608099967637
11.5355728159746,-4.32940910895666
11.551087361217,-4.33275571136394
11.5667635048987,-4.33615759605701
11.5821762588572,-4.33952874591481
11.5971854277952,-4.34284302927877
11.6124906673226,-4.34625632648626
11.6276920725798,-4.34967422158259
11.6429484514364,-4.35311527711025
11.6578601800241,-4.3564804850919
11.6727073784319,-4.35984138490294
11.6874970152723,-4.3632317554825
11.7022433177757,-4.36666684769281
11.7169330447375,-4.37011923381941
11.7314150418866,-4.37355094789578
11.7457324226178,-4.37697755397531
11.7601381161752,-4.38044804561252
11.7744872171213,-4.38392648780619
12.1004184536951,-4.49820676219407
12.1164749277629,-4.50238369521594
12.1324870129799,-4.5065842501553
12.1484718905761,-4.51082121100385
12.1641998437359,-4.5150359616897
12.1800670374528,-4.51932541483317
12.1957822755495,-4.52360328071657
12.2112312471643,-4.52784027859357
12.2267082162894,-4.53212498959793
12.2421375947297,-4.53643647747451
12.2574362364027,-4.54074374388427
12.2728764898752,-4.54512666646254
12.2880861263023,-4.54948242915266
12.3031579392438,-4.55383650620999
12.3184568036803,-4.55830274401537
12.3336094431199,-4.56276959905
12.348333580304,-4.56714082652322
12.3631785515097,-4.5715785759338
12.3780099752836,-4.5760499366753
12.3927188421262,-4.58051144785839
12.4072864911613,-4.5849503568025
12.4220671289728,-4.58949237052424
12.4365939020336,-4.59399293947536
12.4510413035168,-4.59850306783431
12.4654664293829,-4.603045362586
12.8019042505168,-4.69510745360718
12.8184026777095,-4.7002638997258
12.8344953482048,-4.70532060373722
12.8506315701066,-4.71041473064299
12.8667271504473,-4.71552038937544
12.8824683638881,-4.72053918710938
12.8982889297493,-4.72560950775111
12.9142808143907,-4.73076716591963
12.9298134353318,-4.73580746070991
12.9454925783521,-4.74093425484972
12.9609158827247,-4.7460074577468
12.9762628963373,-4.75108912786892
12.9915302963761,-4.75617280102269
13.006840987621,-4.76129339129566
13.0217641595464,-4.76631660714858
13.0367274847222,-4.77138700636873
13.0515554596236,-4.77644899856379
13.0662750957245,-4.78151090676709
13.0809957880066,-4.78660665126299
13.0955290844972,-4.79167460250362
13.1100363478815,-4.79677373832995
13.1244690016415,-4.80188229202491
13.1386629905889,-4.80693625912341
13.1529206791708,-4.81204616190895
13.1670143740833,-4.81713934372597
13.4851560886732,-4.8774765633285
13.5010710531183,-4.88291918716948
13.5168862062111,-4.88835708727974
13.5326861568134,-4.89382968017556
13.5482443100486,-4.8992621750699
13.5640268887288,-4.90480864115018
13.579277187951,-4.91019910883296
13.5944930349226,-4.91561241291794
13.6095628229957,-4.92100857130341
13.6246984217118,-4.92646256084469
13.6398321615672,-4.93195753913353
13.6548389484453,-4.93745322402426
13.6699171641125,-4.94301768892392
13.6845247869456,-4.94845555120307
13.6991808875114,-4.95395389147087
13.7138769374043,-4.95950062824746
13.7284657429919,-4.96503689827082
13.7427644675752,-4.9705052767522
13.7573933629436,-4.97615212020442
13.7716564607664,-4.98170267554867
13.7860284242581,-4.98733603127849
13.7999409156388,-4.99282659355327
13.8140930102167,-4.9984479155117
13.8279791278077,-5.00400187201601
13.8420118675018,-5.0096598576889
14.1730761799628,-5.0271991426198
14.1890540844838,-5.03294535338714
14.2045285862684,-5.03855386744166
14.2202901401598,-5.04432039080138
14.2357260632716,-5.05000385333963
14.2512637572525,-5.05574661863844
14.266515875862,-5.06141107812516
14.2817931375277,-5.06711175087543
14.2970625508275,-5.07283986092567
14.3120349816885,-5.07849367873968
14.3272082294078,-5.08425726161041
14.3420899513791,-5.08995135780103
14.3568413440302,-5.09562919577942
14.3716595706277,-5.10136232273933
14.3861163743834,-5.10697603670841
14.4005303048682,-5.11259453867163
14.4151363094124,-5.11831685112334
14.4293856495567,-5.12392641801166
14.4436453314246,-5.12955991276848
14.4576911029258,-5.13512638887887
14.4718044581662,-5.14074659560949
14.4858656349046,-5.14638485714709
14.4993717310467,-5.151835535102
14.5132040952357,-5.15743630726386
14.5267901243695,-5.16295700187611
14.8695719305475,-5.17746523347368
14.8849694404805,-5.18297613119949
14.900542038644,-5.18856657519427
14.9156977449069,-5.19402815947703
14.9306741739238,-5.19944285874319
14.9458298540054,-5.20494693443491
14.9607652696899,-5.21040218236697
14.9755093364002,-5.21581346517841
14.9902198206339,-5.22123857297493
15.0047917910727,-5.22662896423508
15.0192161368835,-5.23198994059624
15.0337626081132,-5.23742580023844
15.048282943375,-5.24287618535589
15.0625644638077,-5.24826319504697
15.076574003666,-5.25357570318166
15.0907246726343,-5.25897087271382
15.104659615928,-5.26431382049094
15.1185803160024,-5.26967371132387
15.1324662589937,-5.27504539955954
15.1462240642296,-5.28039927806344
15.1599772580526,-5.2857919199411
15.1735672670909,-5.29114966675168
15.1871922284644,-5.29654031981228
15.2006374549186,-5.30188908630199
15.213985643027,-5.30722408697573
15.5719586794197,-5.29524424577751
15.5873105341287,-5.30042658103471
15.6027341494042,-5.30566333004283
15.6182144764777,-5.31094590419471
15.6332166473722,-5.3160924657769
15.648339196302,-5.32130285316674
15.6632606132429,-5.32646054493363
15.6780574606037,-5.33158988078999
15.692929652798,-5.33676732485716
15.7076116217663,-5.34189863793355
15.722396715293,-5.34708696992426
15.7367459876447,-5.35214850217686
15.7510314346592,-5.3572115715428
15.765476507653,-5.36235724685884
15.7793327464837,-5.36731319318775
15.7934673428602,-5.37239414187606
15.8074034201618,-5.37742791501558
15.8211525302821,-5.38241399530452
15.8346540976772,-5.38733112928504
15.8482205964122,-5.3922980988933
15.8615869820711,-5.39722277197325
15.8748816912543,-5.4021466039341
15.8880969067211,-5.40706549472281
15.9012062990617,-5.41196869900586
15.9140808108206,-5.41680257002031
16.2790831255183,-5.3798600734819
16.2941459287133,-5.38442420992178
16.3090576818428,-5.38896727553548
16.3237796620479,-5.39347279565409
16.3386399980165,-5.39803738979322
16.3533245812822,-5.40256710782903
16.3679828227353,-5.40710424916476
16.382410626595,-5.4115851036922
16.3968996238056,-5.41611171534177
16.410961348202,-5.42053096347481
16.4252590165978,-5.42503975099834
16.439288507207,-5.42948299966579
16.4534757670299,-5.4339981021362
16.467187403375,-5.43838335285755
16.4810780986312,-5.44284688100438
16.4944886038983,-5.44717783231759
16.5083866317547,-5.45170278689244
16.5216783932097,-5.45607203962468
16.5350562539584,-5.46050035025187
16.5482969432025,-5.46491058041302
16.5615834080498,-5.46936115324232
16.5748320987891,-5.47382202788396
16.587682339937,-5.47817443166364
16.6005492377852,-5.48256656603687
16.6132877047026,-5.48694358209402
16.9835414546526,-5.43010822445028
16.9983626580309,-5.4340796328669
17.0130328924637,-5.4380264192945
17.0276234983571,-5.44198138667701
17.0422546414145,-5.44598700767131
17.0568085652814,-5.45000099093435
17.071074385082,-5.45396448639973
17.0853579489761,-5.45796405617598
17.099460556537,-5.46194183930022
17.1134250561429,-5.46591273283295
17.1277132244487,-5.47001821469217
17.1414506164735,-5.47400402586738
17.1552593290342,-5.4780387314695
17.1685838182073,-5.48196390193599
17.1821172260305,-5.48598396906202
17.1955040260994,-5.49000125444438
17.2088408447234,-5.49403919789671
17.221971816272,-5.49804573276988
17.2349813540207,-5.50203838727169
17.2479575963358,-5.5060425814224
17.2607941989815,-5.51003994800878
17.27343037019,-5.51401073783507
17.2859758566142,-5.51798624386814
17.298636712616,-5.52202957609658
17.3110049195743,-5.52600531574872
17.6745546828678,-5.44491978385615
17.6888856082378,-5.4483020775378
17.7032184397829,-5.45170691537213
17.7174065615756,-5.45510308112464
17.731585696796,-5.45852901257147
17.7457068800748,-5.46197270547386
17.7595926595746,-5.46538970066356
17.7732291850543,-5.46875578130039
17.7871967870953,-5.47220464969504
17.8008197895777,-5.47557290539578
17.8145230891418,-5.47897090676485
17.8280045268411,-5.48233441805319
17.8413355701784,-5.48568220177307
17.8547925214042,-5.48907263860443
17.8678843419231,-5.49237902695138
17.8811784816923,-5.49574967799851
17.8941836748166,-5.49906512581133
17.9072908903606,-5.50242408185429
17.9202156843874,-5.505756816862
17.9329417295313,-5.50905664495173
17.9456099231481,-5.51235639114533
17.9582934427399,-5.51567423811643
17.9707556664923,-5.51895232135038
17.9832534605943,-5.52224906029858
17.995462651857,-5.52547846833345
18.3643793585946,-5.45909369729417
18.3788735603124,-5.4618650779312
18.3933061379935,-5.46463418585209
18.4075350553106,-5.46737098328594
18.4217324747676,-5.47010864917162
18.4356624366574,-5.47279762200003
18.4493692691603,-5.47545051437095
18.4629369239065,-5.4780773739582
18.4768923419327,-5.48078086466044
18.4904164883575,-5.48339812815606
18.5037150500952,-5.4859776038522
18.5171899907542,-5.48859995673831
18.5299656837919,-5.49108609338834
18.5434374404629,-5.49371214341156
18.5565679873025,-5.49627520530644
18.5695845483157,-5.4988203319125
18.5824923956538,-5.50135226319712
18.595233369666,-5.50386021112274
18.6079919448349,-5.50637635260183
18.6203383696761,-5.50881901272645
18.6328612532521,-5.5113004659204
18.6452542051141,-5.51376617464042
18.6575028106681,-5.51622171844723
18.6696502804905,-5.51867329278744
18.6816689476145,-5.52111405216959
19.0535945526514,-5.42862088414485
19.067602807343,-5.43036161093916
19.0818006866833,-5.43212623141471
19.0957383802584,-5.43385929116716
19.1094334674152,-5.43557137803678
19.1232428829575,-5.4373026609846
19.1367992652258,-5.43900312941253
19.1498617573637,-5.44063459023514
19.1637134171131,-5.4423733309421
19.1765466911346,-5.44398791046975
19.1902410339558,-5.44570661443005
19.2034034645118,-5.44737210741918
19.216001382742,-5.44897784212118
19.228905088198,-5.45063270539184
19.2418080252259,-5.45229837844788
19.25479144317,-5.45398640528591
19.2674010716499,-5.45563275444657
19.2795092932803,-5.45721566160793
19.2922574146394,-5.4588940485318
19.30455222388,-5.46052310911745
19.3169011347273,-5.46216768133968
19.3289028284496,-5.46378098400905
19.340845149327,-5.46540821990292
19.352853614819,-5.46706296056311
19.3642957873875,-5.46864838147641
19.7438365916527,-5.38652021281105
19.7577059523841,-5.3875282462183
19.7710975535256,-5.38850989210158
19.7852759722854,-5.38956264071043
19.7987635671804,-5.39057032195938
19.811942532032,-5.39155724146488
19.825435813402,-5.39257010582149
19.8387073413438,-5.39357293609097
19.8519233029005,-5.39457299288694
19.8648920427979,-5.39554402476939
19.8781643486891,-5.39654136557819
19.8909573287659,-5.3975051234309
19.9033088078738,-5.39844222858819
19.9162947343651,-5.39943507242349
19.9289432572282,-5.40041498470253
19.9411275630656,-5.40136949710984
19.9533284942405,-5.40231916059807
19.9654477605894,-5.40325861570164
19.9773128015084,-5.40419443921073
19.9889894578503,-5.40512972579157
20.0010867758867,-5.40610028319242
20.0127968876817,-5.40704998170333
20.0239941085935,-5.4079692413923
20.0357999052177,-5.40894769037595
20.0472092681676,-5.40991314008577
20.4055249111123,-5.29597276197591
20.4191206385939,-5.29615020835485
20.4325883402381,-5.29632276954698
20.4457324758006,-5.29650897286952
20.4583683948255,-5.29669918736989
20.4719007833527,-5.29690074104568
20.4848927252617,-5.29709529517211
20.4972027142816,-5.2972920640849
20.5104432918203,-5.29751869136388
20.5230499711913,-5.2977517019504
20.5357633357729,-5.29799979691683
20.5482527978568,-5.29824907074974
20.5602586952767,-5.29849857263521
20.5728898565288,-5.29879206281177
20.5851324308265,-5.29909735498325
20.5974404190775,-5.29940935265421
20.6096253163719,-5.29973076992853
20.6211965087042,-5.30004765001581
20.6331725620632,-5.30038574225904
20.6449091804568,-5.30073318364745
20.6567473441502,-5.30110320943132
20.6684052674478,-5.30148774835675
20.6802785483084,-5.3019029393578
20.6917871036965,-5.30231946816833
20.7028969622253,-5.30273031677004
21.0809978398492,-5.17365549932856
21.0946809142405,-5.17321188405612
21.1082640145493,-5.17278830750741
21.1217820502951,-5.17238339757952
21.135052000228,-5.17198471604052
21.1482030369906,-5.17158567684651
21.1612957088888,-5.1711995732351
21.1744766200678,-5.17082623618347
21.1874015186668,-5.17047065885221
21.2002524737573,-5.17012142551528
21.2129258360575,-5.16977642617013
21.2256455654879,-5.16942811363317
21.2378755335814,-5.16909624746041
21.2506841916903,-5.16874625582817
21.2630503453638,-5.16841321954647
21.2755096832874,-5.16808724049244
21.2874871385282,-5.16777676544528
21.2993502623525,-5.16746474827116
21.3115186852421,-5.16714527689358
21.3232459556738,-5.16683596634222
21.334927516967,-5.16652217228753
21.3470061452524,-5.16618899807171
21.358105831222,-5.16588024570011
21.3698388011715,-5.16554675922496
21.3811607261812,-5.1652177266834
21.7498091679643,-5.03864531077278
21.7634209304274,-5.03745260605002
21.7767054677668,-5.03628102618522
21.7898470320606,-5.03510903276257
21.8025136213206,-5.03396854783184
21.8158223773141,-5.03276362070177
21.8286708237298,-5.03159276747313
21.84105081924,-5.03045671002868
21.8539757767453,-5.02927054242955
21.8661587627362,-5.02815191078396
21.8789010625873,-5.02697770010177
21.8910423749631,-5.02587018101349
21.9029777330062,-5.02479676520175
21.9150583208405,-5.02371268495753
21.9269884966561,-5.02263764701398
21.9390906057192,-5.02155538806268
21.9527949999488,-5.02035144881765
21.9627043488804,-5.0194866368144
21.9744209777161,-5.01846879903653
21.985869605903,-5.01747889741583
21.9973189074932,-5.01649765528527
22.0088510802706,-5.01552075535014
22.0199129386271,-5.01459555966897
22.0312041219546,-5.01367039353632
22.042097306039,-5.01279410214937
22.4058860384299,-4.86846964747303
22.4190764782344,-4.8666217769889
22.4319413485017,-4.86481653448856
22.4451965879308,-4.86296166368365
22.4581675498516,-4.86115381797764
22.4710538950399,-4.85936662244111
22.4833732012701,-4.85766324602911
22.4960675728638,-4.85591852524665
22.5085585758927,-4.85421087191256
22.52102759131,-4.85251958312147
22.533583153416,-4.85081816085993
22.545874568745,-4.849149237855
22.5576687443742,-4.84754738507039
22.5699726549692,-4.84587942588674
22.5818795263795,-4.84426345646164
22.5935870413571,-4.84266482438417
22.6070946997172,-4.84081960164686
22.6170131215121,-4.83946093006302
22.6287696771137,-4.83784249794647
22.6402659865745,-4.8362589339368
22.6517003722657,-4.83468352565523
22.6629510736572,-4.83313037831786
22.6740473169551,-4.83159662083615
22.6851611022257,-4.83005895174521
22.6961927791155,-4.82852581804824
23.0570398191087,-4.67454292115501
23.069773867344,-4.67205237955857
23.0830880734985,-4.66943683834359
23.0958720003317,-4.66691851479124
23.1084564321742,-4.66443792935472
23.1211965153371,-4.66191936106805
23.1337388679391,-4.65942534076729
23.1460620021806,-4.65696464356538
23.158452669833,-4.65448761124165
23.1705263686778,-4.65208057132854
23.182781473333,-4.64963407152216
23.1947252174894,-4.64724275016057
23.2066129590327,-4.64486196896325
23.2185700364093,-4.64247538865647
23.2305603508977,-4.64009848834095
23.2422962828693,-4.63777695699222
23.2538615383334,-4.63548885329144
23.2652764627258,-4.63323322468182
23.2767750959406,-4.63097102610319
23.288290899596,-4.62871441085297
23.299709331243,-4.62648211024799
23.3109341213217,-4.62429462231681
23.3222522176391,-4.62209990307732
23.333335020947,-4.61995828911594
23.3442401386323,-4.6178504468888
23.7034459581882,-4.45702578954208
23.7165195757917,-4.45387036040948
23.7296511802979,-4.450692849455
23.7425884715324,-4.44755144289895
23.7555160449706,-4.44440710801748
23.7682446031653,-4.44130248281386
23.7804721204702,-4.43830826714421
23.793413845109,-4.43513820097083
23.8055555106257,-4.43217118926163
23.8181203160914,-4.42910603227692
23.8306391259507,-4.42604733357449
23.8427569073859,-4.42307343350236
23.8548496464792,-4.42009526068435
23.8669397896599,-4.41711646779866
23.8786777749812,-4.41422359700952
23.8906256996112,-4.41127916871881
23.9020118017971,-4.40846758035395
23.9139999397892,-4.40549778928689
23.9254611164796,-4.40264941062025
23.9369276290241,-4.39979618271055
23.9481050925554,-4.39701213053275
23.9596269463753,-4.39414111219776
23.9708237550227,-4.391346024834
23.9819064927883,-4.38857579206586
23.9928564296921,-4.38583968563878
24.3376498875968,-4.19376883102509
24.3505530678906,-4.1898306646739
24.3633551571062,-4.18592541601345
24.3760430630403,-4.18204598206329
24.3888534341114,-4.17812486726063
24.4011545365103,-4.17435258576117
24.4134453622014,-4.17058083401724
24.426022141445,-4.16672222050588
24.4382274954683,-4.16298537185379
24.4500860803121,-4.15936188376514
24.4624893364131,-4.15557283797784
24.4743635035242,-4.15193930089466
24.4859176119274,-4.14839388460078
24.4981290905404,-4.14465401738412
24.5095783732032,-4.14116162052571
24.521243114368,-4.13760973470421
24.5323639926873,-4.13422540785952
24.5438977083215,-4.13071673035013
24.5553488225295,-4.12723853264377
24.566551968154,-4.12384260081418
24.5778313998767,-4.12042903406455
24.588864038421,-4.11709248632451
24.5998554265734,-4.11377287607454
24.6108699723589,-4.11045231212487
24.6217212294881,-4.10718850980587
24.9589384488134,-3.95082560653351
24.9718428479398,-3.94655648367374
24.9844754863129,-3.94237044818195
24.9971456862103,-3.93816427484057
25.0097213741587,-3.93397830456333
25.0222813096767,-3.92978140625506
25.0344771175479,-3.92571159019441
25.0467737262908,-3.92161624990676
25.0592492703252,-3.91745891372597
25.0713311704952,-3.913427240495
25.0835079755396,-3.90936351191647
25.0958117862421,-3.90526312997873
25.1075389219798,-3.90135165897971
25.1193747846774,-3.8974044819813
25.131438828886,-3.89338665438186
25.1433788083514,-3.8894105207306
25.1549518565765,-3.88556367042623
25.1663789053819,-3.8817706066037
25.1781611875226,-3.87786311551551
25.1896136865424,-3.87406909550767
25.2006692909581,-3.87041057998519
25.2120190336845,-3.86666266410496
25.223035464962,-3.8630330987341
25.2343236000973,-3.85932374407495
25.2453590705475,-3.85571442681926
25.5816318569528,-3.69749637343224
25.5948082339352,-3.69284619783915
25.6076640430806,-3.68831182563214
25.6205965657266,-3.68375732925212
25.6330445269111,-3.67937959498331
25.6457275212335,-3.67491875654094
25.6582667361484,-3.67051449250327
25.6706302058888,-3.66618269261264
25.6830273397146,-3.66184328616793
25.695226714562,-3.65757648739667
25.7074049961075,-3.6533142996483
25.7195964160897,-3.6490429422575
25.7314011065177,-3.64490273163829
25.743364926426,-3.6407180573942
25.7551936482859,-3.63658591145187
25.7670737897042,-3.63242693796518
25.7786528455166,-3.62836723207095
25.7898278122814,-3.62446011384721
25.8013869235249,-3.62042528611439
25.812663353356,-3.61649064861416
25.8239356364474,-3.61256126778766
25.835462516641,-3.60855183742589
25.8466418808639,-3.6046659927088
25.8574974826465,-3.60089328252894
25.8682519287143,-3.59715838544478
26.2029652033006,-3.39914721489457
26.2158928854774,-3.39409064000754
26.228890004148,-3.38901265522038
26.2416483199337,-3.38402761280137
26.254337732699,-3.37906606508215
26.2669584015309,-3.37412732768452
26.2794096918595,-3.36925069946649
26.2916798018617,-3.36444882722828
26.3042939763394,-3.35951700092672
26.3166275707846,-3.3546987331
26.3288342692292,-3.34993481668004
26.3409665071802,-3.34520013777485
26.3528545872423,-3.34056629362066
26.3648333070005,-3.33589837749289
26.3767575254486,-3.33125317939133
26.3886111557702,-3.32664699149421
26.4003162950184,-3.32210879394464
26.4120120741137,-3.31758117602051
26.4236759420782,-3.3130656722931
26.4351157902386,-3.30864154809529
26.4464073073509,-3.30428736611431
26.4580739091917,-3.29980401929423
26.4693276627748,-3.29548895771391
26.4805902817772,-3.29118367989397
26.491645793181,-3.28697700810771
26.8055315249989,-3.1081610561976
26.8189874291903,-3.10263696860191
26.8320830580245,-3.09726660633305
26.844934831351,-3.09200840629058
26.8577589489936,-3.08676966659386
26.8706344491377,-3.08151538485289
26.8833699144894,-3.07633042463472
26.8958786331095,-3.07124752904938
26.9086289883837,-3.06607971337123
26.9208416041519,-3.06113732702679
26.9335863367863,-3.05597692538632
26.9460975520951,-3.05090650599881
26.9580494714459,-3.04606160911394
26.9705048754801,-3.04102342060342
26.9827478721511,-3.03607716567932
26.9949597759968,-3.03114760760365
27.0069849956049,-3.02629856697835
27.0185557613234,-3.02163409004069
27.030630289819,-3.01677289751959
27.042367752185,-3.01205394022126
27.0541691910489,-3.00730940813283
27.0658100163732,-3.00263519603861
27.0773428816216,-2.99801418442386
27.0886535320308,-2.99349451440492
27.0998853770281,-2.98902238886836
27.4025840008895,-2.7943982636517
27.4157310216144,-2.78867231069052
27.4287764413111,-2.782997000001
27.4418229225571,-2.77733442086451
27.4545749509056,-2.77181185931272
27.4676186268197,-2.76617356956456
27.4799437231444,-2.76086912330211
27.4928219058279,-2.7553535113112
27.5053248229755,-2.75001256641381
27.5178362569558,-2.74467831989192
27.530614767207,-2.73923645364049
27.5430400331066,-2.73396175705295
27.5554268446588,-2.7287218604986
27.5677084502549,-2.72354293300376
27.5799212392329,-2.71841023468628
27.5922129843711,-2.71327425626933
27.6043210412577,-2.70825083691623
27.6163505041325,-2.70328261782053
27.6284009423505,-2.69831131832695
27.6402199178417,-2.69344556962086
27.6524176687072,-2.68842237302329
27.6640944683616,-2.68361637046519
27.6759308370031,-2.67875319171604
27.6873444051768,-2.67408755660398
27.6990614428499,-2.66931724964831
28.0009107275429,-2.46967120145831
28.0143640068756,-2.46368055768281
28.0275021022784,-2.45784197173237
28.0411706313726,-2.45176092284369
28.0541579432485,-2.44597580743258
28.0672708152935,-2.44014087328683
28.0802600571905,-2.43437119701952
28.0931337546639,-2.42866529223994
28.1057722607615,-2.42307549087628
28.1187519791814,-2.41734575240604
28.1315142695829,-2.41172217607602
28.1440892352761,-2.40618997364253
28.1567376717505,-2.40063587405176
28.1691931873728,-2.3951817185464
28.1816701512305,-2.38973600378701
28.194193339724,-2.38428628519617
28.2064865763151,-2.3789483668799
28.2185986775614,-2.37370086260123
28.2306090985848,-2.36850710711586
28.2426881166397,-2.36330373796475
28.254931582978,-2.35805890438432
28.2670520532497,-2.35288786080913
28.2789562460621,-2.34782798550661
28.2910981737911,-2.34268035651709
28.3029808796486,-2.3376530504925
28.5775890628451,-2.11831837919483
28.5911898814728,-2.11191579270462
28.6048597167892,-2.10550337375076
28.6183372950123,-2.0991962271592
28.6317644669574,-2.09292447974819
28.645228177193,-2.08665910343328
28.658395397832,-2.08055227042686
28.6717891240208,-2.07436449021804
28.6849735741984,-2.06829206908929
28.698180250584,-2.06223095711663
28.7112510437134,-2.05625678662438
28.7241592858319,-2.05036104879598
28.7371868340973,-2.04440975797269
28.7501378334046,-2.03850621293352
28.7629193363158,-2.03268688212576
28.7756402710227,-2.02688965971927
28.7883057008392,-2.02112807186181
28.8008865414089,-2.01541491135459
28.8133626927172,-2.00975273125167
28.8257254034805,-2.00414831928751
28.8384193370681,-1.99840331052869
28.8506777197938,-1.99286873131077
28.862936085918,-1.98735230089095
28.8753417766695,-1.98179546000183
28.8873811014056,-1.97642129093343
29.1569576912213,-1.8011953881521
29.17100506923,-1.79457971518219
29.1846440784114,-1.78818125833547
29.1983114015301,-1.78178909104892
29.211923095488,-1.77545805034922
29.2255682833211,-1.76914883773957
29.2390642270641,-1.7629381627721
29.2524027213071,-1.75682365669477
29.2661252460192,-1.75056394241626
29.2792519287276,-1.7446055463568
29.2928668613393,-1.73844964272894
29.3062163866211,-1.73243022618007
29.3199262042396,-1.72626868442208
29.3330046585756,-1.72041464049525
29.3462761022492,-1.7145019138005
29.3597238085286,-1.7085534011667
29.372802461528,-1.70280621461396
29.3858142957111,-1.69711417411633
29.3988621944463,-1.69142787724657
29.4114887317978,-1.68595802236476
29.4247971208664,-1.68022920231895
29.4376378855184,-1.67474665013301
29.4504692950201,-1.66930878620418
29.4633087682507,-1.66389456524635
29.4760395318541,-1.65855418485724
29.7314154467678,-1.46153148510508
29.745896296646,-1.45488944239368
29.7601064933149,-1.4483838809602
29.7742765162611,-1.44191595530561
29.7881948438769,-1.43559880897645
29.802400149196,-1.42919556647255
29.8165548852141,-1.42284886043039
29.830843996113,-1.41646416898356
29.8444885323165,-1.41038788941383
29.8583348079059,-1.40423651507316
29.8723423826246,-1.39803723435008
29.8859306228908,-1.39204695079933
29.8999807738024,-1.38587107183748
29.9139008364731,-1.3797868253709
29.9276274766348,-1.37382670776236
29.9412929010338,-1.36792902381042
29.9551459275543,-1.36198149907656
29.9687526117356,-1.35615975859203
29.982258032031,-1.35039907211235
29.9956493363746,-1.34469987194899
30.0093200818001,-1.33889239112292
30.0227295026968,-1.33322015793345
30.0361021528801,-1.3275893214945
30.0494134134084,-1.32200893668063
30.0627677412151,-1.31644783502862
30.2881017444454,-1.11900820883081
30.3025960317893,-1.11237008744884
30.3171285547864,-1.10573208552395
30.3316283291644,-1.09912610384125
30.3458397181063,-1.09265903253718
30.3601338772918,-1.0861557248718
30.3744657440771,-1.07965849225719
30.3885410897888,-1.07331820337936
30.4026160227164,-1.06701801336641
30.4167542867653,-1.06073451191047
30.4309875411718,-1.05444191419227
30.4450836626851,-1.04823581608095
30.4590035875082,-1.0421397340386
30.4730218615182,-1.03603696420618
30.4870105920191,-1.02998170914032
30.500551366563,-1.02414026793867
30.5144652780877,-1.01816061551996
30.5282515737634,-1.01226186969193
30.5419439551041,-1.00643800269159
30.5555761525685,-1.00066517251469
30.5691454004011,-0.99494920388996
30.5830561865614,-0.989119059672878
30.5962794528287,-0.983602790419545
30.6099839319966,-0.977911277586219
30.6235758941458,-0.972291316575821
30.8493248603682,-0.799788037256456
30.8641279129179,-0.793187964377832
30.8789170865639,-0.786612992710461
30.8938485010479,-0.779995590647467
30.9084944021057,-0.773543114471028
30.923398239978,-0.767011625065682
30.9381837929779,-0.760555770692665
30.9529778778987,-0.754133932350048
30.967604141982,-0.747817576025048
30.9821967488476,-0.741540610869538
30.9970886713097,-0.735155249666126
31.0115690669157,-0.728988446871348
31.0261060845736,-0.72283160125284
31.0411221939409,-0.716500929635684
31.0556474915231,-0.710425332525926
31.0703360120641,-0.704331399665894
31.0848704315783,-0.698329628313757
31.0992215726721,-0.692433011548577
31.1133948087281,-0.686654806364274
31.12800172553,-0.680745244705692
31.1424732790099,-0.674933039767183
31.1565827167059,-0.669300123785242
31.1708966213596,-0.663623550510672
31.1852228680976,-0.657967923996364
31.1992240890071,-0.652463898571295
31.4027258594602,-0.479284460020465
31.4179722314313,-0.472742644059021
31.4331596795491,-0.466251654585033
31.4483493384679,-0.459808825366693
31.4634993662772,-0.45342938461308
31.478535398271,-0.447110984265459
31.4933290887057,-0.440898262074745
31.5084784898569,-0.434561254898731
31.5233792657314,-0.428370769317923
31.5379887733021,-0.422337869073218
31.5528500492578,-0.416240091113347
31.567755354183,-0.410139144495257
31.5824696190461,-0.404131934642988
31.5970853090996,-0.398192420525213
31.6114572222979,-0.3923907279522
31.6262759893934,-0.386456028846667
31.640897654052,-0.380636798515093
31.6552401781758,-0.374954438829283
31.6699084865497,-0.369161693146386
31.6845092356138,-0.36342392345416
31.6991246256304,-0.357706806670364
31.7134853013439,-0.352121189653871
31.7279807080438,-0.34651510374315
31.7423215850189,-0.341003339341561
31.7564639329101,-0.335594345365467
31.9728734617671,-0.161606118136442
31.9886375285177,-0.155044723859989
32.0039065933127,-0.148719967271922
32.0197474747888,-0.142185789023453
32.0350101514066,-0.135917993978841
32.0507155378171,-0.129510207767984
32.0664068195784,-0.123146971563773
32.0817440999104,-0.11697096884655
32.0973101263834,-0.110737928522743
32.1125217766207,-0.104692575853544
32.1283879447839,-0.0984183990155131
32.1433641716093,-0.0925107258201173
32.1586878977705,-0.0864955404951365
32.1740788575968,-0.0804890189187548
32.189326305529,-0.0745733610067618
32.2048422842215,-0.0685934048785893
32.2199084458496,-0.062818683745061
32.2350800309437,-0.0570451318830986
32.2500497398148,-0.0513909525834345
32.265478328308,-0.0455946521849651
32.2807035988652,-0.0399113615819296
32.2954868371934,-0.0344374125212519
32.3105952197011,-0.0288780991709283
32.3258287404269,-0.0233074604694891
32.3408192743297,-0.0178652316393669
32.5247530689916,0.1480026394621
32.5410714763194,0.154504449218391
32.557032561292,0.160824863914559
32.5729020927449,0.167057734077696
32.5889222714064,0.173299402754793
32.6050881181908,0.179559944060637
32.6210532641368,0.185700964685287
32.636577322053,0.191635557841159
32.6528469317937,0.197818425724106
32.6685112825354,0.203726875888362
32.6844764075806,0.209697754596905
32.7006266672963,0.215692652713747
32.7163629652976,0.221490917989615
32.7324302127453,0.22736138129577
32.7478762687397,0.232956052405272
32.7637414030713,0.238660427755928
32.7795647689596,0.244311434416685
32.7951583644653,0.24983856834631
32.8107332606829,0.255326183174999
32.8264553352825,0.260825259555908
32.8423453034728,0.266330723103884
32.8578761475478,0.271660518234832
32.873801978713,0.277088952222459
32.889384169162,0.282365360016656
32.9053353318407,0.287723978210944
33.0829422338929,0.444999518241743
33.1000044805974,0.451276145108696
33.1159610501925,0.457111170731308
33.1324733226285,0.463109068230799
33.1487025390503,0.468972230256344
33.1653585664231,0.47495553614245
33.181661801441,0.480771907647774
33.1975710030985,0.486411790724911
33.2143902861734,0.492328023012543
33.2302108268502,0.497841948771637
33.246859625749,0.503599357504495
33.2630162122724,0.509145439062832
33.2791706151797,0.514635360814712
33.2956835405294,0.520200741543751
33.3116177131131,0.52554004645978
33.3276793012389,0.530894731140317
33.3442051660773,0.536344721745293
33.3604125308215,0.54163916539074
33.3767078761951,0.546930690454882
33.3925920387729,0.552060555224601
33.4092078293558,0.557384760250388
33.4255933940216,0.562581438730746
33.4415889701384,0.567615464986214
33.4578848210492,0.572715609341536
33.473895856002,0.577688153878593
33.6413950102278,0.741948516057587
33.6588688242309,0.748010262765902
33.6758213871079,0.753843750689467
33.6926711848433,0.759604556087128
33.709790407592,0.765427145566601
33.7272079414971,0.771324864487752
33.7443833178873,0.777108603275755
33.7609579364261,0.78266073479176
33.7783663907399,0.788442698599106
33.7952658700415,0.793997599948887
33.8122541767976,0.79953575412226
33.8293907017215,0.805072070914864
33.8463605163192,0.810502982599225
33.8631980996542,0.815838458879086
33.879954232584,0.821106602362628
33.8970698781253,0.826444359801085
33.9134984255533,0.831529852195933
33.9304720994823,0.836744126924304
33.9471791088488,0.841829257020019
33.9640935494172,0.846910641761959
33.9809025783568,0.851898939347131
33.9976905716699,0.856817324981942
34.0143190202783,0.861630321910566
34.0312665015457,0.866482397283451
34.0478159412191,0.871168217411135
34.1967864860494,1.01722567975607
34.2143404422069,1.0227541565062
34.2319631417488,1.0282438222211
34.2493288526366,1.03359248602939
34.2662210313427,1.03874620442746
34.2841136061262,1.0441371566929
34.301522024671,1.04931130151457
34.3190052713851,1.05445005838178
34.3361585158039,1.05943780994701
34.3532741403573,1.06436111180143
34.370834444356,1.06936101988741
34.3879749135433,1.07419531994909
34.4056699120353,1.07914095447276
34.4229598762252,1.08391364650786
34.4402196152639,1.08861642254735
34.4577643112099,1.09332551622734
34.4751883299658,1.09794149139084
34.4925643055815,1.1024910758621
34.5101341430692,1.10704664339276
34.5278506580566,1.11157663531123
34.5448805882626,1.11587246674603
34.5620796565718,1.1201607840383
34.5797625465317,1.1245304182138
34.5973628114717,1.12882319221733
34.6147116499671,1.13299096662722
34.7678368737226,1.27850767594633
34.7868727024285,1.28368906853177
34.8045368401169,1.28844741052438
34.8231850467716,1.29342170905918
34.8417772657042,1.2983375769538
34.8599382717539,1.30308605038566
34.8773646633004,1.30760119782135
34.8962381883983,1.31245242169161
34.9143443242192,1.31705593030441
34.9324311346133,1.32159733270246
34.9507982357373,1.32616540134975
34.9690242599482,1.33065000233733
34.9872979162397,1.33509332012787
35.0056742184074,1.33952104337871
35.0240371440557,1.34390514994894
35.0421560953718,1.34818882549072
35.0601466862428,1.35240496359953
35.0787160820229,1.35671691036022
35.0966125071032,1.36082876999739
35.114591465053,1.36491409449242
35.132769787233,1.36899826114153
35.1510247171823,1.37305231853177
35.1687795034155,1.37694851273105
35.1869300703951,1.3808823037113
35.205407751299,1.38483823110181
35.336049702531,1.51816055490483
35.3552471708103,1.52284370883866
35.3739799739845,1.52735451833561
35.3926668859952,1.53180191204883
35.4113973278883,1.53620251607776
35.4305544123091,1.54064404018793
35.4500588705399,1.54510995169979
35.4684819807936,1.54927624582512
35.4872062274176,1.55345693859926
35.5068233795139,1.55778519893993
35.5254975321085,1.56186087624048
35.5443563011878,1.56593347215611
35.5632941827319,1.56997471594372
35.5826947789817,1.57405733904387
35.6011546550536,1.57789344009973
35.6201103614822,1.58178566685891
35.6392847632459,1.58566527895663
35.6578801718863,1.58938203554247
35.676805772574,1.59312440051073
35.6954400929569,1.59675732653416
35.7144037758756,1.6004010613069
35.733431739313,1.60400987637735
35.7522110735684,1.60753188043533
35.7710449461149,1.61101976887325
35.790211154886,1.61451790285704
35.9176992737924,1.73300774845487
35.9373473036596,1.73709607060488
35.9572122734349,1.74116606651266
35.9767914861763,1.74512176315178
35.9965012188934,1.74906136985851
36.0158432539771,1.75287898477105
36.0356715858564,1.75674198515703
36.0548987298472,1.76044745965589
36.0749728146969,1.7642769819761
36.0946455151479,1.7679918560079
36.1141678276099,1.77163103219813
36.133934057612,1.77526726359109
36.1538182002663,1.77886589892389
36.1733884747273,1.78235692522307
36.1929632621043,1.78581051598535
36.2126117011012,1.78923761048259
36.2322522701394,1.79261047560091
36.2519645787024,1.79594957071866
36.2715705798231,1.79923169109938
36.2911666866076,1.80246579383493
36.3106094470513,1.80562600693703
36.3307066441992,1.80884530316433
36.3495104119105,1.81181912771276
36.3693016244199,1.81489520182496
36.389079138989,1.81792363148696
36.5090400635527,1.94646310891098
36.5289817540953,1.95012195371598
36.549301575829,1.95380757742595
36.569369136322,1.95741089325883
36.5897718175303,1.96102998372482
36.6096775263193,1.96451786819092
36.6301468959831,1.96806188768544
36.6502725862536,1.97151251469633
36.6703686631363,1.97491169836876
36.6905342926011,1.97828157057313
36.7102964741714,1.98155117904183
36.7306308623264,1.98488085700825
36.7501288016225,1.98804393065481
36.7701888932988,1.99125267408848
36.7902140552806,1.99441317261578
36.8102910519831,1.99754572569733
36.8305792999039,2.0006760246775
36.8502779666122,2.0036816687973
36.8705131950715,2.00673216290824
36.8906351346643,2.00972657892204
36.9105768527928,2.01265407535127
36.9307570161417,2.01557604810455
36.9510594536048,2.01847499741523
36.9709580083,2.02127841355633
36.9913398353905,2.02410066959069
37.1227058126709,2.13428175646676
37.1435742832961,2.13766506784024
37.1640464446678,2.1409412046963
37.185247716042,2.14430106757248
37.2061831398534,2.14758233070867
37.2267970448947,2.15077703663996
37.2473224740064,2.15390855589771
37.2682811309829,2.15705904534937
37.2890206431296,2.16012873867353
37.3098949594245,2.1631670765997
37.3309577275177,2.16618698420344
37.3516513248452,2.16911574250145
37.3724447236345,2.17200953489392
37.393253545831,2.17484836946266
37.4141671278827,2.17765493152476
37.435242932464,2.18044083230796
37.4559219141787,2.18312782807801
37.4771517925329,2.18582817673906
37.4978585327328,2.18841153821062
37.5189601919561,2.19099530799249
37.5394645815607,2.19347718171547
37.5605659015628,2.19600153822931
37.5818893055681,2.19850907254694
37.6028493685873,2.20091514466894
37.6237598509036,2.2032678177544
37.7630159874642,2.31779846210622
37.7854643089383,2.3208978402125
37.8071943411339,2.32386117381435
37.8284768327382,2.32672364555542
37.8503597179846,2.3296248097896
37.8726781648317,2.33254784263909
37.8940313854421,2.3353094001988
37.91644435657,2.33816580824105
37.9385062926555,2.34094526410828
37.9606809667076,2.34370550163355
37.9824825922428,2.34638157749354
38.0043833316258,2.34903315208898
38.025907321723,2.35159805431292
38.048264014693,2.35422343417087
38.0701184948159,2.35674809091054
38.0920752799546,2.35925142710409
38.1140803417562,2.36172642376812
38.1361194321258,2.36416478979234
38.1582482104855,2.36657088268186
38.1800892191685,2.3689025923749
38.202001245324,2.37120779740325
38.2244750711472,2.37352933473192
38.2461183776188,2.37572015956488
38.268398099861,2.37793051555385
38.2904324158264,2.38007290308958
38.4261978658684,2.46498732652911
38.448826427861,2.46755994441473
38.4711372040019,2.47004789561409
38.4944878352143,2.47260438529366
38.5167854228613,2.47500202714957
38.539710782951,2.47742466943046
38.5623264338205,2.47976008376459
38.5853739372426,2.48208843195324
38.6079152475718,2.48432004969698
38.6305988969229,2.486519968496
38.6539082274461,2.48873039274621
38.6765730826807,2.49083719983781
38.699166744002,2.49288609050512
38.7219664848899,2.49490461326862
38.7451614790834,2.4969147745855
38.7680024449434,2.49884641649141
38.7903357050267,2.50068572956455
38.8136363772509,2.50255947355757
38.8361637858785,2.50433402542291
38.8586716625341,2.50605899957872
38.8819961619108,2.50780031538174
38.9049967947566,2.50947458248409
38.9281341349268,2.51112595376845
38.9507623579672,2.51269986726393
38.9737756954326,2.51426341464703
39.1043700432214,2.59793498760045
39.1272359102425,2.59985858753535
39.151171134874,2.60182617521889
39.1743359308654,2.6036868143139
39.198085079232,2.60555338098402
39.2219351027877,2.60737460419678
39.2458075350585,2.60914636963465
39.2696901324909,2.61086338240958
39.293410139108,2.61251997925345
39.3170301237835,2.61412153772897
39.3408574565376,2.61568710165919
39.3642143385569,2.61718071097364
39.3882783325907,2.61867750696554
39.4121305591204,2.62011880648245
39.4353118130885,2.6214787952291
39.4591947798852,2.62283527649141
39.4825311870076,2.62411400047432
39.5061839273006,2.62536604913317
39.5297585908036,2.62657558903969
39.5534043675964,2.62773883359289
39.5769587930764,2.62884659223929
39.6005190427974,2.6299068970192
39.6237685856494,2.63091209752168
39.6475011450671,2.63189042323543
39.67113276133,2.63281267284765
39.8030976180899,2.69410193928412
39.8270131746803,2.69528368402
39.8509119254022,2.69641205127357
39.8755037271395,2.69752322972716
39.8994121038607,2.69854785528632
39.9237416810941,2.69953872587838
39.9485879208755,2.70050116626703
39.9728022179377,2.70138997940281
39.9970047570152,2.70223268276394
40.0216213615898,2.70303138456171
40.0455969594388,2.70375901751203
40.0700677264102,2.70445246265292
40.0945651716411,2.70510140685933
40.1192736762248,2.70570519522903
40.1439856960046,2.70625116669453
40.1679945136271,2.70672995268688
40.1925726216349,2.70717039530991
40.2172152453907,2.7075664777689
40.2419036337177,2.70791267050452
40.2668200062621,2.7082073586526
40.2912610896376,2.7084381976422
40.3160308747496,2.70861791477043
40.3408054085912,2.70874880782267
40.3650429165982,2.70882006460335
40.389591180712,2.70882862647387
40.5267634467172,2.77492383657553
40.5524316235883,2.77522777012964
40.5774823476178,2.77546233370671
40.6027822563041,2.77563916190169
40.6287285683404,2.77576087583214
40.6544166339892,2.77581335468496
40.6796852699807,2.7757978306903
40.7042580816725,2.77571520882654
40.7305607687301,2.77555561547862
40.7563475904453,2.77533691493192
40.781377140648,2.7750657116543
40.8069983212048,2.77472048757686
40.8321431664673,2.7743001832555
40.8574513309484,2.77380591660318
40.882945195003,2.77325328466111
40.9087208792519,2.77262929927336
40.9340239184824,2.77194587067699
40.9598104933173,2.77117697127019
40.9849494127751,2.7703519486985
41.0107681343822,2.76943328827637
41.0359473591797,2.7684698822932
41.0611109907439,2.76744114077523
41.0860288061064,2.76635351799574
41.1122903781857,2.76513314553545
41.1373432258612,2.76390136428865
41.2632778786077,2.82015732819233
41.2896013419776,2.81910674929478
41.315261744519,2.81800812752071
41.3411245462186,2.81682563206437
41.3672361437334,2.81555303765958
41.3931139394357,2.81421882351271
41.4194638155061,2.81279372246606
41.4455199108191,2.81131339810194
41.4715661246929,2.80974748050066
41.4977682554319,2.8080919542416
41.5237437385165,2.80637491499278
41.5492059836005,2.8046209875245
41.5753954820542,2.80274290913512
41.6015984256252,2.80078198921637
41.6276039038894,2.79876254542075
41.6532744570296,2.79669578352967
41.6794752870196,2.79451295065539
41.705624756901,2.79226019926582
41.7315931940074,2.78994742800518
41.7574518511609,2.78757471100806
41.7836721823593,2.78510107794771
41.8097958475617,2.78256545860783
41.8358697999433,2.77996568481156
41.8621462741243,2.77726104510522
41.8886103265876,2.77444436119351
41.9844585598491,2.82271549933644
42.011787730014,2.82002582113832
42.0375799736686,2.81742101684862
42.0640030561985,2.8146702104156
42.0907906256108,2.81179090146862
42.1173689931957,2.80885152833044
42.1437014349435,2.80586108757445
42.1705257651292,2.80273711270017
42.1971014636254,2.79957474027914
42.2236998875766,2.79634043492556
42.2512099903972,2.79292156679974
42.2771117130741,2.78964124918348
42.3029227641658,2.78630386842147
42.3292395141572,2.78283029128578
42.3559995548054,2.77922918887253
42.382835748591,2.7755518516637
42.408934047614,2.77191952490643
42.435245454948,2.76820162949966
42.4614330832965,2.76444333892301
42.487822968123,2.76059158579542
42.5156691228362,2.75645098123921
42.5402692187596,2.75273222670259
42.5665434731075,2.74870116828971
42.5923918048568,2.74468116049836
42.619955453514,2.74033255323503
42.7263461364814,2.8440100098187
42.7530178720057,2.84045053236264
42.7794960639703,2.83685877917738
42.8059090387905,2.83321234631859
42.832600145083,2.82945492118088
42.8596205722097,2.82558780512387
42.885769716822,2.82179030392659
42.9121133284918,2.81790314380738
42.9386665219106,2.81391881413307
42.9652577419899,2.80986263427835
42.9920167747611,2.80571491729184
43.0184122829302,2.80156048616616
43.0453560688094,2.79726632412865
43.0719367234734,2.79297341217243
43.098711170451,2.78857951216593
43.1266890541154,2.78391216095016
43.1514305535305,2.77973056089817
43.1779400004778,2.77519309688611
43.2041848953127,2.77063259652526
43.2306919390381,2.76596424902662
43.2573451960918,2.76121828493869
43.2839407180857,2.75643200439075
43.3104921419285,2.75159759437714
43.3370065312062,2.74671263729062
43.3646266069751,2.74155889577655
43.4870886908431,2.80733552458457
43.5136206305105,2.80283612918698
43.5402559687603,2.79827197504157
43.5673044277043,2.79359050915017
43.5939934038396,2.78892166689824
43.6214051266612,2.78407196627631
43.6482387024675,2.77926561236743
43.6751404998925,2.77438980825006
43.7021827452054,2.76944873866418
43.7293789373667,2.76443413309448
43.7566364884226,2.75934693755438
43.7830478798954,2.7543602437238
43.8096966229101,2.74927903300964
43.8366742529397,2.74408907631637
43.8630718636591,2.73896233035468
43.8901330303197,2.73366527345165
43.9170919024726,2.72833703810077
43.9432087412445,2.72312845164859
43.9705002580805,2.71764037941291
43.9969786629055,2.71226084345951
44.0235561766722,2.70680829055211
44.0500741414127,2.70131636803357
44.0770041405582,2.6956877807874
44.1032936543759,2.69014707696593
44.1297715560453,2.68452509490054
44.2462499396019,2.77057546952635
44.2731784013194,2.76547192142915
44.3002930035328,2.76029016827364
44.3271448526125,2.75510874199696
44.3538691414445,2.74990255053705
44.3807939767737,2.74460613675264
44.4077277151044,2.73926166853801
44.4343613484312,2.73392351701057
44.4614551504853,2.72843411309672
44.4884059340297,2.72291782477844
44.5153258736765,2.71735564493796
44.5417778617846,2.71184848769659
44.5687656934717,2.70618365749588
44.5951505961997,2.7005904991725
44.6219974273737,2.69484854696711
44.6493909073393,2.6889343672277
44.6754419008351,2.68325901943563
44.702514174948,2.67731270050949
44.7287579492751,2.67149479933937
44.7552650244931,2.66556453048082
44.7827930432655,2.65935534007771
44.8092350680765,2.6533394185742
44.8356193989287,2.6472781901006
44.8622153866413,2.64110792279684
44.8886639877176,2.63492375974459
44.994066168183,2.71345438749649
45.0212554716888,2.70766002935474
45.0481424509384,2.70188058898136
45.0748829011324,2.69608200516912
45.101717691777,2.6902146290974
45.1287992249423,2.68424659691082
45.1560689342006,2.67819122184408
45.1829294876296,2.67218601616634
45.20938628814,2.66622811546487
45.2363659535455,2.66009919032228
45.2634351600693,2.65389012011861
45.2900398290148,2.64773119728008
45.316994954229,2.64144671115985
45.3432292764625,2.63528802313971
45.3693058535862,2.62913176183754
45.3962853277608,2.62270798964672
45.4228052381979,2.61632973850715
45.4481839837188,2.61017289061312
45.4751595099604,2.603587543883
45.5008933773217,2.59728430487319
45.5271154077676,2.59082554585699
45.5528492864456,2.58445119651119
45.5788982055052,2.57794108789206
45.6049613786356,2.57137087959706
45.6306717893811,2.56484028952623
45.7498963804123,2.6549332965566
45.7763418244095,2.64887696402465
45.8027522327425,2.64277050568531
45.8289860258116,2.63665028895188
45.8547475250627,2.63058225576243
45.8813756591016,2.62425803891851
45.9076144571964,2.61796585171485
45.9336977286835,2.6116352859996
45.9602073305921,2.60512807508921
45.9864584173624,2.59863416116143
46.0126754042736,2.59210130521142
46.0389672610229,2.58549487607638
46.06488320092,2.57894241523298
46.0910669942797,2.57227009442508
46.1171095586526,2.5655746613666
46.1427264117785,2.55894488524655
46.168553355218,2.55220335529527
46.1951425634346,2.54519089758926
46.2202708084493,2.53849806730283
46.2469108021033,2.53135298632696
46.2726074412512,2.52442806659057
46.2985675892939,2.51738498020655
46.3237332083262,2.51050512434738
46.349407900552,2.5034207422013
46.3751252815206,2.49626163010025
46.504187633504,2.58573928105338
46.5305699639188,2.57907813239368
46.5568955694197,2.57236718850097
46.5827983179219,2.56569893484127
46.609179783235,2.55884468834469
46.6347901988395,2.55212957919761
46.660586417137,2.54530675321122
46.6863685737176,2.53842483873837
46.712134028664,2.531482935203
46.7378229730902,2.52449235573607
46.7634935989536,2.51743879445122
46.7885133515765,2.51049664730211
46.8143234211677,2.50327181224633
46.8396964115799,2.49612015107856
46.8652567461694,2.48885915656395
46.8899207203539,2.48179645257944
46.9153432948077,2.47445369174645
46.9404690830636,2.46712543475424
46.9654299451084,2.45977971092144
46.98996766345,2.45250918121057
47.0149281904832,2.44506027037617
47.0401396511812,2.43747020083913
47.0651891929346,2.42985894008932
47.0897435692097,2.42233670227611
47.1147492433095,2.41461432681473
47.2498674859477,2.51743661698455
47.2753084890937,2.51039712914175
47.3005630694317,2.50334342729351
47.3259424258728,2.49618021251336
47.351560799646,2.48887811849688
47.3764340991838,2.48173246353951
47.4014429606017,2.47448737878757
47.4269365563471,2.46703361756254
47.4519361139995,2.45966798707217
47.4774354691303,2.45208316075098
47.5021206212141,2.44467237425946
47.5270754223724,2.43712622783263
47.5524030825297,2.42940885951496
47.577234249553,2.42177727513542
47.6023302449147,2.41399756541888
47.6276438222623,2.40608060157707
47.6526434356537,2.39818702280442
47.6772310285059,2.39036731577752
47.7020654911761,2.38241455419591
47.7274604052793,2.37422556868013
47.7516858378602,2.36634578746484
47.7762805616101,2.35828329895426
47.8012056599385,2.35004696035692
47.825790336843,2.3418538435602
47.8505600218823,2.33353317462945
47.9769830313458,2.44079513115997
48.0023334216043,2.43313589809861
48.027329843194,2.42552464750996
48.0521888642454,2.41788445997603
48.0774576630746,2.41005270455797
48.1024052054513,2.40225510163482
48.1274870164866,2.39435550680966
48.1523674713912,2.38645891982178
48.1769418245356,2.37859896633597
48.2013822903434,2.37072211289219
48.2259293787948,2.36273737829089
48.2507254587166,2.3545985056933
48.2752017422483,2.34650369953205
48.3003616896348,2.33812234126948
48.3249019028989,2.32988001092244
48.3487716098907,2.32179530632575
48.373443826474,2.31337298791534
48.3978123244461,2.30499387649547
48.4224336848171,2.29647084919885
48.4471044307944,2.28786044758245
48.4711379542589,2.27939877181157
48.49544686598,2.27077044114505
48.5194315131924,2.26219363880719
48.5438887331759,2.25338361262947
48.5680739312379,2.24460519948998
48.7000514725338,2.34251850764425
48.72506926529,2.33424130526847
48.7499396993048,2.32593824987765
48.7748860970663,2.31753495731018
48.7994164153218,2.30920614704758
48.8244676420753,2.30064009509143
48.849076559766,2.29216083401147
48.8738450537805,2.28355936579535
48.8988200282619,2.27481628468175
48.9235871401659,2.26607250839479
48.9481034477196,2.25735043984174
48.9729073569082,2.24844921707349
48.9974687301435,2.23956411188369
49.0221323081912,2.23057980743128
49.0471482969024,2.22138617673547
49.0713947361556,2.21239652244465
49.0957315758003,2.20330176208962
49.1200644571142,2.19413177573636
49.1443251824446,2.18491812411883
49.1686425666953,2.17561782074587
49.193406762075,2.16607470598676
49.217919031129,2.15654659959478
49.2419626636863,2.14711762007977
49.2663683115721,2.13746572876802
49.2906643318081,2.12777963466535
49.4112707579154,2.22343228717764
49.4367158891935,2.21406043238931
49.4617992518438,2.20473602942164
49.485793235592,2.19573610651846
49.5108629008159,2.18624638715215
49.5353503067702,2.17690434699645
49.5605027564709,2.1672256735784
49.5839847258151,2.1581167703821
49.6090301016386,2.14831890651332
49.6340695242124,2.13843698131648
49.6585289162287,2.12870731450585
49.6824137308204,2.11912570081481
49.7073307432712,2.1090401436209
49.731229347393,2.09928200496809
49.7558339219176,2.08915116125568
49.7804241095911,2.07894596799175
49.8044736948729,2.06887862341761
49.828439881547,2.05875953547371
49.8521294364322,2.04866111401809
49.8764757964756,2.03819015222109
49.9006101761786,2.02772528122181
49.9248812496165,2.01711372796947
49.9487921035341,2.00657972322426
49.9731055745363,1.99578166785889
49.9977449009389,1.98475394075834
50.1294130471271,2.09147426933066
50.1547917374804,2.08105343818902
50.1793261770018,2.07089138293591
50.2030979955546,2.06096048091582
50.2280114313712,2.05047108133798
50.2525510228846,2.04005633596736
50.2768827959608,2.02965444904177
50.3010417130641,2.01926062164219
50.3254016434084,2.00869609894627
50.3506335572513,1.99765665693886
50.3743878070699,1.98718218570135
50.3986540670175,1.97640216865781
50.4230589552013,1.96546909351282
50.4470528714323,1.95465572707736
50.4713184130724,1.9436520815178
50.4952829010807,1.93271013423801
50.5196032400152,1.92151660084516
50.5439662478607,1.91021747909967
50.567497467941,1.89921436820693
50.5921750841458,1.88758188168624
50.6158456152108,1.87635438544704
50.6394001126199,1.86511493482883
50.6633649154944,1.85362154473372
50.6874524493083,1.84200797382256
50.7114174917221,1.83037258136026
50.8565459579444,1.95839067547452
50.88124078703,1.94750119591594
50.9059831420865,1.93650495216219
50.9297109663407,1.92587624619039
50.9549402381659,1.91450544960713
50.9787798507944,1.90368898011454
51.0033518969771,1.89246320558154
51.0269338056938,1.88162582464118
51.0511565089407,1.87043683503606
51.0752427822669,1.85923327949744
51.0996697637528,1.84779284766288
51.1240233879184,1.83630427919531
51.1483158453692,1.82476480091251
51.1724880076932,1.81319756583115
51.1970028348249,1.80139747009339
51.2206698609432,1.78993428197944
51.244827223777,1.77815896712693
51.2690559695757,1.76628826929871
51.2929434145868,1.75451516591879
51.3170260662325,1.74255176490301
51.3407266772771,1.73067456262219
51.3648305973687,1.71852574895035
51.3887653030819,1.70639124126659
51.4126247233089,1.69419262554445
51.4368061245178,1.68174567503834
51.5533148022971,1.80828398485531
51.5777473028669,1.79677197910875
51.6022533669726,1.78514016879899
51.6264573039259,1.77356040034561
51.6506655136645,1.76188126118291
51.6748168944546,1.75013260254698
51.6987663209956,1.73841900198518
51.7229204557726,1.72653815395655
51.746977442207,1.71462388271957
51.7713471891922,1.70247516356019
51.7948370268883,1.69068469331914
51.8186124416812,1.67867680331763
51.8424379904114,1.66656026673421
51.8659188928815,1.6545390124991
51.8899565503671,1.642145966799
51.9137499592905,1.62980500905636
51.9373867476846,1.61747643655984
51.9613105485202,1.60491749174057
51.9846376888757,1.59259274324385
52.0085335711421,1.5798818307557
52.0318081391253,1.56741965628753
52.0552096627553,1.55481254994295
52.0790684785312,1.54187904470574
52.1027067412475,1.52899563142854
52.1258297867746,1.51632299223589
52.1492615039319,1.50340084708855
52.2601969093334,1.62934987601056
52.284086179505,1.61720343164162
52.3079168278259,1.60501182131593
52.3322150391825,1.59250122242715
52.3555621665813,1.58041836410837
52.3792501587087,1.56808671822502
52.4030610775346,1.55562276051219
52.4269075279378,1.543059798231
52.4504905320209,1.53055380130527
52.4741789164373,1.51790619201675
52.4978173405758,1.50521349081747
52.521356937178,1.49250574548539
52.5449298936098,1.47971477339839
52.5688158262274,1.46668048858462
52.5919951953508,1.45395403419977
52.6154035440976,1.44101122177676
52.6386332088647,1.42809179301482
52.6621083342076,1.41496182401747
52.6857432766317,1.40166291976271
52.7087632180508,1.38864114953626
52.7321548236621,1.3753331836296
52.7553148976932,1.36207037392072
52.7785079743653,1.34870316777962
52.8019536168101,1.33511893429185
52.9414399172061,1.46302737898197
52.9653070550349,1.45038400968336
52.9888556820324,1.43782759744498
53.0125790179254,1.42510100333336
53.0362558893597,1.41232846893179
53.0599725860984,1.39945989059935
53.0833973042042,1.38666084244551
53.1068631053585,1.37376140686245
53.1304935194164,1.36069638467103
53.1539528296746,1.34766140592903
53.1773774352787,1.33457483898447
53.2006585291947,1.32148650836943
53.2239298769791,1.30831792982623
53.2472394561898,1.29504992207942
53.2705721945072,1.28169701971161
53.293885407669,1.26827552884046
53.3167592863967,1.25502252025949
53.3398640776447,1.24155321119813
53.3628442494607,1.22807470505923
53.386413326086,1.21417931513305
53.409024150898,1.20078054842201
53.4320357677188,1.1870402579457
53.4550560649795,1.17319315254182
53.4779699769135,1.15933035193223
53.5009198124935,1.14537829321054
53.5236951211339,1.13145701445109
53.682219612328,1.27870344833335
53.7062413806927,1.26541844156908
53.7297289031223,1.25234835663376
53.7535413246623,1.23902676851325
53.7767281173682,1.22599013867235
53.7997758794916,1.21294758320458
53.8242265956219,1.1990253494576
53.8475276379463,1.1856781642106
53.8709789859356,1.17216768696398
53.8940344179433,1.15881291489121
53.9174560935256,1.14517293121047
53.9399482369206,1.13200772357783
53.9629859766271,1.11844195305917
53.9860715891069,1.10476557167523
54.0089814118894,1.0911123997645
54.0316261897359,1.07753838540612
54.0539603823116,1.06409283227493
54.0773357398046,1.04994663526399
54.0999149582092,1.03619319779551
54.1225881417288,1.02230414431189
54.1449226911507,1.00855103368284
54.1674741970346,0.994603573682808
54.1897168676316,0.980780737286105
54.2121659317448,0.966753345193818
54.2345718317874,0.952691620037739
54.3644315763406,1.08567974660252
54.3877536897024,1.07230173003894
54.4103265029339,1.05928973949343
54.4330478478752,1.04612037271397
54.4559475234817,1.03277115687016
54.4782167255113,1.01971883012624
54.5010031477749,1.00630039187983
54.5237666117488,0.992831515295047
54.5462456786431,0.979457564083032
54.5688845166646,0.965920488482365
54.5913813748856,0.952394729719557
54.6134234160204,0.939056245812247
54.6357753922033,0.925447871038906
54.6582727963073,0.911678335114455
54.6803463902291,0.898096361520656
54.7026146764801,0.884318808784664
54.7246385742686,0.870622632613885
54.7470013182937,0.856637426911323
54.7693494943347,0.842582434063093
54.791155787728,0.828789940575176
54.8132623536996,0.814719822972407
54.8352254996654,0.800647680680456
54.8571742203875,0.786506991539169
54.8786750478115,0.772585689499226
54.9002574239611,0.758529680372444
55.055352977398,0.890863021306975
55.0776632125271,0.877655419578944
55.1000300873463,0.864341761532408
55.1228544389002,0.850675539661713
55.1450645783909,0.83729841094971
55.1674662250571,0.823721293534554
55.1896769030211,0.810169861464757
55.2121028094086,0.796409885911653
55.2342912969617,0.7827213022395
55.2562916920298,0.769073919738637
55.2786719115816,0.755107138091319
55.300487929412,0.74141459923087
55.3228333688368,0.727310997279173
55.3450575893868,0.713199264866003
55.3666597411349,0.699416506952314
55.3888291443813,0.685192972039101
55.4108696199089,0.670970193508231
55.4325301726868,0.656919280781824
55.4546508271403,0.642495053168372
55.4765315583162,0.628145312226793
55.4983420735267,0.613748986978287
55.519365536774,0.599793487694661
55.5410729413663,0.585310991171635
55.5630605172109,0.570559738635431
55.5842727037249,0.55625601591947
55.7505499742755,0.672821792916229
55.7734379444658,0.658735656225248
55.7956409035174,0.64500136069267
55.81796629548,0.631114351986433
55.8401526325813,0.617243664145227
55.8623415701094,0.603303546758245
55.8847361674266,0.589159816205849
55.9067534618139,0.575187956517707
55.9292220690071,0.560860520453971
55.9511031948429,0.54684594987677
55.9728448978288,0.532842189837014
55.9945562513901,0.518776676784028
56.0169364197548,0.504205147702468
56.0384503805897,0.490135134028361
56.0602747888903,0.475795514348281
56.0821344807538,0.46135833358016
56.1036756042182,0.447058315226058
56.1254799868963,0.432501667614157
56.1475643447575,0.417673280949276
56.1689269168062,0.403255904590593
56.1903729273754,0.38870736872522
56.2118235684681,0.374094216663989
56.2332746870408,0.359411262011393
56.2548372499573,0.344581712425301
56.2760562196286,0.329915959359648
56.4424979507268,0.488540091407258
56.464630813,0.474832595807564
56.4870685635908,0.460871076388608
56.5094749671463,0.446864898842097
56.5312329717357,0.433199717174315
56.5532173145494,0.419332298509198
56.5758559822055,0.404976941455758
56.5974964174056,0.391173701308427
56.6195828442584,0.377010833696169
56.6416900004156,0.362771269182756
56.6637320082914,0.348504097186676
56.6851194895329,0.334589739387729
56.7072607952562,0.320121324517017
56.7292172103792,0.305699110482832
56.7507013804493,0.291510405654173
56.7719603408087,0.27740024817957
56.7932212043518,0.263235018044249
56.8151589906227,0.248547355033156
56.8367550593219,0.23401898873161
56.858072628705,0.219624165620616
56.8798203071803,0.204876206817826
56.9008722820958,0.190533806440795
56.9225030086351,0.17573517482563
56.944100118136,0.160898391715625
56.9654142583654,0.14619317165672
57.114455736821,0.286896167213795
57.1365484098034,0.273100262043303
57.1588828079051,0.259091574930575
57.180887109653,0.245225789836935
57.2022633080265,0.231696965390653
57.2242704075619,0.217702076077802
57.2462391607258,0.203658559007452
57.268340361514,0.189464550294849
57.2901780852178,0.175370768705865
57.311600277484,0.161480656547499
57.3332846702595,0.147368176891586
57.3550346013937,0.133168019617473
57.3765992364017,0.119038476695957
57.3983348636746,0.104749473272019
57.4199893782907,0.0904783022036874
57.4415782958819,0.076205108057562
57.4634449377759,0.0616952054555501
57.4845017025639,0.0476669529483597
57.5065972503666,0.0328863161495911
57.5274769888235,0.0188763727423722
57.5496386960762,0.00396551207061469
57.5707064002391,-0.0102484455421185
57.5916416780422,-0.0244226304905027
57.6128881431627,-0.0388698383695757
57.6343712391455,-0.0535402578650297
57.8038327987994,0.0822494864949223
57.8260996402234,0.0685650643310588
57.8483347473331,0.0548452690895372
57.8705982902744,0.0410542125943419
57.8929327436892,0.0271646642790454
57.9144691977841,0.0137202224636326
57.936411164574,-3.36E-05
57.9584046217341,-0.0138729228976454
57.9800254252937,-0.0275287511560254
58.0021023340069,-0.0415296640940307
58.0238798839328,-0.0554023193328108
58.0455034538693,-0.069235678429636
58.0671338083563,-0.0831281766575027
58.0891803415724,-0.0973458025436634
58.1104178108024,-0.111098746468579
58.1320402953356,-0.125161637280999
58.1537844213865,-0.139367946152604
58.175069102438,-0.153332841987936
58.1963270310095,-0.167336472226944
58.2178398973928,-0.1815673271684
58.239412473931,-0.195899915417129
58.2606723260803,-0.21008661515357
58.281890893617,-0.224312305356078
58.303592382303,-0.238938127323106
58.3244744112242,-0.253079070465286
58.4969245254644,-0.156220770338172
58.5188889674729,-0.169860086814136
58.5407471790558,-0.183490848771207
58.5626050065777,-0.197177219936973
58.5847568003377,-0.211101633814957
58.6069966854154,-0.225138996316995
58.628738816965,-0.238929783056731
58.6502356022568,-0.252630419813825
58.6725528588259,-0.266922900335123
58.6941773413898,-0.28083813096611
58.716265847012,-0.295118037002061
58.737563803114,-0.308952176505833
58.7593739884224,-0.323177584724612
58.7810863005068,-0.337406597325735
58.8024806306253,-0.351490502113227
58.8238058201529,-0.36559790115094
58.8452421944983,-0.379860452171608
58.8667447586006,-0.394241325961558
58.8886328570043,-0.408959178636402
58.9098989431067,-0.423341228421854
58.9313404803796,-0.43792423036136
58.9519386546768,-0.452005460333273
58.9734321243237,-0.466776506820639
58.9947396545801,-0.481489540121666
59.0155594398605,-0.495927847785589
59.1918909705672,-0.385270099671139
59.2140229304391,-0.399269802719128
59.2365698865775,-0.413605451549883
59.2585083543603,-0.427628169661797
59.2800752486912,-0.441494876180454
59.3019997882441,-0.455662575068314
59.3239420256577,-0.469925308698278
59.3454444669459,-0.483987309006492
59.367494915298,-0.498480082982142
59.3886707130295,-0.512467580943882
59.4105095732471,-0.526978782527564
59.4319772224502,-0.541331192174842
59.4535518346636,-0.555835137204654
59.4752806042106,-0.570529727290531
59.4966863129081,-0.585096922451574
59.5181204836612,-0.599765284408452
59.5393689523426,-0.614381890656528
59.5607102038752,-0.629142904328901
59.5818508294573,-0.643848895637016
59.6029917163074,-0.658633060246477
59.6242580547598,-0.673578386381053
59.6453667795532,-0.688501191311619
59.6661784893935,-0.703296719845625
59.6875804087944,-0.718594464984967
59.7082013247487,-0.733423283939804
59.8932975819444,-0.626671328910027
59.9143092252357,-0.640439830633657
59.9367542946148,-0.655227903844457
59.9587315183126,-0.669785580446704
59.9800592604847,-0.683986196211471
60.000998697934,-0.698006421312298
60.0229408465139,-0.712785820265524
60.0445053294642,-0.727393523253207
60.0659602511551,-0.742003190843393
60.0870772536138,-0.756455053760718
60.1083442769929,-0.771089451563805
60.1299065825764,-0.78601739319458
60.1511940321964,-0.800820302704907
60.1724510960973,-0.81566038820953
60.1932346243402,-0.830230168738633
60.2144455405139,-0.845164742633628
60.2353728303983,-0.859976153306983
60.2562708539444,-0.87486209667783
60.2779152623656,-0.890375459766645
60.2983316553995,-0.905076107909195
60.3192715217814,-0.920219085834969
60.3400701130432,-0.935333689946056
60.3609885413656,-0.950607930044328
60.3817316599453,-0.965841623919517
60.4025974770831,-0.981258121607554
60.4230184552738,-0.996420453344016
60.6013404988726,-0.890513726215782
60.6226749831224,-0.905011538690868
60.6445753378727,-0.919980741673581
60.665759499804,-0.934543663084666
60.6864959394411,-0.948880455981214
60.7080404337313,-0.963860399917508
60.7294249770496,-0.978805760378093
60.7504065111058,-0.993547554676654
60.7714622055322,-1.00842301681045
60.7925455639702,-1.02340361844868
60.8138297257895,-1.03859816494848
60.8345631364952,-1.05348574692094
60.8557921323411,-1.06882250713959
60.8759611053186,-1.08346427753827
60.8970321435015,-1.09882579091581
60.9176068218897,-1.11391754293139
60.9381764411811,-1.12910362454161
60.9590724483428,-1.14461556603939
60.9792150371897,-1.15965619825823
60.9997585652088,-1.17509131429429
61.0203429619905,-1.19063503136608
61.0403531886004,-1.20581536698834
61.0609033043796,-1.22151277423079
61.0806878094571,-1.23672901784649
61.3266067482104,-1.14625751799941
61.3480459944401,-1.16111203734208
61.3700887223706,-1.17646360058202
61.3907207467394,-1.190905733478
61.4118741681754,-1.20578797639976
61.4329519472333,-1.22070805470349
61.454104224105,-1.23577221802019
61.4752780564674,-1.25092963789163
61.4965190117243,-1.26621999085232
61.5170664258565,-1.28108977162442
61.5379236377602,-1.29625705868299
61.5586860813813,-1.31145273924913
61.5792458916471,-1.3265962909659
61.599928668271,-1.34189981559071
61.6205009074433,-1.35719280988514
61.6411475926479,-1.37261922090049
61.6619025592799,-1.38820786915301
61.6819833460697,-1.40337843334294
61.7028590554358,-1.41924099314866
61.7227484811062,-1.43444917182368
61.743231807725,-1.45019576249345
61.7632754689938,-1.46568806035035
61.7834595338433,-1.48137123931778
61.8036176450018,-1.49712115819286
61.8233365649276,-1.51261167290176
61.8433652273643,-1.52845747008543
62.0678162836685,-1.42683949957594
62.0888148452245,-1.4418508936615
62.1110931841743,-1.4578718781018
62.1311654730932,-1.47239466051849
62.1522602913125,-1.48774465905227
62.1729631786995,-1.50290129603198
62.1937523395631,-1.51821222110369
62.2146200294583,-1.5336826471811
62.2357359427693,-1.549445290944
62.2556993679956,-1.56444364668279
62.2765839292936,-1.58021432512178
62.2971238144885,-1.59580016942889
62.3178660195738,-1.61163268606964
62.3381784308602,-1.62725617605954
62.3586373286169,-1.64309397936208
62.3786435064991,-1.65864884738589
62.3989976551094,-1.67455799615169
62.4196733420141,-1.69081640478781
62.4390147194858,-1.70612938076748
62.4586189238916,-1.72174039780361
62.478086878563,-1.7373245748197
62.4981859898568,-1.75349934463066
62.5179252713439,-1.76947199664383
62.5373442231124,-1.78528165846818
62.556903532546,-1.80128534499249
62.8247568818162,-1.70992068672301
62.8458920196618,-1.72535399004322
62.8666940924824,-1.74063275155131
62.8875237050077,-1.75599757565909
62.9080991124958,-1.77122792868006
62.9290331411811,-1.78680662666823
62.9496696413458,-1.8022453771736
62.9709363037595,-1.81824064377067
62.9910630063533,-1.83345724290729
63.0115068336095,-1.84898855896636
63.0319868143922,-1.86460791389641
63.0524425436901,-1.88027951086986
63.0724015846409,-1.8956564372656
63.0929635117324,-1.9115774929672
63.112695708728,-1.92692211080847
63.1325333871795,-1.94240375291021
63.15323859712,-1.95865001762073
63.1733675597382,-1.97454086571645
63.193087943745,-1.99020436956295
63.212945443116,-2.00605316474619
63.2331289359141,-2.02224011981248
63.2529920992971,-2.03824440009202
63.2725909088244,-2.05411968421243
63.2920941242362,-2.07001535727109
63.3115660844562,-2.08599233304426
63.5800479842582,-2.01475722325401
63.6017138880867,-2.03080859826099
63.6228367105696,-2.04655065277746
63.6439828249916,-2.06240449799345
63.664408655037,-2.07781074388011
63.685448880848,-2.09375918153093
63.7062171553489,-2.10957707655487
63.7266786559725,-2.12525567557583
63.7477011308219,-2.14145563115943
63.7683762080527,-2.15746890285582
63.7881691877083,-2.1728887743629
63.8087570279796,-2.18902688813964
63.8293868179777,-2.20529725236642
63.8493396683476,-2.22113199539347
63.8692759313881,-2.23704194938228
63.8889898477595,-2.25285936572552
63.9087633023345,-2.26881876349561
63.9285920272943,-2.28491437692875
63.9484351732545,-2.30110401313405
63.9682821202992,-2.31738040198639
63.9877178375321,-2.33342060216822
64.0070161075631,-2.34945198592962
64.0267555473012,-2.36595010124136
64.0460501573668,-2.38217145536856
64.0650736967369,-2.39824630733889
64.3541176076978,-2.31167468122018
64.3749961942945,-2.32734970376031
64.395643811266,-2.34296944446714
64.4168758006093,-2.35913892418572
64.4372862265836,-2.37476508855182
64.4577686034948,-2.39052277556092
64.4781081683443,-2.40625362136461
64.4992153554056,-2.42268751811527
64.5193712058635,-2.43848355954038
64.5396339078621,-2.45445526289729
64.5593039568816,-2.47004657407743
64.5799929891271,-2.48654994819199
64.6000497673465,-2.50264723120998
64.6203760837591,-2.51905253612542
64.6399726219788,-2.53496095028223
64.6600697865494,-2.55136697517044
64.6800184591895,-2.56773964402763
64.7006387441261,-2.58477436596984
64.7200886824755,-2.60096286975316
64.7394544862974,-2.61718856390602
64.7591975694783,-2.63381159605565
64.7788494759403,-2.65045193270978
64.7979072879718,-2.66672270929414
64.8175402496365,-2.68360620016868
64.8368088934135,-2.70028550626217
65.1429087972559,-2.63324092943472
65.1639161231536,-2.64952076621347
65.1852049590365,-2.66614418975655
65.2057619371802,-2.68229936119662
65.226479527299,-2.69868265397224
65.2475079305014,-2.71542441803005
65.267215768298,-2.73122765927801
65.2878418980313,-2.74789041628034
65.3080089113792,-2.76430806857845
65.328164102347,-2.78082185395642
65.3481183312861,-2.79729826227364
65.3680949934732,-2.81392779819784
65.3882388169672,-2.83080705697375
65.4077987788252,-2.84732293118262
65.4273609039132,-2.86396705859
65.4472618441747,-2.88100679976258
65.4666017635557,-2.89768578294154
65.4858927810017,-2.91446597675591
65.5053253186352,-2.93150265753103
65.5245372465298,-2.94847753564702
65.5433948560913,-2.96528069768045
65.5629473681346,-2.98284655133687
65.5820033834475,-3.00008593248917
65.6007615868849,-3.0171822351977
65.6197065562039,-3.03459836671013
65.9323026166954,-2.94385337449793
65.9525068459881,-2.9603012669624
65.9734423723149,-2.97747313506172
65.993177819472,-2.99378819337008
66.0130087649094,-3.01029991578855
66.0337462413328,-3.02770120674891
66.0537239313314,-3.04460855673862
66.0732576506996,-3.06127212590465
66.0931485918025,-3.0783510585764
66.1124727337936,-3.09504540545858
66.1326138287651,-3.11255984155273
66.152569066879,-3.13003939880246
66.1717488633657,-3.14693702087088
66.1910764212977,-3.16403085240695
66.2101223082825,-3.18094730945387
66.2296812870911,-3.19844258481061
66.2490170057199,-3.21595256316006
66.2682037167269,-3.23349995029084
66.2870829826068,-3.25087655209473
66.306038822204,-3.26845960058899
66.3248561461082,-3.28610967337734
66.3436294444838,-3.30390768325483
66.3623985191979,-3.32187216109011
66.3811059369388,-3.34001556386867
66.3995661894135,-3.35818561141158
66.6950836879892,-3.26252272490457
66.7151085990382,-3.28014493075765
66.7353742999757,-3.29822836074167
66.7549081549945,-3.3158971678729
66.7749297231462,-3.33422856910118
66.7941666235643,-3.35208219995752
66.8132643361814,-3.3700263743867
66.8323271739925,-3.3880890418176
66.8510545914978,-3.40600909054725
66.870040200405,-3.42438085616694
66.8888010795758,-3.44274542748735
66.9074804682797,-3.46122101650576
66.9259755652139,-3.47970774653081
66.944179778876,-3.49809117727215
66.9624093232849,-3.51667862458892
66.9805047917901,-3.53532769374765
66.9984318876158,-3.55401834534755
67.0161663025311,-3.57267852066647
67.0337065297628,-3.59130591198183
67.0514388768278,-3.61033320136492
67.0689654091497,-3.62931447959581
67.0861732274605,-3.64810229758961
67.1035558833693,-3.66727626927415
67.1203763840074,-3.68604474329777
67.1372515516264,-3.7050585054056
67.4457157810744,-3.59076318258676
67.4645018103863,-3.60930693972592
67.4828810518038,-3.62762843555884
67.500975991427,-3.64583689120097
67.519292574896,-3.66443362431342
67.5376576466198,-3.68324949932998
67.5559747017528,-3.70219166449404
67.5747267901268,-3.72175627683625
67.5923680118919,-3.74034269881743
67.6099196208502,-3.75902057820157
67.6277420925819,-3.77817192079427
67.6455097225066,-3.79745240965538
67.6634386011146,-3.81711062765895
67.6806603053494,-3.83618020012729
67.6982789560731,-3.85587236029378
67.7158590241824,-3.87572204715204
67.7330463313978,-3.89532742871645
67.7503155688178,-3.91522618134651
67.7671924337313,-3.934878196838
67.7840415785001,-3.95471546631458
67.8010663506171,-3.97498016502232
67.8176090839864,-3.99488271840693
67.8343959549014,-4.01526770877601
67.8511717815428,-4.03584892082823
67.867037744358,-4.055531654944
68.171647470745,-3.90447536984631
68.1892509532918,-3.92343231230212
68.2078436437036,-3.94366181469372
68.2254202205821,-3.96300682100482
68.2433120344936,-3.98291619797378
68.2609032890967,-4.00270669125442
68.278048985534,-4.02220212887843
68.2953626528478,-4.04208350706423
68.3124719481945,-4.06196469008584
68.3293412340831,-4.0818065438083
68.3463632796049,-4.10202331498795
68.363396561109,-4.12247228648673
68.380238821802,-4.14294196104489
68.3965151066141,-4.16294509896253
68.4132415400244,-4.183718134068
68.4291566395429,-4.20370887261589
68.4453901022484,-4.22434436327725
68.4617416266508,-4.24536336317189
68.4773429467956,-4.26562970230236
68.49291814655,-4.28610306195445
68.5090783328005,-4.307598531296
68.5241970163887,-4.32792012930028
68.5397683146403,-4.34906719149995
68.5547804675136,-4.36968990261872
68.5697917700989,-4.39052720177748
68.8683873178382,-4.23457008783414
68.8853501728581,-4.25484846577844
68.9021001978779,-4.27504972698814
68.9182943737644,-4.29476952533998
68.9351094743595,-4.3154628450306
68.9512078673288,-4.33544184281447
68.9676382778098,-4.35589034212561
68.9842841075709,-4.37679640729285
69.0003956741824,-4.39736833773268
69.0164754925773,-4.41825685012977
69.0326095120335,-4.43935237284458
69.0490597764854,-4.46088585667677
69.0650231552254,-4.48199686774433
69.0806596306073,-4.5029640515353
69.0964976859075,-4.5244939223995
69.1125336093372,-4.54648209762207
69.1280177344574,-4.56785730190483
69.1440210344236,-4.5902012095251
69.1591542695861,-4.61161779096884
69.1747235437324,-4.63389399748667
69.189734418993,-4.65562367023516
69.2048920473968,-4.67787199067691
69.2201940827904,-4.7006565230116
69.2349520488117,-4.72291888259318
69.2498010811228,-4.74559250043173
69.5462984593071,-4.5734751676794
69.562365085124,-4.59459155907217
69.5789248589,-4.61667191775894
69.5942596478712,-4.63742566862123
69.6100228827291,-4.65905436233045
69.6256550413502,-4.68077446875825
69.6407521711709,-4.70201344895549
69.655953335898,-4.7237145779614
69.671164494804,-4.74576463750966
69.6858855517401,-4.76741698041358
69.7006233146077,-4.78939714964052
69.7153151013676,-4.81160273666778
69.7300885937468,-4.8342455887316
69.7439327434126,-4.85575165900711
69.7582239008437,-4.87824078520604
69.7720065608013,-4.90020638485341
69.7864532014866,-4.92350508959428
69.8003001386826,-4.94612595569279
69.8140544289493,-4.96888830085958
69.8275125881862,-4.99142519058539
69.8415933612542,-5.01529674507489
69.8547479669652,-5.03785299808142
69.8682203494545,-5.06121034454204
69.8812586617898,-5.0840870038809
69.8947304338338,-5.10800632517016
70.1653237233061,-4.93747220156247
70.1802850354086,-4.96032526373834
70.1951597610347,-4.98330708570829
70.2095235123277,-5.0057542866597
70.2240067512594,-5.02862285813763
70.2387445337754,-5.05215699219521
70.2531863048937,-5.07549798986906
70.2674692901913,-5.09886389678311
70.2814915681229,-5.12206772867937
70.2956040209261,-5.14568485534007
70.309564111708,-5.16932009274642
70.3235806858981,-5.19332190770871
70.3375639567906,-5.21757283471817
70.3512256429439,-5.24156928343705
70.3648328187903,-5.26578218488987
70.3783327631498,-5.29011291774783
70.3917867847666,-5.3146570424793
70.4052166283595,-5.3394663187574
70.4183703751496,-5.3640806586325
70.4313636372413,-5.38870945885612
70.4443389191723,-5.41363903147627
70.4573888238781,-5.43904177338935
70.4702201050444,-5.46438177084429
70.4827010716076,-5.48939803996965
70.4952553836399,-5.51492580170842
70.7556014470132,-5.3210405518413
70.7694704728405,-5.34531407525994
70.7838706927451,-5.37086799857172
70.7967080298,-5.39396888716392
70.8103790852003,-5.41891045339843
70.8237052610067,-5.44358632793707
70.8369225901952,-5.46841967643405
70.8499770698728,-5.49331613387302
70.8627728547147,-5.51807333361753
70.8753530883133,-5.5427802760985
70.8881315760613,-5.56823342474682
70.9007064194868,-5.59366375043881
70.9129612074127,-5.6188049544913
70.9250218872112,-5.64388122417167
70.9372119104379,-5.66955360218551
70.9492768651647,-5.69532681469076
70.9611149157633,-5.7209858482453
70.9729690931661,-5.74701570358894
70.9845833281324,-5.77288195571429
70.9961694610165,-5.79904941709389
71.0077203560303,-5.8255123739028
71.0189687809363,-5.85163592023788
71.0303011947523,-5.8783480879512
71.0415489098408,-5.90526227062486
71.0524583084171,-5.93173389698298
71.3044321230665,-5.73050096228001
71.3169631284211,-5.7563149264276
71.3293676113557,-5.78220030520989
71.3412361436894,-5.80730418851319
71.3533124541742,-5.83322271880684
71.365372579866,-5.85945743284658
71.377225605307,-5.88558885928443
71.3891430951971,-5.9122050361101
71.4005571856238,-5.93801491124498
71.4121608780563,-5.96459579901012
71.4234907701405,-5.99089388230858
71.4351570445363,-6.01834424185898
71.4463194311836,-6.04497785098045
71.4574488303464,-6.07189569935454
71.4684331948651,-6.09881481650575
71.479572723704,-6.12651169633373
71.4904455988656,-6.15393385247181
71.5013969240716,-6.18195362843873
71.5118105897944,-6.20900540110509
71.5223080428138,-6.23667001484169
71.5326602675587,-6.26436722715283
71.5429985858329,-6.29248098690924
71.5531439285604,-6.32046470346802
71.5633604856535,-6.34910575342865
71.5733238301172,-6.37743806863168
71.5833339346668,-6.40632261297062
71.803522105207,-6.17828069890207
71.8148669559697,-6.20617351896752
71.8257694026644,-6.23338275949881
71.8364165257348,-6.26036919476575
71.8473281329685,-6.28844336273442
71.8579370494636,-6.31619728235095
71.8686818406632,-6.34477609268655
71.8791057438499,-6.37296103225256
71.8892760782363,-6.40093038680481
71.8992949814655,-6.42895721095117
71.9093079550968,-6.45743250696369
71.9192762163693,-6.48628994328141
71.9289655880681,-6.51487648968458
71.9385950998714,-6.54383280936809
71.9480035116882,-6.57265367554747
71.9574185437456,-6.60201663637576
71.9667237937097,-6.63157976569447
71.975875329612,-6.66118876795673
71.984713532365,-6.69037337487664
71.9935149880417,-6.72007746754085
72.0020748167033,-6.74953318731579
72.0106839288141,-6.77978170648226
72.0190149017085,-6.80970847466822
72.0272436590889,-6.83986791698377
72.2559372703385,-6.68688648097253
72.265447767928,-6.71653173909291
72.2751137117496,-6.74728881001738
72.2840111782314,-6.77621052548741
72.2929022719945,-6.80566740365687
72.3020575996932,-6.83661397783708
72.3106248256845,-6.86619006310758
72.3193081146297,-6.89680834071003
72.3276625771422,-6.92692687616524
72.3360617231581,-6.95792822794695
72.3443098222586,-6.98908336267495
72.3522092822733,-7.01964131748056
72.360184699253,-7.05121125863294
72.3679911660302,-7.08281845176099
72.3755408144146,-7.11412025576145
72.3829694236637,-7.14565764795908
72.3904153096511,-7.1780666277059
72.3975939141886,-7.21005031365853
72.4046987942631,-7.24246402458658
72.4113787094674,-7.27377026284068
72.4180244731528,-7.30577228140504
72.4246297900145,-7.33849514230151
72.4310693893513,-7.37129481461157
72.437321132399,-7.40408234680558
72.4433664536489,-7.43673389361405
72.6267174791641,-7.20758444634044
72.6336351576889,-7.23882466693754
72.640826416901,-7.2721448020842
72.6471658100636,-7.30241154508886
72.6538315389932,-7.33512380596962
72.660188005451,-7.36715630237566
72.666446232803,-7.39959027799797
72.6726015682833,-7.43251244085597
72.6784779027642,-7.46504176458042
72.6840905529702,-7.49711960542804
72.6896789660006,-7.53018192222597
72.695207191435,-7.56402746993674
72.7004307601579,-7.59713672781358
72.7054447210037,-7.63010837825157
72.7104595510429,-7.6643524605382
72.7151413268353,-7.69760747372212
72.7197045370094,-7.73134914499488
72.7241420317786,-7.76547928646294
72.7283714228857,-7.7993327328387
72.7324622077485,-7.8336235292917
72.7364253736193,-7.86846144878527
72.7403273963972,-7.90449419880707
72.7438782840347,-7.93902263386244
72.7472827007657,-7.9739694657071
72.7504452775512,-8.00838470832593
72.7535506451025,-8.04439049784069
72.9399287551468,-7.79467242206054
72.9439082169029,-7.82867698857713
72.9476482643155,-7.86218704788071
72.9512574851373,-7.8962538085565
72.9547209336414,-7.93083625404317
72.9580177204797,-7.96563029596775
72.9611620001484,-8.00091859724771
72.9639997493277,-8.03493865983041
72.9667018879249,-8.06975487604032
72.9692191875498,-8.10483225814516
72.9715892000292,-8.14043979138529
72.9737895319841,-8.17636257292467
72.9757191909772,-8.2110086925365
72.9775174475736,-8.24703937982819
72.9791205246886,-8.28326116940758
72.980570903886,-8.32072227688783
72.9817724309397,-8.35708163571352
72.9827800546862,-8.39384821983834
72.9835598266583,-8.42966471478845
72.9841630933283,-8.46729698780304
72.9845412523507,-8.50372029407393
72.9847348660733,-8.54177419931426
72.984718939791,-8.57853902792907
72.9844738266234,-8.61730122210922
72.9840142568795,-8.65478946295648
73.156607203198,-8.42615239244936
73.1569159405424,-8.46263359359324
73.1570119036464,-8.49986551271979
73.1568796740989,-8.53584979302875
73.1565212932346,-8.57312814603047
73.1559640796094,-8.61035269453663
73.1551666942958,-8.64795528325498
73.1541564163266,-8.68501440365451
73.1528735176512,-8.72393905539798
73.1513693080571,-8.76193450316963
73.1496510638302,-8.80019255414078
73.1477126110708,-8.83838001042691
73.1455421940825,-8.8765780118937
73.143143696565,-8.91540470439166
73.1405293399447,-8.95405873599874
73.1376792602345,-8.99277497615366
73.134519668234,-9.03258198312728
73.1311713838192,-9.07167527244655
73.1275038912221,-9.11156471099272
73.1235438382684,-9.1515806562224
73.1193687477268,-9.19116099765468
73.1149448402347,-9.23074307472194
73.1102332497149,-9.27058904634122
73.1051531995254,-9.31136095174449
73.0999028457304,-9.35137685307639
73.2787600671792,-9.07710547076607
73.2742292381287,-9.11582945561288
73.2694734531961,-9.15430534081051
73.2644396422925,-9.192943181906
73.2589394096689,-9.23301451053137
73.2532977194757,-9.27239199799458
73.2474996616757,-9.31117783445761
73.2412967702206,-9.35095626512979
73.2347328141978,-9.39139450800219
73.228004458795,-9.43126849036912
73.2210341787928,-9.47117346683409
73.2138423587606,-9.510876462458
73.2062769442823,-9.55128012904341
73.1985788883784,-9.59107298584695
73.1904024211613,-9.63191668870584
73.1820537428173,-9.6724743246749
73.1734582892375,-9.71300332241691
73.164391605313,-9.75444416911443
73.1552796347752,-9.79503494787455
73.1458306900616,-9.83590404314145
73.1359616689704,-9.87734586215193
73.1259533949333,-9.91834358212143
73.1156170482294,-9.95965736635404
73.1049655090834,-10.0011145793061
73.0940227152189,-10.042622174053
73.3104740022923,-9.72257236379113
73.3004082562463,-9.76265198446849
73.2902519707224,-9.80195914823747
73.2795566586286,-9.84231010984689
73.268895469983,-9.88162254261333
73.2577931946548,-9.92159327960654
73.2469149302882,-9.9597520529085
73.2351936578591,-9.99989678022166
73.2231379838927,-10.0402699726235
73.2108195381005,-10.0806204700914
73.1982508282541,-10.1209029206788
73.18538512134,-10.1612509212539
73.1722518548717,-10.2015209049456
73.1588876170094,-10.2416041449528
73.1447821858245,-10.2830835762597
73.1307778559271,-10.3234916598011
73.1163209983772,-10.3643621047337
73.1017758698153,-10.4046610839081
73.0866200346451,-10.4458434990426
73.071399597734,-10.4864568494596
73.0556610184946,-10.5276500883094
73.0397044550985,-10.5686124680757
73.0236691737898,-10.6090773463587
73.0069312390423,-10.6506008505298
72.9899811343868,-10.6919186060306
73.2589796015684,-10.3776353781957
73.2434420613771,-10.4168907002163
73.2277565499222,-10.4558593366713
73.2116170326239,-10.4953187920478
73.1952822375404,-10.5346049445323
73.1785530102254,-10.5742192167902
73.1616155550177,-10.6136771963524
73.1442775993451,-10.6533974449853
73.1266156916794,-10.6932232579593
73.1086777324479,-10.7330282361541
73.090550957079,-10.7726187239914
73.0720781155652,-10.8123647767268
73.053183658974,-10.85240846176
73.0340216229402,-10.8923776768148
73.0144331569714,-10.9326194837255
72.99484097642,-10.9722674289239
72.9746582090368,-11.0125278680585
72.954114719528,-11.052931041153
72.933371556075,-11.0931703515445
72.9118070006687,-11.1344348542769
72.8905914716011,-11.1744619871871
72.8690924101321,-11.2144635105071
72.8469737559612,-11.255082353368
72.8243948444771,-11.2959815433536
72.8016714275442,-11.3365682093283
73.1099484993258,-11.0277756019657
73.0887130168569,-11.0666446040321
73.0673452177839,-11.105190546995
73.0455495152079,-11.1439702500287
73.023566838907,-11.1825655748636
73.0013767004626,-11.2209945569724
72.9782580057887,-11.2604967361416
72.9553045799253,-11.2992018380144
72.9320045741066,-11.3379901052704
72.9083373443572,-11.3768890916326
72.8841917947331,-11.4160506580709
72.860354665043,-11.4541959343076
72.8353756673888,-11.4936622663492
72.8103683148789,-11.5326960272578
72.7854259191525,-11.5711596184794
72.759628747689,-11.610392884905
72.7337185465876,-11.6492863987392
72.707365210873,-11.688377436615
72.6807807037165,-11.7273390987143
72.6539372047301,-11.7662068939598
72.6265061946818,-11.8054707826084
72.5992700877763,-11.8439666357198
72.5714294881788,-11.8828268084141
72.5430105439154,-11.9220403152152
72.514529699379,-11.9608410350411
72.8652136846349,-11.6519147329811
72.8388592146794,-11.6883669941693
72.8120588298349,-11.7249962222614
72.7847732047152,-11.7618873344752
72.7573687620924,-11.7984761556813
72.7297207252302,-11.8348728596153
72.7015247773769,-11.8715418984562
72.6725089079648,-11.9088162426524
72.6443784850418,-11.9444679697791
72.6153714434488,-11.9807902639469
72.5861583255176,-12.0169185057365
72.5562588053468,-12.0534561903508
72.5260973618427,-12.0898882812018
72.4957174271244,-12.1261091848783
72.465173002778,-12.1620738236237
72.4342472996416,-12.1980196437967
72.4029809250462,-12.2339254765831
72.3713594835634,-12.269825110435
72.3388972727998,-12.3062401896807
72.3067812407763,-12.3418623104666
72.2738273132293,-12.3779597372814
72.2407194236047,-12.4137717522063
72.2072522402254,-12.4495567386496
72.1734832787213,-12.4852088830925
72.1395774032578,-12.5205815833271
72.5603590433356,-12.2542252874501
72.5287090009281,-12.2879080266049
72.4965948144181,-12.3217006047989
72.4643809295095,-12.3552125644791
72.4315018588084,-12.3890073858965
72.3985227998343,-12.4225088012649
72.3650598730864,-12.4560809273262
72.3313944699662,-12.4894880423653
72.2968313248193,-12.5234098274862
72.2622361366623,-12.5569613485526
72.2275602939226,-12.5901999115247
72.1925388936124,-12.6233654342022
72.1564971551252,-12.6570928312142
72.1215174178662,-12.6894334623704
72.0849809523362,-12.7228079807589
72.0485992938665,-12.7556304375592
72.0117463833174,-12.788454309827
71.9744747258726,-12.8212491590979
71.9368018886516,-12.8540122160265
71.8994339626286,-12.8861213607905
71.8608966420444,-12.9188408800343
71.8227729012039,-12.9508371001715
71.7845080067817,-12.9825795366852
71.7454200539194,-13.0146072180828
71.7052841803457,-13.04710985793
72.1822731237727,-12.8106653126954
72.1456808085436,-12.8408412195881
72.1089116572358,-12.8707900633553
72.0713277624398,-12.9010331238448
72.034374766569,-12.9303940257573
71.9959956411988,-12.9604862010272
71.9583750620795,-12.9896161761506
71.9198563447109,-13.0190841364237
71.8813289495883,-13.0482069670801
71.8420712176415,-13.0775395584542
71.8030889644797,-13.1062953874397
71.763571985553,-13.135078020455
71.7232477534411,-13.1640792447064
71.6826864545226,-13.192886101776
71.6423427501194,-13.2211967488187
71.6019107409079,-13.2492063375969
71.5605886289091,-13.2774482422145
71.5190911036389,-13.3054677139904
71.4773727386065,-13.333275965317
71.4346219183211,-13.3613992526481
71.392021526227,-13.3890936740807
71.349824985573,-13.4161949416911
71.3065940538633,-13.4436006762368
71.2621636370154,-13.4713886048717
71.2187676911604,-13.4981971788123
71.7092144042838,-13.2746763943092
71.668406397119,-13.3000360107042
71.6268634596454,-13.3255187677043
71.5853816128262,-13.3506383262018
71.5438918059252,-13.3754297250659
71.5013257805984,-13.4005359961128
71.4583437657025,-13.425580652262
71.416000503588,-13.4499306736771
71.3729436559522,-13.474349672526
71.3294341599359,-13.4986849423615
71.2857642811717,-13.5227562103238
71.2422612353118,-13.5464014436632
71.1975020630604,-13.5703921121252
71.1529344639899,-13.5939545700168
71.1079205200208,-13.6174437714566
71.0627050129993,-13.6407007903878
71.0176894711801,-13.6635224367738
70.9716035356399,-13.6865551681598
70.9259028502521,-13.7090766985746
70.8798137315378,-13.7314783756073
70.8335632232103,-13.7536428690257
70.7867818030135,-13.7757453525731
70.739987919909,-13.7975349599949
70.6928104124839,-13.8191853656102
70.6447546451885,-13.8409198379978
71.2189045537385,-13.6882194263005
71.1747703603485,-13.7085711566067
71.1304605846566,-13.7287130827398
71.0864617353955,-13.7484393208795
71.0416294360108,-13.7682491412687
70.9966798521812,-13.7878056082959
70.9521775970541,-13.8068946285153
70.9064524745366,-13.8262324667636
70.8614052601885,-13.844983672362
70.8151869393068,-13.8639326460499
70.7689639046359,-13.8826000426926
70.7225120059446,-13.9010807723952
70.6760006150805,-13.9192948725147
70.6296045512607,-13.937192789563
70.5827399530095,-13.9549802609322
70.5354062284247,-13.9726773506804
70.4884562500744,-13.989962198895
70.4401054747214,-14.0074607031634
70.3922740815601,-14.0244967046456
70.3439832328483,-14.0414397439567
70.2955922790017,-14.0581513154504
70.2466710177963,-14.074767122402
70.1981794700916,-14.0909552392283
70.1489545008594,-14.1071226903006
70.0997670755899,-14.1230241742318
70.6734524399768,-14.0599500946298
70.6272529463152,-14.0753893541345
70.5808011001286,-14.0906458718597
70.5352732663777,-14.1053467761773
70.4887323288731,-14.1201193543225
70.4417347600892,-14.1347702786364
70.3932345744853,-14.1496042212366
70.345035752044,-14.1640933524563
70.29823856772,-14.1778984439944
70.2522346912828,-14.1912010810893
70.2050156943495,-14.2046103123968
70.1564942961885,-14.2181523569766
70.1081783056495,-14.2313762441848
70.0595385094106,-14.2444300693655
70.0117636111542,-14.2570030705164
69.9631666736373,-14.2695299018032
69.9153343239186,-14.2816239764481
69.8655775562757,-14.2939749651163
69.8160490916926,-14.3060248457905
69.7680991849259,-14.3174474581847
69.7178846016099,-14.3291629693671
69.6679866106688,-14.340573803939
69.6174425880052,-14.3518805754583
69.5680342680589,-14.362700379632
69.5175010906668,-14.373538883693
70.1268401021176,-14.3868258770125
70.0788475083764,-14.3978093856027
70.0332699768742,-14.4080286256869
69.9863625269027,-14.4183302669213
69.9397756729902,-14.4283411004811
69.8932792065997,-14.4380998356142
69.8466456333555,-14.447667868325
69.7990439794956,-14.4572122945383
69.7509162986944,-14.4666327625471
69.703496806496,-14.4756946494244
69.6547607026746,-14.484796460954
69.6075342180572,-14.4933919743142
69.5594389599751,-14.5019400182231
69.5104841386784,-14.5104298604568
69.4626244219669,-14.5185091390346
69.4132259001575,-14.5266045989196
69.3659830968244,-14.5341367470581
69.3150074808738,-14.5420292515149
69.2664858127803,-14.5493597609447
69.217759435556,-14.5565517705876
69.1683041805148,-14.5636112612285
69.1191261640455,-14.5704208829112
69.0687867773379,-14.5771892677217
69.0190260278898,-14.5836684941682
68.9685470437561,-14.5900410456431
69.5488241214386,-14.6312241984488
69.5020754376256,-14.6376506875569
69.4559601795861,-14.6438086357721
69.4098873499569,-14.6497644777275
69.3636829767593,-14.6555426134474
69.3177708454881,-14.6610989983401
69.2708161006105,-14.6665871047313
69.2236512843218,-14.6719067484296
69.1772654731427,-14.6769585883632
69.1296783724086,-14.6819484101162
69.0827113660737,-14.6866835555649
69.0364115221384,-14.6911656080491
68.9890663278629,-14.6955518802557
68.9409593348838,-14.6998261196134
68.8936095500667,-14.7038460389699
68.8459582286264,-14.7077050205603
68.7984664293093,-14.711360975844
68.7514083926363,-14.714796466351
68.702367499588,-14.718195093023
68.6548551005713,-14.7213188174802
68.6070305003661,-14.7242814248052
68.5587890743265,-14.7270918696196
68.5107970263783,-14.729712168897
68.462055659966,-14.7322079825319
68.4138897578885,-14.7345063050144
68.9827286884776,-14.8659874709774
68.9372633001486,-14.8690207097597
68.8930687108822,-14.8718191939023
68.8485852595184,-14.8744663258396
68.804072492135,-14.8769540682928
68.7581291099971,-14.8793917380538
68.7138577724649,-14.8815969550704
68.6685016908318,-14.8836992940905
68.6231219374028,-14.8856629572884
68.5775615956715,-14.8874782908029
68.532272083292,-14.8891423341455
68.4865805101933,-14.8906809726572
68.4409751943111,-14.8920723212595
68.3954049339894,-14.8933185911785
68.3498346595526,-14.8944256847323
68.3038840944926,-14.8954061009114
68.2580654303637,-14.8962504405036
68.2115568169301,-14.8969696355739
68.1660009196924,-14.8975395869082
68.1198939311296,-14.8979922311086
68.0736926032098,-14.8983292743072
68.0272960608579,-14.898560396834
67.9807775583608,-14.8986653992946
67.9345616397162,-14.8986538114774
67.8879468273538,-14.8985250607749
68.4117225207147,-15.0906774750297
68.36781657997,-15.0917275189327
68.3251668286554,-15.0926328201228
68.282816769848,-15.0934377029823
68.238786984375,-15.0941764774649
68.195064573235,-15.0948059404687
68.1522099938758,-15.0953374961455
68.1092306305002,-15.0957685157852
68.0661004330636,-15.0961029808154
68.0221250590351,-15.096341523402
67.9790867157481,-15.0964760100108
67.9362730604776,-15.0965194247017
67.8919324828016,-15.096471297704
67.847660587597,-15.0963351923347
67.8042586530379,-15.0961100045072
67.7606020773516,-15.0958032148023
67.7172117050994,-15.0954077046209
67.6735359256981,-15.0949276263251
67.6297828202359,-15.0943778927574
67.5858259426188,-15.093731845837
67.5424094643135,-15.0930160449031
67.4987103025843,-15.0922141939108
67.4535359330315,-15.0913066910829
67.4095747502663,-15.0903618404529
67.3660291388368,-15.0893451427505
67.8046646127323,-15.3115342828391
67.7634025932568,-15.3118737190899
67.7225598508835,-15.3121372602794
67.6810630847101,-15.3123324811119
67.6400305145797,-15.3124585287851
67.5985062302791,-15.3125245499796
67.557003185591,-15.3125487800952
67.5153297300389,-15.3125093928297
67.4741845323801,-15.3124151638273
67.43253183788,-15.3122748000267
67.390522367939,-15.3120801871165
67.3492690189195,-15.3118316677859
67.307432704328,-15.311545887986
67.2653396608914,-15.3112145698274
67.2236143848699,-15.3108276521542
67.1815255876305,-15.3103900336066
67.1398682845084,-15.3099174735932
67.0973108366633,-15.3094042580054
67.055372835,-15.3088495077283
67.0129286614872,-15.308244080791
66.9710728033554,-15.3076118548897
66.92843621865,-15.3069295124281
66.8863672352551,-15.3062302985025
66.8437528359638,-15.3054841581856
66.8005804267612,-15.3046866715676
67.1730750658398,-15.518914741462
67.1325023028359,-15.5195240573077
67.0926201564059,-15.5200996820567
67.0516112163191,-15.520654098095
67.0115241776938,-15.5211583423808
66.9714509813849,-15.5216394085182
66.931235143237,-15.522098946193
66.8909747074939,-15.5225247410518
66.8496468123584,-15.5229322905005
66.8094178673431,-15.523304969309
66.7688933856047,-15.5236482395398
66.7291355896384,-15.5239619482183
66.6878214035863,-15.5242643104167
66.6472091726377,-15.5245215263048
66.6064228088136,-15.5247395690827
66.5655296174134,-15.5249332412745
66.5248853789044,-15.52510978732
66.4835271769681,-15.5252612303398
66.4424732280246,-15.5253827023989
66.4022652144775,-15.5254732547837
66.361281762512,-15.5255357993663
66.3195840704714,-15.5255739440637
66.2798239295905,-15.525581014749
66.2385222175225,-15.5255750633108
66.1973906162187,-15.5255660609331
66.4880485816517,-15.7077266475913
66.4489183956009,-15.7089282620812
66.4103169635066,-15.7100981337434
66.3705890283204,-15.7112746960308
66.3310656958407,-15.7124170425743
66.2922353861413,-15.7135255246513
66.2527856109307,-15.7146407833553
66.2134100345593,-15.7157485482201
66.1740881880555,-15.7168404188187
66.1353863210055,-15.7179193298094
66.0951180462162,-15.7190440672747
66.0546774524546,-15.7201600547674
66.016269232094,-15.7211894245553
65.9770262429028,-15.7222232551809
65.9379159202709,-15.7232435136496
65.8974567964941,-15.7242829381263
65.8583732032523,-15.7252750873475
65.8191517203539,-15.7262581807366
65.7792691654499,-15.7272436164432
65.7392104427512,-15.7282298847783
65.6994718987287,-15.7291959369901
65.6595281259457,-15.7301501217753
65.6197059076835,-15.7310922652107
65.5794314005081,-15.732038653252
65.5394742563041,-15.7329667648436
65.7689551271648,-15.8916964393769
65.7305559586146,-15.8936637702598
65.6925170146025,-15.8956132804277
65.6535423597725,-15.8976080581116
65.6151350636946,-15.8995779554402
65.5765432328511,-15.9015556000437
65.5381162747486,-15.9035103447807
65.4997569879295,-15.9054488081508
65.4615929262154,-15.9073734948523
65.422751168508,-15.9093252362652
65.384403496157,-15.911247425109
65.3459694992899,-15.91316719195
65.3065761824092,-15.9151377937892
65.2682587998456,-15.9170646818619
65.2290780594552,-15.9190357756638
65.1902257122459,-15.9209831832339
65.1513148386939,-15.9229291093401
65.1124500620503,-15.9248685801912
65.0732288901171,-15.926817097252
65.034424527512,-15.9287426587015
64.9950672367885,-15.9307097548847
64.9562670285734,-15.9326612559307
64.9162183588174,-15.9346787652366
64.8773486943157,-15.9366292519732
64.8390285209345,-15.9385556438238
65.0114892338246,-16.0814334863259
64.9734783861831,-16.0843632541071
64.935797570498,-16.0872754475499
64.8969270717711,-16.0902810325197
64.859666007717,-16.0931666120029
64.8211534117423,-16.0961474184425
64.7825711911457,-16.099153777031
64.7446352679777,-16.1021314118059
64.7065484111484,-16.1051210889698
64.6682060723074,-16.1081425001192
64.6293236318331,-16.111224396915
64.5906873782704,-16.1143078265498
64.5523674405139,-16.1173835595716
64.5141520008043,-16.1204663019282
64.4757401559685,-16.1235763347488
64.4365863916368,-16.1267491544053
64.3974641788937,-16.1299393598947
64.3588533723971,-16.1331207717316
64.3191793827948,-16.1364193921064
64.2825648290543,-16.139463620354
64.2429805074418,-16.1427502787093
64.2041389763504,-16.1459829221432
64.1646704986743,-16.1492772189572
64.1253764086146,-16.1525625424302
64.0864848954222,-16.155823183104
64.0468512008566,-16.1591511714903
64.2023070755767,-16.2635966808784
64.163950895765,-16.2676038808725
64.1256670611863,-16.2716139379345
64.0883953228078,-16.2755138200846
64.0497008850009,-16.2795452676037
64.0114614544479,-16.2834934060435
63.9734115447985,-16.2873675936399
63.9348007502597,-16.2912547950711
63.8963457097813,-16.2950862787078
63.8580888354867,-16.2988898585626
63.8198429398074,-16.3027095825958
63.7812456401302,-16.3065747736622
63.7425125928609,-16.310432441151
63.7046252056492,-16.3141907745788
63.6655582900374,-16.3180399356361
63.6269296847218,-16.3218157186097
63.5877717909444,-16.3256098321884
63.549355299072,-16.3293310367738
63.510584637406,-16.3331036581552
63.4719877714314,-16.3368624980725
63.4332809485591,-16.3406148185243
63.3939832699244,-16.3444047325458
63.3552231621062,-16.3481137455022
63.3164190171934,-16.351799433987
63.3497094317085,-16.4269183326735
63.3118026560786,-16.4310124055986
63.2732702709609,-16.4351749204152
63.2346139944831,-16.4393199260668
63.1954660997676,-16.4434837754379
63.1577025960787,-16.4474713697092
63.1183684957145,-16.4515883463125
63.0792761712822,-16.4556347346567
63.0402485809972,-16.4596630785703
63.0005819887224,-16.4637054253418
62.9615321959412,-16.4676245183794
62.9227875048848,-16.4714792663944
62.8830163831008,-16.4753988804144
62.8434798215751,-16.4792734628965
62.803310144253,-16.4831879998876
62.762630090505,-16.4871187977982
62.7235056784367,-16.4908654639656
62.6835245146954,-16.4946597654203
62.6434012167951,-16.4984121514905
62.603440190272,-16.5021003915328
62.563503650651,-16.505756382117
62.5232019661183,-16.5094162369571
62.4827670515547,-16.513051598781
62.4421661061346,-16.5166654451031
62.401504478441,-16.5202559889765
62.5051625808636,-16.5804860172849
62.4667391145377,-16.5842698962814
62.4272434735221,-16.5881317857921
62.3871161856774,-16.5920164142626
62.3473889418131,-16.5958192853219
62.3073982376098,-16.5996178807003
62.2683318302093,-16.6032915096936
62.229390459681,-16.6069109901509
62.1899454956512,-16.6105326047949
62.1507888229336,-16.6140684933023
62.1105905575738,-16.6176378790604
62.0707795899162,-16.6211123497532
62.0307202546577,-16.6245289181972
61.9911274393034,-16.6278347023229
61.9518187245422,-16.6310642016719
61.9116841462645,-16.6343032719529
61.8722641382181,-16.637408826848
61.8318724901624,-16.6405233603471
61.7917222591935,-16.6435704463859
61.7532035754622,-16.6464542988786
61.7115474021965,-16.6495194612712
61.6725368262979,-16.652348642453
61.6313557789407,-16.6552666558084
61.5915412981418,-16.6580168715895
61.5520950225397,-16.6606644566262
61.6601788183869,-16.6986090765199
61.6214718169797,-16.7013983503888
61.5816057420635,-16.704202243138
61.5419933891296,-16.7069268537517
61.5023783927297,-16.7095837048016
61.4627003274467,-16.7121760183858
61.423542659241,-16.7146778113196
61.383211986676,-16.7171832370624
61.3422229446535,-16.7196532382437
61.3033553472039,-16.7219223972497
61.2622580528315,-16.7242669709399
61.2216028487964,-16.7265253870423
61.1815983314418,-16.7286798666408
61.1419410292337,-16.7307556401219
61.1017348678,-16.7328027178907
61.0594801820111,-16.7348981166039
61.0198024237845,-16.7367951102057
60.9793094733221,-16.7386433726747
60.9385002571462,-16.7404270081722
60.8981566835659,-16.7421372284539
60.8582709969427,-16.7437724348269
60.8179757631458,-16.7453752820948
60.7776448762488,-16.7469088569011
60.7369146088121,-16.7483882304975
60.6963885288224,-16.7498050120107
60.6550465047332,-16.7512244977169
60.8158244118762,-16.8051638363616
60.7764137249377,-16.8068124790991
60.7359889224113,-16.8084190514226
60.6980654456531,-16.8098735328374
60.6591093759475,-16.8113165383175
60.619804999528,-16.8126893162234
60.5806091109361,-16.8139688667937
60.5408153410277,-16.8151923242666
60.5017239698147,-16.8163227744928
60.4618233721214,-16.8174051472308
60.4231945601719,-16.8183719187637
60.3828374548573,-16.819284915873
60.3433185448347,-16.8200723951394
60.3042110934511,-16.8207654195699
60.2642950391366,-16.8213943899289
60.2248741142496,-16.8219281004175
60.185171002491,-16.8223692366086
60.1456521198896,-16.8227051968295
60.1068155460628,-16.8229476726956
60.0665240109095,-16.8231192474693
60.0267879500632,-16.8232100097745
59.9863387442061,-16.8232006483887
59.9454287984764,-16.823088001682
59.9057995290878,-16.8228964388918
59.9997847737096,-16.8933733715031
59.9594203625716,-16.893492193052
59.9198176444218,-16.8935180138298
59.8797834764869,-16.8934747940629
59.8401121934119,-16.8933537361324
59.799563982359,-16.8931488460159
59.7600276603707,-16.8928816719872
59.7198161626838,-16.8925516665917
59.6799047668696,-16.8921564908577
59.6396678171335,-16.8916693899196
59.599220929809,-16.8910947675446
59.5590250992155,-16.8904452327995
59.5195633174615,-16.8897275729492
59.4792093712043,-16.8889242874349
59.4392711824836,-16.8880577074047
59.3994966408664,-16.8871258100966
59.3595721706222,-16.8861100862019
59.3192231109585,-16.8850113044927
59.2784798790094,-16.8838433682844
59.2384747522596,-16.882623182173
59.1989719725507,-16.8813356441005
59.1587060546822,-16.8799328393294
59.1189822105897,-16.8784668602528
59.0781777886791,-16.8768964341825
59.0385175704398,-16.8753027283863
59.185624142087,-16.9598967493628
59.1464440032826,-16.9587358722978
59.1074221273966,-16.9575246412471
59.0687724485248,-16.95626778273
59.0300452184618,-16.9549373280573
58.9910808933073,-16.953537598424
58.9523117212511,-16.9520746351279
58.9136650647836,-16.9505497952116
58.8748265360384,-16.948972614829
58.8360442917962,-16.9473716197048
58.7971045217146,-16.9457152405027
58.7579789402668,-16.943999512404
58.719087188951,-16.9422437607473
58.6801603248163,-16.9404148059359
58.6413013270356,-16.93853237323
58.6022643154782,-16.936575356668
58.563262410726,-16.9345615802054
58.5239178514192,-16.9324894584155
58.4848348398648,-16.9303882988581
58.4458277456413,-16.9282513606852
58.4065873048044,-16.926039976915
58.3671391355518,-16.9237540490629
58.3280363384589,-16.9214463257469
58.288314384082,-16.9190571032238
58.2490731243136,-16.9166529068165
58.3897263410838,-16.9953577786438
58.3524766467908,-16.9934381509648
58.3138673461463,-16.991412131458
58.2757766280541,-16.9893827778232
58.2371951331155,-16.9873011688988
58.1989005667855,-16.985192395855
58.1603300170022,-16.9830270296263
58.1221602011831,-16.9808445609143
58.0836618442566,-16.9786039624452
58.0453329837948,-16.9763407745385
58.0064373575236,-16.9740182497643
57.9683512116714,-16.9717208076209
57.929485330862,-16.9693413290754
57.8911999957202,-16.9669551226871
57.8528605358755,-16.9645304439509
57.8141259030244,-16.9620569434089
57.7757198105032,-16.9595659975316
57.7372173872737,-16.9570216942485
57.6984724799467,-16.9544378947498
57.6600303981629,-16.9518493105102
57.6215317634214,-16.9492163927625
57.5827376701532,-16.9465245706764
57.5443064810726,-16.9438290876122
57.5050949895607,-16.94103567622
57.4666679264903,-16.9382648867465
57.4272676561835,-16.9353997326724
57.5928960031339,-17.0424987980811
57.5551482937601,-17.04030355627
57.521066804785,-17.0382786993852
57.4851932240856,-17.0361134630192
57.4477257446544,-17.0338288932157
57.4096179222995,-17.0314827959884
57.3717277725427,-17.0291264170545
57.3339343699588,-17.0267393130002
57.2964408603477,-17.024340090738
57.2585410146081,-17.0218848707728
57.2209216015933,-17.0194294668539
57.1825885230726,-17.0169010365305
57.1448677841825,-17.0143763929985
57.1071782711114,-17.0118229103618
57.0689988483502,-17.0092278291624
57.0308207434696,-17.0066144196318
56.9928719977652,-17.0039868184826
56.9550713697118,-17.0013445800567
56.9170032346487,-16.9986630851592
56.8784860682822,-16.9959286559532
56.8406454071529,-16.9932183220846
56.8017038615437,-16.9904039438801
56.7637868332959,-16.987634231874
56.7255595834869,-16.984821623603
56.7831608428789,-17.043785757764
56.7455959891048,-17.0413548807175
56.7081130665162,-17.0388903452953
56.6700399176255,-17.0363561508283
56.6327790908151,-17.0338496987302
56.5947167485455,-17.0312741719311
56.5568843308797,-17.0286875324735
56.5184363674687,-17.0260337418055
56.4811553310801,-17.0234466741568
56.4431872987869,-17.0207896975534
56.4052808626227,-17.0181185762984
56.3665173860789,-17.0153723873755
56.328525224499,-17.0126580450162
56.2912478707818,-17.00997612565
56.2532930885273,-17.0072388890796
56.2150060291071,-17.0044577444916
56.1767995872754,-17.0016614074246
56.13845648275,-16.9988400674866
56.1004347879567,-16.9960320755271
56.0625026410051,-16.9932065329892
56.0239537106244,-16.9903194926855
55.9857714325522,-16.9874532991619
55.9473546612078,-16.984557145843
55.9093082727105,-16.9816699895939
55.8713547898508,-16.9787883458711
55.8330209641613,-16.9758658132212
55.9604098631403,-17.0536318434266
55.9236163399473,-17.0512197780272
55.8862819862722,-17.0487496238966
55.8493337376736,-17.0463055402349
55.811976468055,-17.0438258511977
55.7746085687397,-17.0413421680876
55.7371729555744,-17.0388362697066
55.6995515954051,-17.0363040879158
55.6628541428598,-17.0338132052166
55.6247775986736,-17.0312131623583
55.5881575287696,-17.0286814254318
55.5501204823446,-17.0260250387669
55.5131725685405,-17.0234320563148
55.4748188623128,-17.0207345846213
55.4376517887462,-17.0181071414127
55.4000689093048,-17.0154340630586
55.3623273508783,-17.0127207346855
55.3246022941305,-17.0099737242664
55.2874792374934,-17.007251939795
55.2493462806459,-17.0044387181177
55.2116868045681,-17.001635880105
55.1741062280667,-16.9988158827116
55.1359801993261,-16.9959414478706
55.0976357388065,-16.9930239458775
55.1261928750805,-17.0393481893785
55.0885261616765,-17.0367412303242
55.0507097465007,-17.034101821638
55.0130430789093,-17.0314529664492
54.9753326291426,-17.0287805214227
54.9368945582982,-17.0260412041767
54.8992715386127,-17.0233362981646
54.8611837700299,-17.020581025337
54.8233045151133,-17.0178217467745
54.7849281300417,-17.0150182508387
54.7466440439465,-17.0122116438335
54.7085494046166,-17.0094000758692
54.6702034789533,-17.0065432215194
54.6317370136477,-17.003651237908
54.5941237985249,-17.0007953253782
54.5554945716859,-16.9978579489684
54.5172053801166,-16.9949381697138
54.4784953938032,-16.9919755786613
54.4403360063577,-16.9890335031383
54.401294242401,-16.9860161047462
54.3628887691285,-16.9830350043106
54.3244833969483,-16.9800398233799
54.2861160514301,-16.9770171687244
54.2465842167031,-16.9738752429593
54.2084772646508,-16.9708320064213
54.169839426313,-16.9677362311655
54.2822054861515,-17.0023496267037
54.2450349698094,-16.9994979353595
54.2070316115749,-16.9965529561462
54.1693657341023,-16.9936134020179
54.1315039586811,-16.9906488668198
54.0939306723161,-16.9876930939969
54.0553298926736,-16.9846361655104
54.0173608104791,-16.9816148889701
53.9800825513547,-16.9786322345736
53.9414524574141,-16.9755287045337
53.9038680294415,-16.9724928141904
53.8650174182253,-16.9693302740089
53.827247101066,-16.9662263161331
53.7889665524949,-16.963051706951
53.7506750877781,-16.9598379377107
53.7118104579391,-16.956540462557
53.67346195836,-16.9532569354269
53.634546129659,-16.9498950220346
53.5960599860859,-16.9465338927569
53.5568811866481,-16.9430889829202
53.5185428509679,-16.9396807459939
53.479604259686,-16.9361820132819
53.4406999402819,-16.9326338504203
53.4015119887972,-16.9290073738478
53.3627833508553,-16.9254023812461
53.4350713414161,-16.9524451826212
53.3970131339539,-16.9490015752662
53.3587405716957,-16.9454965580333
53.3201388435781,-16.9419272187626
53.2815949152701,-16.9383276822936
53.2435839622582,-16.9347423341726
53.2046845624327,-16.9310286806158
53.1659888129829,-16.9273031667436
53.1276943528432,-16.923589780746
53.0893579047517,-16.919837290277
53.0502065454277,-16.915953140593
53.0118395785179,-16.9121101429101
52.9726116628044,-16.9081409657429
52.9342329568693,-16.9042139449005
52.895543264044,-16.9002051462641
52.8569701216214,-16.8961619418232
52.8176901815521,-16.8919887912583
52.77899565829,-16.8878297040489
52.7402330726799,-16.8836079942417
52.7013836912237,-16.8793276988692
52.6623408278958,-16.8749725847273
52.6233501582415,-16.8705718490188
52.5848946159191,-16.8661780747752
52.5459505894096,-16.8616475783192
52.5064725259165,-16.8569748690834
52.5632076996316,-16.832234163114
52.5241430795182,-16.827272736379
52.4855269017484,-16.822306862891
52.4471998629865,-16.8173091739307
52.4085374063325,-16.8122056884228
52.3698403592573,-16.8070296744444
52.3309027389436,-16.8017611549192
52.2919278974346,-16.7964190976434
52.2530417100456,-16.7910119352765
52.2140703234401,-16.7855096866314
52.1750836438553,-16.7799330043427
52.1358288558996,-16.77423149547
52.0972530367424,-16.7685398915238
52.0581885261732,-16.7626955675492
52.0188492987913,-16.7567283070849
51.9805661872498,-16.750845819966
51.9407996414741,-16.7446610401568
51.9020929495288,-16.7385627200258
51.8633149474425,-16.7323744323846
51.8238572760459,-16.7259927852511
51.7848738125583,-16.7195925635901
51.7453940418746,-16.7130227214078
51.7064685033489,-16.7064674367064
51.6667689354852,-16.699697028038
51.6276376515954,-16.6929431769158
51.7048809142562,-16.7754927960593
51.666507414666,-16.7691460811748
51.6277307565505,-16.762621706578
51.589588121276,-16.7560908442662
51.5508690058687,-16.7493814914698
51.5123376839119,-16.7426316813627
51.4732269000087,-16.7356996709042
51.4347410367138,-16.7287671764114
51.3965348318592,-16.7217616443903
51.357477921943,-16.7144910227446
51.3189774775722,-16.7072316666896
51.2797739312237,-16.6997519310362
51.2413933535781,-16.6923357362193
51.2028416240001,-16.6847816837285
51.1640522374787,-16.6770764340727
51.1252131368027,-16.6692540436014
51.0859817163053,-16.6612540236234
51.0476146094943,-16.6533323347712
51.0081453218507,-16.6450746880603
50.9694059477794,-16.6368617810572
50.9307416083027,-16.6285683717166
50.8919470810684,-16.6201469127469
50.8525540786629,-16.6114901841118
50.8134116518643,-16.6027900182422
50.7747673086987,-16.5940968222544
50.8795747918769,-16.6390183851166
50.8409564686306,-16.6302647425166
50.8028894229356,-16.6215256120118
50.7644523778343,-16.612600994504
50.7263391475087,-16.6036480809569
50.6878755555189,-16.5945001390715
50.6499648119347,-16.5853841802232
50.6118111540425,-16.5761173041715
50.5726506678068,-16.5665136581023
50.5346084519704,-16.5570984648878
50.496249974324,-16.5474989091461
50.4576414638066,-16.5377297117407
50.4193755920745,-16.5279504887134
50.3807010807238,-16.5179691836093
50.3426546767181,-16.5080617272074
50.3037654509959,-16.4978284364387
50.2654087419765,-16.4876468416891
50.2270592048313,-16.4773664770206
50.1888565474413,-16.4670184699814
50.1504036998082,-16.4565089787596
50.1116415293856,-16.445830522982
50.0732400203293,-16.4351684729348
50.0346006258626,-16.4243308288532
49.9962743653599,-16.4134734568267
49.9578323639701,-16.4024630811615
50.0872879237597,-16.4494205487886
50.049540789323,-16.4384898649436
50.0127357464886,-16.42773592942
49.9750539747769,-16.4166316218061
49.9375944785871,-16.4055022714681
49.9005329983037,-16.3943839124436
49.8629191851114,-16.3829890337682
49.8256999864814,-16.3716237888057
49.7883658090092,-16.3601364560113
49.7511751176709,-16.3485944963253
49.7132515578495,-16.336715558775
49.6761017112697,-16.3249803878922
49.6387059995512,-16.3130841011883
49.6018958800587,-16.3012684952407
49.5644943931714,-16.2891561010909
49.5274466062576,-16.277065673694
49.4899135292345,-16.2647140425318
49.4524576589003,-16.2522806222416
49.4152018782273,-16.239825657987
49.3780139334805,-16.2272984139238
49.3409038668214,-16.2146974123644
49.3035052255866,-16.2019103789386
49.2667912935614,-16.1892741559183
49.2293856097896,-16.1763137845707
49.1923062021068,-16.1633730883386
49.3010579842898,-16.2681897319189
49.2650437469788,-16.255863395316
49.228993670665,-16.2434349714733
49.1929517948065,-16.2309254677342
49.1567400435814,-16.2182642708917
49.1206728891484,-16.205558130461
49.0845563610003,-16.1927458159491
49.0479822740913,-16.1796987490372
49.0119936784694,-16.1667677221191
48.9755055124855,-16.1535487792374
48.9395162252696,-16.1404067394503
48.9027332188078,-16.126861171495
48.8670289193963,-16.1136184973058
48.8294698302169,-16.0996013957264
48.7934962012199,-16.0860904957846
48.757602048367,-16.0725215138972
48.721057959969,-16.0586018794
48.6845034390535,-16.0445675091547
48.6482965829456,-16.0305444008767
48.6113953875521,-16.0161456328053
48.5752052936784,-16.0019186170666
48.5383476853196,-15.9873270995503
48.5021068483559,-15.9728780165487
48.464863851959,-15.957941100809
48.4286177112018,-15.9433114551837
48.5308414727953,-16.0929286391576
48.4951485902224,-16.0790099202151
48.4593259631203,-16.0649376887059
48.4234899412959,-16.0507576246234
48.3876216006079,-16.0364565426778
48.3520136452459,-16.0221530106802
48.3160756029238,-16.0076146983639
48.280184805452,-15.9929791152719
48.2443512673256,-15.9782627311796
48.2079132673859,-15.9631937235879
48.1725529656263,-15.948458049507
48.1362968867424,-15.9332157487079
48.1002979475522,-15.9179564699614
48.0649208990615,-15.90284933962
48.0289024950313,-15.8873470344405
47.9928708940481,-15.8717186913843
47.9566110655798,-15.855863889629
47.9209987823067,-15.8401580950809
47.8847553259905,-15.8240423832333
47.8492182032756,-15.8081215528919
47.8134755720291,-15.7919817774321
47.7773803665378,-15.7755497338814
47.7414119700928,-15.759044896788
47.7056348434475,-15.7425017282356
47.6694579108253,-15.7256356718651
47.8456557909415,-15.8555085237406
47.8110798316316,-15.8394641983281
47.7765682637059,-15.8233216090735
47.7414385526423,-15.8067700243342
47.7069608288596,-15.7904075715767
47.6728572591242,-15.7740886426947
47.6383973054888,-15.7574719116359
47.6035559821606,-15.7405491582112
47.5695192949368,-15.7238947471826
47.5348655271968,-15.7068160612767
47.500383562629,-15.6897105627195
47.4659122608543,-15.672486123657
47.4314019295951,-15.6550989028278
47.3967338157842,-15.6375099348884
47.3617342606749,-15.6196227099513
47.3272035130967,-15.6018356570712
47.292536340454,-15.583847211003
47.2584397990617,-15.5660362549337
47.2238368079617,-15.5478255517978
47.189412180826,-15.5295800428958
47.1550790386875,-15.5112473677797
47.1206837288117,-15.492744619273
47.0856685792253,-15.473759421087
47.051417501781,-15.4550686294158
47.016555699361,-15.4359298205045
47.1657029530227,-15.5790824891184
47.1321365743106,-15.5608257046497
47.0988252959638,-15.5425801703859
47.0659384099226,-15.5244346728853
47.0324216602852,-15.5058133526498
46.9995981131912,-15.48747065715
46.9663628159682,-15.4687950077908
46.9329119644992,-15.4498747578438
46.8997852590014,-15.4309891426585
46.8662098449903,-15.4117050981087
46.833360768782,-15.3926964296135
46.8002140899243,-15.3733885460383
46.7671487981077,-15.3540030845597
46.7342200405673,-15.3345875821812
46.7006304757556,-15.3146582429947
46.6676545735537,-15.2949692435069
46.634318928828,-15.2749256241991
46.6016144273587,-15.2551195012084
46.5682985199851,-15.2348260176432
46.5354313570691,-15.2147059070086
46.5019690900664,-15.194111254208
46.4692883785364,-15.1738873318861
46.4362368007063,-15.1533142121654
46.4032820154392,-15.1327039957424
46.3703118656782,-15.1119822001641
46.506344205112,-15.2945470524651
46.4745032600211,-15.274989122239
46.4426547910731,-15.2553158848613
46.4107721851858,-15.2355147325965
46.3787175250348,-15.2155077624926
46.3468853257053,-15.195539865949
46.3147792020677,-15.175295321098
46.2826718986978,-15.1549438602731
46.2508761284281,-15.1346889300884
46.218776573569,-15.1141431349102
46.1872726562805,-15.0938849472578
46.1552329938399,-15.0731730712993
46.1236244014815,-15.0526346403178
46.0916744973093,-15.0317690237209
46.0598473966043,-15.0108672936988
46.0282663311796,-14.9900155141973
45.9961498422976,-14.9686834779568
45.9641748682103,-14.9473403298991
45.9324923930723,-14.9260860564447
45.9011826483951,-14.9049918334964
45.8691892652968,-14.8833457239774
45.8374903965439,-14.8617958389423
45.805891489936,-14.8401925308595
45.7738253771572,-14.8181391823965
45.7421985190103,-14.796257762842
45.8836984818685,-14.9241459402759
45.852781856621,-14.9027771222399
45.8223231690878,-14.8815961347084
45.7921297628003,-14.8604665021649
45.7615841773772,-14.8389571722709
45.731372980857,-14.8175533472827
45.7007791823937,-14.7957572518441
45.6700327919398,-14.7737146439217
45.6397929728182,-14.7518919800614
45.6096762669263,-14.7300226713786
45.5795355577,-14.7079961105049
45.5490949320835,-14.6855905186495
45.5184956446946,-14.6629183649447
45.4884785158722,-14.6405575689934
45.4579920498462,-14.6177008502776
45.4281175164229,-14.5951502084652
45.397796670594,-14.5721035598321
45.3673410624268,-14.5488049393403
45.3373337072088,-14.5257038951762
45.3071924302389,-14.5023492283384
45.2770902194944,-14.4788834311714
45.247268377509,-14.4554933070848
45.2168683049197,-14.431493553595
45.1866637903092,-14.4074923054515
45.1565098084636,-14.383364764822
45.2971308209461,-14.5969264942319
45.2684027922088,-14.574354205414
45.2394027626643,-14.5514437722126
45.2108222639662,-14.5287256048778
45.1820596132281,-14.5057054906576
45.153157809525,-14.4824364348387
45.1245766232046,-14.4592933565768
45.0958697607124,-14.4359112721503
45.0671748436603,-14.4123796675377
45.0385486575861,-14.3887533259043
45.0097564876928,-14.3648322227526
44.9814021204591,-14.3411365987156
44.9526798665193,-14.3169940303754
44.9240995110211,-14.2928373702028
44.8955770209903,-14.268586754399
44.8673048461383,-14.2444007590175
44.8391102770087,-14.2201302932118
44.8103634048134,-14.1952340053188
44.7824336695372,-14.1709059666558
44.7539179596307,-14.14592351482
44.7259514257596,-14.1212836308316
44.6977461906167,-14.0962671307536
44.6693207220136,-14.0708832314311
44.6411013960507,-14.0455146117643
44.6132058778111,-14.0202824864949
44.7293216405132,-14.2493733170042
44.7025441604869,-14.2256935738025
44.6756016925328,-14.2017200706811
44.6486242442282,-14.1775466519426
44.6217934627704,-14.1533466908481
44.5950547616544,-14.129077579354
44.5679048524851,-14.1042649298041
44.5412992050076,-14.079781744807
44.5145614021746,-14.0550229196125
44.4882186786313,-14.0304782683251
44.4614471606486,-14.005375635721
44.4347603301747,-13.980210419767
44.4083719313324,-13.9551731434203
44.3814808798851,-13.9294892061946
44.3554314177268,-13.9044355436269
44.329101789933,-13.8789498452356
44.3022233845976,-13.8527621356354
44.2760560620151,-13.8270994366567
44.2499809237656,-13.8013522734109
44.2235450293117,-13.7750998543018
44.1972327210327,-13.7488256205724
44.1710712842157,-13.7225475979694
44.1451844345905,-13.6963832025208
44.1191140659756,-13.6698624988714
44.0933201396561,-13.6434679439876
44.1733253700516,-13.893475312256
44.1483650027252,-13.8687395112645
44.1232917365395,-13.8437497918384
44.0980899861832,-13.8184694921991
44.0729830879078,-13.7931104085995
44.0475031745416,-13.7672169707532
44.0228085808677,-13.7419972998066
43.9977057379792,-13.716228606974
43.9728408080438,-13.6905484106428
43.9476061400669,-13.6643234926132
43.9229155291129,-13.6385083771662
43.8979027158437,-13.6121792777901
43.8731845492588,-13.5860003819839
43.848521859769,-13.5597271193782
43.8238565579365,-13.5332952578504
43.798977734554,-13.5064896880292
43.7744968489355,-13.4799574107775
43.749881602678,-13.4531349061524
43.7240855458299,-13.4248774174079
43.6994504058143,-13.3977296630596
43.6757169164509,-13.3714039037073
43.6512326980472,-13.3440699688526
43.6264133393309,-13.3162035525552
43.6021539665737,-13.2888405384995
43.5776999659972,-13.2611530078878
43.652882603862,-13.5445615077142
43.628094235535,-13.5175662966895
43.6045727648298,-13.4918013083261
43.5818287747121,-13.4667570702599
43.5582766007685,-13.4406903385587
43.534646852732,-13.4143956437925
43.51139219445,-13.3883616882736
43.4876488579605,-13.3616144996033
43.4645593505737,-13.3354404244519
43.4412817715149,-13.308909182861
43.4181922438348,-13.2824820821173
43.3952619156607,-13.2560844612564
43.371905444851,-13.2290269127459
43.3491538773484,-13.2025030183376
43.3259822590594,-13.1753315060935
43.3031190133223,-13.1483796064565
43.2802315387301,-13.1212472071164
43.2571948250817,-13.0937686621725
43.2348041807988,-13.0668991990932
43.2122661822523,-13.0396984538863
43.1897395651209,-13.0123533086973
43.1668071167932,-12.9843500712673
43.1443080693834,-12.9566899583379
43.1217941732216,-12.9288313523645
43.0996021919014,-12.901189880039
43.1654469538177,-13.1305828090002
43.1435052340337,-13.1039344578229
43.1215800727215,-13.0771495415843
43.1003219614845,-13.0510045513797
43.0787148171022,-13.0242537197631
43.0572450837069,-12.9975059108905
43.0353827064646,-12.9701059416137
43.0143276004277,-12.9435469433657
42.992999099243,-12.9164747061745
42.9715561657074,-12.8890839972279
42.9505465928526,-12.862095749088
42.9292134365838,-12.834526863279
42.9080950078101,-12.8070611587529
42.8869326987162,-12.7793513157371
42.8659868580499,-12.7517448400623
42.8447322280606,-12.7235722166783
42.8243362870549,-12.6963998978479
42.8035494781274,-12.6685197070953
42.782440549439,-12.6400212399916
42.7622925018665,-12.6126568308333
42.7413464425516,-12.5840286658118
42.720587193566,-12.5554834100146
42.7002506028773,-12.5273558297129
42.6795901558641,-12.4985988742143
42.6596772654343,-12.4707168922949
42.71042172222,-12.6625647454336
42.690166455365,-12.6346895281996
42.6705950080823,-12.6076175771888
42.6511072317245,-12.5805091374193
42.6315304089615,-12.5531133940896
42.6118805269498,-12.525445263949
42.5923806602151,-12.497813738005
42.5727635953928,-12.4698579001399
42.5535061840089,-12.4422516398854
42.5339649382367,-12.4140987823894
42.5146994966633,-12.3861928753988
42.4953197896129,-12.3579710989476
42.476196249522,-12.3299729608119
42.4572080377214,-12.3020200572423
42.4380088366286,-12.2735900606527
42.4188381688598,-12.245025798091
42.3997540029099,-12.2164297534081
42.3805483533382,-12.1875037815962
42.3617820767634,-12.1591015750157
42.3425536691744,-12.1298457113517
42.3237009736328,-12.1010028217838
42.3051313151702,-12.0724375725574
42.2863051238952,-12.0433020966957
42.2678797672903,-12.014619163366
42.2491881343225,-11.985341010134
42.2676066884948,-12.2127186803349
42.2485309964492,-12.183903561407
42.2306775499463,-12.156763660772
42.2127401190874,-12.1293325440091
42.194510479826,-12.1012883494521
42.1762777852874,-12.0730874737025
42.1580314204258,-12.0447282037086
42.1404988226663,-12.0173309900979
42.1225514564092,-11.9890999456097
42.1048782613717,-11.9611215852559
42.0871182140583,-11.9328199456747
42.069424789975,-11.904467399289
42.0517499837377,-11.8759885991007
42.0339992730846,-11.8471969461227
42.016189097789,-11.8181163420891
41.9989275114847,-11.7897286802431
41.9817454881532,-11.761318302634
41.9642401608456,-11.7322491841976
41.9469760001654,-11.7034223016155
41.9295694501268,-11.6741437680866
41.9124086372702,-11.6450965351199
41.8949668691347,-11.615402751555
41.8780813619437,-11.5865004588115
41.8607032789991,-11.5565793445405
41.8438236652043,-11.5273395736808
41.8448802564762,-11.7434609191178
41.8276115422145,-11.7146542900921
41.8109688192728,-11.6867407463837
41.7941155962383,-11.6583215790244
41.7775653311013,-11.6302392171077
41.7612168132879,-11.6023208467989
41.7446109720905,-11.5737617120552
41.7281255119592,-11.5452191529647
41.7115045934776,-11.5162426792879
41.6952272842474,-11.4876860871307
41.6787125669608,-11.4585382922221
41.6625231517379,-11.4297824630976
41.6463888999501,-11.400944467513
41.6303889870351,-11.3721763010467
41.6141965879374,-11.3428561326102
41.5983707630021,-11.3140031683364
41.5823182975453,-11.2845558225977
41.5663158081705,-11.2550239593319
41.5506752264297,-11.2259994426395
41.5348129221018,-11.1964081041745
41.5194120894782,-11.1675259955458
41.5026899466475,-11.1359925215112
41.4866056635756,-11.1054743488319
41.4710539580271,-11.0758052991361
41.4555424240901,-11.0460446512906
41.4451970815917,-11.2481849169713
41.4297342824873,-11.2196948968981
41.4145730865458,-11.1916015564213
41.3993668878054,-11.1632716099754
41.3842697085001,-11.1349867405503
41.3695569018851,-11.1072650855962
41.3561285802658,-11.0818410446388
41.3410367550405,-11.0531622770646
41.3262613398762,-11.0249616039577
41.3111869887201,-10.9960314836034
41.2962443371382,-10.9671701965624
41.2813975129796,-10.9383308573411
41.2666416416737,-10.9095319716555
41.2519539955727,-10.8807144379937
41.2372426413988,-10.851703384362
41.2225529357286,-10.8225668823583
41.2079178799484,-10.793347983502
41.1934306656776,-10.7642592019261
41.1790800728347,-10.7352785320504
41.1647771819601,-10.7062109790333
41.1504068685618,-10.6768125929066
41.1361770041375,-10.6475204712598
41.1220659237267,-10.6183066772935
41.1080500184285,-10.5890861338187
41.0939385658068,-10.5594825767333
41.0572694272491,-10.7292421461388
41.04257071276,-10.6997625953956
41.0291631414192,-10.6726908278684
41.0152575465564,-10.6444241701863
41.0013096114898,-10.6159101656131
40.9876021978205,-10.5877466472855
40.9737546077286,-10.5590979681079
40.9599774676832,-10.5304235124256
40.9462289951487,-10.5016439479708
40.9328428716824,-10.4734239072405
40.9191757011052,-10.4444421571914
40.9056908011725,-10.4156583493552
40.8921543335009,-10.3866057659113
40.8788254325876,-10.3578387358882
40.865487056314,-10.328893209911
40.8524264884327,-10.3003837979771
40.8389037775641,-10.2706604869813
40.825744451486,-10.2415680057374
40.8126112937791,-10.2123850941734
40.799681384037,-10.1835000446018
40.7864774391781,-10.1538195913729
40.773469465444,-10.1244060832496
40.7606013631709,-10.0951556506522
40.7476664172674,-10.0655800083796
40.7348723030696,-10.0361480602282
40.6810539235645,-10.1903994630917
40.667840100538,-10.1615161192335
40.6550682644325,-10.1334413930596
40.6421038631778,-10.1047953384426
40.625777817253,-10.0685030203663
40.6164965791829,-10.0477543360959
40.6035507792206,-10.0186500994275
40.5907981928419,-9.98983118662526
40.5782917213371,-9.96141127761794
40.5656592435948,-9.93253466034492
40.5531339490121,-9.90375255275573
40.5404914649723,-9.87456431347131
40.5280676982657,-9.84573573626011
40.5157105185572,-9.81691126515226
40.5034366107498,-9.78810971633874
40.4909517756052,-9.75863862666356
40.4787941361628,-9.7297884874919
40.4664682929603,-9.70040570671078
40.454466063969,-9.67167550635265
40.4423277940082,-9.64246706609261
40.4301765396259,-9.61307420558359
40.4181902660565,-9.58391207228571
40.4062531591649,-9.55471112870746
40.3942996559511,-9.52530502489557
40.3823608330951,-9.49578301824686
40.3165222247953,-9.63030694760312
40.3040149594292,-9.60107576298257
40.2921940945619,-9.57328842170453
40.2801311792253,-9.54477856251036
40.2681776383988,-9.5163849491639
40.2561248371178,-9.48758675451315
40.2442054256485,-9.45896243389493
40.2323786957021,-9.43042197299838
40.2205199417042,-9.40166910205129
40.2085733218154,-9.37258463971195
40.1969197108407,-9.34406204885422
40.1851635582151,-9.31512807133001
40.1735828825288,-9.28646976412442
40.1619076237017,-9.25741023373049
40.1504539656455,-9.22875988408475
40.1389234228948,-9.19979201327491
40.127307981497,-9.17046921362316
40.1159950614738,-9.14176843679582
40.1045113892602,-9.11249056023051
40.0932817893022,-9.08371518406307
40.0818424530825,-9.05426382022816
40.0706543797839,-9.02532977438022
40.0594859834343,-8.99629075544447
40.0484624691899,-8.96747647461679
40.0372001595682,-8.93790031057126
39.9624937339228,-9.06118678743595
39.9510427181097,-9.032926835778
39.9397796069834,-9.00495651137556
39.928376375458,-8.97646746425349
39.9171554296034,-8.94829577117431
39.9059669084623,-8.92007290455479
39.8946804944063,-8.8914451470029
39.8835857670033,-8.86313245047402
39.8726359002722,-8.83504213175589
39.8614418705967,-8.80615359437156
39.8505487168603,-8.77789231679212
39.8396140908591,-8.74938968125119
39.8288248998827,-8.7211360548395
39.8179625555591,-8.69252844667425
39.8072196876383,-8.664079915639
39.7966145525682,-8.63583808379254
39.7858429382381,-8.60700172364452
39.7752150517376,-8.57841257822096
39.7647788982659,-8.55019133985819
39.7541447459223,-8.52128058633073
39.7436664277276,-8.49265013294849
39.7332234224092,-8.46398473896356
39.7226904720706,-8.43493201520364
39.7124953123258,-8.40664928538218
39.7021631736063,-8.37781627393307
39.6120061509727,-8.46925880721035
39.6013588451654,-8.44147701423266
39.5906551269197,-8.413419060301
39.5800544200673,-8.38550410484378
39.5692829519515,-8.35701195530489
39.5587483105956,-8.32903320051112
39.5481000377999,-8.30062268172784
39.5375589207464,-8.27235129620774
39.5271166295937,-8.24420841261541
39.516608110782,-8.21575663717597
39.5062674338535,-8.18766655766424
39.4958699614623,-8.15930347759568
39.4854590482843,-8.13078037716629
39.4752522150048,-8.10269907274007
39.4650145509235,-8.07439757606719
39.4546679532779,-8.04566765520054
39.4445292766775,-8.01738441950974
39.4342554641591,-7.98860785796557
39.4241736370993,-7.96024811846522
39.4140969497829,-7.93175693490113
39.4040093478524,-7.90311103106167
39.3940109296766,-7.87459650951296
39.3840386955898,-7.84603394297444
39.3741034139257,-7.8174461746406
39.3641762844402,-7.78875234522812
39.2729550180517,-7.85793792614601
39.2625940066234,-7.82989613735952
39.2523332257992,-7.80199802355436
39.2421005790012,-7.77402700638999
39.2318419463958,-7.74584288675141
39.2215745613163,-7.71750022256529
39.211459091155,-7.68948395857167
39.2012810301051,-7.66116616804483
39.1912638801948,-7.63317306279104
39.181128178796,-7.60473968263498
39.1711490849297,-7.57662261256282
39.1611978652322,-7.54844100588076
39.1512713225764,-7.52015985225984
39.1414653467709,-7.49207071324063
39.1316679187475,-7.46384597587919
39.1219062827232,-7.43559527729978
39.1122286589202,-7.40747127901648
39.1026120339183,-7.37938807454465
39.0929620567105,-7.35106159248744
39.0833337367471,-7.32264756104977
39.0739213705097,-7.29470548277561
39.064403086785,-7.26631237847664
39.0549275547693,-7.23790648030661
39.0454166477428,-7.20926417889128
39.0359652443295,-7.18064938795943
38.9426139177367,-7.24773071162809
38.9329175906135,-7.22033081871049
38.9231585794345,-7.19264508921492
38.9134141269641,-7.16490917672232
38.9037944697923,-7.13739787434855
38.893963845526,-7.10914788670045
38.8843474178521,-7.08135169482226
38.8748183082298,-7.05365850852529
38.8652846136568,-7.02583133332049
38.8558824351075,-6.99827844699628
38.8464243853242,-6.97044734024341
38.8368786707742,-6.94222487245666
38.8274843901852,-6.91431477867938
38.818167167024,-6.88648736511832
38.8088975906354,-6.85866363796234
38.7997003032095,-6.83094462974109
38.7903878688536,-6.80280708918225
38.7812275731003,-6.77503755826491
38.7719413936696,-6.74677918361946
38.7628252949183,-6.71892517806057
38.7536640223063,-6.69079087436791
38.7446221788934,-6.66290731128332
38.7355685802592,-6.6348797339665
38.7266296159713,-6.60709429765119
38.7176119674395,-6.57896769261682
38.6155132517866,-6.61526990084042
38.6060469694083,-6.58779395637526
38.5965502095916,-6.56010795612217
38.5871794056625,-6.53267217489612
38.5777360656228,-6.50490552643483
38.5683592207127,-6.47722090564933
38.5590814723696,-6.44973977640227
38.5498744079151,-6.42237461240116
38.5405583362274,-6.39459540745395
38.5313238747482,-6.36697670327952
38.5221550350535,-6.3394611054834
38.5129663345854,-6.31180828638837
38.5038684002473,-6.28431334505462
38.4947358536914,-6.25662151548102
38.4857803384425,-6.22937795778523
38.4766460890467,-6.2014997189246
38.4676662823045,-6.17401392922569
38.4587029279675,-6.14651260263303
38.4497564123752,-6.11896233169774
38.440845671045,-6.09142168436736
38.4319873058146,-6.06395254943431
38.4230583157247,-6.03618947277949
38.4142451889634,-6.00873384073846
38.4054265735822,-5.98117641240496
38.3966330393508,-5.95359336400033
38.2915744815215,-5.9612837524571
38.2822351802096,-5.93388974980568
38.2729284165111,-5.90648110169794
38.2636162357048,-5.87897762136778
38.2543752275649,-5.8516184543227
38.2452611330201,-5.82450528884152
38.2359692847994,-5.79675999437924
38.2268348463914,-5.76941330040974
38.2176959532905,-5.74195863465446
38.2086182361698,-5.71458895186199
38.1996519016324,-5.68744425684709
38.1905999394578,-5.65992803082489
38.1815796908759,-5.63238528402577
38.1727087954635,-5.60518428895822
38.1637629249568,-5.57766769587216
38.1549051300639,-5.55030172433874
38.1458411479549,-5.5221938104775
38.1370887218538,-5.49497193562007
38.1283658745301,-5.46773565532059
38.1195661580779,-5.44017245736614
38.1107978520648,-5.41259768630697
38.1019325019857,-5.38460619115659
38.0934530253387,-5.35771318703409
38.0848035218508,-5.33018606600041
38.076181068945,-5.30265727202527
37.98494113108,-5.30918566656266
37.9757711615164,-5.28161888045261
37.9667762783616,-5.25443274942927
37.9577641255359,-5.2270527353167
37.9487805099319,-5.19965562761694
37.9398442634396,-5.17231475557959
37.9308674276656,-5.14477747562056
37.9218683566336,-5.11707471451831
37.9132291911964,-5.09035713959895
37.9044288037289,-5.06303045993089
37.8956402405859,-5.03564091287954
37.8868812883667,-5.00826538651818
37.8781942967832,-4.9810533114113
37.8694640174093,-4.95360640112425
37.8608250136328,-4.9263559683637
37.8522211485238,-4.89913010133737
37.8436716589349,-4.8719928376908
37.8351688235059,-4.84490946983367
37.8266428957724,-4.81768150198926
37.8181356624304,-4.79041611891728
37.8097038299093,-4.76331249541048
37.8013396869756,-4.73637852261192
37.7928705170608,-4.70903806920883
37.7843889896947,-4.68159902129232
37.776093229726,-4.65468112037834
37.6646030591089,-4.63303728086252
37.6556550234787,-4.60601477080967
37.6467539308833,-4.57906718790753
37.6378877391174,-4.55213738837122
37.6291223724109,-4.52541468307471
37.6202281815755,-4.49820779181075
37.6114213911229,-4.47117243090448
37.6026535539073,-4.44418044313868
37.5939168414185,-4.41720352690379
37.5853572909395,-4.39065947538245
37.5767489205138,-4.36385499302813
37.5680035722153,-4.33652366137702
37.5594027107357,-4.30951758749383
37.5509485787654,-4.2828519654795
37.542530148838,-4.25616827564481
37.5340927385069,-4.22931107692932
37.5256592880731,-4.20238530695142
37.5172646894269,-4.17550887332163
37.5087964681364,-4.14833221859545
37.5004349016821,-4.12138983206659
37.4922323571442,-4.09480137897344
37.4838798992353,-4.06760865415668
37.4756550137212,-4.0407533482705
37.4675243826877,-4.0140677042349
37.4593160716719,-3.98695826928607
37.3437932571033,-3.95662218642471
37.335039308153,-3.9297444789199
37.3263639922237,-3.90301161800741
37.3175625986155,-3.87577701915666
37.3088130648592,-3.84858551260257
37.3003492534266,-3.82215648380304
37.2916694376704,-3.79491583326723
37.2832304987972,-3.76830659584843
37.2747412585312,-3.74140520784352
37.2662598733618,-3.71440396023771
37.25789077554,-3.68764566707368
37.2495184045421,-3.66071583548661
37.241260884269,-3.63398920374187
37.2330748413417,-3.60735058116189
37.2248364614291,-3.58043346952369
37.2166421838813,-3.55351312435421
37.2085935809402,-3.52692026474826
37.2005607014218,-3.50024658791692
37.1925927933638,-3.47363303893395
37.1846010411043,-3.44681713789
37.1767111448828,-3.42023063914917
37.1687932460412,-3.39342264182587
37.1610136082718,-3.36690182340999
37.153285338767,-3.34035508938824
37.1455506124139,-3.31361258734544
37.0322307482693,-3.28168438050733
37.0239005572931,-3.25496471849384
37.0156678011987,-3.22842889006308
37.0074508289643,-3.20174662141331
36.9993714858807,-3.17534503160645
36.9912688829435,-3.14874606921974
36.9832194074768,-3.12216095572095
36.9752268811985,-3.09563990643759
36.9672872628047,-3.06916597954248
36.9593686521644,-3.04261872130223
36.9514436020053,-3.01591497801711
36.9436164877012,-2.98943503504687
36.9357512831297,-2.96267782609485
36.9281005128323,-2.93647515321439
36.9203300917066,-2.90977153090811
36.9126007650161,-2.8831639233678
36.9048647570452,-2.85646075527498
36.8972389822871,-2.83004753931311
36.8895758587376,-2.80341193876895
36.8819531658313,-2.77682770348631
36.8743840106678,-2.75037111216797
36.8667941883325,-2.7238051853531
36.8592280140049,-2.69723497503897
36.8517103067244,-2.67074917398046
36.8441994511582,-2.64420938661796
36.7202614441608,-2.6056550929624
36.7120354712183,-2.57907084700998
36.7040702740743,-2.55324879904399
36.6958816371783,-2.52660206662174
36.6877383012635,-2.50004710073965
36.679576507583,-2.47337869703974
36.6715363949004,-2.44704391595591
36.6635355849232,-2.42072451929622
36.6555645961254,-2.39437893598924
36.6475527809451,-2.36783814302384
36.6397170228168,-2.3418255024727
36.6318398045974,-2.31560650547956
36.6237946111704,-2.28873528966127
36.6160766535151,-2.26292249460939
36.6083223190426,-2.23692280749765
36.6005594790024,-2.21078290667694
36.5928188899061,-2.18458512312854
36.5851493165053,-2.15853558505437
36.577487379953,-2.13239865988394
36.5699191070421,-2.10644489165933
36.5623253630181,-2.08032330364257
36.5548993891407,-2.05473128122423
36.5473037228478,-2.02845993234304
36.5398187811542,-2.00242527845876
36.532440338802,-1.97662587733661
36.3979734519453,-1.94027170711813
36.3898927242081,-1.91451942080836
36.3820027873284,-1.88924377581004
36.3739952353504,-1.86346277015383
36.3660065281756,-1.83763088585287
36.3578347268,-1.81107561953391
36.3499962501953,-1.78549587546156
36.3422901570006,-1.76026503427854
36.3345420296962,-1.73479382069128
36.3267311594785,-1.70899816089887
36.3189624749435,-1.68321612410891
36.311342257551,-1.65778934410805
36.3037035311516,-1.63219056133544
36.2962103099808,-1.60699672237054
36.2885263669541,-1.58109175519753
36.2809789978295,-1.55556426584388
36.2735919761587,-1.53046314752525
36.266141845923,-1.50503200912366
36.258643645408,-1.47930345454053
36.2512393051313,-1.45379223561534
36.2440163370194,-1.42883770624147
36.2366463361272,-1.40329477925171
36.2293560457488,-1.37790683607223
36.2221820255843,-1.35277096323442
36.214966135161,-1.32736928661443
36.0851676995093,-1.26584850116351
36.0771676737924,-1.2400370295364
36.0693025239226,-1.21459377040707
36.0613845841,-1.18889159314327
36.0536439480738,-1.16365923839757
36.0459007167597,-1.13828434230674
36.0381164348629,-1.11268564459375
36.0303802510364,-1.08713200641674
36.022719363543,-1.06170973530965
36.0151108516627,-1.03633445726792
36.007684646763,-1.01146385036295
36.0001018190322,-0.985958331792848
35.9926962915661,-0.960968902789026
35.9852067820578,-0.935610936183317
35.9778256346562,-0.910491849759392
35.9704539508601,-0.885277176078305
35.9631260235775,-0.860102309302318
35.9559629341344,-0.835358339498527
35.9487243167243,-0.810210479104078
35.9415090776937,-0.785017920548742
35.9344855243398,-0.760397390198318
35.9273943644728,-0.735459346664464
35.9202670576192,-0.710302376760266
35.9132756536799,-0.685540972332962
35.9063660972927,-0.660980077426465
35.7615027541812,-0.611246332581552
35.7538397271653,-0.586705318969134
35.7460756986866,-0.561739311892113
35.7383524186798,-0.536801117374934
35.7306836820039,-0.511935386774752
35.7230141673266,-0.486996851997106
35.7152864771363,-0.461768933416722
35.7077820113003,-0.437139086629968
35.7002570174225,-0.412315078608362
35.692801236117,-0.387604141595577
35.6853554245508,-0.36280329528517
35.6779385896954,-0.337967140797223
35.6705385394515,-0.313069030915214
35.6631999665048,-0.288298650409736
35.6558660093831,-0.263500952647385
35.6486062974406,-0.238907959682286
35.6412176591129,-0.213752662480736
35.6340075008876,-0.189062322025747
35.6268020846939,-0.164286884183477
35.6196841891859,-0.139765718125479
35.6124981486345,-0.115003099107777
35.6053380268576,-0.0902449897994243
35.5982803791673,-0.0657223875706203
35.591184954911,-0.0409935504914488
35.584170910637,-0.0164874094296248
35.437359744591,0.0430381314884426
35.4295055519499,0.0677599958346936
35.4217635450714,0.0922015617229351
35.413972246312,0.116877772273065
35.4062505352325,0.1414110203477
35.3984333830562,0.166301386712967
35.3907896652963,0.190709098093129
35.383124937994,0.215282018082946
35.3752208664057,0.240729548513748
35.36774766,0.264883111627993
35.3602981688942,0.289026611495004
35.3528202004801,0.313370481271861
35.3453678737038,0.337726042358045
35.3378675794876,0.362303262515468
35.3305563159644,0.386345119586177
35.3233034329329,0.410340278682587
35.3161324001341,0.434189142781764
35.3086381996739,0.459177452732127
35.3014821032096,0.4831084864971
35.2944560166003,0.506703369065982
35.2873343546881,0.530741858328152
35.2803456205038,0.554447342094952
35.2734023447673,0.578111803212351
35.2664725803976,0.60181776839094
35.2595081439218,0.625759906662333
35.1030152083071,0.687161641079385
35.0951120883973,0.711474444098457
35.0876172067857,0.734598298227349
35.0798324514355,0.758687921193406
35.0722605169867,0.782211297805259
35.064575340301,0.806147099356818
35.0570226149695,0.829730390201029
35.0494516427787,0.853421850592061
35.041919477558,0.877052527925789
35.0339931964258,0.902010530538775
35.0266700793957,0.925165803936041
35.0192296815321,0.948773379430107
35.0119685512698,0.971862469178757
35.0046617671726,0.995168385183965
34.9975106901919,1.0180594580758
34.9902535314695,1.04137498955979
34.9830294690906,1.06468624110187
34.9759025866917,1.08779757803295
34.9687003090211,1.1112333067363
34.9615952062191,1.13438805313641
34.954307298655,1.15820014322748
34.9473737175674,1.18090177582051
34.9403338769152,1.20402910181749
34.9332877614326,1.22726656598975
34.9264506514808,1.2498993414147
34.7647717194869,1.31051998701289
34.7568474469348,1.33380445507538
34.7491432425031,1.3564989855
34.7414869563382,1.37910354208192
34.733656087162,1.40226406503679
34.7259033854635,1.4252434718104
34.7182756427666,1.44790368249537
34.7108361797526,1.47005292794342
34.703121791651,1.49309833163029
34.6956319881319,1.51554478888308
34.6880730107037,1.53826280776041
34.6807906954372,1.5602226357901
34.6733927511474,1.58259738085365
34.6660691781135,1.6047676265722
34.6587038057613,1.62710023291963
34.6513342845621,1.64950804598098
34.644127454783,1.67146989259628
34.6369900662944,1.69327515128347
34.629762214589,1.7154383244753
34.622657842582,1.73733333081444
34.6155691396572,1.75929984745697
34.608671482734,1.78078714455702
34.6016484952351,1.80273611929898
34.594807803936,1.82411859391672
34.5878741886341,1.84585234778969
34.3959181484654,1.90301796451652
34.3880154288283,1.92445646046431
34.3798798443775,1.94656968579005
34.3720173867444,1.96801691140794
34.3642552293378,1.98924527100785
34.356374348722,2.01083558034883
34.3484801909939,2.03250230788081
34.3405566404539,2.05430334242134
34.3328406510581,2.07560266507621
34.3250447936603,2.0971838627639
34.3175073150604,2.11809151053028
34.3099787144997,2.13900843877454
34.3022222568171,2.16061893768195
34.2945549992977,2.18206693631147
34.2871858635758,2.20273094297366
34.2797010375829,2.22375329296529
34.2721262794558,2.24508640013315
34.2646949207316,2.2660843579351
34.2572989903833,2.28702996369588
34.2500356430658,2.30764014552314
34.242607787802,2.32873054931345
34.2352867312025,2.34956344010883
34.2280845148789,2.37012801147636
34.220811788726,2.39097922637125
34.2136897148869,2.41145251964714
34.0158630318928,2.48659372620105
34.0074715747481,2.50748893941174
33.9991702706432,2.52813564492026
33.9910785583257,2.54825617531956
33.9826121719836,2.56933450999349
33.9745036871392,2.58955718159117
33.9663865368613,2.6098430823398
33.9584158716104,2.62977322135578
33.9503462964685,2.64996101295038
33.9423613227988,2.66994253298972
33.9344591890922,2.68970996275721
33.9264133137064,2.70985634377925
33.9184785960882,2.72972868040105
33.9106680193435,2.74929301745781
33.9027648965594,2.76910325605359
33.8949652969982,2.78867578157843
33.8872316916409,2.80813248948901
33.8794516643514,2.82769871352645
33.871678230641,2.84724217923841
33.8639734017573,2.86661084889978
33.8563547637886,2.88575688767517
33.8487983139143,2.90474128412289
33.8411081394978,2.92407867591806
33.8333958695388,2.94348948986655
33.825977598849,2.96216478313685
33.5990312224366,3.06391185903144
33.5899838005091,3.08358702737388
33.5811250649453,3.10287548252131
33.5721914028972,3.12234033260531
33.5632801004108,3.14175655613378
33.5545008057415,3.16088151248434
33.5457775549215,3.17988050302992
33.5368323922368,3.19934866823279
33.528185799818,3.21815874695569
33.5193068936653,3.23746601886214
33.5105856457495,3.25643339929093
33.5019138499217,3.27531791249441
33.493346121495,3.29398033654279
33.4848006476707,3.312598819495
33.4760891410864,3.33158248681399
33.4675131877687,3.35026331651138
33.4592110986706,3.36834734908769
33.450633132455,3.3870497857937
33.4422413775809,3.40532817389324
33.4338806875879,3.42351384334929
33.4255882919679,3.44154144649333
33.4172579590855,3.45963279653118
33.4089019605308,3.47777354695384
33.4005742607299,3.49583760328623
33.392242125784,3.51388121770676
33.1658827933096,3.59940557165574
33.1561108105353,3.61782185389436
33.1464499487677,3.63598162868203
33.1369262424975,3.65381736420182
33.1272841897909,3.6718190478409
33.1178287650603,3.68943009478947
33.1083000299106,3.70712920251635
33.098693381935,3.72493751254041
33.0892491243545,3.74240546086037
33.079820567302,3.75982723786936
33.0702137753132,3.77755725438621
33.0608615915971,3.79479216669807
33.0515787967351,3.8118724040155
33.0424068914619,3.82870735233595
33.0329218747928,3.84606640602337
33.0235272361256,3.86322570373058
33.014211317656,3.88020467949027
33.0050415184719,3.89689053765105
32.9958224186876,3.91363910072301
32.9867569672668,3.93007611878489
32.9775430091456,3.94673296419871
32.9684106947472,3.96320093670745
32.9591967334221,3.97979924537638
32.9501120535622,3.99615176597054
32.9410092180195,4.01250720774453
32.7050428850477,4.12707604332364
32.6945416940291,4.14381086657637
32.6840585772888,4.16048054379973
32.6736555009872,4.17701042645854
32.6635340022959,4.19306611915503
32.6533059528563,4.20925113500807
32.643041570716,4.22544924349349
32.632775537866,4.24160341187108
32.6226239264606,4.25753409247721
32.612271101412,4.27373526985658
32.6021967623216,4.28947706033597
32.5920815589114,4.30524628630644
32.582140962069,4.32070854594145
32.5721403821395,4.33622472139218
32.5621209860721,4.35172860850835
32.5521323901423,4.36716214894361
32.5419632893839,4.38283802591391
32.5321142945483,4.39797404528973
32.522182659725,4.41317319610346
32.5119745188363,4.42873650767942
32.5022789851939,4.44348634878306
32.4925735125918,4.45820653212478
32.4826606018976,4.47319798225366
32.4728901344475,4.48793663965079
32.463134151456,4.50261020374512
32.2069060894251,4.64992595044411
32.1958042784981,4.66493787296807
32.1843476151323,4.6803820947062
32.1730760860406,4.6955288460764
32.1617133495821,4.71072868314023
32.1505605624811,4.72558343336888
32.139337066724,4.74048429290418
32.1282899805162,4.75512206766751
32.1172114611895,4.76977407065465
32.1062648186274,4.78421102212096
32.0951300280992,4.79884576774601
32.0842726585205,4.81307191677371
32.0731508089657,4.82760297057701
32.0623915197121,4.84162105807606
32.0515842794364,4.85565368082597
32.0406467305905,4.86981723936136
32.0300240061237,4.88353263508997
32.0193445221877,4.8972704878192
32.0085232062108,4.91113791536503
31.9980598031837,4.92449944937075
31.9873537196911,4.9381233657821
31.9768531067482,4.95144550744615
31.9662250827582,4.96488821419731
31.955780900121,4.97806006771159
31.9452519655237,4.9912941418195
31.6713178590695,5.15488601349975
31.658876657301,5.16914956149135
31.6468938828988,5.18285310984662
31.6347404994937,5.19670100712338
31.622947285664,5.21007177343506
31.6108352584577,5.22373866242009
31.5991347241206,5.23690720412046
31.5872863052732,5.25019414629031
31.575408392984,5.26346484401875
31.5636218793679,5.27657558989839
31.5516767599969,5.28980956992919
31.5398744936255,5.30284005192312
31.528330407773,5.31554029663599
31.5165144011944,5.3284781016993
31.5048280048608,5.34121192452997
31.4930249818796,5.35402241524281
31.4815946922334,5.36638508612729
31.4700153868586,5.37887104921478
31.4585143897008,5.39123331575211
31.4471198053182,5.40344209170342
31.4354679775171,5.415877661158
31.4240880823863,5.42796768003877
31.4126792179637,5.44003586716694
31.4014478787835,5.45187561287567
31.3899507814024,5.46393989755386
31.1155091838876,5.65261159182332
31.1020229687795,5.66590313624936
31.0889038170588,5.67878058986566
31.0763836930254,5.69102000519211
31.0631952258764,5.70384963030299
31.050064881173,5.71655534470508
31.0373168144896,5.72881981574382
31.02435443204,5.74122459075737
31.0113439463737,5.75361298756464
30.9986355406064,5.76565324665567
30.9861405868975,5.77742331883558
30.9731789810775,5.78957635237704
30.9602564296748,5.80164558891626
30.9476345442342,5.81336965120734
30.9350337604554,5.82500305803248
30.9225958222641,5.83642277787626
30.9100195015365,5.84791061354321
30.8975573830947,5.85923514741063
30.8852086684169,5.8704024240522
30.872804769875,5.88156798757138
30.8606500076453,5.89245043987597
30.8482720326779,5.90347267698676
30.8361207270152,5.91425321472738
30.823971745751,5.92498594685365
30.811794780885,5.93567647019894
30.5110441066176,6.12414756608761
30.4969792883454,6.13583400017272
30.483368551062,6.14709723367073
30.4692283071225,6.15873501799565
30.4557932471276,6.16974780613653
30.4422976384519,6.18077077838002
30.4282880718706,6.19217517726281
30.4149227013751,6.20301303789532
30.4016142949326,6.21376424349598
30.3879449973656,6.22476130056501
30.3744897260025,6.2355297311322
30.3610840586321,6.24620640721278
30.3477728740878,6.25675930783203
30.3347364026345,6.26705441812857
30.3215548398477,6.27743526279526
30.308313267267,6.28782872584764
30.2950503388792,6.29818194430668
30.2819187519875,6.30837269872909
30.2687753333622,6.31852452787211
30.2556740134434,6.32860062516716
30.2424171926646,6.33875027597181
30.2296858186696,6.34846066181917
30.2167100224129,6.35831090797674
30.2039825325465,6.36791219723003
30.1905198456639,6.37800213774769
29.8804122945498,6.5994789218672
29.8651611961305,6.61063327335307
29.8507972700013,6.62107888882273
29.8361182928717,6.63169863077523
29.8215325550932,6.64218750456729
29.8066643556621,6.6528239846105
29.7922696602553,6.66305602477874
29.7777787647049,6.67328576953136
29.7637682846636,6.68312940850683
29.7492126627187,6.69331451146926
29.735148005124,6.70310672151728
29.7209639865328,6.71291116512283
29.7064277004642,6.72288002893228
29.6923822265292,6.73244022293913
29.6784649952511,6.74184060088179
29.6644981807394,6.75121254205348
29.6504686785742,6.76057093934004
29.6367488147852,6.7696451426535
29.6227691954723,6.7788216282628
29.6089730939674,6.78782687641177
29.5956580067423,6.79647576814707
29.582221408205,6.80515494835574
29.5682511093344,6.81413820638277
29.5545267968636,6.82291243847504
29.541650300752,6.8310907367833
29.2150100277766,7.02451653877928
29.1995696377751,7.03404180911673
29.1843837654274,7.04334877706077
29.1690677638566,7.05267805229011
29.1538298009289,7.06190263111174
29.1388643045294,7.07090959696326
29.1235321197418,7.08008635120566
29.10859676607,7.08897493454515
29.0934722788233,7.09791938776201
29.0784910875193,7.10672917297429
29.0636111441144,7.11542797621893
29.0485044518161,7.12420240837071
29.0339647744256,7.13259535020922
29.0193538420604,7.14098222797973
29.0046596866481,7.14938259576598
28.9901037872684,7.15766400847521
28.9756417818002,7.16584651258882
28.961182339211,7.17398800725695
28.9466082796496,7.18215128526508
28.9324559849764,7.19003204391102
28.918178550234,7.19794096991016
28.9038989715317,7.20582394751085
28.8897706083993,7.21358616618179
28.8755919206343,7.22132221175402
28.8614812047296,7.22896695431126
28.5130192392602,7.44352260932519
28.4968668430581,7.45228699053432
28.480620308809,7.46106515528381
28.4642416946721,7.46986947923603
28.4483466139475,7.47836155601695
28.432381224455,7.48683063523612
28.4164054406296,7.49525659038975
28.40047412274,7.50359893131562
28.3846712734873,7.51181298979375
28.3691345529518,7.51984099346444
28.3536152526937,7.52783833573809
28.3380207418359,7.53585868176279
28.3226645076382,7.54373334551058
28.3071071714,7.55168287379282
28.2918861698306,7.55942903993119
28.2763184664934,7.56731305576649
28.2612578401178,7.57488628946847
28.246029586437,7.58248538526505
28.2310200842716,7.58992635241243
28.2158574884052,7.5974031097989
28.2009754478976,7.60470728241758
28.1858597638303,7.61209132767575
28.1711987196091,7.61922507153113
28.1563507010621,7.62641083282857
28.1415462667644,7.63351849333464
27.8016021975153,7.86445403578142
27.7847091958238,7.87285643696215
27.7682424848164,7.88099217299143
27.7514496453729,7.88923721672041
27.7348418326802,7.89734218265385
27.7185211978167,7.90526657719882
27.7023254531815,7.91309506746161
27.6854554673662,7.92121618666116
27.6694053934241,7.92891350111505
27.6530736069041,7.93671201024731
27.6366055406433,7.94452830118045
27.6208817953966,7.95194317696913
27.6045447100415,7.95960972066824
27.5884490700724,7.96712989817184
27.5727324274307,7.97444442238513
27.5567235987796,7.98186887935757
27.5408674242087,7.98918171287482
27.5253920578393,7.99626748774347
27.5096918231963,8.00341343924326
27.4938971001383,8.01055086596817
27.4784515486155,8.01749002457917
27.462937851003,8.02442081590211
27.4473199886437,8.03136057856215
27.4320573794103,8.03809813941367
27.4166073013074,8.04487163279779
27.0472048375697,8.23645945272552
27.0301085011866,8.24402905299228
27.0131041683553,8.25151580491179
26.9955288189383,8.25919481269096
26.9785349220969,8.26656631127143
26.9610064187227,8.27413453022468
26.9439258080489,8.2814733912896
26.9264860822411,8.2889141923868
26.9094038508299,8.29615215585088
26.8923748781185,8.30333141902665
26.8752822455252,8.31049017239126
26.858365340548,8.31751901032278
26.8414563551574,8.32450006185603
26.8244386596951,8.33148450988169
26.8075237619299,8.33838019926494
26.7910795136954,8.34502786977022
26.7744255784423,8.35170298821688
26.7577672667772,8.35833229025808
26.7412335564844,8.36486998927476
26.7246913878833,8.37135993304046
26.7083937964233,8.37770252234053
26.6920653184545,8.38401570704262
26.6754674131343,8.39039061830436
26.6593950382159,8.3965089997973
26.6431455946178,8.40263650193665
26.2732192860658,8.5994125974961
26.2548474657928,8.60655501945368
26.2369117368854,8.61348115157913
26.218634398393,8.62048077111126
26.2003751065205,8.62742171468755
26.1827575311033,8.63408089832268
26.1644476332571,8.64096482473074
26.1466882658287,8.64760295641117
26.1288952612791,8.65422378694938
26.1113127992283,8.66073533646955
26.0936336238228,8.66723845621702
26.0757678470589,8.67375978523491
26.0581562640308,8.68014427664823
26.0408091650196,8.68638610852536
26.0233650324304,8.69261778895307
26.0062106920745,8.69870745156357
25.9887749934259,8.70486508407677
25.9715541170982,8.71090917206792
25.954163954155,8.71697480271247
25.9371775396999,8.72286623233607
25.9200297450226,8.7287794179055
25.9029494700157,8.73463322687812
25.8858758357809,8.7404303197228
25.8690997725049,8.74606803125531
25.8523182453449,8.75166346205563
25.4695857891184,8.94478295558756
25.4501516859635,8.95158719212214
25.4312790396457,8.95815833663444
25.4120444675804,8.96480685988232
25.3931886872657,8.97128437159551
25.3743264212906,8.97771547478747
25.3552695958423,8.98416484626396
25.3367758237128,8.99037820248195
25.3179282239257,8.99666375156692
25.2992325559303,9.00284959724177
25.2805890571403,9.00896319038683
25.2620265087644,9.01500449104758
25.2439225424125,9.02085694672297
25.2247492841242,9.02701462198786
25.2061842825768,9.03293524021355
25.188223503975,9.0386302522558
25.1699555459218,9.0443844881151
25.1518903051807,9.05002182102406
25.1336809002362,9.0556664229828
25.1159384825879,9.06113865345994
25.0984610803689,9.06649813262035
25.0803370269721,9.07200177171807
25.0625271924734,9.07736261619426
25.0448012825286,9.08266472104578
25.0272819908095,9.08786791812974
24.6376080850359,9.28321465791878
24.6180960008385,9.28939354879737
24.5980002620992,9.29573437591126
24.5781386760237,9.30197843871919
24.5585019675059,9.30812827519971
24.5389838358216,9.31422734289447
24.5192348499413,9.3203920981737
24.5000617504743,9.32636072900507
24.4803180827027,9.33248260304608
24.4609976478242,9.33844363682506
24.4418093360314,9.34434846523483
24.4227627845799,9.35018048715192
24.4034817855465,9.35604360416157
24.3839984459625,9.36194524556891
24.3649284298941,9.36770474735563
24.3459179490175,9.37341872550237
24.3268762363233,9.3791114668667
24.3078061796724,9.38477367123708
24.2891890970764,9.39026909874898
24.2704408748298,9.39577280756137
24.2514062093395,9.4013345485794
24.2329352415118,9.40670636005476
24.2141702006523,9.41212997288355
24.1948133820523,9.41767185389354
24.1765139645411,9.4228751751949
23.795304984305,9.61240656724522
23.7744346711139,9.61879878058687
23.7518996465965,9.62566378810745
23.7308284264892,9.63204975843057
23.71007527118,9.63830810434368
23.6895716652694,9.64445336053408
23.6688653043071,9.65061425971955
23.6486139538253,9.65660860548476
23.6282602217972,9.66260472990341
23.6077806045929,9.6685928138564
23.587645061951,9.67444183807173
23.567401917079,9.68028622937995
23.5472621600019,9.68607447647
23.5271014835941,9.69182216091465
23.5069800109516,9.69752431242351
23.4869279308555,9.70317478540769
23.467081283371,9.70874577321074
23.4471086236355,9.71430837071031
23.4274441497567,9.71975701656931
23.4075057263145,9.72526723808671
23.3879322126877,9.73066430598604
23.3699790347515,9.73559014001703
23.3511618391514,9.74072534091086
23.3315847467412,9.74604588942955
23.3119738317771,9.75134823678649
22.9243418649723,9.93474836986487
22.9023932237393,9.94109561545137
22.8805516437245,9.94738682214065
22.8591827611666,9.95351154304387
22.8376381538416,9.95965079174849
22.8160878988048,9.96575485987717
22.7944625555085,9.9718681807608
22.7729768528419,9.97791794486104
22.7511397979513,9.98403704746792
22.7302344558195,9.98987085613989
22.7088970415779,9.99580022420079
22.6870810513822,10.0018203892628
22.6661437656927,10.0075606954013
22.645094910021,10.0133092234111
22.6240905447844,10.0190205057862
22.6033503351422,10.0246342403468
22.5823114952969,10.0302965955514
22.5614240391105,10.0358921334503
22.5405832594355,10.0414469154749
22.5199530509097,10.0469272178494
22.49920915241,10.0524214876062
22.4786842263052,10.0578396326943
22.4578543187114,10.0633108557682
22.4375022552265,10.0686189817883
22.4169476003232,10.0739471978645
22.041713915617,10.2364877876675
22.018793362927,10.242774514788
21.9963691071666,10.2488902882794
21.9737527781804,10.2550367875567
21.9513389095758,10.26110482602
21.9287491573272,10.2671944393533
21.9065074738798,10.2731577874284
21.8842173599663,10.2791122490973
21.8619048809793,10.2850392709528
21.8394830992101,10.2909617784667
21.8174813368425,10.2967442260517
21.7952352981767,10.3025704067533
21.7733259239577,10.3082927555577
21.7512213961263,10.314050028231
21.7292297011548,10.3197709612936
21.7072372224,10.3254661055184
21.6853135118887,10.3311193883392
21.6636877636551,10.3366724748595
21.6417067861084,10.3423080279722
21.6200790027981,10.3478379484104
21.5982848046297,10.3533984549721
21.5766205592356,10.3589132308115
21.5548643247109,10.3644341917875
21.5335945661397,10.3698149703472
21.511911354557,10.3752992633582
21.1514637332838,10.5504626505241
21.1277689447472,10.5569594160911
21.1042712857947,10.5633896971295
21.0807308567745,10.5698271380609
21.0573790795501,10.5762200050674
21.0341446592991,10.5825797929127
21.0109259934377,10.5889308070397
20.9878327145102,10.5952568811014
20.9646491813481,10.6016250677249
20.9415600043476,10.6079693364525
20.9187365380556,10.6142438314928
20.8955646493733,10.6206224660749
20.8732104578279,10.626788041267
20.8500082299685,10.6331958727807
20.8273952106319,10.6394560681772
20.8046569212916,10.6457692833031
20.7819035276417,10.6520905797912
20.7594800336374,10.6583304779616
20.7368614533792,10.6646547657357
20.7144207990522,10.6709542578765
20.6920861373818,10.6772293478126
20.6695153726602,10.6835772729951
20.6474654307713,10.689795700216
20.6248869189257,10.6961780086817
20.6029654993293,10.7023853614013
20.2579982660029,10.8436675890367
20.2340117611659,10.8507543348706
20.2099661123456,10.8578750286746
20.1855233734798,10.8651230132535
20.1616729746437,10.8722144015789
20.1377986162413,10.8793290095151
20.1141924975749,10.8863843648987
20.0903558224664,10.8935227424554
20.0667820302354,10.9006078536966
20.0428095205586,10.9078400787261
20.0193251518472,10.9149287797439
19.9956940123549,10.922078596993
19.9721984089615,10.9292195693011
19.9485716985491,10.9364370886218
19.925348724199,10.9435632611149
19.9019480643249,10.9507756484832
19.87883368663,10.9579210339586
19.8556687304381,10.9651115300371
19.8323308340704,10.9723842607669
19.8094674484583,10.979539791614
19.7866961053937,10.9867020152743
19.7636962991798,10.9939725143937
19.7409285904892,11.0011904954453
19.7179604301433,11.0085068392875
19.6952254947532,11.0157955049853
19.3651992406979,11.1367784683945
19.3405584737429,11.1448322397517
19.3161332193266,11.1528467166504
19.2917541184055,11.1608851224311
19.2671576362977,11.1690290181862
19.2431638259201,11.1770003176942
19.2183580030866,11.1852778507825
19.1943891226232,11.193319536343
19.1701166651713,11.2015035214434
19.1463098438583,11.2095692449285
19.1220132202084,11.2178372761671
19.097818962679,11.226103199158
19.0740261838489,11.2342601842538
19.0490428355581,11.2428678211223
19.0246870243027,11.2513074567254
19.001739514347,11.2593003774131
18.9778391317128,11.2676568019498
18.9542247574102,11.2759470632346
18.9306101051082,11.2842792827434
18.9072778160699,11.2925531399315
18.8833714880061,11.3010782482553
18.8602187912349,11.3093753829214
18.8371196869332,11.3176884644301
18.8138682726917,11.3260887658496
18.7911071652157,11.3343670785535
18.4880861920204,11.4166352487316
18.463357229488,11.4255671446006
18.4382423042503,11.4346845738056
18.4135283032366,11.4436940924246
18.3890364997193,11.4526522064758
18.3641123602728,11.4618198036617
18.339921004667,11.4707773938849
18.3154113891279,11.4798962429443
18.2910009919901,11.4890216630275
18.2666637444147,11.498160078457
18.2424142227001,11.5073135888674
18.2181648577573,11.516504866794
18.1939356644603,11.5257302819404
18.1697123410249,11.535009006857
18.1455304364748,11.5443271490674
18.1215400398568,11.5536173088138
18.0976166383477,11.562925867075
18.0732228505842,11.5724720382911
18.0494723068891,11.5818285298781
18.0257796083803,11.5912307714392
18.0021468381437,11.6006578148275
17.9783023378752,11.6102089199196
17.9544974102542,11.6198009984958
17.9310102391166,11.629323752406
17.9072297076344,11.6390224600302
17.6269325071051,11.68278873903
17.6015646986813,11.6927960192149
17.5764975228976,11.7027333777425
17.5511100659241,11.712840890172
17.5264755739653,11.7226977765095
17.5014523008814,11.7327724916409
17.4765855356713,11.742842113703
17.4519491233005,11.7528646166844
17.4274639742552,11.7628651920626
17.4022651415407,11.7732190324558
17.3774305444049,11.7834772833961
17.3531183470087,11.7935642133541
17.3288997825235,11.8036721921977
17.3043566500102,11.8139828179444
17.2798694741941,11.8243304815318
17.2556605626662,11.8346036233273
17.2312027977573,11.8450338869754
17.2070657515959,11.8553884121811
17.1823404079144,11.8660480522788
17.1586916412677,11.8762906432
17.1345439764563,11.8867979296679
17.1109207916015,11.8971336606955
17.0869622996931,11.9076775384688
17.0627844300401,11.9183684986297
17.0391604284226,11.9288690724842
16.7766556466958,11.9581883876271
16.7509404122355,11.9691562735485
16.7255671858092,11.9800248035428
16.7007558142724,11.990699056877
16.6754016674931,12.0016583018127
16.6499405143218,12.0127151528847
16.624987158137,12.0236050913362
16.6004567727107,12.0343664314782
16.5752815130761,12.0454620231115
16.5505253599195,12.0564169037718
16.5253834541576,12.0675779282114
16.5005988002795,12.0786216686477
16.4753589212279,12.0899145415311
16.4507558085921,12.1009756391615
16.426375112567,12.111981224661
16.4016426749609,12.1231855811434
16.3773580701208,12.1342292189837
16.352360291496,12.1456355028721
16.3280399614445,12.1567661201986
16.3034988402528,12.1680334306169
16.2789380437718,12.1793527426886
16.2544472140926,12.1906712702652
16.2295957031117,12.2021863103069
16.2050748584531,12.2136056014697
16.181445460188,12.224661029693
15.9434055657363,12.2309132801176
15.9178113847896,12.2423013099918
15.8925338121989,12.2535812101973
15.8664864799905,12.2652541429374
15.8407851725183,12.2768098013936
15.8155664250938,12.2881749243912
15.7901921944978,12.2996455542139
15.7644665555257,12.3113275353897
15.7397224749717,12.3225932880267
15.7150275901266,12.3338561022339
15.6893120738956,12.3456157236328
15.6642895989757,12.3571010555573
15.6385562724663,12.3689577837901
15.6141450752796,12.3802494952504
15.5893818469944,12.3917497615238
15.5645418675517,12.40332715828
15.5392774068086,12.4151366067372
15.5148373538619,12.4265968556101
15.4899278334636,12.4383220274857
15.4659519366826,12.4496596931158
15.4403848241433,12.4617999114505
15.4160073429011,12.4734137044663
15.3916430891807,12.4850697901038
15.3671356646462,12.4968555179705
15.3424197914923,12.5087979111768
15.1097882100687,12.4919597043923
15.0828250274783,12.5042079345073
15.0584727807664,12.5153038747235
15.0326069985697,12.5271344772307
15.0072342163491,12.5387804452144
14.9812964328594,12.5507408837928
14.955980022547,12.5624752126727
14.9306705241869,12.5742530466291
14.9050683816374,12.586211592331
14.8796406893656,12.5981364274677
14.8544507380266,12.6100072831037
14.8292403768042,12.6219427567213
14.8037366003367,12.6340717587238
14.7787022128936,12.6460305433028
14.7537386928974,12.6579968470042
14.7283285755001,12.67022846453
14.7037822646816,12.6821061409439
14.6784183532422,12.6944363853084
14.6535184095875,12.706590727807
14.6287658458493,12.7187280970142
14.6040945956662,12.7308842120684
14.5790052787931,12.7432983851624
14.554265097403,12.7555849985812
14.5296918017512,12.7678496262726
14.5049911298152,12.7802427379887
14.2873875349893,12.7738782871546
14.2614843568645,12.786243564391
14.2362998441169,12.7983202316256
14.2095112472634,12.8112284523991
14.1847510986803,12.8232186767113
14.1591829348092,12.8356599188152
14.1334146867205,12.8482758820714
14.1081958780595,12.860690916344
14.0827304982856,12.873276322523
14.0572194045775,12.8859307340719
14.0316416787921,12.8986746060803
14.0066215911552,12.911208171835
13.981473536651,12.923859971464
13.9566121511707,12.9364223345706
13.9313419916456,12.949249125588
13.906664461583,12.9618278748969
13.8812010529407,12.9748689092909
13.8564030796527,12.9876363733869
13.8317044052431,13.0004225537174
13.8069081183426,13.013315863207
13.7819380548262,13.0263509914642
13.7572785670419,13.0392737113674
13.73247305552,13.0523338192047
13.7079109912397,13.0653314593726
13.6835482335764,13.0782887614063
13.4815880543752,13.0423950375017
13.4558629365399,13.0552880705252
13.4303663126937,13.0681166022617
13.4041272160018,13.0813629606937
13.3794134542503,13.0938955629361
13.3533843561026,13.1071662535815
13.3282025284901,13.1200639594072
13.3025246572418,13.1332683171482
13.2778818028097,13.1459913761328
13.2524235820721,13.1591810431463
13.2273777873956,13.1722046779949
13.2022716637972,13.1853239206747
13.1768584831164,13.1986608813793
13.1516558639184,13.2119457044572
13.1270751977456,13.2249562051756
13.1019181375876,13.238326199265
13.0770868940776,13.2515837224168
13.0517840338664,13.2651596103908
13.0267889551655,13.2786438750965
13.0022446877002,13.2919462259419
12.9773614061816,13.3054930285716
12.95239447095,13.3191420659545
12.927921028559,13.3325750487424
12.9034137252061,13.3460950178391
12.8786903058931,13.3598147840023
12.6828749808001,13.2984434006695
12.6576374362015,13.3114681668437
12.6320740962876,13.3247182936249
12.6062495185694,13.338168289891
12.5810265952291,13.3513672731596
12.5557261979553,13.3646740237771
12.5301744231705,13.3781805917549
12.5048668474884,13.3916099916637
12.479780672471,13.4049673745332
12.4551253540264,13.4181547962061
12.4294255556033,13.4319681140191
12.4043433657782,13.4455126855389
12.3795391203295,13.4589590623314
12.3546019399499,13.4725253120117
12.3295840309117,13.4861898800262
12.3048711837835,13.4997541830212
12.2800111121334,13.5134592826175
12.2552260144282,13.5271776301376
12.2302342933196,13.5410687213163
12.2059023250517,13.5546605247972
12.1809311774372,13.5686735377983
12.1563153525578,13.582537274929
12.1316526218391,13.5964817925772
12.1073148308449,13.6102911370535
12.0829849876353,13.6241435291563
11.8856511441603,13.5651922908227
11.8603101117579,13.5786311416324
11.8339766649335,13.5926706248724
11.8082724532364,13.6064535548388
11.7832379966057,13.6199627639285
11.7578756471203,13.6337183677637
11.7330413671982,13.6472350536502
11.7078549851619,13.6609867440255
11.6827519848211,13.6747411846204
11.6579366668633,13.6883883591907
11.6329147578879,13.7022032226598
11.6076240864527,13.7162326673754
11.5825979359141,13.7301965974307
11.5576743437666,13.7441798198654
11.5324702951388,13.7583836917983
11.5082397843896,13.7720899595286
11.4838376259374,13.7859496451025
11.4590175567994,13.8001095724971
11.4344777221545,13.8141870416733
11.4100023542763,13.8283014362047
11.3854263408968,13.8425208238603
11.3607449153614,13.8568608801818
11.3363714460359,13.8710899959233
11.312474519523,13.8851075130204
11.2883457137725,13.8993168184974
11.1136782381574,13.8169281050752
11.088594881783,13.8306474630368
11.0635072453391,13.8444306257197
11.0385109092623,13.8582252829689
11.0138631382217,13.8718942178796
10.9891311559118,13.8856722409476
10.9641049887562,13.899671937658
10.9393901218241,13.9135477281806
10.9145702990276,13.927541381501
10.8897731335963,13.9415842626745
10.8652985060866,13.9555005101308
10.840459047672,13.9696882541572
10.8162617296301,13.9835789798456
10.7918137087044,13.9976779404178
10.7674812523592,14.0117803578093
10.743092826563,14.025980761825
10.7187664049709,14.040212153565
10.6942874102838,14.0546007619063
10.6701290881796,14.0688666109483
10.6455757174711,14.0834244696244
10.6217151998779,14.097616602012
10.597163285855,14.1122816206115
10.5732582451622,14.1266339397504
10.5491373965048,14.1411851530246
10.5252464985248,14.1556608660979
10.3435395627645,14.0793500769861
10.3189059437955,14.0932003955703
10.293654590655,14.107453335299
10.2688149371881,14.1215481137399
10.2436969138047,14.1358689302764
10.2185816428523,14.1502469730496
10.1944081834774,14.1641398886276
10.1698606318918,14.1783066139025
10.1457266150813,14.1922934763764
10.1208621569063,14.2067703213117
10.0964164356513,14.2210709449104
10.0719206742195,14.2354744488395
10.0472855753978,14.250034066255
10.0230541020676,14.2644069338514
9.99880200715939,14.278836010748
9.97462574937856,14.2932774575089
9.95025078483784,14.3078930803499
9.92622517412909,14.3223558635264
9.90174478744182,14.3371607498867
9.87775892329571,14.3517520973725
9.85448277108411,14.3660042912028
9.83045291720102,14.3807776463596
9.80650481355245,14.3955428085517
9.78254705335337,14.4103762242035
9.75900306307028,14.4250346254575
9.59006735830836,14.3396861741224
9.56583716681321,14.3537131115324
9.54092894732495,14.3681951310033
9.51642960959676,14.3824860951855
9.49220901607923,14.3966736746829
9.46768923443331,14.4111054092126
9.44361856330494,14.425331774174
9.419044208236,14.4399127906129
9.39506252597886,14.4542103893645
9.37070473856321,14.4687937377217
9.34629267303957,14.4834600225539
9.32243272310693,14.4978557171831
9.29830291633306,14.5124828558582
9.27382521274549,14.5273829642971
9.25049802819738,14.5416239460257
9.22656242943627,14.5562784532955
9.20310535146772,14.5706901829428
9.17899172965736,14.585570530233
9.15489260115361,14.6005350622167
9.13132854569047,14.6152602464038
9.10749156067951,14.6302129490618
9.08416130614503,14.6448867891306
9.06073280770654,14.6596691060044
9.03717034583213,14.674591384513
9.01370584171654,14.6895135074478
8.83565983067283,14.5886460105716
8.81177075515629,14.6026227747153
8.78717057191906,14.6170736638769
8.76252848772879,14.6316077735165
8.7388137723627,14.6456555720921
8.71424640009322,14.6602754018061
8.69057991316245,14.674428868025
8.666286890599,14.689028682865
8.64249042553743,14.7034038366424
8.61878159817931,14.7177745835567
8.59484535262141,14.7323189254667
8.57111101224898,14.7467980429782
8.54717747233451,14.761466153148
8.52364873013189,14.7759450209968
8.49951259966316,14.7908521196126
8.47587842954589,14.8055087918963
8.45244488320714,14.8201037421542
8.42825620303455,14.8352334385591
8.40497338096285,14.8498549267565
8.38162944827533,14.864569947556
8.35832424024165,14.8793103402416
8.33467266296962,14.8943224646398
8.31130474936588,14.90919836978
8.28808880832493,14.9240350806567
8.26492908145188,14.9388990669733
8.08273138527857,14.8482970478781
8.05868790024285,14.8624952208838
8.03453550851841,14.8768137400785
8.00980977474354,14.8915277360583
7.98594753137084,14.9057903932498
7.96230018938014,14.919988411385
7.93812298844126,14.9345715915579
7.91419743591278,14.9490519429951
7.89022482011062,14.9635963024298
7.86608070013946,14.978290705981
7.84234269130342,14.9928013813888
7.81866037745599,15.0073369592968
7.79493863833119,15.021958136953
7.7715675870023,15.0364134278076
7.74758601571875,15.0512950116534
7.72419711905651,15.0658632007606
7.70016600273883,15.0808995694018
7.6770603500447,15.0954155846614
7.65325272922708,15.1104297806997
7.62989451347355,15.1252229575797
7.60654481535227,15.1400655421213
7.58308053972169,15.155034702892
7.5601918719799,15.1696951336195
7.53659251540236,15.1848829136719
7.51325890193546,15.1999671979773
7.34641820672517,15.0940233401502
7.32260954687001,15.1081705633912
7.29857447719004,15.1225099212475
7.27427872548014,15.1370770789127
7.25019720347773,15.1516044589804
7.22616551234779,15.1661829830496
7.2025066084127,15.1806022910215
7.17944319815692,15.1947191561658
7.15571459035041,15.2092960999881
7.13199014348648,15.2239135071779
7.10848348631497,15.2384569330562
7.08464168972268,15.2532850181942
7.06129550805241,15.2678837058949
7.03804856144445,15.2824902002389
7.01493804258084,15.2970588911466
6.99171831343256,15.3117379271
6.96847899353963,15.326502927593
6.94549103316823,15.3411860663347
6.92217698657988,15.3561361817179
6.89950578379322,15.3707352779795
6.87667494958851,15.3854955389869
6.85398097860176,15.4002203962097
6.8304717082898,15.4155311858566
6.80810195510209,15.4301703982107
6.78539970721431,15.4450935605373
6.61138849802786,15.350957944544
6.58728335011715,15.3655424733368
6.56366261904394,15.3798985055269
6.54060206121296,15.3939734997639
6.51678719426436,15.4085707019914
6.49414913542722,15.4225134334131
6.47059692850669,15.4370718462293
6.44720372260937,15.4515702692774
6.42407260686437,15.4659570913761
6.40120468966713,15.4802472858457
6.37781999958511,15.4949301432337
6.35455717668491,15.5096042754734
6.33214575345489,15.5237903396079
6.30893827840495,15.5385330371474
6.28640391865736,15.5529098114539
6.26324970995353,15.5677436556528
6.24026906775375,15.5825209639113
6.21741393077267,15.5972816545735
6.19421435890563,15.6123339437715
6.17142086381167,15.6271903829298
6.14882546123225,15.6419795896459
6.12666791227271,15.6565250210356
6.10397274171085,15.6714617834873
6.08145071673192,15.6863531624354
6.05894501603965,15.7013053718339
5.87565334064277,15.6083145987848
5.8520278414933,15.6227115441332
5.8286349361825,15.6370243963286
5.80545019547583,15.6512707869145
5.78183140235068,15.6658319441144
5.75903903445355,15.6799393664328
5.7356872682789,15.6944536100401
5.71268241357598,15.7088208162777
5.68961195866717,15.7233049367695
5.66653741220643,15.7378722312861
5.6436326870661,15.7523762966886
5.621091177609,15.7666990169711
5.59835896637646,15.7812009990261
5.57542374375016,15.7958895115264
5.55276890327434,15.8104573545708
5.52997639057276,15.8251976630162
5.50760745353691,15.8397464739872
5.48496014195032,15.8545433379892
5.46275634456269,15.8691167123225
5.44049124190908,15.8837848147292
5.41859653959945,15.898249481676
5.39633824260487,15.9130149172866
5.37403362506213,15.9278836117174
5.35214016847261,15.9425556851586
5.33024439537295,15.9572919916
5.16535258202371,15.8503066779917
5.14260578724025,15.8643313700366
5.12001327327148,15.878320972437
5.09734491183045,15.892424463779
5.07492618464451,15.9064342980005
5.0525844406903,15.9204458786093
5.03011531023206,15.9345853684576
5.00799660544207,15.9485466803696
4.98568145361719,15.9626838110001
4.96318413970979,15.9769898998384
4.94127584881218,15.990954866432
4.91941456852835,16.0049253589531
4.89722783590173,16.0191444240658
4.87544749082184,16.0331476920354
4.85362228154519,16.0472243927928
4.83226602667308,16.0610513011622
4.81035909447261,16.0752952076391
4.78866089426441,16.0894555358323
4.7672444628175,16.1035016500132
4.74597116098389,16.1175215831706
4.72477684872893,16.1315282897051
4.70335841562084,16.1457440434709
4.68257433097805,16.1595888608542
4.6613858399485,16.1737647078577
4.64065757466087,16.1877143234434
4.41413453941412,16.0533506484665
4.39212410406221,16.0664356108563
4.37037409719091,16.0794010610065
4.34790739421251,16.0928486909758
4.32631600039741,16.1058313929136
4.30470925399178,16.1188751298453
4.28352103726401,16.1317172736154
4.2625928118132,16.1444494425145
4.24124348728434,16.1574737271447
4.22028533134984,16.1703067472531
4.19951552558682,16.1830885440261
4.17837151048848,16.1961517401441
4.15703330969759,16.2093825188332
4.13699777147412,16.2218733990786
4.11669888748572,16.2345946648352
4.09595687940163,16.2476406168916
4.07588059254895,16.2603205338363
4.05547280141817,16.2732675473098
4.03574160299061,16.2858300264192
4.01543130186559,16.2987962628298
3.99637415395776,16.3110092184083
3.97608106866067,16.3240609380523
3.95671321436697,16.336570079825
3.93733010816338,16.3491574237013
3.9178020709232,16.3619082197374
3.69242893161152,16.205902170405
3.67147837790945,16.2176587484657
3.65148340048962,16.228918542019
3.63084359740786,16.2405819294383
3.61069550090388,16.2520090176796
3.59114565390497,16.263133641184
3.57068026456052,16.2748163080748
3.55071008529452,16.2862390502489
3.53110992180826,16.2974865584471
3.51136661255729,16.3088704893256
3.49160052077151,16.3203166562557
3.47209875471697,16.3316383266188
3.45277865497352,16.3428872013897
3.43329717900488,16.3542738935298
3.41386774412584,16.3656880747772
3.39489288215654,16.3768815311866
3.37579077571517,16.3881807212914
3.3566746243935,16.399516590358
3.33798963249716,16.4106404199196
3.31907527848579,16.4219660616858
3.30049593121985,16.4331395841604
3.28224262625312,16.4441495462658
3.26416682279426,16.4550906960566
3.24567594904407,16.4663360850466
3.22735979404558,16.4775227515021
2.96455687778513,16.3259121762711
2.9453154227466,16.3357490488639
2.92540778788436,16.3459621106811
2.90651524129888,16.3556872838926
2.88701443043659,16.3657698168376
2.86795529126566,16.3756681321934
2.84899525795195,16.3855639246108
2.83043189154328,16.3952847481165
2.811605268893,16.4051578478148
2.79322228091081,16.414833905211
2.77483389131541,16.4245697784125
2.75628048385116,16.434418684835
2.73778427319891,16.4442622483202
2.71961955977593,16.4539659773274
2.70177280415646,16.4635410014517
2.68383212697617,16.4732029146768
2.66601308156997,16.4828397851964
2.64805380087498,16.4926030432873
2.63029345475436,16.502292593146
2.61293526127696,16.5118023513155
2.59606686611588,16.5210885077561
2.57840266388945,16.5308604784262
2.56065998131116,16.5407287904953
2.5442298410597,16.5499260758134
2.52715643569008,16.5595393491094
2.23746072631208,16.3897050637426
2.21886352402605,16.398088430695
2.20029460439791,16.4065111525368
2.18204644186589,16.4148244318414
2.16426995136386,16.4229553276226
2.14630257893628,16.4312125494759
2.12843246220452,16.4394574003797
2.11046060102203,16.4477733890209
2.09298634652897,16.4558890207949
2.07502561344035,16.4642755563371
2.05765697079101,16.4724234959062
2.04031370349715,16.4805825449682
2.02306682030228,16.488727837126
2.00582046147754,16.4969005209433
1.98881485586687,16.504986796618
1.97183830146502,16.5131067363867
1.95478755118488,16.5213259102713
1.93818318906637,16.5293787346272
1.92167390440143,16.5374136566862
1.90507941644095,16.5455203700803
1.88875269396622,16.5535446962756
1.87274842840031,16.5614695529787
1.85664030825953,16.5695069369885
1.84088408137199,16.5774263010591
1.82512448337542,16.5853981679876
1.50402834328533,16.4094014202307
1.48630233378332,16.4162212974521
1.46858056445012,16.4230903768974
1.4520616420983,16.4295412724078
1.43491628314472,16.4362817445913
1.41800933145514,16.4429663739842
1.40095372498513,16.4497432921893
1.38472397901106,16.4562389921618
1.36829564193789,16.4628622414368
1.35191062479516,16.4695124401472
1.33599528443432,16.4760071560408
1.31963464332782,16.4827163328912
1.30338573000451,16.4894255848335
1.28773445897017,16.4959229621293
1.27209375094729,16.5024546443295
1.2562021546833,16.5091446609093
1.24084460874324,16.5156606473562
1.22573594784833,16.5221176982203
1.21032835618851,16.5287513072876
1.19500514329388,16.5353910416453
1.18037117494522,16.5417799949958
1.16513823033437,16.5484788048882
1.15033106918934,16.5550352536839
1.13583041743634,16.5614960589452
1.12121451626039,16.5680445174196
0.807403025899094,16.3794058429257
0.791202186933799,16.3845777486696
0.775105493837289,16.3897367036379
0.758952249577863,16.3949344434685
0.743395355160446,16.3999674316946
0.727644295699901,16.4050769427032
0.711533480015172,16.4103118754411
0.696359604449632,16.4152592280006
0.680707071867898,16.4203796064123
0.665461494472909,16.4253870452284
0.650135269445529,16.4304391834458
0.634888242401621,16.4354854592661
0.62007052981961,16.4404055557628
0.604968730470626,16.4454367117015
0.59060779456387,16.4502291096478
0.575887913172072,16.4551490693173
0.56160235618288,16.4599353806422
0.54693099755707,16.4648709549334
0.532561338393383,16.469732984211
0.518590489494516,16.4744890991989
0.504415248438378,16.4793387083843
0.490565710178676,16.4840921231777
0.476939127871128,16.4887844943051
0.46329382366906,16.4935099355571
0.449800780237088,16.4982272487716
0.0827784903558194,16.2743124575844
0.0670352570102914,16.2775032802247
0.0514652260080924,16.2806526521333
0.0365552019549033,16.2836769091993
0.0216555478375546,16.286714586237
0.0070014097079845,16.2897120096764
-0.00821815132542645,16.2928350501241
-0.0228374481270353,16.2958532706761
-0.0373322672444745,16.2988712378436
-0.0518804993014256,16.3019251458952
-0.0660123558515669,16.3049130301148
-0.080239093126116,16.3079338228189
-0.0944261588327769,16.3109655632958
-0.108178574218252,16.3139414004023
-0.121999978281556,16.3169655872315
-0.135689648253468,16.319989591131
-0.149180275152525,16.322990306898
-0.162999633694319,16.3260980091744
-0.175843994661238,16.3290235759717
-0.188945210197858,16.3320423063682
-0.201977175513545,16.3350899973976
-0.21487710255103,16.3381454876745
-0.22764237641367,16.3412105984651
-0.240173263822945,16.3442598451523
-0.252630564961713,16.3473251293122
-0.614173966198506,16.1206853265642
-0.62885890101511,16.1222358613698
-0.643439834912033,16.1237944866771
-0.657181772173558,16.1252856269928
-0.670985313077001,16.1268002430348
-0.68488844342874,16.1283444520439
-0.698794492876964,16.1299062587053
-0.712415419097688,16.131449724961
-0.725821179142469,16.1329821872677
-0.73945687260942,16.1345560675851
-0.752595090149918,16.1360927578459
-0.765678511252738,16.1376446775145
-0.779084999841427,16.1392569364652
-0.791855618208296,16.1408100108006
-0.804583808199658,16.1423766996667
-0.817130626176168,16.1439483825864
-0.829666870640564,16.1455409454888
-0.842471735859859,16.1471854409218
-0.854489827907483,16.1487428474871
-0.866576089733873,16.1503290333282
-0.878697048895069,16.1519509938421
-0.890411705556539,16.1535498254764
-0.902334180683999,16.155216087065
-0.913997292257042,16.1568730404681
-0.925390442969733,16.1585117317541
-1.29229327364874,15.9184732248301
-1.3060989390447,15.9185019393161
-1.31937107549387,15.9185417848585
-1.33245315312695,15.9185983569863
-1.34501623359461,15.9186554764348
-1.35794942125766,15.9187094434274
-1.37069345478622,15.9187704202753
-1.3835785364269,15.9188512358067
-1.39598682836786,15.9189472586895
-1.4084694937941,15.9190595707846
-1.42077035806108,15.9191782976018
-1.43291598429308,15.9192994173701
-1.44515041283348,15.9194247658528
-1.45703125932547,15.9195527314081
-1.46888451169251,15.9196987565867
-1.48048747622988,15.9198611502439
-1.49218576037166,15.9200397940834
-1.50367814415291,15.9202318100964
-1.51504046322252,15.9204305423219
-1.52630621164535,15.920640424862
-1.53740520909151,15.9208604652535
-1.54847880766525,15.9210932707857
-1.5593302130065,15.9213448450713
-1.57020544302239,15.921621979828
-1.58095599494361,15.9219228634506
-1.98515921158534,15.6742357403282
-1.99809605547561,15.6728668381326
-2.01114536262918,15.6714815749627
-2.02385170901312,15.6701315074787
-2.03664088270562,15.6687631276694
-2.04913379492631,15.6674103231098
-2.06179123069167,15.66603374095
-2.0739599876396,15.6647098964043
-2.08618487813262,15.6633774100959
-2.09824669600845,15.6620628505937
-2.10996249050734,15.6607906381496
-2.12192584173627,15.6594955743979
-2.13365077895152,15.6582345855377
-2.14502078640123,15.657021911544
-2.15645590391385,15.6558099204871
-2.16780752863314,15.6546119601779
-2.17888575513043,15.6534515181156
-2.18993793383058,15.6523062225536
-2.20096662179814,15.6511896524188
-2.21176915402471,15.6501189330289
-2.22249271880234,15.649072770986
-2.23299481923228,15.6480708497875
-2.24337678190157,15.6470993000251
-2.25367229233288,15.6461614713884
-2.26398959573884,15.6452508259416
-2.64212207308099,15.3792214574611
-2.65498575724671,15.3764488250311
-2.66713869902141,15.3738270500064
-2.67892289257732,15.3712909691921
-2.6909279733758,15.3687115315246
-2.70253399249917,15.3662240150818
-2.71401497300296,15.3637801668782
-2.72554198952865,15.3613352881608
-2.73692465728995,15.3589083761266
-2.74822363839842,15.3564887060841
-2.7591853802504,15.3541474948939
-2.77049799193969,15.3517273384106
-2.78116150203723,15.3494444506689
-2.79192120620498,15.3471466149275
-2.80246882353876,15.3448933162105
-2.81286683439009,15.3426885423189
-2.82321271354002,15.3405128191712
-2.83336123807735,15.3383968107639
-2.8434357141239,15.3363013966226
-2.85342838224572,15.3342254512925
-2.86318618757792,15.3322080404925
-2.87309120611409,15.3301677930004
-2.88270751697075,15.3281995337148
-2.89219411806212,15.3262827858659
-2.90171430325023,15.3243769651951
-3.29746969167026,15.0287137528872
-3.30880531010203,15.0250066852763
-3.32040560180941,15.0212051036479
-3.33189870492064,15.0174450140762
-3.34334621819777,15.0137022727281
-3.35440611616637,15.0100857745423
-3.36538579331954,15.0064984205159
-3.37634401511839,15.002926205797
-3.38715203772296,14.9994114987493
-3.39795183348626,14.995898568483
-3.40833213700006,14.9925253919983
-3.41885815977694,14.9891169543563
-3.42903007771493,14.9858262717691
-3.43930188330418,14.9825092252549
-3.44931000341234,14.9792878931664
-3.45959755242964,14.9759879809724
-3.46948670109825,14.9728267521343
-3.47935819503407,14.9696842806228
-3.48899172569455,14.9666433452855
-3.49851407491984,14.9636608653623
-3.50801695809989,14.9607081555817
-3.51754358595155,14.9577751061324
-3.52696921111141,14.954895628814
-3.53606065079558,14.9521287354252
-3.54502646551058,14.9494133346379
-3.91781967679537,14.6168537858197
-3.92888290957754,14.61203361499
-3.93984228441713,14.6072675021575
-3.95087906013307,14.6024826073909
-3.96168603777041,14.5978120130929
-3.97251852086174,14.5931219996093
-3.98311933257321,14.5885139643077
-3.9933820662208,14.5840494382283
-4.00374955181225,14.5795569618441
-4.01405260779757,14.5750940743502
-4.02409158532257,14.5707321026265
-4.03423463375354,14.5663265286839
-4.04392798337712,14.5621192197061
-4.05387996967114,14.5578080512042
-4.06366094431743,14.553590403041
-4.07318877810548,14.5494941828924
-4.08280397098195,14.5453767472296
-4.09228503021082,14.5413315291747
-4.10155917197256,14.5373826626407
-4.11083460161831,14.5334398324097
-4.11995502953404,14.529569593548
-4.12910797780244,14.5256952122946
-4.13801430968468,14.521928456186
-4.14697918860039,14.5181478491162
-4.15586309613541,14.5144257127545
-4.51399337332461,14.1795570186544
-4.52451903910048,14.1738824975694
-4.53506720101822,14.1681964122792
-4.54603621693032,14.1622790774082
-4.55635670446907,14.1567062550248
-4.5669321259814,14.1509999478553
-4.57713068232321,14.1455078621375
-4.58723176894059,14.1400747889416
-4.5972738097012,14.1346792107623
-4.60707811396319,14.1294197165216
-4.61721531699904,14.1239829757458
-4.62688962035529,14.1187979792987
-4.63644024213362,14.1136892605019
-4.64611105273934,14.1085322461087
-4.65538641596951,14.1036010475256
-4.66497244932674,14.0985184661804
-4.67408755215059,14.0936982062711
-4.68319129020039,14.0888967100934
-4.69205762099091,14.0842368391619
-4.70099155039516,14.0795538505016
-4.70973093678433,14.0749866407935
-4.71876091623762,14.0702906709327
-4.72740363769004,14.0658173460014
-4.73577263343574,14.0615094904541
-4.74422724409862,14.0571717329865
-5.09851170204762,13.7062785011958
-5.10914565111305,13.69964288897
-5.11946144218568,13.693215835312
-5.12967505982708,13.6868635656674
-5.1399181859953,13.6805049801863
-5.14986581450887,13.6743398092305
-5.15988809474741,13.6681387126391
-5.16974010430043,13.6620513389294
-5.17969007553901,13.6559166666376
-5.18946077677202,13.6499099566095
-5.1990362592246,13.6440380196407
-5.20867431530809,13.6381377967917
-5.21819290586832,13.632324052583
-5.22769279476504,13.6265346619748
-5.23697979729988,13.6208970846996
-5.24617710853711,13.6153417167819
-5.25531973214601,13.6098460944955
-5.26455097174153,13.6043264417516
-5.27359323636475,13.5989454760394
-5.28228582695969,13.5937982436454
-5.29111652739299,13.5885906799496
-5.2998385433838,13.5834733244753
-5.30850259506268,13.5784244006671
-5.31700129048913,13.5735053353935
-5.32558446962568,13.5685638203209
-5.6442958361458,13.1938177489634
-5.65478980591868,13.1864838275293
-5.66467975352834,13.1795831312186
-5.67502180162042,13.1723775389963
-5.68474453454621,13.165619360148
-5.69468840913403,13.1587234854368
-5.70452247310622,13.151915551442
-5.71424963987257,13.1451930927693
-5.72387558777015,13.1385614544147
-5.73349715972501,13.1319608370391
-5.74298684181687,13.1254600396665
-5.75236965448862,13.1190331116116
-5.76161827317501,13.1127040942975
-5.77081168137637,13.1064235411066
-5.77997151579651,13.1001757488786
-5.78907330419305,13.0939739494803
-5.79809015539413,13.0878413098275
-5.80710585442549,13.0817193660188
-5.81585827396784,13.0757734571824
-5.82462986997343,13.0698211515133
-5.83333248601097,13.0639420626368
-5.84191863341054,13.0581634457374
-5.8504605845511,13.0524245436747
-5.85888693259154,13.0467757985018
-5.86731814085433,13.0411385557489
-6.17713313555689,12.6455271562633
-6.18721129580984,12.63749974543
-6.19750163470424,12.6293032137529
-6.20746514691521,12.6213638770783
-6.21740744668449,12.6134424056301
-6.22731955548584,12.6055513883776
-6.23714974826932,12.59772123005
-6.2468854346556,12.5899568752561
-6.25634895181889,12.5824108979362
-6.26625892977132,12.5745152905847
-6.27544616207099,12.5671921013629
-6.28490943185709,12.5596365743556
-6.29434923579203,12.5520934378064
-6.3035655954033,12.5447265679713
-6.31275364357705,12.5373824340241
-6.32202032240327,12.5299778440621
-6.33108797039465,12.5227488262284
-6.34026185102932,12.5154427856688
-6.34897599611865,12.5084971384222
-6.35790584106784,12.5013894298744
-6.36660179807476,12.4944876749598
-6.37529065481936,12.4876071105784
-6.38402037521398,12.4807007998832
-6.39251586184821,12.4740108373716
-6.40093325233763,12.4674148454869
-6.67697324219845,12.0802958436932
-6.68688417604499,12.0713454303014
-6.69689197189559,12.0623201140364
-6.70666511445146,12.0535185559557
-6.71635637540478,12.0447946181165
-6.72596122376998,12.0361635633521
-6.73546900806369,12.0276382289354
-6.74527095911816,12.0188525915115
-6.75474238743165,12.0103659264574
-6.76402621283827,12.0020690633661
-6.77340275692117,11.9937067757164
-6.78245983437188,11.9856426963503
-6.7918431610901,11.9773018874753
-6.80094600659635,11.9692381305391
-6.80979878146064,11.961413279823
-6.81846304367032,11.9537734450704
-6.82740351456985,11.9458950308017
-6.83605418429678,11.9382875101907
-6.84480937108055,11.9306045598434
-6.85342936864284,11.9230559611921
-6.86208419787692,11.915497492504
-6.870649010413,11.9080326083076
-6.8791082112147,11.9006801564847
-6.88740578050124,11.8934943725455
-6.89586309305847,11.8862044434811
-7.15211059104128,11.5000172597687
-7.16200133050617,11.4903297922439
-7.17170433337464,11.4808431218418
-7.18132039664422,11.4714554139456
-7.19086268944368,11.4621380171233
-7.20036983874475,11.4528493847038
-7.20975473803463,11.4437039502772
-7.21926150651191,11.434461788369
-7.22848860344135,11.425492116251
-7.23771843683913,11.4165283794027
-7.24688008254977,11.4076454813971
-7.25592967534976,11.398876436717
-7.26496087825338,11.3901346678727
-7.27396495244842,11.3814398595511
-7.28281745187837,11.3729128550593
-7.29162383563984,11.3644543919918
-7.30031937595185,11.3561208653699
-7.30908310699557,11.3477431952393
-7.31760694440381,11.3396096862329
-7.3260267909145,11.3315911288725
-7.33450924132476,11.3235375937906
-7.3428805384859,11.3156150194766
-7.35108910494841,11.3078656774314
-7.3592816072139,11.3001482525148
-7.36742120159605,11.2924925626372
-7.59809480430978,10.8716022820973
-7.60745861424839,10.8613954799891
-7.61665419471608,10.8513811645972
-7.62585715115555,10.841377929455
-7.63494056873554,10.8315382922413
-7.64389194670905,10.8218600711151
-7.65288162399463,10.8121450488979
-7.6616565856616,10.8026627590579
-7.67045951659728,10.7931756135792
-7.67906434931135,10.7839242927659
-7.68768221324875,10.7746717831243
-7.69621459339095,10.765536300157
-7.70460614737779,10.7565797313279
-7.71296058573406,10.7476994415738
-7.72126407834204,10.7389084340695
-7.72944590337129,10.7302851620626
-7.73764798355096,10.7216686941137
-7.74565187375052,10.7132843009195
-7.75373241877921,10.7048581128283
-7.76167921944781,10.6966104560052
-7.76938857670428,10.6886429642966
-7.77725549332132,10.6805511219444
-7.78482404087126,10.6728168933075
-7.79247118818079,10.6650536077158
-7.79998144795615,10.657475404453
-7.98206010457314,10.2347909374856
-7.99051731328407,10.2246789001965
-7.99892467819887,10.2146561392981
-8.00714559485951,10.2048810131893
-8.0153085731603,10.195200780958
-8.0234778304166,10.1855334746005
-8.0315488429706,10.1760029318319
-8.03947718985035,10.1666638077293
-8.0472375277084,10.1575538584223
-8.05505743544469,10.1484088745554
-8.06284208321508,10.1393360406028
-8.07053540527371,10.1304147871832
-8.07796324206404,10.1218430969646
-8.08554229519044,10.1131237520657
-8.09299583828273,10.1045852962055
-8.10035044843114,10.0962022496756
-8.10751063517233,10.0880823130635
-8.11467675078016,10.0800057394839
-8.12182478828517,10.0720057949154
-8.12898352325173,10.0640478001809
-8.13582509911327,10.0564919463307
-8.1428067474971,10.0488265197055
-8.14953724408106,10.0414762774726
-8.15640484315744,10.034041134842
-8.16302305240745,10.0269505325396
-8.30221124044738,9.54365150108126
-8.30948112652085,9.53363899287849
-8.31662239427348,9.52383590966471
-8.3237037419436,9.51414256785374
-8.33066108886042,9.50464540581278
-8.33753675922785,9.4952967804064
-8.3444094461936,9.48599753656807
-8.35112444147292,9.47695332501417
-8.35785841471634,9.46791830862235
-8.36438618883874,9.45920296078711
-8.37086499961832,9.4506040162883
-8.37726258332323,9.44216697222087
-8.38365666239732,9.43379456505033
-8.38984852362443,9.42575092407814
-8.39596171645657,9.41788552714333
-8.40202845263647,9.41015960871927
-8.40803260071727,9.4025966929358
-8.41398165182143,9.3951769034937
-8.41984819681661,9.38792583495513
-8.42566199196132,9.3808397409663
-8.43137935401987,9.37396586817544
-8.43694357608879,9.36735577295793
-8.4425980229167,9.36072026589415
-8.44803001781686,9.35443199600865
-8.45354635105083,9.34813513625813
-8.5411198087128,8.85178097412203
-8.5469715846796,8.8424758797018
-8.55254429883791,8.83367603200804
-8.5582119957203,8.82480560061328
-8.56374919336029,8.81621763443688
-8.56918170955706,8.80785961456709
-8.57459896638068,8.79957241480133
-8.57989730003918,8.79151776973692
-8.58509150298704,8.78368975367756
-8.59028595096112,8.77595291346923
-8.59534674820662,8.76848473297179
-8.60037609878226,8.76110623869169
-8.60528414935484,8.75397084263174
-8.61016769400779,8.74694837600344
-8.61501225558028,8.74008116729143
-8.61978261274183,8.73341361752736
-8.62447725773955,8.7269268534538
-8.62901237984271,8.72073550093965
-8.63350721017592,8.71467868363133
-8.63800756881352,8.70869896001166
-8.64227669170672,8.70309354616983
-8.6466188653343,8.69747176182995
-8.65081962243354,8.69213165677024
-8.65496811553585,8.68694744084573
-8.65908370689817,8.6819032789958
-8.68325176755281,8.14562345661559
-8.68721737110585,8.13743057841103
-8.69098030426862,8.1296568820751
-8.69475816141489,8.12189014266897
-8.69849384860309,8.11424955605577
-8.70205413109394,8.10698400852644
-8.7055936844866,8.0997730895973
-8.70906386268787,8.09274615706748
-8.71255001987543,8.085772485634
-8.71593616374898,8.07906234230875
-8.71930296696808,8.07243559036277
-8.72257232544301,8.06605531914524
-8.72578306050303,8.05985467464873
-8.72902071777763,8.05366611879318
-8.73215078452257,8.04776203161368
-8.73522301681319,8.04205634032633
-8.73828107277163,8.03646093830311
-8.74124292206343,8.03112419755142
-8.74420295149273,8.02588072996889
-8.74710427260521,8.0208345504754
-8.74995059609844,8.01599858836436
-8.75281111868429,8.01125570469933
-8.75555412123739,8.00682966797234
-8.75831644544533,8.00249389527141
-8.7610400317613,7.99833199788459
-8.76344980964982,7.42971192417767
-8.76593588555155,7.42219655348337
-8.76832483599322,7.41503967656356
-8.77070884662669,7.40796035961925
-8.77300545095687,7.40122257485162
-8.77530975460125,7.39454259706208
-8.77754033416246,7.38816798295293
-8.77976678996332,7.38188109577014
-8.78192211206899,7.37588097444998
-8.78403381765438,7.37011558039548
-8.7861207527342,7.3645599174653
-8.78822313265887,7.35912587404493
-8.79026265862392,7.35398617870716
-8.79229205095692,7.34899376629218
-8.79427723884096,7.34423172181341
-8.79625983352965,7.33964228767187
-8.79821476911686,7.33528594973665
-8.80017514251793,7.33107846234579
-8.80210487100534,7.32709225758866
-8.80402614518602,7.32328156554966
-8.80591781270971,7.31970216593631
-8.8078493900578,7.31620376984658
-8.80970150799863,7.31299702211128
-8.81157583910171,7.30992972724304
-8.81344046331238,7.30704323785523
-8.77934524163356,6.72660218394813
-8.78071837625876,6.72040812339923
-8.78208335648648,6.7143447106815
-8.78341557094967,6.70853258571365
-8.7847450212485,6.70279610222192
-8.78603198141848,6.69732701944604
-8.78733293394142,6.69191095000042
-8.78859318778845,6.68679046996014
-8.7898461482515,6.68182162679744
-8.79109229677623,6.67702396857995
-8.7923274121041,6.67240561064945
-8.79356442595145,6.66788759057211
-8.79476920849168,6.66358352967814
-8.79593475144693,6.65952871745235
-8.79710662588855,6.65557411948115
-8.79826483763381,6.65182533580533
-8.79941066483407,6.64829919251357
-8.80055478633651,6.64493299433123
-8.80169491434489,6.64171567938326
-8.80278810702775,6.63879246213814
-8.80389265242184,6.63599325810638
-8.80497219486928,6.6334223486829
-8.80604922970529,6.63106171616722
-8.80712521417022,6.62890851440055
-8.80819661703215,6.62694896252868
-8.68243469101888,6.01171322852401
-8.68245420272568,6.00627022742081
-8.68245756582315,6.00106706494742
-8.68245087966366,5.99611896700018
-8.68244107580258,5.99132628703682
-8.68242259344549,5.98675894828422
-8.68240691121842,5.98242012876508
-8.68239835020016,5.97831068890622
-8.6823925083443,5.97437967530462
-8.68238806166938,5.97070133256241
-8.68239418454297,5.96716869307448
-8.68242307446423,5.96376395944818
-8.68246439732538,5.96062254816571
-8.68251770733785,5.95761836384785
-8.68259452290583,5.95478207481548
-8.68270195520869,5.95212514718078
-8.68283833204083,5.94958459256894
-8.68300187935169,5.94723771156042
-8.68319579664659,5.94503318600128
-8.68341670912947,5.94300239643945
-8.68367549843414,5.9411307582671
-8.68398053882062,5.93942257867353
-8.68431992835085,5.93789254267278
-8.68468229874551,5.93652405697207
-8.68507316859197,5.93533103134891
-8.55085909667151,5.33027649386273
-8.55022577404043,5.32560051196271
-8.54962734667112,5.32114290313448
-8.54905284136968,5.31687643428208
-8.54849871421906,5.31284199863468
-8.54797116190855,5.30901341390603
-8.54747990536483,5.30535552760582
-8.54702996741772,5.30191941347795
-8.54660904423936,5.29869105975908
-8.5462156086658,5.29568097025374
-8.54587172573932,5.29294204371072
-8.54556601351932,5.29038437115409
-8.5452922277794,5.28800377925995
-8.54506508723405,5.2858927427476
-8.54488347090627,5.28396947403191
-8.54474544942971,5.28220934194495
-8.54465643672074,5.28063864286893
-8.54461858837213,5.27930953736857
-8.54461968697184,5.27815947239398
-8.54465943338787,5.27720608930363
-8.54475062230767,5.2764234012726
-8.54490227973071,5.27581511924164
-8.54511069133767,5.27538003305548
-8.54535158354335,5.27512111956346
-8.54564170214455,5.2750167156337
-8.31305677966308,4.65730668490761
-8.31172853744987,4.65363479512875
-8.3104383270397,4.65011266417228
-8.30920472115849,4.64676921547397
-8.3080142486796,4.64360822518491
-8.30685976672517,4.64057910158021
-8.30577276502863,4.6377392494038
-8.30474456660664,4.63506104592242
-8.30378583851905,4.63257509467464
-8.3028975469408,4.63027120693042
-8.30206650569235,4.62810587754475
-8.30130993628339,4.62617363228081
-8.30061361556776,4.62439510602037
-8.30000344591053,4.62280468195096
-8.29947218137061,4.62138445524122
-8.29903227753163,4.62015212026797
-8.29868618710566,4.61910335696611
-8.29842910390351,4.61825050317189
-8.29824602879649,4.61753998527192
-8.2981558200265,4.61697935260671
-8.29816412271428,4.61661071375124
-8.29827330159383,4.6164152720157
-8.29848099238175,4.61640337876675
-8.29877500424169,4.61657068782527
-8.29917000980961,4.61691330221714
-8.0053886649202,4.01463845648765
-8.00384416419074,4.01157064204923
-8.00237197955488,4.00863886660452
-8.00096384139274,4.00581736477251
-7.99968295595851,4.00322259396189
-7.99851213008085,4.00084158877202
-7.99740801653998,3.99858722099382
-7.9963670624134,3.99641649904127
-7.99545259906731,3.99447995039649
-7.99463080616438,3.99272359613128
-7.99390057264272,3.99113858742629
-7.99327221055335,3.98974324111499
-7.99274192996381,3.98850211056173
-7.99231446705583,3.98739658569197
-7.99199822021284,3.98646016613392
-7.99176432974801,3.98562370957762
-7.99165834115905,3.98504874076983
-7.99165171934575,3.98458744831869
-7.99174817172448,3.98427331632264
-7.99194933694337,3.98410052647729
-7.99226011059569,3.98406888285297
-7.9926846583325,3.98420186246086
-7.99320989645258,3.984493561096
-7.99383460847662,3.98492863208677
-7.99459028449077,3.98550840506633
-7.63279513460851,3.42582528533721
-7.63120571244496,3.4231723327657
-7.62973078465223,3.42067970962353
-7.62836027907353,3.41833425469713
-7.62709725213719,3.41613909775547
-7.62593997620229,3.41409415287794
-7.62488876265453,3.41216653733439
-7.62393697374443,3.41035023202849
-7.62310699364298,3.40870689556012
-7.62236540279951,3.40715625611591
-7.62173974996276,3.40578753851593
-7.62121080560133,3.40453630640346
-7.62079582511599,3.4034244361083
-7.6204783103073,3.4024245886381
-7.62026489822864,3.40156322869647
-7.62016068469591,3.40084083895433
-7.62016598901457,3.40024226137816
-7.62028198234286,3.39979018167865
-7.62051192611026,3.39947302355183
-7.62085958466769,3.39928004665264
-7.62132055951834,3.39923600728024
-7.62191296285783,3.39932808664226
-7.62263415760624,3.3995524507524
-7.62348119103065,3.3999186061223
-7.6244458793333,3.40042613751403
-7.22138788260531,2.88164885066749
-7.21981010566704,2.87922843955523
-7.21835949317887,2.87695862827259
-7.21705793840299,2.87489469619169
-7.21583187426908,2.87291475808236
-7.21474622193156,2.87111966404066
-7.21378036751617,2.86944995123309
-7.21291431046566,2.867877399589
-7.21218581166365,2.86648057783499
-7.21158034815089,2.86522569407069
-7.21110415589396,2.86410783969199
-7.21075507562629,2.86311908432924
-7.21052926860834,2.86226073006179
-7.21044011902159,2.86156637906165
-7.21048345437374,2.86098882628505
-7.21066617460783,2.8605519889919
-7.21099795796569,2.86026301915003
-7.21146384692964,2.86010195101266
-7.21206598155124,2.86007680665998
-7.2127979362665,2.86018885095673
-7.2136741577012,2.86042662431635
-7.21472090017602,2.86081725452305
-7.21590269049446,2.86134185349539
-7.21723498273474,2.86201671039206
-7.21872900710032,2.86284032224545
-6.76445702691507,2.39700038808044
-6.76311679303531,2.39523064692984
-6.76192502670996,2.3935989185171
-6.76089284655187,2.39212129682661
-6.75999569853239,2.39077604623036
-6.75921252004155,2.38953124592386
-6.75857290132309,2.3884335738667
-6.75805707105383,2.38744794539272
-6.75767964481379,2.38657716921691
-6.75744167567666,2.38582969622814
-6.75734379996419,2.38520839383933
-6.7573839388997,2.38469533344401
-6.75755166607642,2.38428998038162
-6.75785056558945,2.38398041152379
-6.75828230653911,2.3837627322634
-6.75884753679348,2.38363666705866
-6.75954473023968,2.3836168321136
-6.76038159056389,2.38369985517221
-6.76131972663292,2.38387083234182
-6.76243768217706,2.38413155583429
-6.76365444097753,2.38445451298684
-6.76499687214144,2.38485871188569
-6.76649715126281,2.38536195153656
-6.76811304059538,2.38593208730216
-6.7698782852254,2.38658003474115
-6.29156817066051,1.95461094739362
-6.29034734863448,1.95278787899489
-6.28927412731251,1.95106624500669
-6.28834625102251,1.94944235716411
-6.28754950406422,1.94791423046506
-6.28687614659283,1.94647577224275
-6.28633269965591,1.94513367586327
-6.28592697735786,1.94388320657168
-6.28567076340772,1.94272623359326
-6.28556310583664,1.9416639490552
-6.28559814969741,1.94069573107156
-6.28578183283049,1.93982580323734
-6.28611371359677,1.93907285972843
-6.28660047948327,1.9384314391026
-6.28724608344274,1.9378985650741
-6.28806583353389,1.93747573667335
-6.28902354796937,1.93715771099313
-6.29012155253963,1.93692656489508
-6.29142153507512,1.93679286225918
-6.29286373992564,1.93674644263033
-6.29445316030217,1.93678498701879
-6.29618469659258,1.93691750511793
-6.29809083790278,1.93712684492876
-6.30017248247074,1.93741809828287
-6.30239642089826,1.93778596969918
-5.79038916978035,1.57419214435413
-5.78948341341395,1.57249079234303
-5.7887398896366,1.57086698409951
-5.78816124505176,1.56933042915898
-5.78774811565238,1.56789506474233
-5.78747487023955,1.56652089633939
-5.78734620929242,1.56517446464804
-5.78737882788063,1.56396053464779
-5.78754466023357,1.56280140589633
-5.78787354062312,1.56168469837331
-5.78834510252904,1.5606641964368
-5.78898394384519,1.55965927812654
-5.78979443264923,1.55873074540873
-5.79074991842533,1.55785835866294
-5.79184546670475,1.55703329480344
-5.79311431940281,1.55627358151423
-5.79454091582283,1.55555335260838
-5.79610080850209,1.5548735740962
-5.79782912156287,1.55423856120647
-5.79973604406638,1.55364451732969
-5.80175922462855,1.5531096945088
-5.80395369232209,1.5526045946164
-5.80627891689738,1.55212732270877
-5.80880289629128,1.55168634285998
-5.81140479182572,1.55128646026947
-5.27575129279763,1.28116866392185
-5.27512017958195,1.27923259266189
-5.27462447651753,1.27736930589667
-5.27426287474107,1.27554888696273
-5.27403613096599,1.27374353999283
-5.27393510440822,1.27197362980032
-5.27396667323171,1.27022722563645
-5.2741310195113,1.26852254806795
-5.27442118329343,1.26683804792583
-5.27485007146012,1.26517564231326
-5.27540608231297,1.26358498605055
-5.27610472993467,1.26200122769016
-5.27694517417062,1.26049564566614
-5.27791381670909,1.25896958057154
-5.27900914962343,1.25743730475702
-5.28023070349459,1.25598411149712
-5.28161156979639,1.25453744289365
-5.28311462937732,1.2531378055246
-5.28479469557182,1.25172323741603
-5.2866274462441,1.25034284019826
-5.28856797409126,1.24903160404987
-5.29070491937368,1.24773382042031
-5.29299927210834,1.24648366717668
-5.29540033258521,1.24529595475435
-5.29802744219893,1.24410388994778
-4.76531211790229,1.02336089847669
-4.76472060394046,1.02097021811042
-4.76427673005144,1.01862902710678
-4.76397230134955,1.01628904342546
-4.76383348448518,1.01394784447796
-4.76384978791292,1.0116783509449
-4.76401503473171,1.00941495011271
-4.76433907057123,1.00719445617482
-4.76480478486581,1.00494912339682
-4.76541134064096,1.00272434281248
-4.76616523143012,1.00056799688907
-4.76708156347688,0.99836715492132
-4.76811092050636,0.996214101787509
-4.7693038247669,0.994048908437707
-4.77061810595496,0.99190737465273
-4.77204763048522,0.989755095229102
-4.77362106178825,0.987614969327247
-4.77532588785963,0.985488634095887
-4.77715090504534,0.983375405029038
-4.77909887590742,0.981257823551492
-4.78116826695985,0.979137128420698
-4.78338836673516,0.976999588835998
-4.78566545803424,0.974918824049331
-4.78814636439747,0.972759914590646
-4.79069349141614,0.970630610730449
-4.28490565510407,0.803575690193489
-4.28440026260174,0.80048634372052
-4.28402014018493,0.79743598513023
-4.2837746750414,0.794349474983704
-4.28365340129639,0.791223939338034
-4.28365235285537,0.788192359339074
-4.28378092319774,0.785089755379157
-4.28402064735319,0.782055061049659
-4.2843721702644,0.778905128167617
-4.2848631458086,0.775793955771358
-4.28547813261003,0.77269841886947
-4.28621043134654,0.769532106984582
-4.28705677982319,0.766434890757407
-4.28801945776495,0.763329255652287
-4.28915576506651,0.760016214440403
-4.29034383291859,0.756910755594043
-4.29169743082069,0.753703566548392
-4.29314703643287,0.750497664442481
-4.29471917774387,0.747278643288705
-4.29641122564346,0.744054449966965
-4.29821484171677,0.740787479366217
-4.30018849246811,0.737439609730548
-4.30225834691264,0.734154762350069
-4.30439209964647,0.730909509003622
-4.30671808252407,0.72752400289525
-3.81699872523058,0.619135044752332
-3.81630920679591,0.615018141206456
-3.81576734007112,0.611057646337913
-3.81535355375505,0.607040967858303
-3.81504576791853,0.602967694991211
-3.81485246596841,0.598929746325582
-3.81478603770483,0.594805425745439
-3.81482603384481,0.590778851693953
-3.8149602197033,0.586587453030152
-3.81521491575622,0.582378884337276
-3.81559145505563,0.578177801523396
-3.81606880909819,0.573923589994156
-3.81665446962242,0.569651835507662
-3.81734506125491,0.565402768517699
-3.81815831127399,0.560950594742626
-3.8190766976252,0.556536377938053
-3.82012205497812,0.552097590301072
-3.82128663262302,0.547555337981533
-3.82252744097834,0.543077817822005
-3.82390133739268,0.538529426650397
-3.82536578319431,0.533960620228957
-3.82691441532059,0.529377681367672
-3.82863050582641,0.524658411115082
-3.83046803865905,0.519877651920646
-3.83238283294629,0.515096789130671
-3.38071770249518,0.461733476511279
-3.37993185748423,0.456619950125095
-3.37925314962939,0.4514616036162
-3.37871151075848,0.446309814937732
-3.37829421464113,0.441070838764007
-3.37797912818316,0.435884823881651
-3.37777771395054,0.430526946619893
-3.37770271962768,0.425126818486916
-3.37771830512453,0.419638243750501
-3.37785688638581,0.414275544113526
-3.37814458579364,0.408627342446844
-3.37851956124979,0.402958299872238
-3.37898744269627,0.39721812597686
-3.37957132041953,0.391547150352594
-3.38026514429422,0.385691545193192
-3.38105969448694,0.379789948847047
-3.38200825114375,0.373742061476167
-3.38304807312329,0.367791678410354
-3.38418599692178,0.361694213661879
-3.38543837827439,0.355484489326048
-3.38680511134448,0.349252601894325
-3.38826603217576,0.342900180745712
-3.38982566074446,0.336488430245568
-3.39150458500256,0.330012578108222
-3.39326579389972,0.323449162560198
-2.9947874070035,0.333675778422097
-2.99416757403771,0.327109638376291
-2.99362601952739,0.320329942754277
-2.99321140784202,0.313687057779788
-2.99291877590858,0.306939672416614
-2.9927287159652,0.300060832639139
-2.99264730783674,0.293295083799472
-2.99267952229373,0.286256267435031
-2.99279891080157,0.279349618266962
-2.99301062103684,0.272212480250344
-2.99334046466607,0.265159916347665
-2.99378444305174,0.257931595311603
-2.99429728303264,0.250660846348955
-2.99490949345507,0.243302194679331
-2.99561935832956,0.236001443565629
-2.99641107920052,0.228475660035382
-2.99729864204134,0.220931539769192
-2.99831095330098,0.213312342090427
-2.99939291274265,0.205578256186674
-3.00052739258727,0.197849119826693
-3.00180434298465,0.189824712841519
-3.00310717493439,0.182088639108815
-3.00452245869485,0.174072737335943
-3.00605684976887,0.165997487168181
-3.00768492647525,0.15792276015567
-2.66084030212942,0.213912489150759
-2.66040986471685,0.205925840802237
-2.66010542542862,0.198189292368354
-2.65986646633202,0.190267594296693
-2.65972252218855,0.182213648447575
-2.65968326622567,0.174051005552239
-2.65971456028949,0.1657250366105
-2.65983594323912,0.157517801154587
-2.66007762918536,0.149129611703334
-2.66040862492936,0.140730780389576
-2.66083810111688,0.132238700499315
-2.66138554195841,0.12369171204199
-2.66201748036125,0.115115807551071
-2.66275198394498,0.106303681199735
-2.66359627798281,0.0974775017954772
-2.66452479474831,0.0886379015507857
-2.66554120281896,0.0797561851174772
-2.66669838893904,0.0706868299915196
-2.6679448706439,0.0616578541012954
-2.66928055737696,0.0524908849516955
-2.67072397723453,0.0433176978544659
-2.67230425167744,0.0339325370397741
-2.67393525569967,0.0246128808093781
-2.67572313828377,0.0149712777984313
-2.6775826425928,0.0055181611885771
-2.38013874482583,0.102322447149316
-2.38026212512521,0.0934571319585341
-2.38050467224049,0.0841993906539495
-2.38081685509151,0.0750646122974148
-2.38122116658243,0.0659012758616476
-2.38175108131946,0.0564640088723897
-2.38235447654581,0.0469726724545787
-2.38301452989363,0.0376123925552008
-2.38378584340995,0.0279656734231325
-2.38462399275576,0.0183579954101259
-2.38556710995587,0.00850201102873575
-2.38660609861362,-0.00123803858342797
-2.3877423048756,-0.0111843534523778
-2.3889625341607,-0.0212305591137483
-2.39027707553601,-0.0312513315340241
-2.3916864285519,-0.041380116427246
-2.39316511379004,-0.0515307218624696
-2.3947955313696,-0.0620063826567151
-2.39649603132324,-0.0723758983922917
-2.39824474045975,-0.0826919028100047
-2.40014525883749,-0.0933501917870973
-2.40218455041245,-0.104176271940271
-2.40421423301805,-0.114606159729552
-2.40641076163432,-0.125412384136613
-2.40871343331286,-0.136226478679303
-2.15258335993307,-0.00187166811994864
-2.15342615172495,-0.01215802522323
-2.15437430200257,-0.0222912050949711
-2.15541202873047,-0.0325286308159316
-2.15655390748606,-0.0429507503646231
-2.1579843247451,-0.0546793616804413
-2.1591846538905,-0.0638845976577549
-2.16063828757215,-0.0744382510223069
-2.16224127565218,-0.0851974373706109
-2.16392997796186,-0.0959258773307918
-2.16570239388133,-0.106720184559972
-2.16761912738925,-0.117699245964981
-2.16961859069224,-0.128581472014825
-2.17169993076139,-0.139591541398636
-2.17391376292732,-0.1507804800677
-2.17621782794566,-0.161873433451463
-2.17864312072486,-0.173234326719204
-2.18113904859364,-0.184520209851725
-2.18378763047328,-0.196005674755209
-2.18648088343773,-0.207436492912526
-2.18929947250334,-0.219100047937888
-2.19222461446585,-0.23074546830135
-2.1952308430442,-0.242408822808526
-2.19831566796365,-0.254112302089081
-2.20156274739019,-0.266020609557682
-1.98534211435439,-0.0836997543288682
-1.98736889245171,-0.0945170806351761
-1.98951471142758,-0.105366936935583
-1.99179103537911,-0.11632055521999
-1.99411436876894,-0.127187595743142
-1.99658203963762,-0.138294574505456
-1.99915960114249,-0.149394995186591
-2.0017934455093,-0.160487446691594
-2.00455640713143,-0.171823205635601
-2.00742837783189,-0.183134973613082
-2.01035555215796,-0.194385563446024
-2.01342293779751,-0.205909370087495
-2.01661166235763,-0.217469203571155
-2.01992346745223,-0.229122135212426
-2.02329798492828,-0.240755787068592
-2.0268178868508,-0.252526628994532
-2.03045317341646,-0.264346400709108
-2.03415233872294,-0.276197991786051
-2.03795752373991,-0.288121044820246
-2.04190716530057,-0.300172123608891
-2.04589854892533,-0.31220726826461
-2.05003521369225,-0.324449318855776
-2.05426511534769,-0.336650224223507
-2.05858783451614,-0.34895263748857
-2.06304005174041,-0.361432947092135
-1.83367210935347,-0.141853291483855
-1.8368189280491,-0.152860708525766
-1.84005708369461,-0.163947939327703
-1.84343075603998,-0.175114308703436
-1.84691986825793,-0.186332887474916
-1.85046989792621,-0.197581393205536
-1.85416011400988,-0.20898085290388
-1.85797039915131,-0.220435368246022
-1.86184036573188,-0.23190579495499
-1.86583131453066,-0.24350089034776
-1.8699273859298,-0.255096799115971
-1.87465424858501,-0.268269249700381
-1.87841224602048,-0.278591101518492
-1.88282630205893,-0.290429266569126
-1.8873416425129,-0.302321655712549
-1.89196535998023,-0.314321832363911
-1.89669002560759,-0.326311456925412
-1.9015753816146,-0.338495449774015
-1.90649267166332,-0.350641451005308
-1.91153656418196,-0.362866705289361
-1.91672343692353,-0.375186585934832
-1.9219999172574,-0.387590408173573
-1.9273956381806,-0.400097966021629
-1.93286430611463,-0.412521598191257
-1.93848052088916,-0.425138303149624
-1.74890064511218,-0.176534075554424
-1.75354561636517,-0.187760103283312
-1.75821033866906,-0.198801465713202
-1.76300121685705,-0.209999504426239
-1.76788134499709,-0.221201123684725
-1.77288676892915,-0.232488762937646
-1.77795321491984,-0.243807118526573
-1.78317059360725,-0.255269156348418
-1.78848616508283,-0.266722952763713
-1.793876646949,-0.278222360793972
-1.79936074547554,-0.289768730341699
-1.80503469351406,-0.301519812254426
-1.81074266034378,-0.313236562394738
-1.81655394067834,-0.325029738123928
-1.82248419543345,-0.336862274122568
-1.82853775673351,-0.348802052385432
-1.83463975605138,-0.360718174744499
-1.84088731372717,-0.372743368474521
-1.84721187438346,-0.384769939985822
-1.85364460689583,-0.396907598843854
-1.86019235781325,-0.409087979485917
-1.86690846704321,-0.421400671690475
-1.87362480173437,-0.433621797874281
-1.88045555803075,-0.445918907695877
-1.88747466624203,-0.458414695024994
-1.6816295573502,-0.198095089237582
-1.68747004562392,-0.208947915299304
-1.69336050347931,-0.219716914706831
-1.69936754364137,-0.230580559369219
-1.70547943443517,-0.241512208477453
-1.7116795856496,-0.252468800607288
-1.71798127616758,-0.263506350850243
-1.72440773695693,-0.274631687248962
-1.73095822564072,-0.285822402353433
-1.73757719891537,-0.297026962503961
-1.74432544390419,-0.308339341703141
-1.75120798091894,-0.319745073589753
-1.75809475407321,-0.3310605865084
-1.76513070568119,-0.342523322036997
-1.77232157496258,-0.35410536664816
-1.77953834637443,-0.36562302263496
-1.78693248294372,-0.377332661881993
-1.79441219284637,-0.389064894448131
-1.80192724718588,-0.400768763586789
-1.80958249299203,-0.412606926672484
-1.81740371918547,-0.424577549442215
-1.82524820050727,-0.436478570330206
-1.83321331232174,-0.448468865403145
-1.84124736504676,-0.460454296503344
-1.84940609442539,-0.472543289494111
-1.66511373598998,-0.200574702284129
-1.67229280536244,-0.211027968299521
-1.6795162580468,-0.221442072612976
-1.6868914895716,-0.232001885003313
-1.69430657683896,-0.242508711797974
-1.70186040396512,-0.25311403318042
-1.70947450885309,-0.263743676488597
-1.71720455032733,-0.274442833117245
-1.72504893195502,-0.285183263856552
-1.73302502097452,-0.296023073245308
-1.74102816354737,-0.306830209394094
-1.7492847734168,-0.317896631405165
-1.75746871305142,-0.328805504842774
-1.76585197133423,-0.339908273743752
-1.77423848445646,-0.350910836420291
-1.78280298899981,-0.362064510333081
-1.79145552169147,-0.373262729218094
-1.80025708563863,-0.384554776143149
-1.809038611253,-0.395759599869986
-1.81801071838458,-0.407156273517952
-1.82705217144414,-0.418540235437936
-1.8362303620724,-0.430005439177689
-1.8454303276304,-0.441438952836243
-1.85470261732655,-0.45287647145554
-1.86423709211438,-0.464548508495505
-1.67511915260667,-0.198532130254611
-1.68328783951347,-0.208176736420497
-1.69160077760695,-0.217886287071649
-1.69994427635334,-0.227566086936012
-1.70832845476349,-0.237235228716543
-1.71682044773548,-0.246931928387568
-1.72528879790989,-0.256523837662774
-1.73384857990634,-0.266159355578403
-1.74247045838191,-0.275757482529139
-1.75111814852214,-0.285279821654295
-1.75984268624821,-0.294834669485259
-1.7687767628509,-0.304548946512375
-1.77622859765498,-0.312575714647441
-1.7848479336345,-0.321810940869213
-1.79372172530076,-0.331252229966742
-1.80272682400757,-0.34072253535842
-1.81165947257932,-0.350035229791695
-1.82077241649104,-0.359483923348553
-1.82981522722615,-0.368781729244983
-1.83898578045996,-0.378136892684884
-1.84829648692878,-0.387583778512273
-1.8575435253408,-0.396885841169705
-1.86692660098267,-0.406234592980814
-1.87636889318472,-0.415606366528256
-1.88584722376418,-0.424971435401881
-1.67546784822081,-0.19625477154087
-1.68381562714436,-0.204248256818805
-1.6921168912756,-0.212147646283482
-1.70057077044817,-0.220109732111799
-1.70902299998828,-0.228010401060033
-1.71754865853883,-0.235946132282657
-1.72636480274039,-0.244082674631928
-1.735115912445,-0.252095445794275
-1.74383700938983,-0.260043644341414
-1.75279891142143,-0.268140871969402
-1.76165316770867,-0.27606916891993
-1.77070583589832,-0.284149955732595
-1.77985012398615,-0.292269871297927
-1.78899968885466,-0.300320643017287
-1.79813089731556,-0.308298321332027
-1.80744776248418,-0.316392452863404
-1.81690308882114,-0.324526732967208
-1.82636745334816,-0.332603578793325
-1.83580182065016,-0.340624524445369
-1.84539613191725,-0.348729682659465
-1.85505591387782,-0.356817202326541
-1.86475341452934,-0.364885465838828
-1.87441426137428,-0.372871442159415
-1.88421197448964,-0.380901483097484
-1.89416103794807,-0.389001188665906
-1.67769517979712,-0.205712478711647
-1.68612575526236,-0.212425495195631
-1.69462187193886,-0.219124399817155
-1.70331558067857,-0.225936180758358
-1.7120568196305,-0.232735212743126
-1.72087267785067,-0.239534681613981
-1.72975893564778,-0.246356301496498
-1.7387170702538,-0.253201170012007
-1.74771998493913,-0.260024110365749
-1.75685365027127,-0.266893845113096
-1.76594431208488,-0.273695375003465
-1.77528371099658,-0.280639174117726
-1.78436337309185,-0.287345807215678
-1.79376891718935,-0.294258619967971
-1.80324762056096,-0.301189257623099
-1.81270934502797,-0.30806285000173
-1.82241029903649,-0.315069164049598
-1.83184228925538,-0.321849461210152
-1.84158498777459,-0.328815574082007
-1.85138911163833,-0.335778236220493
-1.86127079724258,-0.342752717739363
-1.87106784645148,-0.349630153733579
-1.88105483972372,-0.356591154258954
-1.89115760491236,-0.363587684067956
-1.90123613291917,-0.370534567576346
-1.67789781042447,-0.204441495254159
-1.6865902875461,-0.210264417063408
-1.69541929312515,-0.2161237229583
-1.70436460734473,-0.222013708125178
-1.71331394478415,-0.227866175202696
-1.72237785297653,-0.233756607239999
-1.73150234916147,-0.239653425249623
-1.74059294010171,-0.245496748786704
-1.7499064795251,-0.251425522226005
-1.75925498206957,-0.257316585478231
-1.76855549757053,-0.263148177042331
-1.77806711247357,-0.269092554612103
-1.78755854598151,-0.274994045865785
-1.79715156572836,-0.2809212462122
-1.80670267275178,-0.286784071712406
-1.81651054656272,-0.292762821700093
-1.82620725765965,-0.298624058226091
-1.83604463937393,-0.304540983399686
-1.84588016948393,-0.310441630883481
-1.85591368356668,-0.316439315897065
-1.8658324764304,-0.322335183019409
-1.87608037726538,-0.328383583476507
-1.88618082391381,-0.334304852563302
-1.89648793064716,-0.340311420946354
-1.90676472020089,-0.346276003023295
-1.67814093510368,-0.203297177399854
-1.68708335336058,-0.208352942162522
-1.69596679974165,-0.213345719007849
-1.70506016079984,-0.21841245533121
-1.71414977394325,-0.223435385421212
-1.72342732589344,-0.228537606996188
-1.7327872586207,-0.233662237878611
-1.74209844895306,-0.238723348671016
-1.75145163763388,-0.24376742903693
-1.76094584909044,-0.248854886511699
-1.77063108891441,-0.254011337668519
-1.78031405976937,-0.259130727590397
-1.7898971699979,-0.26416930824982
-1.79971530144013,-0.269306437079062
-1.80962502649904,-0.274449870428136
-1.81941813133939,-0.279496791305027
-1.82942706073117,-0.284633410572679
-1.83941052927016,-0.289739573197939
-1.84952698898605,-0.294888129020147
-1.85977890565452,-0.300078069798011
-1.87000440314991,-0.30523168601391
-1.88024381087825,-0.310358178734013
-1.89069985490361,-0.315566244587011
-1.90109678326461,-0.320728957563507
-1.91147969031752,-0.325866126880174
-1.92201087647622,-0.331050412538426
-1.67859823890353,-0.202440440878292
-1.68736489207468,-0.206648749511049
-1.69642434605157,-0.21098104027069
-1.7056591557058,-0.215368832579614
-1.71488798094284,-0.219735352270962
-1.7241524623394,-0.224099233060028
-1.7336921314999,-0.228557325738996
-1.74308578890039,-0.232912711906743
-1.7526129723995,-0.237312087833528
-1.7621728592235,-0.241709335844234
-1.77186687826733,-0.246145672721781
-1.78170841780494,-0.25062808742156
-1.79141459855713,-0.255022101067895
-1.80131163069832,-0.259465027938103
-1.81140352072597,-0.263959348499597
-1.82144356237659,-0.268412187276823
-1.83146265114466,-0.27284080664533
-1.84160097327979,-0.277296006121728
-1.85190201912473,-0.281793254226115
-1.86219847219841,-0.286263885575193
-1.87274990562318,-0.290812914972247
-1.88314707060088,-0.295260079817732
-1.89365384935927,-0.299738382082187
-1.9042700230518,-0.304256640722611
-1.67852076365856,-0.201583023927784
-1.68769302724075,-0.205387115683469
-1.69693727843098,-0.20920147632031
-1.70627232510357,-0.213031376029128
-1.7157639773054,-0.21689900098438
-1.72513230566313,-0.220704664104431
-1.73456861312732,-0.22452794510634
-1.74417518454378,-0.228396634796067
-1.75394054223973,-0.232298527370364
-1.76356604238685,-0.236128676021224
-1.77349538473697,-0.240066597805457
-1.78336416476379,-0.243959825348433
-1.79330945568444,-0.247864147305509
-1.80326126987029,-0.251756822044378
-1.81324684418184,-0.255643317366644
-1.82344957152076,-0.259588412778889
-1.8338078537228,-0.263579582697789
-1.84400976709037,-0.267496987029092
-1.85435495652216,-0.271443521002379
-1.86471798462072,-0.275371567734225
-1.87531536533147,-0.279373798286336
-1.88585716873874,-0.283339241357211
-1.89647823508847,-0.287314564026141
-1.90722607673429,-0.291326472418112
-1.91801353862713,-0.295342596249728
-1.67852872720453,-0.200915892328981
-1.68794363127021,-0.20433573214059
-1.6972194466129,-0.207691963084605
-1.70674116701931,-0.211125444633037
-1.71614766530898,-0.214502753828946
-1.72572155713916,-0.217930874449275
-1.73533077330953,-0.221357784542971
-1.74507162891238,-0.224804524923493
-1.75493797275011,-0.228267129254968
-1.76467950038266,-0.231672795804933
-1.77460715673782,-0.235135173010925
-1.78481746945286,-0.238680955723812
-1.79467757047143,-0.242088194395101
-1.80480140960869,-0.245566668595514
